Module,Transition,Spectrum_RelErr,Baseline_MSE,Baseline_MAE,Baseline_RelErr,Inner_MSE,Inner_MAE,Inner_RelErr,Ambient_MSE,Ambient_MAE,Ambient_RelErr,Drift_Ratio
Lang_L0.self_attn.q_proj,Base->Stage1,1.3988866519177421e-05,5.675555542237727e-10,9.098149399158761e-06,0.0006475464079400561,2.648694626438665e-13,4.1037170954298903e-07,1.3988870660991036e-05,2.648694626434427e-13,4.103717095428199e-07,1.3988870660979847e-05,1.0000000000016003
Lang_L0.self_attn.q_proj,Stage1->Stage2,4.8244340077124794e-05,6.0817937301143836e-09,4.4256292370356554e-05,0.002119738439250138,3.150353737266209e-12,1.4070026475654455e-06,4.8244309256357374e-05,3.150353737261712e-12,1.4070026475649924e-06,4.824430925632293e-05,1.0000000000014275
Lang_L0.self_attn.q_proj,Base->Stage2,4.940509960528399e-05,6.397271366932976e-09,4.593402625363563e-05,0.0021740214205169276,3.3037744979632813e-12,1.4416554080180034e-06,4.940508267064012e-05,3.303774497965945e-12,1.4416554080185817e-06,4.9405082670660044e-05,0.9999999999991938
Lang_L0.self_attn.k_proj,Base->Stage1,1.115172481934379e-05,4.3488454097068426e-10,6.898376338826395e-06,0.0004140171339485666,3.7279994070075044e-10,1.0536313057939906e-05,0.00038332685586028837,3.1551609369855993e-13,4.279018630567879e-07,1.1151725940928237e-05,1181.5560224858727
Lang_L0.self_attn.k_proj,Stage1->Stage2,3.762307853576192e-05,4.669711596671034e-09,3.353965999242092e-05,0.0013566749752915704,3.928602566511558e-09,4.1443341684889356e-05,0.001244370860521488,3.5912529762701514e-12,1.4601743876660245e-06,3.762303132076969e-05,1093.9364596341456
Lang_L0.self_attn.k_proj,Base->Stage2,3.806707243872083e-05,4.849065006944587e-09,3.451454348080141e-05,0.0013824829624602063,4.067911379483567e-09,4.2454941387813314e-05,0.0012662414509102388,3.676515362999611e-12,1.4630606981048614e-06,3.806702849533575e-05,1106.4584199546555
Lang_L0.self_attn.v_proj,Base->Stage1,3.867655810749559e-05,7.851048457107667e-10,1.414005241917593e-05,0.001517598092711535,6.643990304533613e-10,1.722158924028025e-05,0.0013960707826339456,5.099301694251601e-13,5.475458313484143e-07,3.867660069758243e-05,1302.921596504738
Lang_L0.self_attn.v_proj,Stage1->Stage2,0.0001295059453932597,5.6179201599416385e-09,5.115339168915156e-05,0.004059444444487375,4.684961930793388e-09,5.2124058527725734e-05,0.0037070791087490873,5.717333512257002e-12,1.7707376568168882e-06,0.00012950173420734804,819.4312822139232
Lang_L0.self_attn.v_proj,Base->Stage2,0.00013435721796841585,6.0889399694451855e-09,5.378491400076513e-05,0.004226196315074683,5.06087602195195e-09,5.442972922194641e-05,0.003852934889901672,6.153710704330278e-12,1.8157824288555514e-06,0.0001343529969795797,822.4104552706198
Lang_L0.self_attn.o_proj,Base->Stage1,2.8429522417482702e-05,8.021591564640308e-10,1.3678075991039457e-05,0.0012717875008774978,4.0083978184457394e-13,5.02977336879471e-07,2.842953055027567e-05,4.008397818441558e-13,5.029773368792886e-07,2.842953055026085e-05,1.0000000000010432
Lang_L0.self_attn.o_proj,Stage1->Stage2,7.658363062390709e-05,5.899374838143034e-09,5.070708919855879e-05,0.003448924775409385,2.9087295492153873e-12,1.345598235343188e-06,7.65830040006683e-05,2.9087295492151013e-12,1.345598235343122e-06,7.658300400066453e-05,1.0000000000000984
Lang_L0.self_attn.o_proj,Base->Stage2,7.985056015681719e-05,6.40503985246211e-09,5.346900188313991e-05,0.003593698550373261,3.1621875397137713e-12,1.3998316611927801e-06,7.984992964546505e-05,3.1621875397129538e-12,1.3998316611925049e-06,7.984992964545472e-05,1.0000000000002585
Lang_L0.mlp.gate_proj,Base->Stage1,1.0120611725774537e-05,8.05936506524306e-10,1.2339000166063806e-05,0.0010604378835220875,6.545062270763955e-10,1.649393734120241e-05,0.0009556342608838128,7.340809624905524e-14,2.1299162478886724e-07,1.012061258979291e-05,8915.995108438996
Lang_L0.mlp.gate_proj,Stage1->Stage2,3.204555889276763e-05,7.613301796075563e-09,5.471031085108426e-05,0.003259255801097694,6.164516578104007e-09,5.783848076876745e-05,0.002932793173264869,7.359800812043606e-13,6.729441195149879e-07,3.204534522301179e-05,8375.92855504509
Lang_L0.mlp.gate_proj,Base->Stage2,3.311728890659913e-05,8.071583208039132e-09,5.6922892692983514e-05,0.003355917596739678,6.535021157436176e-09,5.9844537934508913e-05,0.003019641763191426,7.860315669497914e-13,6.952992860352085e-07,3.311707091816954e-05,8313.942381214325
Lang_L0.mlp.up_proj,Base->Stage1,1.1389318183923093e-05,8.200912359661492e-10,1.2950754280369214e-05,0.0011950643116740657,6.617282105644035e-10,1.688059389280094e-05,0.0010734949770682789,7.448611365255557e-14,2.1517245368143127e-07,1.1389321422123967e-05,8883.91376748517
Lang_L0.mlp.up_proj,Stage1->Stage2,3.534048963380141e-05,7.33421217078745e-09,5.5076992600137574e-05,0.0035738274430272823,5.892142292054696e-09,5.713937247024963e-05,0.003203269346598704,7.171743374242927e-13,6.664846525339177e-07,3.5340217261683095e-05,8215.774023950891
Lang_L0.mlp.up_proj,Base->Stage2,3.685416691077332e-05,7.802880851649499e-09,5.73844844470296e-05,0.0036862461533068887,6.2610125480063546e-09,5.918531478699667e-05,0.003302015684044769,7.799253924266255e-13,6.949431067715185e-07,3.685389335077931e-05,8027.707020188323
Lang_L0.mlp.down_proj,Base->Stage1,1.1937085165282725e-05,8.806620178372378e-10,1.3530140393124583e-05,0.0011749747908333255,6.883359879160656e-10,1.7674643904742955e-05,0.00103878137423202,9.089684696413065e-14,2.3997575501748585e-07,1.1937086068159743e-05,7572.7157861448595
Lang_L0.mlp.down_proj,Stage1->Stage2,3.7368194030172895e-05,7.527633448998684e-09,5.607868730668825e-05,0.0034351913825226153,5.801116475360612e-09,5.764547039761438e-05,0.003015626135974547,8.907511400372997e-13,7.506638777424756e-07,3.736800387975561e-05,6512.611900915102
Lang_L0.mlp.down_proj,Base->Stage2,3.9420723810742386e-05,8.035016984673684e-09,5.856590821475155e-05,0.0035490744151441857,6.159295758373926e-09,5.971730196267115e-05,0.0031073289787336127,9.912915913449807e-13,7.908380866731829e-07,3.942052619753514e-05,6213.404624987302
Lang_L1.self_attn.q_proj,Base->Stage1,1.8086652768877108e-05,5.797149927047863e-10,9.896137935962689e-06,0.0008097580670121563,2.8921488301916356e-13,4.248907059210344e-07,1.8086658395608604e-05,2.892148830186896e-13,4.2489070592073705e-07,1.8086658395593778e-05,1.000000000001639
Lang_L1.self_attn.q_proj,Stage1->Stage2,5.921189631799809e-05,5.01904335657878e-09,4.1123382750608665e-05,0.0023826328223392045,3.0997160056634114e-12,1.3803652108153412e-06,5.921170945478673e-05,3.0997160056638787e-12,1.3803652108155053e-06,5.921170945479119e-05,0.9999999999998492
Lang_L1.self_attn.q_proj,Base->Stage2,6.061502142066607e-05,5.356357647981171e-09,4.309000121244938e-05,0.002461395658635583,3.2483645475421196e-12,1.4107177437280506e-06,6.061484898642354e-05,3.2483645475477345e-12,1.4107177437292873e-06,6.061484898647593e-05,0.9999999999982715
Lang_L1.self_attn.k_proj,Base->Stage1,1.4224920092665238e-05,4.642314390006318e-10,7.834900899617026e-06,0.0005016513677338796,3.624143851156707e-10,1.1434888333430134e-05,0.000443238462874749,3.732764258814142e-13,4.773775079284717e-07,1.4224925739834355e-05,970.9008123400906
Lang_L1.self_attn.k_proj,Stage1->Stage2,5.002539938043704e-05,4.388630573245723e-09,3.418880459726825e-05,0.0015424013431075514,3.329389008060531e-09,3.977495028627268e-05,0.0013434303434581786,4.616487632526984e-12,1.6434864320216001e-06,5.002518700672485e-05,721.1952620867484
Lang_L1.self_attn.k_proj,Base->Stage2,5.2542541441928604e-05,4.665862047077033e-09,3.5809784625695507e-05,0.0015903723980336562,3.48349193272244e-09,4.113230625818753e-05,0.0013741694433678636,5.092758040088312e-12,1.730324256486754e-06,5.254233924144227e-05,684.00892115857
Lang_L1.self_attn.v_proj,Base->Stage1,3.668260078244784e-05,7.66698453842599e-10,1.3775126118220626e-05,0.0014482045579416237,6.169484022170694e-10,1.6848859670127773e-05,0.0012990983710169993,4.919071643331948e-13,5.482259769638262e-07,3.668252229807677e-05,1254.1968219824048
Lang_L1.self_attn.v_proj,Stage1->Stage2,0.00011729292056785444,5.4175412331585195e-09,4.9093266627942e-05,0.0038495573672770143,4.2680609101466376e-09,4.934039862223842e-05,0.0034168427143720388,5.029309561823081e-12,1.7483162850894398e-06,0.00011729077806655122,848.6375431222218
Lang_L1.self_attn.v_proj,Base->Stage2,0.00012488346728673313,5.952558383157515e-09,5.212386627784227e-05,0.0040351670178783265,4.6480144620926395e-09,5.1848870091832766e-05,0.0035656886499578636,5.701285705755624e-12,1.8637967151530494e-06,0.00012488091894446171,815.2572423094541
Lang_L1.self_attn.o_proj,Base->Stage1,2.8205524722307405e-05,7.992489225733862e-10,1.3280320548290231e-05,0.0012493281017097431,4.073784108752828e-13,5.082947046310365e-07,2.8205544234511426e-05,4.0737841087426513e-13,5.082947046304571e-07,2.8205544234476192e-05,1.000000000002498
Lang_L1.self_attn.o_proj,Stage1->Stage2,7.383905018693784e-05,5.720625093766102e-09,4.8738706975252205e-05,0.0033423743021835776,2.7919089115597603e-12,1.331222724409614e-06,7.383868652102595e-05,2.7919089115661023e-12,1.331222724411053e-06,7.383868652110984e-05,0.9999999999977285
Lang_L1.self_attn.o_proj,Base->Stage2,7.70804782422689e-05,6.2174644807228416e-09,5.149806833498749e-05,0.003484496211068295,3.042414930835356e-12,1.3891320066995698e-06,7.70801519349623e-05,3.0424149308375386e-12,1.3891320067000537e-06,7.708015193498994e-05,0.9999999999992826
Lang_L1.mlp.gate_proj,Base->Stage1,2.5202497134550662e-05,1.3638686548516865e-10,2.9537630997298435e-06,0.0009216481274766977,8.461033242277654e-13,4.6508828206783554e-07,7.259230248312752e-05,1.0198379997542978e-13,1.4620484579775638e-07,2.52025488905707e-05,8.296448302883507
Lang_L1.mlp.gate_proj,Stage1->Stage2,0.00010518400176644212,1.2943841444557292e-09,1.3705129394096273e-05,0.002839238618576124,4.808272274947515e-12,1.1639627729499515e-06,0.0001730472999620859,1.7764035711449108e-12,5.057317779993648e-07,0.00010518192627737946,2.7067454451515953
Lang_L1.mlp.gate_proj,Base->Stage2,9.862251004291383e-05,1.364772419810599e-09,1.4033973634871668e-05,0.002915415242418978,3.851006113144002e-12,1.0385523485637382e-06,0.00015486647218097694,1.5616947311159785e-12,4.920892405766397e-07,9.862076655323735e-05,2.465914776053636
Lang_L1.mlp.up_proj,Base->Stage1,1.587324673494304e-05,5.1456541762908966e-11,1.2428139527745333e-06,0.0006897743201110673,3.2287164680727157e-13,1.9545299330098077e-07,5.4638866172941946e-05,2.7249428628732958e-14,5.965246224279675e-08,1.5873234210914123e-05,11.84874924191335
Lang_L1.mlp.up_proj,Stage1->Stage2,5.471409914820778e-05,5.499305106302575e-10,6.389757484132592e-06,0.002254973100161421,1.1917174756345839e-12,5.127898673784026e-07,0.00010497215470011368,3.2376139139242527e-13,1.9696573209945938e-07,5.4714191572298266e-05,3.680851106147258
Lang_L1.mlp.up_proj,Base->Stage2,5.583744798180298e-05,5.772550221455756e-10,6.581043486078958e-06,0.002310315638170872,8.635658362632063e-13,4.6737504276102507e-07,8.93583588973547e-05,3.37191787120568e-13,1.995606805631617e-07,5.5837498247555214e-05,2.561052401772838
Lang_L1.mlp.down_proj,Base->Stage1,3.098770513899098e-05,2.219700195533304e-10,6.989769031924961e-06,0.0015142037747419913,2.853291626230314e-12,9.171319836072689e-07,0.00017167626068428685,9.29610571591914e-14,1.5210597732734673e-07,3.098758216277961e-05,30.693407685157744
Lang_L1.mlp.down_proj,Stage1->Stage2,7.110337288814735e-05,1.5045163487604192e-09,2.361482348485915e-05,0.003942155566651052,1.0415281140972523e-11,1.958616847944631e-06,0.00032799770244906827,4.894474570797865e-13,3.324869356012173e-07,7.110306812682651e-05,21.279671577238766
Lang_L1.mlp.down_proj,Base->Stage2,7.315055573182672e-05,1.6524075486223095e-09,2.491426042922602e-05,0.004131368063829337,7.773488456797166e-12,1.6658207805686973e-06,0.00028336309139739564,5.18033068813131e-13,3.271950161527481e-07,7.314995189571094e-05,15.005776512698421
Lang_L2.self_attn.q_proj,Base->Stage1,2.0559266780819608e-05,7.320779670383663e-10,1.165097327881148e-05,0.000930035483695081,3.577451489754717e-13,4.737755801820013e-07,2.0559271752977998e-05,3.5774514897458866e-13,4.737755801813134e-07,2.0559271752952624e-05,1.0000000000024682
Lang_L2.self_attn.q_proj,Stage1->Stage2,6.288420842926808e-05,6.048821352910687e-09,4.691211343442253e-05,0.0026733452450697966,3.3468904417729028e-12,1.4350193545679664e-06,6.288403745740024e-05,3.3468904417683286e-12,1.4350193545670317e-06,6.288403745735727e-05,1.0000000000013667
Lang_L2.self_attn.q_proj,Base->Stage2,6.480703745598285e-05,6.485226236248753e-09,4.926015579008458e-05,0.0027681029304004044,3.554699123092681e-12,1.4764888033077935e-06,6.480687692942877e-05,3.5546991230944147e-12,1.476488803308041e-06,6.480687692944459e-05,0.9999999999995123
Lang_L2.self_attn.k_proj,Base->Stage1,1.538818634253613e-05,5.342853255699239e-10,9.01222548332914e-06,0.0005987732207589581,4.294122895809454e-10,1.2593477244254896e-05,0.000536800585202048,3.5287672834303887e-13,4.6566664312034947e-07,1.5388179901756963e-05,1216.8903616775337
Lang_L2.self_attn.k_proj,Stage1->Stage2,5.342133706142027e-05,4.89569238424227e-09,3.8084097839341524e-05,0.0018125281512787754,3.911257895535017e-09,4.358903893005707e-05,0.001620078006251224,4.252829928766873e-12,1.6055259420756523e-06,5.342157741088716e-05,919.6835897618655
Lang_L2.self_attn.k_proj,Base->Stage2,5.561085581450695e-05,5.2363112238927584e-09,4.0098143100464334e-05,0.0018745214974999888,4.135958417858574e-09,4.5383885234578765e-05,0.00166596464907871,4.608581817716189e-12,1.6666104377636871e-06,5.561108273844928e-05,897.4471066042989
Lang_L2.self_attn.v_proj,Base->Stage1,3.567190149499164e-05,7.965202372084268e-10,1.395166663131775e-05,0.0014584996800547998,6.639261592067325e-10,1.7221266535412824e-05,0.0013315817099765065,4.764740477537113e-13,5.419952163206848e-07,3.567200797002407e-05,1393.4151552151586
Lang_L2.self_attn.v_proj,Stage1->Stage2,0.00010891155793202801,5.40862961808939e-09,4.8890641466625695e-05,0.003800578216812219,4.429143131165843e-09,5.011613814838911e-05,0.0034392671482096353,4.441524672988578e-12,1.6555008391311237e-06,0.0001089110871802371,997.2123217286096
Lang_L2.self_attn.v_proj,Base->Stage2,0.0001107887740188351,5.893738999573202e-09,5.1677660358739885e-05,0.0039673590245915,4.800864531921871e-09,5.25576218292925e-05,0.003580682218264429,4.5959812015978915e-12,1.6846874093926738e-06,0.00011078862583881161,1044.5788007689735
Lang_L2.self_attn.o_proj,Base->Stage1,2.850227526947257e-05,8.558330435919899e-10,1.3913234377133099e-05,0.0012928985933006428,4.159293918653272e-13,5.14253276858679e-07,2.8502289256507004e-05,4.159293918643999e-13,5.142532768580572e-07,2.850228925647523e-05,1.0000000000022295
Lang_L2.self_attn.o_proj,Stage1->Stage2,7.433301755979442e-05,5.841655703880003e-09,4.947771527840164e-05,0.003377825498583125,2.8289394464747848e-12,1.339318175847304e-06,7.433289666401068e-05,2.8289394464732815e-12,1.3393181758469199e-06,7.433289666399093e-05,1.0000000000005314
Lang_L2.self_attn.o_proj,Base->Stage2,7.763574068769877e-05,6.3660090013933395e-09,5.236415945484088e-05,0.0035261668277906098,3.085914950049469e-12,1.398865261464722e-06,7.763565251872196e-05,3.08591495004881e-12,1.3988652614645933e-06,7.763565251871365e-05,1.0000000000002136
Lang_L2.mlp.gate_proj,Base->Stage1,0.00017455099229498963,2.1560680925910032e-10,5.042170947074042e-06,0.0011857170044139436,3.050333100378863e-11,3.3605863563191554e-06,0.00044598827942794376,4.672144929773392e-12,1.1814241146228232e-06,0.0001745452219958046,6.528763868048096
Lang_L2.mlp.gate_proj,Stage1->Stage2,0.0002731939821965285,1.6248312584090623e-09,1.7308665108798712e-05,0.0032548704925127415,1.774959248646254e-10,8.085123634521296e-06,0.0010757807623295848,1.1445707248048432e-11,1.9243426923150346e-06,0.00027318125588449805,15.507641512925261
Lang_L2.mlp.gate_proj,Base->Stage2,0.0004432642662723696,1.7811099124584313e-09,1.8759645345604945e-05,0.0034078066086523544,1.9822060005417092e-10,8.557494837956123e-06,0.0011368521140604395,3.012985947714862e-11,3.042149174819836e-06,0.00044322896477482323,6.578875689895178
Lang_L2.mlp.up_proj,Base->Stage1,4.1553603225372234e-05,1.5388698198290913e-10,3.0764176856461553e-06,0.0008431296522224249,1.514372028799795e-11,2.2717026797485737e-06,0.00026449027726227004,3.7379750379309214e-13,3.7917158977219184e-07,4.1553883762144155e-05,40.5131659102262
Lang_L2.mlp.up_proj,Stage1->Stage2,6.0304011097278394e-05,1.2810844105122187e-09,1.2573760928504439e-05,0.0024326867673603015,1.0866664048625813e-10,6.239367491303841e-06,0.0007085091120021385,7.872371051868168e-13,5.050429661537022e-07,6.030455228238471e-05,138.03546577046924
Lang_L2.mlp.up_proj,Base->Stage2,8.748098594650568e-05,1.3947093442207288e-09,1.343572416765753e-05,0.0025382779374807916,1.140784636667954e-10,6.354254442024926e-06,0.0007259373663421207,1.656709481589876e-12,7.926510065018583e-07,8.748236163245205e-05,68.85846005862113
Lang_L2.mlp.down_proj,Base->Stage1,3.731946255052351e-05,2.623508049673956e-10,7.623629048360119e-06,0.0012600273530213573,3.03742705321589e-11,3.620022699605941e-06,0.00042873772667100017,2.301440717860439e-13,3.2231386416961535e-07,3.731974509476006e-05,131.9793740348728
Lang_L2.mlp.down_proj,Stage1->Stage2,9.078964697083856e-05,1.7014233300298633e-09,2.2123780539061554e-05,0.0032088706291461765,1.6814530420275198e-10,8.453318022529936e-06,0.0010087612427167735,1.362056458387774e-12,7.805280928633746e-07,9.079116132691979e-05,123.44958475640622
Lang_L2.mlp.down_proj,Base->Stage2,0.00011669631847723454,1.865200288431832e-09,2.3787918293160274e-05,0.0033597638532835423,1.6603605024800768e-10,8.187305914910357e-06,0.0010024142069473992,2.2503151367123343e-12,1.0066548636010382e-06,0.00011669914847034445,73.78346594183384
Lang_L3.self_attn.q_proj,Base->Stage1,2.1266413250848864e-05,7.715433868288752e-10,1.1946200785831196e-05,0.0009636476029592215,3.7576147357462674e-13,4.882564329002974e-07,2.126641056556471e-05,3.757614735770552e-13,4.882564329018402e-07,2.1266410565633428e-05,0.9999999999935372
Lang_L3.self_attn.q_proj,Stage1->Stage2,6.347144850830037e-05,6.489224798500286e-09,4.940772244124009e-05,0.0027946896114168307,3.347192436594231e-12,1.453621496875774e-06,6.347131727821145e-05,3.347192436595967e-12,1.4536214968760165e-06,6.34713172782279e-05,0.9999999999994814
Lang_L3.self_attn.q_proj,Base->Stage2,6.48780676068786e-05,6.925318270380288e-09,5.166401828873152e-05,0.0028870681763934376,3.49719271003443e-12,1.4856060054719658e-06,6.487792527662468e-05,3.497192710033465e-12,1.4856060054717386e-06,6.487792527661574e-05,1.000000000000276
Lang_L3.self_attn.k_proj,Base->Stage1,1.8580816673087007e-05,6.341687458457141e-10,9.944404289981279e-06,0.0006948926223081185,5.197853156015728e-10,1.3882630388737836e-05,0.0006291110111094574,4.534191857136315e-13,5.223072562406488e-07,1.8580835130970456e-05,1146.368155514832
Lang_L3.self_attn.k_proj,Stage1->Stage2,6.167937163837471e-05,6.032126978146692e-09,4.462455824166128e-05,0.002143144269417216,4.832615694159451e-09,4.965114762995651e-05,0.0019182592442664684,4.996309282996738e-12,1.7503555425384886e-06,6.16794975147148e-05,967.2370985130237
Lang_L3.self_attn.k_proj,Base->Stage2,6.839123085422745e-05,6.3582514359354825e-09,4.631283746447945e-05,0.002200315807429854,5.049393050402445e-09,5.114609598723872e-05,0.001960811109193323,6.142867328542604e-12,1.931537840185424e-06,6.839143836716694e-05,821.9928545323824
Lang_L3.self_attn.v_proj,Base->Stage1,3.831030409801034e-05,7.706728016374982e-10,1.3870448435126734e-05,0.0015404745442374195,6.407589112773972e-10,1.699480324329653e-05,0.001404645840342654,4.766419432346953e-13,5.456332922827598e-07,3.8310307532794705e-05,1344.319190478568
Lang_L3.self_attn.v_proj,Stage1->Stage2,0.00011179113948808215,5.526097327982424e-09,5.055245638851957e-05,0.004125023403044354,4.543820570159737e-09,5.127969533640943e-05,0.0037404834598574943,4.058595278724416e-12,1.5918086021368592e-06,0.0001117905325179534,1119.5549834640876
Lang_L3.self_attn.v_proj,Base->Stage2,0.00012165762070451531,6.044114739910236e-09,5.347286667987082e-05,0.004314033390029721,4.936560114969085e-09,5.3787598200715334e-05,0.003898785722761552,4.8066189572616035e-12,1.731732943686048e-06,0.0001216569710718307,1027.0337962844283
Lang_L3.self_attn.o_proj,Base->Stage1,2.8490064335241297e-05,8.582253331555588e-10,1.3739036151312438e-05,0.0012819271172317768,4.2389851821704173e-13,5.191774717374797e-07,2.8490076720176714e-05,4.2389851821686215e-13,5.191774717374385e-07,2.849007672017068e-05,1.0000000000004237
Lang_L3.self_attn.o_proj,Stage1->Stage2,7.463749393536532e-05,5.9796738229792435e-09,4.985717600817022e-05,0.0033837607760157876,2.9093016868675864e-12,1.3596294595615938e-06,7.463719058369964e-05,2.9093016868678627e-12,1.3596294595617521e-06,7.46371905837032e-05,0.9999999999999051
Lang_L3.self_attn.o_proj,Base->Stage2,7.751397403349008e-05,6.488953221303411e-09,5.262587201701561e-05,0.00352491156854683,3.137870706205875e-12,1.412252471145474e-06,7.751369268684568e-05,3.1378707062052442e-12,1.4122524711453937e-06,7.751369268683789e-05,1.000000000000201
Lang_L3.mlp.gate_proj,Base->Stage1,2.955020138680146e-05,3.805094344651471e-10,7.90248393903502e-06,0.0011398273919316327,1.8649563374133023e-10,7.399005933439249e-06,0.0007979776160561438,2.5574480390097794e-13,3.1737021169133e-07,2.955015643226267e-05,729.2255048651532
Lang_L3.mlp.gate_proj,Stage1->Stage2,7.646094062185751e-05,2.945099222167785e-09,2.6974012939497828e-05,0.0031710351305598637,1.4955189092229553e-09,2.1250660603988746e-05,0.002259680522583645,1.7122474295814212e-12,8.141583990528979e-07,7.646000980462368e-05,873.4245316335807
Lang_L3.mlp.gate_proj,Base->Stage2,9.684818407584259e-05,3.1624804520766967e-09,2.8472115067481135e-05,0.00328598073384437,1.591733908293028e-09,2.172869461631916e-05,0.00233123643416644,2.747064728762843e-12,1.0128769771974289e-06,9.684685773657258e-05,579.4307981267972
Lang_L3.mlp.up_proj,Base->Stage1,1.9458956648351907e-05,3.161381495867479e-10,6.047037895398041e-06,0.0009568196457741459,1.6405357410179641e-10,6.8011241067404686e-06,0.000689262226469073,1.3075453442955824e-13,2.5710117806298683e-07,1.9458977221546385e-05,1254.6683357293239
Lang_L3.mlp.up_proj,Stage1->Stage2,5.230649638664142e-05,2.5840332006694207e-09,2.301887716256138e-05,0.002735528860443292,1.3027097604964547e-09,1.9704246211316085e-05,0.0019422990149664092,9.447741481072173e-13,6.805855009431111e-07,5.2306571784565506e-05,1378.8583897075655
Lang_L3.mlp.up_proj,Base->Stage2,6.158645968880361e-05,2.7686450293586665e-09,2.42295348147254e-05,0.0028315608262449495,1.3838715888096453e-09,2.023400282905928e-05,0.002001889736542574,1.309749182998088e-12,8.175757687936656e-07,6.158661357665479e-05,1056.592824621495
Lang_L3.mlp.down_proj,Base->Stage1,2.219970615055064e-05,4.5071690665374005e-10,9.997062955815304e-06,0.0011943300359298,1.8923873579926746e-10,7.883540994896346e-06,0.0007738868176211711,1.5572292927458785e-13,2.5908653794527936e-07,2.2199782125023745e-05,1215.2271774028914
Lang_L3.mlp.down_proj,Stage1->Stage2,4.427477514381478e-05,2.9370248423530095e-09,2.971589372277582e-05,0.00304878141583425,1.340711289157282e-09,2.0926549910413175e-05,0.0020598714185287824,6.193952473420823e-13,4.3068901258507e-07,4.427478009903096e-05,2164.548880396604
Lang_L3.mlp.down_proj,Base->Stage2,4.919472433469843e-05,3.207809223719948e-09,3.193685158240877e-05,0.0031862272268307575,1.4215580607087888e-09,2.1220166930789714e-05,0.0021210689168409138,7.647071932521645e-13,5.456595897911378e-07,4.919489820076503e-05,1858.9573542039714
Lang_L4.self_attn.q_proj,Base->Stage1,2.139974330429834e-05,7.560237115841804e-10,1.2066115726912241e-05,0.0009367396843299342,3.9456146233983965e-13,4.99187633891126e-07,2.1399742279351208e-05,3.945614623408237e-13,4.991876338917056e-07,2.1399742279377893e-05,0.999999999997506
Lang_L4.self_attn.q_proj,Stage1->Stage2,6.321306608665101e-05,6.481301354558067e-09,4.9455387574181414e-05,0.002742717590179135,3.4427960025796887e-12,1.4729278883445534e-06,6.321288757446745e-05,3.4427960025789407e-12,1.4729278883443725e-06,6.321288757446059e-05,1.0000000000002172
Lang_L4.self_attn.q_proj,Base->Stage2,6.677287032988422e-05,6.908624804008988e-09,5.166199905289395e-05,0.002831690528384249,3.841471606747923e-12,1.5539020263620107e-06,6.677267856689778e-05,3.841471606746843e-12,1.5539020263616837e-06,6.677267856688838e-05,1.000000000000281
Lang_L4.self_attn.k_proj,Base->Stage1,1.8860890883344477e-05,6.527669323679649e-10,1.0437342020386264e-05,0.0007188518773061548,5.444454529209943e-10,1.4277948268828365e-05,0.0006565042256079421,4.493699785744485e-13,5.270156368430413e-07,1.8860897967625014e-05,1211.5750470206242
Lang_L4.self_attn.k_proj,Stage1->Stage2,6.857277171485208e-05,6.291536670299873e-09,4.641144369665895e-05,0.002231714137619344,5.155420514063101e-09,5.134773568295008e-05,0.0020201901356923413,5.9399492098664786e-12,1.9074921940110413e-06,6.857274964931046e-05,867.9233326607833
Lang_L4.self_attn.k_proj,Base->Stage2,7.271742799752063e-05,6.677107427209478e-09,4.840598347938263e-05,0.002299081571455885,5.426968210799457e-09,5.3117891125680916e-05,0.0020727114061713896,6.679695555855565e-12,2.0206401980565243e-06,7.271743191129956e-05,812.4574189675545
Lang_L4.self_attn.v_proj,Base->Stage1,2.9942543866400604e-05,7.888673339805391e-10,1.3294785062623049e-05,0.001268878303540568,6.633338449883424e-10,1.687310090998144e-05,0.00116354735538403,4.392811660055766e-13,5.232500282442586e-07,2.9942584014378323e-05,1510.043899719392
Lang_L4.self_attn.v_proj,Stage1->Stage2,9.324155223257873e-05,6.0164402401248544e-09,5.057312148051829e-05,0.003504164539357403,5.0068371808968204e-09,5.287015200684865e-05,0.003196659811404564,4.259739288115927e-12,1.6248727579747861e-06,9.324084410563476e-05,1175.3858258098546
Lang_L4.self_attn.v_proj,Base->Stage2,9.52063706076338e-05,6.553621009680538e-09,5.353419564949058e-05,0.0036572558917756424,5.423830801808161e-09,5.546011260306015e-05,0.0033271145483216207,4.441168120433302e-12,1.658456883061176e-06,9.520577521358174e-05,1221.262211816243
Lang_L4.self_attn.o_proj,Base->Stage1,2.6648819355431237e-05,8.455175078484516e-10,1.3543838106443162e-05,0.001219327823399625,4.0386620123541767e-13,5.066681340260789e-07,2.664881710670597e-05,4.0386620123574443e-13,5.066681340262961e-07,2.6648817106716754e-05,0.999999999999191
Lang_L4.self_attn.o_proj,Stage1->Stage2,7.465884723993013e-05,6.21856107996181e-09,5.0712490525656184e-05,0.00330675993578737,3.1698900373879747e-12,1.4191176066478021e-06,7.465859512294478e-05,3.1698900373859625e-12,1.4191176066473742e-06,7.46585951229211e-05,1.0000000000006348
Lang_L4.self_attn.o_proj,Base->Stage2,7.794430398945691e-05,6.720448853051264e-09,5.337416866147554e-05,0.0034376119866410555,3.4550181275266047e-12,1.481391401253674e-06,7.794403420059384e-05,3.455018127523584e-12,1.4813914012530553e-06,7.794403420055975e-05,1.0000000000008744
Lang_L4.mlp.gate_proj,Base->Stage1,1.7566825693759443e-05,4.900801133862756e-10,9.580330609114847e-06,0.0011364532773490879,2.680751835050175e-10,9.256976059676933e-06,0.0008405167090481042,1.170985210825217e-13,2.24697893103819e-07,1.7566844237634907e-05,2289.31314440854
Lang_L4.mlp.gate_proj,Stage1->Stage2,5.287519016278196e-05,3.908962486536278e-09,3.441321812235276e-05,0.003209554329553905,2.189365945477966e-09,2.759741202253087e-05,0.0024020008654668983,1.0608837415191744e-12,6.828011457150306e-07,5.287469523146427e-05,2063.7190106644643
Lang_L4.mlp.gate_proj,Base->Stage2,5.361791033876916e-05,4.202068189605555e-09,3.623089986167978e-05,0.003327710431516488,2.3324486710335347e-09,2.8283931655341768e-05,0.00247924832152696,1.0908991271857337e-12,6.870439099721716e-07,5.36174650549271e-05,2138.09747657486
Lang_L4.mlp.up_proj,Base->Stage1,1.9973593033812965e-05,4.666170737426215e-10,9.109427244562563e-06,0.001139451388361917,2.6345585238883444e-10,9.460117996571726e-06,0.0008561885472133069,1.4337741317442456e-13,2.43108345952404e-07,1.9973577511519526e-05,1837.4989934316186
Lang_L4.mlp.up_proj,Stage1->Stage2,6.322031445309228e-05,3.5916034168686286e-09,3.284358696789715e-05,0.0031612383638794706,1.9644764397550616e-09,2.6650513557033004e-05,0.002337956724139545,1.4364229168841083e-12,8.69569925454098e-07,6.321996024392073e-05,1367.6170274534522
Lang_L4.mlp.up_proj,Base->Stage2,7.199511980046397e-05,3.8753960120320365e-09,3.4687650145535656e-05,0.00328375766667381,2.0910443155207703e-09,2.732474497597174e-05,0.002412096476147086,1.8628353229574914e-12,9.752047314041515e-07,7.199466047796909e-05,1122.5062622287876
Lang_L4.mlp.down_proj,Base->Stage1,2.276955486396464e-05,5.884947867944936e-10,1.1880072012433248e-05,0.0012999572953212117,2.8593900887035163e-10,1.0168976168521806e-05,0.0009061382835517558,1.8054738250477675e-13,2.8661865342122005e-07,2.2769493706236952e-05,1583.7338924743842
Lang_L4.mlp.down_proj,Stage1->Stage2,4.833346313037026e-05,3.86387618569335e-09,3.707017430629585e-05,0.003330961934728485,1.991917882002726e-09,2.7417098881059172e-05,0.002391628853277518,8.135425574263929e-13,5.887336920342737e-07,4.8333495784463884e-05,2448.449517261977
Lang_L4.mlp.down_proj,Base->Stage2,5.009106281714074e-05,4.205793127322196e-09,3.945760635658102e-05,0.0034752177559457882,2.1235903820573766e-09,2.802834298571702e-05,0.0024694113724450253,8.737810239373719e-13,5.611069835462911e-07,5.00909621170461e-05,2430.3461895844334
Lang_L5.self_attn.q_proj,Base->Stage1,2.2921890251477954e-05,9.025408502263035e-10,1.394937153850924e-05,0.00104480957115299,4.344032449589878e-13,5.240337071035303e-07,2.2921880224974062e-05,4.3440324495883177e-13,5.240337071034614e-07,2.2921880224969942e-05,1.000000000000359
Lang_L5.self_attn.q_proj,Stage1->Stage2,6.753608039788616e-05,7.155335053403588e-09,5.37216865691241e-05,0.002941840076536697,3.7710673311339555e-12,1.5328327738783771e-06,6.753613703433177e-05,3.771067331131239e-12,1.5328327738778477e-06,6.753613703430742e-05,1.0000000000007203
Lang_L5.self_attn.q_proj,Base->Stage2,6.983450962748893e-05,7.65988086723519e-09,5.621490360368207e-05,0.003043792764169126,4.032110068003486e-12,1.585236255893263e-06,6.983453764436402e-05,4.032110068001729e-12,1.5852362558929896e-06,6.98345376443488e-05,1.0000000000004357
Lang_L5.self_attn.k_proj,Base->Stage1,2.1302760644914422e-05,7.734766924053437e-10,1.2190098028774798e-05,0.0008073827475457019,6.309803805187279e-10,1.601671892258687e-05,0.0007292287410357252,5.384683888063574e-13,5.770021970460898e-07,2.130276397978084e-05,1171.8057988834687
Lang_L5.self_attn.k_proj,Stage1->Stage2,6.698080368422365e-05,6.596226649360303e-09,4.8972087448806434e-05,0.0023577929103476246,5.273524942790365e-09,5.259124516050412e-05,0.0021081833295732485,5.323398891308296e-12,1.8102623482825425e-06,6.698111573388747e-05,990.6311832841678
Lang_L5.self_attn.k_proj,Base->Stage2,7.273356613116113e-05,7.0258132835205525e-09,5.1150712184533376e-05,0.002433358934148212,5.580384503570848e-09,5.4507309718014864e-05,0.002168652337157234,6.277087759253927e-12,1.961738549768736e-06,7.273391636798701e-05,889.008520765705
Lang_L5.self_attn.v_proj,Base->Stage1,2.856117535565335e-05,7.238061790050772e-10,1.2281123201007826e-05,0.0011224324723832996,6.067126393991555e-10,1.5896193949619198e-05,0.0010276390538827194,4.686549729091941e-13,5.363777455231169e-07,2.856115027011563e-05,1294.5827409724534
Lang_L5.self_attn.v_proj,Stage1->Stage2,7.894210673882778e-05,5.849824303645201e-09,4.863245429298502e-05,0.0031909795458795586,4.816663343580002e-09,5.147364232285614e-05,0.002895514576056944,3.5802987415726614e-12,1.484496296144678e-06,7.894274835391117e-05,1345.3244243703145
Lang_L5.self_attn.v_proj,Base->Stage2,8.409189985918038e-05,6.295363697515564e-09,5.108266112335835e-05,0.003310266978997795,5.14140948775292e-09,5.358445082334956e-05,0.0029915323697445482,4.062649982454485e-12,1.5820967398036214e-06,8.409250947086038e-05,1265.5309982295578
Lang_L5.self_attn.o_proj,Base->Stage1,2.8069298593925906e-05,8.501468365885504e-10,1.3712810359712418e-05,0.001266039266445587,4.1789110529348536e-13,5.150643435161382e-07,2.806931199107007e-05,4.1789110529296615e-13,5.150643435158578e-07,2.8069311991052637e-05,1.0000000000012426
Lang_L5.self_attn.o_proj,Stage1->Stage2,7.582913295776089e-05,6.158931875609644e-09,5.074132551727631e-05,0.003407627709689094,3.0498028951440046e-12,1.391117439409576e-06,7.582899971870449e-05,3.0498028951455143e-12,1.3911174394098718e-06,7.582899971872323e-05,0.999999999999505
Lang_L5.self_attn.o_proj,Base->Stage2,7.90385954422322e-05,6.6670980677175735e-09,5.346076819994633e-05,0.0035454214068909974,3.313434840360307e-12,1.4498759844622898e-06,7.903849428788822e-05,3.313434840361481e-12,1.4498759844624906e-06,7.903849428790223e-05,0.9999999999996456
Lang_L5.mlp.gate_proj,Base->Stage1,1.2313250572872115e-05,6.236343013879843e-10,1.021915834290204e-05,0.0010081338340510687,4.5624485833204024e-10,1.3057710774341308e-05,0.0008622876872163265,9.303338708720148e-14,2.2007805251933464e-07,1.2313247514387345e-05,4904.098115920424
Lang_L5.mlp.gate_proj,Stage1->Stage2,3.772666634526298e-05,5.385471718499797e-09,4.1444319555049954e-05,0.002962532594242253,3.995839956949861e-09,4.254603998246872e-05,0.0025518509550221703,8.733543264803743e-13,6.796929018131259e-07,3.7726498625570674e-05,4575.279283327228
Lang_L5.mlp.gate_proj,Base->Stage2,4.1347193239437393e-05,5.75138942704909e-09,4.3541720583072434e-05,0.0030615238693967365,4.2477094106542304e-09,4.400883288229298e-05,0.0026310473364607088,1.0490240995856068e-12,7.385778372322087e-07,4.134699915400772e-05,4049.200978635469
Lang_L5.mlp.up_proj,Base->Stage1,1.1769295429746344e-05,6.178862449215381e-10,1.0235933036647814e-05,0.0010324747509741724,4.597696953911535e-10,1.330063023804406e-05,0.000890625955080941,8.02880536153786e-14,2.0758292431097542e-07,1.1769300213000696e-05,5726.5019475212175
Lang_L5.mlp.up_proj,Stage1->Stage2,3.5843937602977824e-05,4.943749368392888e-09,3.964167811733669e-05,0.0029204708276002124,3.6197422873569257e-09,4.110633584590453e-05,0.002498983999837137,7.446995181646898e-13,6.373970827142307e-07,3.584389415461199e-05,4860.674942126688
Lang_L5.mlp.up_proj,Base->Stage2,3.760966218653752e-05,5.3030511974307325e-09,4.1699979781089284e-05,0.0030247365884454665,3.865945089839051e-09,4.263930623952098e-05,0.0025825723106973598,8.198773065762493e-13,6.688333458123496e-07,3.7609631882997686e-05,4715.272710721765
Lang_L5.mlp.down_proj,Base->Stage1,1.4779382127410432e-05,6.861385932232606e-10,1.1373705092372492e-05,0.0011126930007909566,4.89657453261204e-10,1.402775674226973e-05,0.0009399735152039323,1.210527409254209e-13,2.4828959887838527e-07,1.4779398048492139e-05,4044.992699197748
Lang_L5.mlp.down_proj,Stage1->Stage2,3.5904472687160234e-05,5.170227152133985e-09,4.223108979025353e-05,0.0030543776075071098,3.692246550641175e-09,4.196720542687481e-05,0.0025811501075460514,7.144276279663432e-13,6.196515323893368e-07,3.590434725289813e-05,5168.118373517208
Lang_L5.mlp.down_proj,Base->Stage2,3.723347904571461e-05,5.56110835599813e-09,4.445285837222752e-05,0.0031677331807865704,3.9442026041041e-09,4.348793161625371e-05,0.0026677647072638126,7.682973001687573e-13,6.390074079432615e-07,3.7233389078340503e-05,5133.693172210486
Lang_L6.self_attn.q_proj,Base->Stage1,2.2548536715096813e-05,8.739497434045908e-10,1.3277161280026567e-05,0.0010217432274908082,4.256375459375585e-13,5.193009911926638e-07,2.254854397183459e-05,4.2563754593850057e-13,5.193009911932217e-07,2.254854397185954e-05,0.9999999999977867
Lang_L6.self_attn.q_proj,Stage1->Stage2,6.435150560649041e-05,7.003807298390862e-09,5.2145166459738324e-05,0.002892434198828485,3.4667326323138995e-12,1.4785075613915392e-06,6.435118783639868e-05,3.466732632317324e-12,1.478507561392264e-06,6.435118783643047e-05,0.9999999999990121
Lang_L6.self_attn.q_proj,Base->Stage2,6.62599287277188e-05,7.505127148575423e-09,5.4667009477805256e-05,0.0029941628715915865,3.675404409917027e-12,1.5217987660227568e-06,6.62596228580077e-05,3.675404409918137e-12,1.521798766022978e-06,6.625962285801769e-05,0.999999999999698
Lang_L6.self_attn.k_proj,Base->Stage1,2.0135229227728663e-05,7.667550865596549e-10,1.1723855522172144e-05,0.0008288238316191794,6.412751248712799e-10,1.5791361281405747e-05,0.0007579771161516144,4.525287821066571e-13,5.31534266447011e-07,2.0135248813926364e-05,1417.0924595910828
Lang_L6.self_attn.k_proj,Stage1->Stage2,6.286015900694531e-05,6.578598961282559e-09,4.8187858621373536e-05,0.002427715948576877,5.414651311594103e-09,5.3047041688069414e-05,0.0022025025127991927,4.410452570077808e-12,1.6333204007533841e-06,6.285976358838084e-05,1227.6860992291727
Lang_L6.self_attn.k_proj,Base->Stage2,6.64572499822683e-05,6.985030561254459e-09,5.022862755987845e-05,0.0025015853253426068,5.721742301585638e-09,5.494219261772814e-05,0.002264098475513691,4.9296692596038164e-12,1.7355876329876362e-06,6.64568965810279e-05,1160.674682269755
Lang_L6.self_attn.v_proj,Base->Stage1,3.063921823941863e-05,8.459442198981942e-10,1.4090036350139501e-05,0.0012576348634989415,7.155262175449437e-10,1.7531379533112998e-05,0.0011566353998572205,5.020994857411809e-13,5.528603076188307e-07,3.0639282628998366e-05,1425.0686126250657
Lang_L6.self_attn.v_proj,Stage1->Stage2,8.48037532662805e-05,6.043531848278045e-09,5.080910592261678e-05,0.0033614340389170193,5.0732686806801535e-09,5.307247737042154e-05,0.0030798042758922823,3.8464734460931224e-12,1.5230087857535091e-06,8.480287096027427e-05,1318.9402583379567
Lang_L6.self_attn.v_proj,Base->Stage2,8.920768647265005e-05,6.56908956297431e-09,5.366335926026977e-05,0.0035045461026735583,5.487694162230766e-09,5.563749986731671e-05,0.003203126834034321,4.2563660387834415e-12,1.6035568764253218e-06,8.920694581952264e-05,1289.2909379098571
Lang_L6.self_attn.o_proj,Base->Stage1,2.6190278751567105e-05,8.750067244880375e-10,1.3773783424597674e-05,0.0011810453664541356,4.302875754100886e-13,5.231118083388307e-07,2.6190288822362143e-05,4.3028757541024977e-13,5.231118083389692e-07,2.6190288822367042e-05,0.9999999999996255
Lang_L6.self_attn.o_proj,Stage1->Stage2,7.194899944761391e-05,6.498264868279476e-09,5.181599760984562e-05,0.0032185256286465635,3.2473398951355416e-12,1.436631990151567e-06,7.194856578349755e-05,3.2473398951354422e-12,1.4366319901515816e-06,7.194856578349645e-05,1.0000000000000306
Lang_L6.self_attn.o_proj,Base->Stage2,7.632447861607227e-05,7.025077586632703e-09,5.453312500165036e-05,0.003346446063670195,3.654317325063801e-12,1.5240761138625013e-06,7.632404792768626e-05,3.6543173250655745e-12,1.5240761138629144e-06,7.632404792770476e-05,0.9999999999995148
Lang_L6.mlp.gate_proj,Base->Stage1,1.147152406022261e-05,7.776145134149261e-10,1.2664969967299234e-05,0.001051958082481839,5.635029559155973e-10,1.5133415327066888e-05,0.0008954974534995371,9.24717246979947e-14,2.3058385658697393e-07,1.1471513876941363e-05,6093.786589965238
Lang_L6.mlp.gate_proj,Stage1->Stage2,4.1592399044166625e-05,6.228476382181913e-09,4.797359258396632e-05,0.002977195235287792,4.705301212392308e-09,4.8161043783018256e-05,0.0025876773199522535,1.2156132646390561e-12,7.868591926856714e-07,4.159241325168027e-05,3870.72216901929
Lang_L6.mlp.gate_proj,Base->Stage2,4.1300082786963666e-05,6.6705137863252606e-09,5.0489712086511823e-05,0.0030810308531774174,5.005706215259084e-09,4.9752804465832214e-05,0.0026690031289777058,1.1985842360781837e-12,7.955980049970827e-07,4.1300060232380004e-05,4176.349116385811
Lang_L6.mlp.up_proj,Base->Stage1,1.1777513383861182e-05,7.269222703955309e-10,1.204994758593713e-05,0.0010572619889066086,5.482614915789801e-10,1.4800848824291123e-05,0.0009181898825921317,9.020497438288478e-14,2.3243177769977167e-07,1.177752067086797e-05,6077.951857198305
Lang_L6.mlp.up_proj,Stage1->Stage2,3.2398408868365065e-05,5.5212413004155965e-09,4.425483106947401e-05,0.002913775609224843,4.1681761038653194e-09,4.511294792290271e-05,0.0025316914173507403,6.826059995453786e-13,6.198394702533764e-07,3.2398342339623355e-05,6106.269365697577
Lang_L6.mlp.up_proj,Base->Stage2,3.3643772505121784e-05,5.934489847010306e-09,4.665298443955521e-05,0.003020851907318563,4.455375425576003e-09,4.677619246955783e-05,0.002617459027329478,7.360929359688366e-13,6.261035602534668e-07,3.364372423520946e-05,6052.7349304227355
Lang_L6.mlp.down_proj,Base->Stage1,1.5939239938197773e-05,7.919648037306865e-10,1.2941975515408522e-05,0.0011181787533489952,5.730145765425802e-10,1.535878135264473e-05,0.000951132737718247,1.6092380140639138e-13,2.895087339361108e-07,1.5939270349358203e-05,3560.7820069792474
Lang_L6.mlp.down_proj,Stage1->Stage2,4.2644023688901074e-05,5.80803483434719e-09,4.6903465926472014e-05,0.0030281017416058276,4.303360789752649e-09,4.6430687140074476e-05,0.002606512043863837,1.1518601703231968e-12,7.805864277940944e-07,4.2643784247158355e-05,3736.0097176944514
Lang_L6.mlp.down_proj,Base->Stage2,3.7328947549432105e-05,6.248698527381386e-09,4.932319926053025e-05,0.0031408749290199986,4.603384028761833e-09,4.804683338865148e-05,0.002695842154841739,8.826256774686986e-13,7.239692323453997e-07,3.732880917228965e-05,5215.556431537295
Lang_L7.self_attn.q_proj,Base->Stage1,2.3560377832257765e-05,7.962022828291837e-10,1.2609594362195109e-05,0.0010300286800300886,4.165716093164577e-13,5.141254502654551e-07,2.356038821009167e-05,4.1657160931611375e-13,5.14125450265308e-07,2.3560388210081934e-05,1.0000000000008258
Lang_L7.self_attn.q_proj,Stage1->Stage2,6.670986019701931e-05,6.842640734212698e-09,5.2063352580948574e-05,0.003019591228230251,3.339679915585565e-12,1.4531738277113488e-06,6.670965709704351e-05,3.3396799155883116e-12,1.4531738277119432e-06,6.670965709707096e-05,0.9999999999991777
Lang_L7.self_attn.q_proj,Base->Stage2,6.927832747396e-05,7.302335754785594e-09,5.439274431569968e-05,0.003119372108637255,3.6018029965555282e-12,1.5089234027047255e-06,6.927814706973852e-05,3.6018029965555884e-12,1.5089234027046997e-06,6.927814706973911e-05,0.9999999999999833
Lang_L7.self_attn.k_proj,Base->Stage1,2.5723042301881186e-05,7.366561771961869e-10,1.1878832256673189e-05,0.0009289042340086507,6.210550256927931e-10,1.5664026182529277e-05,0.0008529107047555515,5.648949249616676e-13,5.862532246758253e-07,2.5723044050979567e-05,1099.4168972839266
Lang_L7.self_attn.k_proj,Stage1->Stage2,6.68625110903278e-05,6.3228759589022525e-09,4.887931473424034e-05,0.0027214221646147856,5.277183775277054e-09,5.274580229947433e-05,0.0024862208020561775,3.816702558072615e-12,1.5442034428734019e-06,6.68625205798346e-05,1382.6552357650746
Lang_L7.self_attn.k_proj,Base->Stage2,7.120791163361427e-05,6.767034201974184e-09,5.116950326156111e-05,0.002815384869818295,5.616706191998363e-09,5.480764180815677e-05,0.002564953167606654,4.328919475403999e-12,1.6417727080994338e-06,7.120792658191784e-05,1297.4845625822552
Lang_L7.self_attn.v_proj,Base->Stage1,2.4956995179789212e-05,7.086071950287582e-10,1.1967094779796739e-05,0.0010758770872343396,6.061757634311885e-10,1.562341667860348e-05,0.0009950826720757707,3.8129818645119654e-13,4.858788468126623e-07,2.495699255612594e-05,1589.768283644262
Lang_L7.self_attn.v_proj,Stage1->Stage2,7.40305181090136e-05,5.548752171289589e-09,4.652997447962548e-05,0.0030106445672253837,4.699575024053564e-09,5.022115947085211e-05,0.002770710278717096,3.3550717975932796e-12,1.4394500234649284e-06,7.403084925882506e-05,1400.7375423157105
Lang_L7.self_attn.v_proj,Base->Stage2,7.645435965936717e-05,5.9781522931434755e-09,4.8957323759202254e-05,0.0031249660936623087,5.045945972290616e-09,5.244713735812053e-05,0.0028709995232863873,3.5783651856003804e-12,1.4863496112727043e-06,7.645469361388334e-05,1410.1260521413228
Lang_L7.self_attn.o_proj,Base->Stage1,2.5395975406814174e-05,8.01458594787491e-10,1.2800460408138141e-05,0.0011439638456834367,3.9499028506194106e-13,5.011861545117694e-07,2.5395979088845192e-05,3.9499028506206274e-13,5.011861545118113e-07,2.539597908884911e-05,0.9999999999996919
Lang_L7.self_attn.o_proj,Stage1->Stage2,6.701440547871578e-05,5.93867705854224e-09,4.844401337522619e-05,0.0031139799681844066,2.750380819416081e-12,1.3225923669030755e-06,6.701428297620255e-05,2.7503808194150335e-12,1.3225923669028843e-06,6.701428297618978e-05,1.0000000000003808
Lang_L7.self_attn.o_proj,Base->Stage2,6.990351835285247e-05,6.401310676291555e-09,5.0970331566704656e-05,0.0032329978259105275,2.992641460827679e-12,1.3797962455647706e-06,6.990340070391494e-05,2.992641460828067e-12,1.3797962455648204e-06,6.990340070391947e-05,0.9999999999998704
Lang_L7.mlp.gate_proj,Base->Stage1,1.1165128474990782e-05,7.470058664916113e-10,1.191668876361504e-05,0.0010378120728968354,5.660551931445128e-10,1.5018065594639047e-05,0.0009034125135099154,8.645975546808203e-14,2.2082132056960495e-07,1.1165128191441807e-05,6547.036711819997
Lang_L7.mlp.gate_proj,Stage1->Stage2,3.460222600273703e-05,6.453476912865633e-09,4.9081107562332827e-05,0.0030503777401145204,4.903515913768606e-09,4.918168185167289e-05,0.002658952243755431,8.304139804702723e-13,6.919180433249162e-07,3.460222842384002e-05,5904.9052991517465
Lang_L7.mlp.gate_proj,Base->Stage2,3.6717542112346564e-05,6.878354456300417e-09,5.1335703393785826e-05,0.003149191124508376,5.212084318350447e-09,5.081890857137423e-05,0.002741337197637737,9.350476792026517e-13,7.330529962060203e-07,3.671754374904034e-05,5574.137484406117
Lang_L7.mlp.up_proj,Base->Stage1,1.1476272391858963e-05,7.309413030063802e-10,1.172608615775359e-05,0.001095866184969625,5.592636653961243e-10,1.4902684857851376e-05,0.000958571642277718,8.016212398239787e-14,2.0842117849191083e-07,1.1476273309741755e-05,6976.657274187599
Lang_L7.mlp.up_proj,Stage1->Stage2,3.422701423208241e-05,5.752376075551861e-09,4.555331526989915e-05,0.0030742507995648637,4.3353512087180294e-09,4.614812436583775e-05,0.0026688723467009866,7.130261892189695e-13,6.284187326039029e-07,3.422696571352168e-05,6080.213145420172
Lang_L7.mlp.up_proj,Base->Stage2,3.506555269459539e-05,6.169768609561506e-09,4.783407808979427e-05,0.0031838316617114103,4.634330083600968e-09,4.7880361786164905e-05,0.0027593649324317354,7.483915879270727e-13,6.41393806295345e-07,3.506550579188489e-05,6192.3866574146505
Lang_L7.mlp.down_proj,Base->Stage1,1.2365161755592766e-05,8.112499095968945e-10,1.315891115040657e-05,0.0011670731255663687,5.88662342099422e-10,1.5594867580063394e-05,0.0009941544592978727,9.106634624315181e-14,2.3443857444573493e-07,1.2365158680484352e-05,6464.1040997479295
Lang_L7.mlp.down_proj,Stage1->Stage2,3.593130245427413e-05,6.0112950677702655e-09,4.814982640281814e-05,0.003176897814523357,4.450888001186562e-09,4.7308711484753574e-05,0.002733647775407318,7.689612307509472e-13,6.827983160269682e-07,3.593117710896886e-05,5788.18258085644
Lang_L7.mlp.down_proj,Base->Stage2,3.803808197446277e-05,6.463013758731217e-09,5.0624552091725135e-05,0.0032940998789737514,4.756195086555929e-09,4.8957374532806264e-05,0.0028258496593033056,8.617782486952791e-13,7.244955324486802e-07,3.8037939820023815e-05,5519.047497145288
Lang_L8.self_attn.q_proj,Base->Stage1,2.3427384037048298e-05,8.654901281248061e-10,1.3085676008394581e-05,0.0010704438993363948,4.1455451613918667e-13,5.134135447117882e-07,2.3427377594330617e-05,4.145545161375159e-13,5.13413544710736e-07,2.3427377594283404e-05,1.0000000000040303
Lang_L8.self_attn.q_proj,Stage1->Stage2,6.721767118713138e-05,7.008586164184573e-09,5.247287693141943e-05,0.003046126567065537,3.412724416560996e-12,1.4717382165456736e-06,6.721765320762456e-05,3.4127244165594787e-12,1.4717382165454125e-06,6.721765320760964e-05,1.0000000000004445
Lang_L8.self_attn.q_proj,Base->Stage2,6.937303853318515e-05,7.486569142638682e-09,5.485753351657831e-05,0.0031482858384765514,3.635092704122875e-12,1.5189047623436496e-06,6.937300089888864e-05,3.6350927041236807e-12,1.518904762343864e-06,6.937300089889632e-05,0.9999999999997783
Lang_L8.self_attn.k_proj,Base->Stage1,2.0745331370527316e-05,7.118290623511631e-10,1.128991105558974e-05,0.000869543408040732,6.023962143355185e-10,1.5033080645501031e-05,0.0007999162628965934,4.0516717740694095e-13,5.035167625186147e-07,2.0745339064879654e-05,1486.7843397158626
Lang_L8.self_attn.k_proj,Stage1->Stage2,6.770672015124433e-05,6.133966325389031e-09,4.7117118837203265e-05,0.0025525568930593718,5.086872696287701e-09,5.142811205558841e-05,0.002324503324037347,4.315754515028119e-12,1.640085706496938e-06,6.770692711730675e-05,1178.6751722264162
Lang_L8.self_attn.k_proj,Base->Stage2,7.210525222720629e-05,6.517327376141769e-09,4.914604717343174e-05,0.002631113030480586,5.385798244167416e-09,5.327945526130377e-05,0.0023918270721557658,4.89471380982652e-12,1.7455038269158107e-06,7.2105499382291e-05,1100.3295500862594
Lang_L8.self_attn.v_proj,Base->Stage1,2.3464013301487235e-05,7.107306706622781e-10,1.175165446865023e-05,0.0010582493450787124,6.065497145016216e-10,1.5440280539371977e-05,0.0009776168560603029,3.4940795003660375e-13,4.6636486909649175e-07,2.3463990322189107e-05,1735.9356432447512
Lang_L8.self_attn.v_proj,Stage1->Stage2,7.166772518478869e-05,5.476138587526482e-09,4.571764777216991e-05,0.002937467737702445,4.611667758641741e-09,4.949806305615197e-05,0.0026956586446328164,3.2596898478382545e-12,1.4256936981143846e-06,7.166779291511824e-05,1414.7566099578723
Lang_L8.self_attn.v_proj,Base->Stage2,7.71088652367073e-05,5.9167226467252336e-09,4.8198427536005894e-05,0.0030533493424869606,4.959132296083296e-09,5.173801672023045e-05,0.0027953663781324543,3.773434481783889e-12,1.5347072391268049e-06,7.710886259321422e-05,1314.2224464273377
Lang_L8.self_attn.o_proj,Base->Stage1,2.544980899150311e-05,8.716875010996518e-10,1.336980572270996e-05,0.0011652983761721888,4.1577263128122805e-13,5.143455269348074e-07,2.544981799821298e-05,4.157726312810077e-13,5.143455269346569e-07,2.5449817998206232e-05,1.00000000000053
Lang_L8.self_attn.o_proj,Stage1->Stage2,6.642029331345976e-05,5.912726898263765e-09,4.786293662562002e-05,0.0030349443935066105,2.8319665183761688e-12,1.3422566331112713e-06,6.64203080675949e-05,2.8319665183758004e-12,1.3422566331111584e-06,6.64203080675906e-05,1.0000000000001301
Lang_L8.self_attn.o_proj,Base->Stage2,6.899111268821536e-05,6.42077152561542e-09,5.062066238660512e-05,0.003162644930881361,3.0554356549190392e-12,1.3942419504650618e-06,6.899115242940869e-05,3.055435654919452e-12,1.3942419504651471e-06,6.899115242941336e-05,0.9999999999998649
Lang_L8.mlp.gate_proj,Base->Stage1,9.75876589186616e-06,8.546068664371619e-10,1.2485018120663625e-05,0.000991118140703939,6.937832984563364e-10,1.6990722025625806e-05,0.0008930055472331434,8.285246664529456e-14,2.28143832357606e-07,9.758767194011733e-06,8373.719293434438
Lang_L8.mlp.gate_proj,Stage1->Stage2,2.7865196063635405e-05,7.421704900488539e-09,5.271421657183562e-05,0.0029207405453085776,6.013198708130335e-09,5.6995548273310743e-05,0.0026290201589369002,6.755223676106334e-13,6.513987846831485e-07,2.7865125626951748e-05,8901.55381441981
Lang_L8.mlp.gate_proj,Base->Stage2,2.8716962929955083e-05,7.895382373870483e-09,5.505165757376103e-05,0.0030125046251485966,6.393506647007247e-09,5.909810951190856e-05,0.0027108825311353236,7.174516826064613e-13,6.71253057382755e-07,2.871689417198303e-05,8911.410763969498
Lang_L8.mlp.up_proj,Base->Stage1,1.1852287304864994e-05,9.259750374979206e-10,1.3944098041719837e-05,0.0011932148030847274,7.417963634934147e-10,1.8085258514235308e-05,0.0010679756308308922,9.136219143998712e-14,2.3778184686295828e-07,1.1852289397858128e-05,8119.292584839942
Lang_L8.mlp.up_proj,Stage1->Stage2,3.293900574361682e-05,6.868669083429597e-09,5.254646620699893e-05,0.0032497814680098568,5.4333580700448136e-09,5.5054279677568436e-05,0.0028903605729435635,7.056396661027123e-13,6.587392022476438e-07,3.293891988175057e-05,7699.904542007335
Lang_L8.mlp.up_proj,Base->Stage2,3.412812799270611e-05,7.3955081805273065e-09,5.522233496799484e-05,0.003372111077579668,5.836369917307349e-09,5.7390136950127336e-05,0.0029956375523491436,7.575077858993209e-13,6.824772927773139e-07,3.412804505780762e-05,7704.699576623297
Lang_L8.mlp.down_proj,Base->Stage1,1.2310713783983765e-05,9.540998603232595e-10,1.4329539295908476e-05,0.0012308150276547486,7.626207393078029e-10,1.8421271409559343e-05,0.001100398981685982,9.544976740311726e-14,2.439383962260165e-07,1.231071596218658e-05,7989.7600597285145
Lang_L8.mlp.down_proj,Stage1->Stage2,3.291230934430742e-05,6.951329501409156e-09,5.319527344302289e-05,0.0033222208337237535,5.521218140898794e-09,5.555264729913153e-05,0.002960820049493859,6.822208130698296e-13,6.516783172014349e-07,3.291220975271507e-05,8093.007476647686
Lang_L8.mlp.down_proj,Base->Stage2,3.440694411494745e-05,7.497376618657577e-09,5.5979076324470555e-05,0.0034502393466603726,5.941247167889244e-09,5.795932911559735e-05,0.003071378713163944,7.455909189425029e-13,6.80834916810276e-07,3.44068460884181e-05,7968.507953819929
Lang_L9.self_attn.q_proj,Base->Stage1,2.3483163794583537e-05,9.620802691684604e-10,1.4097275035079154e-05,0.0010960557162060524,4.416308808850297e-13,5.297740377978641e-07,2.3483168492591687e-05,4.416308808851848e-13,5.297740377980279e-07,2.348316849259581e-05,0.9999999999996488
Lang_L9.self_attn.q_proj,Stage1->Stage2,6.834155151817544e-05,7.1286774430610195e-09,5.2871811005352626e-05,0.0029835275334364,3.740379891163794e-12,1.5409774231255547e-06,6.834132972834004e-05,3.7403798911637685e-12,1.540977423125579e-06,6.834132972833981e-05,1.0000000000000069
Lang_L9.self_attn.q_proj,Base->Stage2,7.056596146923379e-05,7.653004327524554e-09,5.548540453460815e-05,0.003091302800914538,3.987831003664615e-12,1.5910287919029164e-06,7.056574657773675e-05,3.987831003663884e-12,1.5910287919027565e-06,7.056574657773029e-05,1.0000000000001834
Lang_L9.self_attn.k_proj,Base->Stage1,2.2420785875338287e-05,8.566350015457383e-10,1.2523745282679716e-05,0.0008767750473372093,7.263304272464156e-10,1.677930307651687e-05,0.0008073417147024546,5.601716901049227e-13,5.90055560487161e-07,2.242078696241042e-05,1296.6210897062124
Lang_L9.self_attn.k_proj,Stage1->Stage2,6.645268579569795e-05,6.997120880400434e-09,5.015433911625955e-05,0.002505817080728552,5.857215629562067e-09,5.518486126634445e-05,0.002292636926807841,4.920899882016675e-12,1.7533617253386728e-06,6.645259446502313e-05,1190.2732772449076
Lang_L9.self_attn.k_proj,Base->Stage2,7.046710526259287e-05,7.434174997179749e-09,5.2343551734033295e-05,0.0025828909278958574,6.190481896042076e-09,5.716942899684215e-05,0.002356958337342624,5.53340371472802e-12,1.8582208893179632e-06,7.046701183114785e-05,1118.7475584991457
Lang_L9.self_attn.v_proj,Base->Stage1,2.718153286984879e-05,9.419468430267494e-10,1.4267148130020502e-05,0.0011791783157655998,8.087048568870814e-10,1.826652307128128e-05,0.0010926002925645995,5.005135993440149e-13,5.55820922758714e-07,2.7181550596045773e-05,1615.7500174760273
Lang_L9.self_attn.v_proj,Stage1->Stage2,8.445950016034882e-05,6.635595877494896e-09,5.145462990396865e-05,0.0031297141651605398,5.584706133650401e-09,5.5083131326607535e-05,0.0028712094449587357,4.832417409261157e-12,1.7241444353827594e-06,8.445919374735136e-05,1155.6754437121904
Lang_L9.self_attn.v_proj,Base->Stage2,8.877171284411241e-05,7.179323096636076e-09,5.426849245360188e-05,0.003255415751551501,6.026985633074356e-09,5.769178118790107e-05,0.0029827358169367837,5.3384747407441845e-12,1.8131587340592462e-06,8.877144867826314e-05,1128.9714620311556
Lang_L9.self_attn.o_proj,Base->Stage1,2.7725432361295024e-05,9.983634532242352e-10,1.4828906879923304e-05,0.0012429253441375238,4.967694447698523e-13,5.621256898528906e-07,2.7725420659865763e-05,4.967694447695159e-13,5.621256898527424e-07,2.772542065985638e-05,1.0000000000006772
Lang_L9.self_attn.o_proj,Stage1->Stage2,6.826578248625114e-05,6.54526879655084e-09,5.120253653901827e-05,0.0031824686037480354,3.011651620351078e-12,1.383402237623833e-06,6.826573190012308e-05,3.011651620350179e-12,1.3834022376236798e-06,6.826573190011287e-05,1.0000000000002984
Lang_L9.self_attn.o_proj,Base->Stage2,7.18765457700094e-05,7.13128025205525e-09,5.4268435523516234e-05,0.0033218815049625367,3.338663244435386e-12,1.4565960178522295e-06,7.187646217299821e-05,3.3386632444339716e-12,1.4565960178519038e-06,7.187646217298299e-05,1.0000000000004237
Lang_L9.mlp.gate_proj,Base->Stage1,9.277356917529172e-06,8.928554722477825e-10,1.288442625667949e-05,0.0009988608661799898,7.222004796242447e-10,1.7389869876651443e-05,0.0008983453049309527,7.702288395668377e-14,2.193390459242426e-07,9.27735775000275e-06,9376.44038400843
Lang_L9.mlp.gate_proj,Stage1->Stage2,3.0329360931332026e-05,7.768508325755162e-09,5.42757015914672e-05,0.0029463405841804605,6.262249090994872e-09,5.8273735842287496e-05,0.0026453266024880425,8.231854519375913e-13,7.149026340457703e-07,3.0329340964601883e-05,7607.33693271056
Lang_L9.mlp.gate_proj,Base->Stage2,3.1124370320245737e-05,8.264506694058884e-09,5.666946741951636e-05,0.0030389433064076303,6.65684512656367e-09,6.040278496380231e-05,0.0027273969892179636,8.669067681346741e-13,7.338333402033241e-07,3.112435262288883e-05,7678.847796848125
Lang_L9.mlp.up_proj,Base->Stage1,1.2474283163052077e-05,9.685581155861615e-10,1.4518354692984956e-05,0.0012423868069138485,7.707594670971692e-10,1.8565805807446542e-05,0.0011082900202308782,9.764350770733322e-14,2.450894484488012e-07,1.2474285366388866e-05,7893.606909405239
Lang_L9.mlp.up_proj,Stage1->Stage2,3.424639553034254e-05,7.137151136837629e-09,5.4232638545016916e-05,0.003372527930678981,5.592657104783291e-09,5.604084196576512e-05,0.002985397774727863,7.35938899770769e-13,6.721692409651322e-07,3.424632611183791e-05,7599.349764668368
Lang_L9.mlp.up_proj,Base->Stage2,3.581941300337379e-05,7.693831269204309e-09,5.701587070975774e-05,0.0035015830973779806,6.010866849861635e-09,5.841323472914007e-05,0.0030950071898269353,8.050986622965752e-13,7.025805143116929e-07,3.581934672311856e-05,7466.000294566885
Lang_L9.mlp.down_proj,Base->Stage1,1.2549902035526697e-05,1.0131669939696685e-09,1.5101363772997556e-05,0.001296791720603227,8.041075348593272e-10,1.9048808065839632e-05,0.0011552787319023556,9.489022919471138e-14,2.426305446939273e-07,1.2549905633672707e-05,8474.081490617196
Lang_L9.mlp.down_proj,Stage1->Stage2,3.63553010222937e-05,7.186991364269921e-09,5.484087578405037e-05,0.0034538417579390397,5.651194805987464e-09,5.645488516734345e-05,0.003062661602121157,7.962988069419645e-13,7.034210746336698e-07,3.6355230872337924e-05,7096.826915627078
Lang_L9.mlp.down_proj,Base->Stage2,3.8127137282989436e-05,7.770022706000554e-09,5.7755753080506116e-05,0.003591203522641725,6.091396586374657e-09,5.8914685875622836e-05,0.0031797085322100246,8.758086303869521e-13,7.37412597329204e-07,3.812707464551139e-05,6955.168486617151
Lang_L10.self_attn.q_proj,Base->Stage1,2.6603217335567355e-05,1.0072745791472373e-09,1.4929990250815706e-05,0.001183993420274705,5.085323030096689e-13,5.664310559372829e-07,2.660324565656097e-05,5.085323030103868e-13,5.664310559375862e-07,2.6603245656579743e-05,0.9999999999985882
Lang_L10.self_attn.q_proj,Stage1->Stage2,7.287091366546648e-05,7.994194338684654e-09,5.814349068150593e-05,0.0033354948188258544,3.815555064152637e-12,1.5533948891186183e-06,7.287050550264397e-05,3.8155550641525505e-12,1.5533948891187242e-06,7.287050550264315e-05,1.0000000000000226
Lang_L10.self_attn.q_proj,Base->Stage2,7.608742125828426e-05,8.564721845283101e-09,6.082328858344338e-05,0.0034524671185307697,4.1598335296435634e-12,1.6212488826722974e-06,7.608707607918351e-05,4.159833529643234e-12,1.6212488826722184e-06,7.608707607918048e-05,1.0000000000000793
Lang_L10.self_attn.k_proj,Base->Stage1,2.5540496912697692e-05,9.248037632845436e-10,1.4064130311880474e-05,0.0010657128036468371,7.827144885381284e-10,1.78780302713396e-05,0.000980431092909332,5.311618456376056e-13,5.693251668505401e-07,2.5540466471583405e-05,1473.5894435312073
Lang_L10.self_attn.k_proj,Stage1->Stage2,8.32955547337158e-05,7.622904367684476e-09,5.588768083544804e-05,0.0030596628915477595,6.278470564698861e-09,5.8736869301414925e-05,0.002776772341558727,5.649537179647884e-12,1.8697586510928692e-06,8.329516237255084e-05,1111.3247625516426
Lang_L10.self_attn.k_proj,Base->Stage2,8.619048643861771e-05,8.141563184572199e-09,5.837431127297954e-05,0.0031620391476921096,6.683562306732947e-09,6.097194402434391e-05,0.0028649519605107076,6.049045478254697e-12,1.934718286008273e-06,8.618997771321379e-05,1104.8953641957614
Lang_L10.self_attn.v_proj,Base->Stage1,2.608935174064742e-05,8.339404758192213e-10,1.3206150741851275e-05,0.0010868901954253476,7.135166326227539e-10,1.7044021929971597e-05,0.0010053567432193986,4.804973294256468e-13,5.418441189787768e-07,2.608937250414015e-05,1484.954418946807
Lang_L10.self_attn.v_proj,Stage1->Stage2,6.988136850168539e-05,5.9219928216294175e-09,4.778050210818563e-05,0.002896359638978173,4.974495708458365e-09,5.164456287118605e-05,0.0026545632572450807,3.4473590099409797e-12,1.4464348936283622e-06,6.988143351700463e-05,1442.9874272199838
Lang_L10.self_attn.v_proj,Base->Stage2,7.389139209785546e-05,6.416340875798777e-09,5.048048798395044e-05,0.0030148260747568214,5.372540767794686e-09,5.411599344829732e-05,0.002758724986698708,3.854358436519394e-12,1.5327982384799205e-06,7.389151965128865e-05,1393.887168585768
Lang_L10.self_attn.o_proj,Base->Stage1,2.6062520738402183e-05,9.470211162432061e-10,1.4371324606531265e-05,0.0012164816107928258,4.3469240234241607e-13,5.258035135860314e-07,2.6062540163323893e-05,4.3469240234280966e-13,5.258035135862798e-07,2.60625401633357e-05,0.9999999999990945
Lang_L10.self_attn.o_proj,Stage1->Stage2,6.89760585874176e-05,6.416557454646751e-09,5.0823668436188905e-05,0.003166472783676072,3.044705664297663e-12,1.3911763563620815e-06,6.897589961716986e-05,3.0447056643007805e-12,1.3911763563628555e-06,6.897589961720518e-05,0.9999999999989762
Lang_L10.self_attn.o_proj,Base->Stage2,7.208270266234842e-05,6.975012914013283e-09,5.3754915577902164e-05,0.0033013929831485346,3.3251507326177254e-12,1.4539931781753502e-06,7.208259025674595e-05,3.325150732619573e-12,1.4539931781757377e-06,7.2082590256766e-05,0.9999999999994444
Lang_L10.mlp.gate_proj,Base->Stage1,9.638573652841377e-06,9.352556580195779e-10,1.3252926485333315e-05,0.0010093638860145815,7.655870810410239e-10,1.7881646062447295e-05,0.0009132294076244708,8.52826477025615e-14,2.3128431140321157e-07,9.63857714032197e-06,8977.055727809318
Lang_L10.mlp.gate_proj,Stage1->Stage2,2.8140222372065553e-05,8.007208666935982e-09,5.531512239519764e-05,0.002953404066738698,6.527467047754305e-09,5.9724002926072836e-05,0.002666580134832969,7.26925443593549e-13,6.753844192656527e-07,2.8140203285794246e-05,8979.55506342691
Lang_L10.mlp.gate_proj,Base->Stage2,2.903594923779451e-05,8.531783422118578e-09,5.779336997304205e-05,0.003048612363842104,6.956778894047071e-09,6.199379909875211e-05,0.0027528743904338205,7.739398185392716e-13,6.967658267779218e-07,2.903594004989033e-05,8988.785338861677
Lang_L10.mlp.up_proj,Base->Stage1,1.2762314428999443e-05,1.0089061024622534e-09,1.4944257956464308e-05,0.0012691569736926326,7.968203617713173e-10,1.9062480329089706e-05,0.0011278989119457902,1.02018559633493e-13,2.52340671119053e-07,1.2762317941232779e-05,7810.543146599364
Lang_L10.mlp.up_proj,Stage1->Stage2,3.5390188230277304e-05,7.326433745671591e-09,5.5284843208440816e-05,0.0034200637836069633,5.672834908227607e-09,5.690495504136665e-05,0.0030094557694043773,7.844871118782003e-13,6.984885775833863e-07,3.5390019253556674e-05,7231.265909067443
Lang_L10.mlp.up_proj,Base->Stage2,3.6851023298359414e-05,7.905872950462518e-09,5.8141577758049944e-05,0.003552734945182042,6.0930647379647855e-09,5.931315006418261e-05,0.0031189311552927918,8.505883129053714e-13,7.269531801809474e-07,3.68508574880821e-05,7163.35346432469
Lang_L10.mlp.down_proj,Base->Stage1,1.3210180501197558e-05,1.0450700408052779e-09,1.5456706547225375e-05,0.0013221132918989473,8.307092457608527e-10,1.9508608396555534e-05,0.0011787467126523523,1.0433392390073158e-13,2.555752427191893e-07,1.3210180235378141e-05,7962.024380020733
Lang_L10.mlp.down_proj,Stage1->Stage2,3.655546106821873e-05,7.334394849270082e-09,5.572983447135974e-05,0.003502483353346891,5.733921847536293e-09,5.7232974422394034e-05,0.0030968475108677364,7.9893709657705e-13,7.062932963498927e-07,3.6555289698652476e-05,7176.937799111585
Lang_L10.mlp.down_proj,Base->Stage2,3.8216553454156326e-05,7.935021619854467e-09,5.8703914502578384e-05,0.003643074006484839,6.18254229868592e-09,5.977002540183525e-05,0.0032157145056810627,8.731946640801734e-13,7.384559402255922e-07,3.821637352847062e-05,7080.371139462509
Lang_L11.self_attn.q_proj,Base->Stage1,2.7139947290366444e-05,1.110288361672048e-09,1.576750943019841e-05,0.0012148069564767564,5.541651520915582e-13,5.933905712074717e-07,2.7139946212952977e-05,5.541651520911761e-13,5.933905712072087e-07,2.7139946212943615e-05,1.0000000000006894
Lang_L11.self_attn.q_proj,Stage1->Stage2,7.512204337334522e-05,8.382586592756029e-09,5.92416582016822e-05,0.003337925881047664,4.245765777404221e-12,1.640622511037425e-06,7.512174727863983e-05,4.245765777408233e-12,1.640622511038196e-06,7.51217472786753e-05,0.999999999999055
Lang_L11.self_attn.q_proj,Base->Stage2,7.733753078857133e-05,9.04726119024063e-09,6.23291409539992e-05,0.0034677376114416836,4.4998891592836205e-12,1.6893091508308381e-06,7.733722289136762e-05,4.49988915928417e-12,1.689309150830899e-06,7.733722289137232e-05,0.9999999999998779
Lang_L11.self_attn.k_proj,Base->Stage1,2.8071083478481126e-05,1.0335950653683339e-09,1.4912450382875697e-05,0.001088834646545549,8.694037552732105e-10,1.9086835857892774e-05,0.0009986135942179049,6.869834398213743e-13,6.478420945351971e-07,2.8071127197468025e-05,1265.5381554747057
Lang_L11.self_attn.k_proj,Stage1->Stage2,7.62973637918391e-05,7.877292245892184e-09,5.612174406577353e-05,0.003005894618543538,6.480283185331085e-09,5.947835441841707e-05,0.0027263541173915646,5.075111979871414e-12,1.7707027088681856e-06,7.629710974365608e-05,1276.874916461503
Lang_L11.self_attn.k_proj,Base->Stage2,8.333208316709925e-05,8.558768133078701e-09,5.9407727088234275e-05,0.0031332200889602714,7.008275080815299e-09,6.236867261272306e-05,0.002835246623209389,6.0541390854366074e-12,1.919878966830087e-06,8.333193547942428e-05,1157.6006071076054
Lang_L11.self_attn.v_proj,Base->Stage1,2.7781972944853e-05,1.0603786722252251e-09,1.5389235245688582e-05,0.001217256810885236,8.97530191587053e-10,1.9550216981092864e-05,0.001119892289355558,5.523612158534244e-13,5.858334423577441e-07,2.7781987377586976e-05,1624.8971973898024
Lang_L11.self_attn.v_proj,Stage1->Stage2,8.36652424557914e-05,7.308555969040553e-09,5.434710019613931e-05,0.003195683288010458,6.051900533592796e-09,5.759954792201688e-05,0.0029079961934498633,5.009411465858783e-12,1.7623482385781698e-06,8.36645145880018e-05,1208.1060968616791
Lang_L11.self_attn.v_proj,Base->Stage2,8.696729195107842e-05,7.95606676511731e-09,5.754237118127392e-05,0.003334242265499971,6.552585269973533e-09,6.0433047806393815e-05,0.0030258979946665167,5.412637008292915e-12,1.8308972974593036e-06,8.696658053543662e-05,1210.6086663365859
Lang_L11.self_attn.o_proj,Base->Stage1,2.7828719055946196e-05,1.0492747287503516e-09,1.540574476260187e-05,0.0012465195223305056,5.22971408429706e-13,5.765234112140171e-07,2.782873408764509e-05,5.22971408430645e-13,5.765234112145291e-07,2.782873408767009e-05,0.9999999999982043
Lang_L11.self_attn.o_proj,Stage1->Stage2,7.047009052007418e-05,6.922558412583844e-09,5.3015222747853155e-05,0.003201743195187848,3.3535184711351702e-12,1.4586898885113223e-06,7.046988001508261e-05,3.353518471137184e-12,1.458689888511772e-06,7.046988001510376e-05,0.9999999999993995
Lang_L11.self_attn.o_proj,Base->Stage2,7.292377596457502e-05,7.535918901105879e-09,5.61322443747448e-05,0.0033405754774051663,3.5911191061887348e-12,1.5099741459884585e-06,7.29235975197995e-05,3.5911191061918625e-12,1.5099741459890288e-06,7.292359751983124e-05,0.999999999999129
Lang_L11.mlp.gate_proj,Base->Stage1,1.0099090614487227e-05,1.0102783689772633e-09,1.4169896868168156e-05,0.001080582895034394,8.270480351151459e-10,1.877547907126218e-05,0.0009776939517084997,8.824489176442448e-14,2.3497110880612254e-07,1.0099092471730474e-05,9372.19162014505
Lang_L11.mlp.gate_proj,Stage1->Stage2,2.9662615038090828e-05,8.355706321042364e-09,5.749248642545845e-05,0.003107618412251808,6.8060632132938415e-09,6.137984640244888e-05,0.002804684997590564,7.612788217355368e-13,6.898608584424892e-07,2.9662515374432622e-05,8940.30284170735
Lang_L11.mlp.gate_proj,Base->Stage2,3.0213383136607886e-05,8.923290015047492e-09,6.012937043038034e-05,0.003211431081468607,7.269436791064951e-09,6.377822308655999e-05,0.0028985879642080955,7.898120455050047e-13,7.026328141401639e-07,3.0213287178639244e-05,9204.008513717821
Lang_L11.mlp.up_proj,Base->Stage1,1.2598443980707683e-05,1.0231182785327432e-09,1.4956183008253897e-05,0.0012499845167107857,8.039171226254263e-10,1.9178313440497263e-05,0.001108019366102818,1.039323244829103e-13,2.5583790180373405e-07,1.2598447542066217e-05,7735.00570323158
Lang_L11.mlp.up_proj,Stage1->Stage2,3.599275557510613e-05,7.470334589007652e-09,5.5610590999296605e-05,0.0033776144087540295,5.757076852700986e-09,5.72691601974021e-05,0.0029651116775252606,8.482947336942486e-13,7.308683851618047e-07,3.5992617171399724e-05,6786.646932993944
Lang_L11.mlp.up_proj,Base->Stage2,3.772384657952021e-05,8.040775677442606e-09,5.84108943970077e-05,0.003504201045425191,6.165398011276789e-09,5.9614037213234476e-05,0.00306846094995982,9.318559058118593e-13,7.660181233026579e-07,3.772371218304219e-05,6616.256840595242
Lang_L11.mlp.down_proj,Base->Stage1,1.3024052016750466e-05,1.0722754808543345e-09,1.5578636575549887e-05,0.001302777597989734,8.490258908445475e-10,1.9741697335838795e-05,0.0011592512194855903,1.0716629081267539e-13,2.5990582954965695e-07,1.3024054174955523e-05,7922.508882281168
Lang_L11.mlp.down_proj,Stage1->Stage2,3.610057929100556e-05,7.539248237172966e-09,5.627937889766655e-05,0.003454453002609039,5.874469518944562e-09,5.786449782123414e-05,0.003049296072078148,8.233683201536109e-13,7.198024420710013e-07,3.6100427391605684e-05,7134.6800394853635
Lang_L11.mlp.down_proj,Base->Stage2,3.765724750471201e-05,8.149920973120676e-09,5.926725602390859e-05,0.0035916331037594497,6.325564682439298e-09,6.040211757084585e-05,0.0031642072222899374,8.959073526162037e-13,7.508951641067368e-07,3.7657095295498233e-05,7060.512076352047
Lang_L12.self_attn.q_proj,Base->Stage1,2.5718446236272773e-05,1.0471470812259938e-09,1.5142379096270975e-05,0.0011780232826993514,4.991030237802936e-13,5.631092434018415e-07,2.571847015180937e-05,4.991030237791526e-13,5.631092434012009e-07,2.5718470151779972e-05,1.0000000000022862
Lang_L12.self_attn.q_proj,Stage1->Stage2,7.441807516997513e-05,8.221309341907182e-09,5.8606002339107316e-05,0.0033007987269930003,4.17885020794298e-12,1.6273378863971427e-06,7.441782114789515e-05,4.178850207942739e-12,1.6273378863970986e-06,7.441782114789297e-05,1.0000000000000575
Lang_L12.self_attn.q_proj,Base->Stage2,7.701052128394966e-05,8.800445084467481e-09,6.130393121676556e-05,0.0034150798838584622,4.47508071050463e-12,1.6838225983055721e-06,7.701033002429946e-05,4.475080710504215e-12,1.6838225983055459e-06,7.701033002429588e-05,1.0000000000000928
Lang_L12.self_attn.k_proj,Base->Stage1,2.5347241104979128e-05,9.280691359080814e-10,1.3830645590573454e-05,0.0009931827772188355,7.741918778534801e-10,1.786290760645145e-05,0.0009071170298228355,6.044828846359268e-13,6.126826280866379e-07,2.5347259977860223e-05,1280.7507003606347
Lang_L12.self_attn.k_proj,Stage1->Stage2,7.844655061616617e-05,7.3651042080368755e-09,5.360935390208432e-05,0.0027978583602236134,5.957682767072034e-09,5.694047561283428e-05,0.0025163726947075235,5.789881484412267e-12,1.8997313526967776e-06,7.844605604191578e-05,1028.9818164864907
Lang_L12.self_attn.k_proj,Base->Stage2,8.16072557578162e-05,7.871367458362667e-09,5.605844697442741e-05,0.002892420096408546,6.320872677469296e-09,5.906209737533802e-05,0.0025919391288383624,6.265852463692148e-12,1.9720619099894225e-06,8.16068020187376e-05,1008.7809622227727
Lang_L12.self_attn.v_proj,Base->Stage1,3.088583947176727e-05,1.0011821606604336e-09,1.4910682470059555e-05,0.0012218833289634227,8.356386586634225e-10,1.8987011724123242e-05,0.0011163039199353143,6.396925460882012e-13,6.298856453744258e-07,3.088579846257888e-05,1306.31295264179
Lang_L12.self_attn.v_proj,Stage1->Stage2,7.963262179343372e-05,6.9623868679052605e-09,5.30877378732697e-05,0.003222181047297524,5.689244726996372e-09,5.6043322389027094e-05,0.002912716197915079,4.2524151107806625e-12,1.6244387802776872e-06,7.96321954803847e-05,1337.8855494547274
Lang_L12.self_attn.v_proj,Base->Stage2,8.409118705722728e-05,7.538164134225273e-09,5.601035126012732e-05,0.0033527691971830657,6.112455022814234e-09,5.859851294903047e-05,0.0030191083644734483,4.741911417337424e-12,1.7145331367536156e-06,8.409062522235164e-05,1289.02766940475
Lang_L12.self_attn.o_proj,Base->Stage1,2.7857611141224288e-05,1.0849616473239004e-09,1.5727939704515692e-05,0.0012713327548363326,5.209355274567372e-13,5.755844947635641e-07,2.785762139226701e-05,5.20935527457494e-13,5.755844947638888e-07,2.7857621392287243e-05,0.9999999999985473
Lang_L12.self_attn.o_proj,Stage1->Stage2,7.210556031256207e-05,7.33290351484738e-09,5.483681838540366e-05,0.0033051341297962574,3.4900642782484827e-12,1.489343885645476e-06,7.210540430247288e-05,3.490064278249515e-12,1.4893438856455534e-06,7.210540430248356e-05,0.9999999999997042
Lang_L12.self_attn.o_proj,Base->Stage2,7.440282632368637e-05,7.965173754958738e-09,5.798743990503841e-05,0.0034446787866504514,3.7159948200049254e-12,1.5365755030992308e-06,7.440269272190571e-05,3.715994820004087e-12,1.5365755030991342e-06,7.440269272189731e-05,1.0000000000002256
Lang_L12.mlp.gate_proj,Base->Stage1,9.862386169484131e-06,1.0152266714852506e-09,1.4156670226376425e-05,0.0010572052913845782,8.312633058363709e-10,1.8801396312920834e-05,0.0009566368890194344,8.83503813078034e-14,2.350713110384403e-07,9.862386832042413e-06,9408.712147379843
Lang_L12.mlp.gate_proj,Stage1->Stage2,2.8527145729079943e-05,8.527971961933558e-09,5.793651616101148e-05,0.0030640762171889172,6.942535294337801e-09,6.196002667151814e-05,0.002764621812098145,7.391983756709186e-13,6.793666371241928e-07,2.8527071061819277e-05,9391.97855790274
Lang_L12.mlp.gate_proj,Base->Stage2,2.920871471911335e-05,9.092475200896742e-09,6.05308864752206e-05,0.0031638635463449557,7.404288629043142e-09,6.43229031031111e-05,0.002855080461025499,7.749422062468313e-13,6.955917382995383e-07,2.920864023016911e-05,9554.633325371826
Lang_L12.mlp.up_proj,Base->Stage1,1.380784675957532e-05,1.0500132451107165e-09,1.526969925384088e-05,0.0012743658763329658,8.029663219904998e-10,1.940644397249193e-05,0.0011144110517766687,1.2327033026551401e-13,2.788304075335144e-07,1.3807848869432042e-05,6513.865260691501
Lang_L12.mlp.up_proj,Stage1->Stage2,3.905535245009448e-05,7.588518050548726e-09,5.629343928592826e-05,0.003425894929128413,5.606468247934853e-09,5.6819249048951945e-05,0.0029446944436678055,9.862059819667035e-13,7.883325365819775e-07,3.905524528085413e-05,5684.885663291525
Lang_L12.mlp.up_proj,Base->Stage2,4.077948729232389e-05,8.186360753612144e-09,5.9205101591920836e-05,0.003558287155756355,5.9920246202150794e-09,5.909115819590822e-05,0.0030442642527187306,1.0752022508313018e-12,8.231411000431396e-07,4.07793816231511e-05,5572.927898525412
Lang_L12.mlp.down_proj,Base->Stage1,1.4002804343599005e-05,1.0895714108188543e-09,1.5829488516186613e-05,0.001324196398388908,8.452543362593249e-10,1.9892391072914153e-05,0.0011663214325985313,1.2183759653371973e-13,2.7684451370158754e-07,1.4002810587803018e-05,6937.549330476103
Lang_L12.mlp.down_proj,Stage1->Stage2,3.743657660565111e-05,7.525965963429114e-09,5.6380886250782945e-05,0.00348019929336006,5.680135081746275e-09,5.710607827325937e-05,0.003023446732541459,8.708495868276384e-13,7.409208924585337e-07,3.7436441863793126e-05,6522.5214177778635
Lang_L12.mlp.down_proj,Base->Stage2,3.969554514870214e-05,8.14957055724186e-09,5.943099177413489e-05,0.0036215155277078332,6.1101166328631096e-09,5.959289301057631e-05,0.0031357955519313485,9.791175231388494e-13,7.852880827129313e-07,3.9695419977569166e-05,6240.4323163120725
Lang_L13.self_attn.q_proj,Base->Stage1,2.7513666548433756e-05,1.2581171920592871e-09,1.7305557604596622e-05,0.0012380791395363174,6.213283741578971e-13,6.273987591210467e-07,2.7513665385652296e-05,6.213283741586746e-13,6.273987591214634e-07,2.751366538566951e-05,0.9999999999987487
Lang_L13.self_attn.q_proj,Stage1->Stage2,7.74570931563736e-05,9.171436132781484e-09,6.256126450745504e-05,0.0033427495105813583,4.9243246092443e-12,1.7586544689060826e-06,7.745661216597192e-05,4.924324609250643e-12,1.7586544689070569e-06,7.745661216602182e-05,0.9999999999987119
Lang_L13.self_attn.q_proj,Base->Stage2,8.237004644063614e-05,9.916231433898234e-09,6.583490577640773e-05,0.0034758296847781293,5.568816012856732e-12,1.8697473233462513e-06,8.236953146090413e-05,5.568816012860728e-12,1.8697473233468199e-06,8.23695314609337e-05,0.9999999999992826
Lang_L13.self_attn.k_proj,Base->Stage1,2.8091026629474748e-05,1.1982122159466646e-09,1.6144176591237347e-05,0.0010203863819818625,9.919428080770874e-10,2.0495596528814822e-05,0.0009284127561439696,9.081115230858937e-13,7.358079109018513e-07,2.8091011379112048e-05,1092.313865489035
Lang_L13.self_attn.k_proj,Stage1->Stage2,7.309066075267652e-05,9.169111254302794e-09,6.0447990260392714e-05,0.0028226686259947634,7.461654214335439e-09,6.377846052534643e-05,0.0025463250032113412,6.147920050493823e-12,1.94172612788401e-06,7.309040704636659e-05,1213.6875810114173
Lang_L13.self_attn.k_proj,Base->Stage2,8.106846573228553e-05,9.8590701338708e-09,6.336801429907002e-05,0.0029269429190656995,7.952702374146842e-09,6.630814015467435e-05,0.002628776354487033,7.563239815668533e-12,2.1282016437122666e-06,8.106814032303431e-05,1051.4941437757232
Lang_L13.self_attn.v_proj,Base->Stage1,3.560869718204833e-05,1.1849894115085025e-09,1.7328200636962388e-05,0.001526940667452603,9.998045807566944e-10,2.118304038714157e-05,0.0014025633561580194,6.444407497201086e-13,6.346899035103333e-07,3.560872504240087e-05,1551.4297958205254
Lang_L13.self_attn.v_proj,Stage1->Stage2,9.535972216145739e-05,7.898658446325461e-09,5.9728593125280005e-05,0.003942212781994107,6.584797314621403e-09,6.137907712188892e-05,0.003599437196089009,4.621682424275057e-12,1.6990739282758569e-06,9.535938564660343e-05,1424.7619611497373
Lang_L13.self_attn.v_proj,Base->Stage2,9.526316688415348e-05,8.632729032746262e-09,6.322990524365579e-05,0.0041213305575281715,7.163332827434884e-09,6.444124609495525e-05,0.0037542307238279016,4.6123351281071284e-12,1.697937799882595e-06,9.526290524381549e-05,1553.08160150424
Lang_L13.self_attn.o_proj,Base->Stage1,3.1352080214493373e-05,1.172099563486054e-09,1.6942024629491848e-05,0.0014351407775319502,5.593808961948364e-13,5.962776851522115e-07,3.1352058988137455e-05,5.593808961955767e-13,5.962776851526059e-07,3.1352058988158204e-05,0.9999999999986765
Lang_L13.self_attn.o_proj,Stage1->Stage2,7.872258438524597e-05,7.601503464199576e-09,5.758790310221584e-05,0.0036547633436692906,3.526745992051756e-12,1.49654738245134e-06,7.872208756249813e-05,3.5267459920515005e-12,1.4965473824513313e-06,7.872208756249528e-05,1.0000000000000724
Lang_L13.self_attn.o_proj,Base->Stage2,8.270014449165762e-05,8.300025964143754e-09,6.094744365552768e-05,0.003818996294539298,3.8921309522440526e-12,1.5718226076700876e-06,8.269956657605258e-05,3.8921309522427755e-12,1.571822607669897e-06,8.269956657603903e-05,1.0000000000003282
Lang_L13.mlp.gate_proj,Base->Stage1,1.1958159114342415e-05,1.1520077668733766e-09,1.575706043822111e-05,0.0012427194822755344,9.384890657300684e-10,2.037514699882032e-05,0.0011216568471705372,1.0666902800727412e-13,2.5939974106379743e-07,1.1958165842881055e-05,8798.140221790243
Lang_L13.mlp.gate_proj,Stage1->Stage2,3.350787160957776e-05,8.689018733436196e-09,6.0008910215150646e-05,0.003412944888707626,7.066877141349432e-09,6.307238728104375e-05,0.0030779224918551034,8.375348338255804e-13,7.26696937197926e-07,3.3507756292028314e-05,8437.711311743642
Lang_L13.mlp.gate_proj,Base->Stage2,3.45216356755569e-05,9.35491653482662e-09,6.303630321905097e-05,0.0035413093592631404,7.608846344703785e-09,6.580793312220997e-05,0.003193767635896093,8.889808627198721e-13,7.487509960729998e-07,3.4521536293536486e-05,8559.066526386427
Lang_L13.mlp.up_proj,Base->Stage1,1.2641619370298105e-05,1.1193368223677936e-09,1.563400460330675e-05,0.0012477359759987096,8.792116316812421e-10,2.008094691380184e-05,0.0011058316466357645,1.1490024396443585e-13,2.697884565807703e-07,1.2641621331793246e-05,7651.956178207745
Lang_L13.mlp.up_proj,Stage1->Stage2,3.3796285557526836e-05,8.02428395571435e-09,5.740072419665848e-05,0.0033407504786939104,6.2258744745153995e-09,5.945707448625506e-05,0.0029426667026696035,8.212083151528161e-13,7.210937290030095e-07,3.379617607303066e-05,7581.358298054794
Lang_L13.mlp.up_proj,Base->Stage2,3.5291404479754653e-05,8.65821646928831e-09,6.040645669422581e-05,0.0034702048689855963,6.681357703395027e-09,6.198085382966268e-05,0.00304840915114551,8.954748962521697e-13,7.531467664139427e-07,3.529129562763707e-05,7461.245124077188
Lang_L13.mlp.down_proj,Base->Stage1,1.3067089187207941e-05,1.1426393364322725e-09,1.5948813657546504e-05,0.0012788120977742733,9.023704544980644e-10,2.034747722244916e-05,0.0011364349568787702,1.1930362286382172e-13,2.746904678322237e-07,1.3067092536204487e-05,7563.64670943873
Lang_L13.mlp.down_proj,Stage1->Stage2,3.466009058058565e-05,8.042748177212961e-09,5.773607714433494e-05,0.0033927599384403415,6.2752924945462424e-09,5.9690505237410976e-05,0.0029968698500856413,8.393731744540394e-13,7.282977002320016e-07,3.4659990442937404e-05,7476.165173646315
Lang_L13.mlp.down_proj,Base->Stage2,3.592938452388109e-05,8.699923244288736e-09,6.0853533211974176e-05,0.0035286501848370093,6.757186867659577e-09,6.233257444928573e-05,0.0031098100344613025,9.019770279382986e-13,7.547229035026319e-07,3.592928992748739e-05,7491.528784391408
Lang_L14.self_attn.q_proj,Base->Stage1,2.591550549207121e-05,1.0924578271827134e-09,1.5376256957980172e-05,0.0011586596381874669,5.46527172684974e-13,5.893523698639349e-07,2.5915489599701156e-05,5.465271726857975e-13,5.893523698643913e-07,2.591548959972069e-05,0.9999999999984931
Lang_L14.self_attn.q_proj,Stage1->Stage2,7.177600257596434e-05,8.6754617326634e-09,5.989446459242487e-05,0.0032650991529361998,4.1922913631489455e-12,1.6298752154516067e-06,7.177543020117377e-05,4.192291363151185e-12,1.6298752154521176e-06,7.177543020119293e-05,0.9999999999994659
Lang_L14.self_attn.q_proj,Base->Stage2,7.423276532403105e-05,9.314977052334788e-09,6.279904758556276e-05,0.0033833035909393763,4.4841865240055634e-12,1.6851164900633895e-06,7.423212783597812e-05,4.484186524005219e-12,1.6851164900633382e-06,7.423212783597528e-05,1.0000000000000768
Lang_L14.self_attn.k_proj,Base->Stage1,2.5186331805540016e-05,1.078198588981008e-09,1.4794550058483402e-05,0.0010148655485541667,8.93845925253107e-10,1.9183838948215266e-05,0.0009240393429232424,6.640656069576815e-13,6.410154960854573e-07,2.5186314628181624e-05,1346.0205074437301
Lang_L14.self_attn.k_proj,Stage1->Stage2,8.317160016795881e-05,8.387589582129675e-09,5.6888356448681066e-05,0.0028305607793458697,6.759705924414141e-09,6.056391589983717e-05,0.00254107685370113,7.241555335938685e-12,2.1117840089571822e-06,8.317059831968997e-05,933.4605082511484
Lang_L14.self_attn.k_proj,Base->Stage2,8.517239583506036e-05,9.013947176986605e-09,5.978020548746965e-05,0.0029343465501729584,7.212766861776996e-09,6.30817984950443e-05,0.002624852152128893,7.594144816211029e-12,2.1639478797717523e-06,8.517131179809795e-05,949.779999767727
Lang_L14.self_attn.v_proj,Base->Stage1,3.460696423101101e-05,1.20052619138572e-09,1.7027440019745654e-05,0.0013872412257479004,9.96846123935179e-10,2.115666520133091e-05,0.0012640965009758996,7.471289987806149e-13,6.814703717043822e-07,3.4607000846603165e-05,1334.2356213747908
Lang_L14.self_attn.v_proj,Stage1->Stage2,9.531077177022098e-05,7.565498618761785e-09,5.6668768302792216e-05,0.0034824270705379207,6.140506373802082e-09,5.880431117424039e-05,0.003137367152147232,5.666979460333371e-12,1.8771293063257596e-06,9.531013205214813e-05,1083.5589606038302
Lang_L14.self_attn.v_proj,Base->Stage2,0.0001027931152292444,8.278303732971463e-09,6.019257247924514e-05,0.003642788277470329,6.659904092421279e-09,6.18065171682922e-05,0.0032673618923100426,6.5916879687365216e-12,2.0256093734061537e-06,0.00010279253404888919,1010.3488095929749
Lang_L14.self_attn.o_proj,Base->Stage1,3.0442066144551866e-05,1.1576510686188518e-09,1.6544269760537106e-05,0.001360929383975285,5.792355104031429e-13,6.07009626029294e-07,3.0442081332310662e-05,5.792355104033103e-13,6.070096260293292e-07,3.0442081332315063e-05,0.999999999999711
Lang_L14.self_attn.o_proj,Stage1->Stage2,7.522976668208881e-05,7.4324180307935925e-09,5.593328845521911e-05,0.00344834149734578,3.5374142798031527e-12,1.4994139857125457e-06,7.522949849637154e-05,3.5374142798040328e-12,1.4994139857126681e-06,7.522949849638087e-05,0.9999999999997512
Lang_L14.self_attn.o_proj,Base->Stage2,7.894253570061511e-05,8.11019125843727e-09,5.929649768593101e-05,0.003602141363508233,3.895193820587769e-12,1.5736984858022973e-06,7.894229366409928e-05,3.895193820588398e-12,1.5736984858024665e-06,7.894229366410568e-05,0.9999999999998385
Lang_L14.mlp.gate_proj,Base->Stage1,1.2136348679485437e-05,1.2155448125714279e-09,1.634104163228122e-05,0.0012713868169651015,9.910124080068627e-10,2.1004417710618523e-05,0.0011479732355983016,1.107623038420219e-13,2.6402116253055527e-07,1.2136353197401453e-05,8947.199305463384
Lang_L14.mlp.gate_proj,Stage1->Stage2,3.238522523652056e-05,8.761104751900002e-09,6.0235802729496584e-05,0.00341326823511593,7.129959309097678e-09,6.333452419146472e-05,0.0030791759657752727,7.886955859227372e-13,7.047485790399947e-07,3.238513320428036e-05,9040.191724613189
Lang_L14.mlp.gate_proj,Base->Stage2,3.344182815929775e-05,9.462436319508874e-09,6.342039270051786e-05,0.003547255473348148,7.699405675974564e-09,6.620591597199257e-05,0.003199776054460101,8.409998370579471e-13,7.277029932386057e-07,3.3441745573441134e-05,9155.062030581648
Lang_L14.mlp.up_proj,Base->Stage1,1.3155129235718727e-05,1.190247762138998e-09,1.6355079413554256e-05,0.0012914127016527503,9.252488147913442e-10,2.0769240710546914e-05,0.0011386116825416977,1.2350873164015305e-13,2.794760370691978e-07,1.3155131620733943e-05,7491.36358623687
Lang_L14.mlp.up_proj,Stage1->Stage2,3.661796203619055e-05,8.144229245505514e-09,5.8073802320584296e-05,0.0033780838839283446,6.201828096836695e-09,5.9502949054518066e-05,0.002947849430100638,9.569640137359967e-13,7.78111411990037e-07,3.661788345512451e-05,6480.732825704384
Lang_L14.mlp.up_proj,Base->Stage2,3.8181344829391074e-05,8.824459467323298e-09,6.128332312719465e-05,0.0035163289085637854,6.671433494238702e-09,6.211747586647065e-05,0.0030574193884545403,1.0404228127310646e-12,8.115408417239657e-07,3.818126981553343e-05,6412.233000472644
Lang_L14.mlp.down_proj,Base->Stage1,1.3595045632807184e-05,1.1995434708619403e-09,1.654444919440466e-05,0.0013209756145323112,9.412835232500892e-10,2.0902827575613172e-05,0.0011701648091020365,1.2705394156925343e-13,2.833370980469406e-07,1.3595052099209464e-05,7408.534608405067
Lang_L14.mlp.down_proj,Stage1->Stage2,3.6435993640119037e-05,8.016245954573053e-09,5.7770632808143686e-05,0.003414843955621086,6.172841796875955e-09,5.9285109140648165e-05,0.0029965940953394247,9.126150476231936e-13,7.58355028070336e-07,3.643587125053927e-05,6763.9053431701
Lang_L14.mlp.down_proj,Base->Stage2,3.7827273711907417e-05,8.70054418310163e-09,6.102433405395661e-05,0.0035576117802240317,6.664247752753085e-09,6.200335652546762e-05,0.0031135863397919075,9.836415991075906e-13,7.866103093778133e-07,3.782716464118288e-05,6775.0771813628335
Lang_L15.self_attn.q_proj,Base->Stage1,2.8520366348367883e-05,1.3124155911442856e-09,1.7873949651171783e-05,0.001284070201108264,6.474468829074715e-13,6.402354074831268e-07,2.8520369595319618e-05,6.474468829065863e-13,6.402354074826856e-07,2.8520369595300126e-05,1.0000000000013671
Lang_L15.self_attn.q_proj,Stage1->Stage2,7.16471223455678e-05,8.73418066517229e-09,6.124851733557701e-05,0.0033125548420562074,4.08593402422882e-12,1.6066838207689812e-06,7.164694327290636e-05,4.085934024222902e-12,1.6066838207679586e-06,7.164694327285448e-05,1.0000000000014484
Lang_L15.self_attn.q_proj,Base->Stage2,7.507183941066125e-05,9.45357378957779e-09,6.449227671754404e-05,0.0034462755652507862,4.485884205420483e-12,1.683007081666364e-06,7.507166032489693e-05,4.485884205421713e-12,1.6830070816666128e-06,7.507166032490725e-05,0.9999999999997259
Lang_L15.self_attn.k_proj,Base->Stage1,3.203575460636715e-05,1.2534555335644748e-09,1.685631724690495e-05,0.0011345167961515701,1.0148925826807438e-09,2.1044194578395643e-05,0.0010208607423078976,9.994416762190045e-13,7.860831485934235e-07,3.2035771812154966e-05,1015.4595378893862
Lang_L15.self_attn.k_proj,Stage1->Stage2,7.62295470906402e-05,8.500704454162506e-09,5.85683514877644e-05,0.00295448706694407,6.835001336232117e-09,6.144281364648111e-05,0.002649256060531396,5.658922564115033e-12,1.8732190279699228e-06,7.62292260074278e-05,1207.8273308730113
Lang_L15.self_attn.k_proj,Base->Stage2,8.1408376412565e-05,9.203139454975646e-09,6.170522093285058e-05,0.00307413288030945,7.312392724048272e-09,6.403654431264527e-05,0.002740213417569931,6.453951916345007e-12,1.9988861179928543e-06,8.140807723855749e-05,1133.0101027758224
Lang_L15.self_attn.v_proj,Base->Stage1,4.132368402222084e-05,1.284080942431014e-09,1.8004495680457033e-05,0.001469505724466726,1.0456907606280472e-09,2.208619318624836e-05,0.0013261013505116003,1.0154294198384353e-12,7.960973494711661e-07,4.1323771643891326e-05,1029.8015206162008
Lang_L15.self_attn.v_proj,Stage1->Stage2,0.00010139944006450794,7.886451441990957e-09,5.858356148891186e-05,0.003641793521577636,6.281703637569339e-09,5.989778072215873e-05,0.0032502234826691026,6.113936864223176e-12,1.950135885769158e-06,0.0001013993046949406,1027.4400565579735
Lang_L15.self_attn.v_proj,Base->Stage2,0.00010780126367453336,8.657965338989143e-09,6.22351660024556e-05,0.003815772059349756,6.82485502146215e-09,6.292114448170626e-05,0.003387826940607215,6.910339450834332e-12,2.0680396180267254e-06,0.00010780134833723642,987.6294891183875
Lang_L15.self_attn.o_proj,Base->Stage1,3.096434288399582e-05,1.2186941543575065e-09,1.7259922996851196e-05,0.0014204547778789896,5.791138011748217e-13,6.067578820681578e-07,3.096435268289825e-05,5.79113801175228e-13,6.067578820683808e-07,3.096435268290912e-05,0.9999999999992983
Lang_L15.self_attn.o_proj,Stage1->Stage2,7.493602456239558e-05,7.4304420357663794e-09,5.632124961793723e-05,0.003507417693506458,3.3917294573075323e-12,1.4684120319356651e-06,7.493604444677607e-05,3.3917294573097383e-12,1.468412031936205e-06,7.493604444680042e-05,0.9999999999993495
Lang_L15.self_attn.o_proj,Base->Stage2,7.820832656975355e-05,8.140769493071771e-09,5.981979401108346e-05,0.003671240976434928,3.694419141262422e-12,1.5323385365361254e-06,7.82083720721265e-05,3.69441914126018e-12,1.5323385365357468e-06,7.820837207210274e-05,1.000000000000607
Lang_L15.mlp.gate_proj,Base->Stage1,1.2822626401841572e-05,1.3042613286156307e-09,1.7312948768857677e-05,0.0013611669540233835,1.0619417094659026e-09,2.1942186031872935e-05,0.0012282292264044034,1.1574327059224092e-13,2.7012493930205265e-07,1.2822625641836539e-05,9174.975823925715
Lang_L15.mlp.gate_proj,Stage1->Stage2,3.323435455943213e-05,8.930245504051691e-09,6.160179023067913e-05,0.0035617174860734673,7.24829957385804e-09,6.419283351827732e-05,0.003208823551360593,7.775285082065833e-13,7.000415581231694e-07,3.323425363674445e-05,9322.22998559459
Lang_L15.mlp.gate_proj,Base->Stage2,3.4761163017062083e-05,9.689861359552155e-09,6.501649622943507e-05,0.0037101079909296255,7.865036500790242e-09,6.725543322016924e-05,0.0033425517552214306,8.506097747953551e-13,7.321983040678729e-07,3.476105539761319e-05,9246.350951800972
Lang_L15.mlp.up_proj,Base->Stage1,1.3387107481306028e-05,1.2200011692086621e-09,1.6540089148152972e-05,0.0012870977353322632,9.657218948485671e-10,2.1057398420149376e-05,0.0011451369853705002,1.319808510193341e-13,2.8893197921142526e-07,1.3387111016355951e-05,7317.136443582235
Lang_L15.mlp.up_proj,Stage1->Stage2,3.539838446261456e-05,8.39210239612693e-09,5.894042535782121e-05,0.0033757137941335938,6.54645822262298e-09,6.094698842961049e-05,0.002981490511770001,9.227925469344115e-13,7.638743151426586e-07,3.539828897874849e-05,7094.181941944398
Lang_L15.mlp.up_proj,Base->Stage2,3.709155328281565e-05,9.096195450198905e-09,6.22029015626655e-05,0.0035144722862118184,7.0660171994435315e-09,6.372495354474784e-05,0.003097544657585128,1.0131819991809923e-12,8.004609352073659e-07,3.709146302627096e-05,6974.084819070375
Lang_L15.mlp.down_proj,Base->Stage1,1.313823603545824e-05,1.2313928624472132e-09,1.6765840367234113e-05,0.0013186518323516033,9.760779122891233e-10,2.1199880784279453e-05,0.0011740161446701996,1.2223928117501475e-13,2.779775054070529e-07,1.3138240886979933e-05,7984.977520373623
Lang_L15.mlp.down_proj,Stage1->Stage2,3.454343113412723e-05,8.234232969452826e-09,5.857352624799746e-05,0.003409904888087464,6.4279259887450995e-09,6.0407497249446343e-05,0.003012771012846777,8.450205931372721e-13,7.302185325408809e-07,3.454334075564887e-05,7606.827621656427
Lang_L15.mlp.down_proj,Base->Stage2,3.6441553991330185e-05,8.943723712412634e-09,6.1897264700757e-05,0.00355377458901002,6.954199708035284e-09,6.324384781903075e-05,0.0031336772849820892,9.404385960691995e-13,7.704043385347966e-07,3.644147210337475e-05,7394.634521703083
Lang_L16.self_attn.q_proj,Base->Stage1,2.9001485480034424e-05,1.3266609654458765e-09,1.7432696192993397e-05,0.0012859335588217568,6.747813295362634e-13,6.547998242232671e-07,2.900147480256029e-05,6.747813295353272e-13,6.547998242227289e-07,2.9001474802540176e-05,1.0000000000013873
Lang_L16.self_attn.q_proj,Stage1->Stage2,7.934409562504284e-05,9.771977892148287e-09,6.458151986245969e-05,0.003490016336251127,5.050706351745823e-12,1.79057312362327e-06,7.93436694439453e-05,5.050706351744272e-12,1.7905731236229733e-06,7.934366944393311e-05,1.000000000000307
Lang_L16.self_attn.q_proj,Base->Stage2,8.138243554218095e-05,1.0501835477056514e-08,6.76940487351653e-05,0.003618002204101519,5.313539784308813e-12,1.8366358020452821e-06,8.13819684501138e-05,5.3135397843119674e-12,1.8366358020456487e-06,8.138196845013797e-05,0.9999999999994064
Lang_L16.self_attn.k_proj,Base->Stage1,2.7884818175076367e-05,1.2881623278130222e-09,1.6836252659579998e-05,0.001144581719182774,1.0690087128267484e-09,2.1351135175136207e-05,0.0010426826106149816,7.645589319679556e-13,6.910586011075981e-07,2.788476516344051e-05,1398.2031575710541
Lang_L16.self_attn.k_proj,Stage1->Stage2,8.421381515934035e-05,9.062753140924816e-09,6.034450545655545e-05,0.0030359086629862236,7.4273993612733485e-09,6.385231371917264e-05,0.002748381485062583,6.973385415683591e-12,2.0776526837210715e-06,8.421325631443005e-05,1065.1066761014888
Lang_L16.self_attn.k_proj,Base->Stage2,8.877582753680258e-05,9.73507818704844e-09,6.328233590391363e-05,0.0031465044344149273,7.907308072217918e-09,6.6331445369289e-05,0.0028357827469257086,7.749341341063871e-12,2.183231987283213e-06,8.877506964827828e-05,1020.3845364659547
Lang_L16.self_attn.v_proj,Base->Stage1,3.738181633106065e-05,1.2899496216094383e-09,1.781856522165004e-05,0.001434791702026896,1.0682718736899317e-09,2.2030935398755964e-05,0.001305699923388513,8.756149900665598e-13,7.376227919671364e-07,3.7381702383861854e-05,1220.0246521690167
Lang_L16.self_attn.v_proj,Stage1->Stage2,9.738495832837259e-05,8.093145224873561e-09,5.9006546750839384e-05,0.003593842274808453,6.47739530048211e-09,6.0723329483452845e-05,0.003215144875863078,5.942631522798017e-12,1.9182998328943136e-06,9.738447951477332e-05,1089.987705889647
Lang_L16.self_attn.v_proj,Base->Stage2,0.0001048752189665837,8.859482396977823e-09,6.264606077532875e-05,0.0037601443800959825,7.0312131997223605e-09,6.380490054348958e-05,0.003349773786237688,6.891887036137847e-12,2.068483614149296e-06,0.00010487438364664959,1020.2159673909268
Lang_L16.self_attn.o_proj,Base->Stage1,3.109392570296351e-05,1.3068751739283524e-09,1.8019700124535798e-05,0.001442154192275704,6.075212904091788e-13,6.217033197214086e-07,3.10939140625715e-05,6.075212904088723e-13,6.217033197212087e-07,3.109391406256366e-05,1.0000000000005047
Lang_L16.self_attn.o_proj,Stage1->Stage2,8.150481582938611e-05,8.325387015237103e-09,6.01263554836683e-05,0.0036399480074684487,4.174238460382893e-12,1.6293275911988571e-06,8.150450088518256e-05,4.1742384603807985e-12,1.6293275911984793e-06,8.15045008851621e-05,1.0000000000005018
Lang_L16.self_attn.o_proj,Base->Stage2,8.499647898669242e-05,9.108737381586077e-09,6.377154334500246e-05,0.0038073434498329685,4.539544312273399e-12,1.6990546920334126e-06,8.49961187309278e-05,4.53954431227456e-12,1.699054692033648e-06,8.499611873093868e-05,0.9999999999997443
Lang_L16.mlp.gate_proj,Base->Stage1,1.2754125150971961e-05,1.3286473168378126e-09,1.7480626685992195e-05,0.0013449664747379817,1.0822731546371423e-09,2.2144421669030944e-05,0.0012138780117944559,1.19478075058178e-13,2.738340433478527e-07,1.2754126205014426e-05,9058.341073122796
Lang_L16.mlp.gate_proj,Stage1->Stage2,3.334609828366047e-05,9.18312224792156e-09,6.248793418971972e-05,0.003535903096997502,7.457868618867415e-09,6.51267117053842e-05,0.0031864898229282328,8.167268784962661e-13,7.155089107159119e-07,3.334598848057756e-05,9131.410775409555
Lang_L16.mlp.gate_proj,Base->Stage2,3.505732281988551e-05,9.961212401865993e-09,6.59368300743993e-05,0.0036826570086197856,8.087754598922173e-09,6.821391892648065e-05,0.0033183267972717815,9.027019156199596e-13,7.521716647933368e-07,3.505721027926305e-05,8959.49643949481
Lang_L16.mlp.up_proj,Base->Stage1,1.356744142874923e-05,1.285935224628188e-09,1.7298010075693727e-05,0.0013514661228704974,1.0126812620669973e-09,2.173942754935557e-05,0.0011993115175545786,1.2960002222212903e-13,2.86265954592435e-07,1.3567447675560577e-05,7813.8972872342865
Lang_L16.mlp.up_proj,Stage1->Stage2,3.69261344195064e-05,8.577513769489375e-09,6.020646284851991e-05,0.0034904019364169953,6.64969099595126e-09,6.166261363606687e-05,0.0030732328111339503,9.60011549489212e-13,7.790987615611161e-07,3.6926058884636105e-05,6926.678121205233
Lang_L16.mlp.up_proj,Base->Stage2,3.910013428266463e-05,9.320007110759864e-09,6.360967916085361e-05,0.0036383363952754823,7.1922104153486085e-09,6.45270156774472e-05,0.0031961409338657092,1.0763801076066604e-12,8.249466414451995e-07,3.910007230347583e-05,6681.849993809849
Lang_L16.mlp.down_proj,Base->Stage1,1.420491980188868e-05,1.296927935498208e-09,1.751837660656211e-05,0.0013889347734957211,1.0236208281701956e-09,2.187016191928606e-05,0.0012339384171856347,1.3565322562685463e-13,2.925148949510494e-07,1.420492650777831e-05,7545.864268542349
Lang_L16.mlp.down_proj,Stage1->Stage2,3.766967510402963e-05,8.442517161308097e-09,5.990632487277346e-05,0.0035437159497705927,6.556335408599174e-09,6.120480556439319e-05,0.003122867146279206,9.53972579524914e-13,7.757042148954128e-07,3.7669588246963416e-05,6872.666520314748
Lang_L16.mlp.down_proj,Base->Stage2,3.9342233193241176e-05,9.20017726493761e-09,6.341317465469305e-05,0.0036993125415796376,7.115458986172642e-09,6.417664771557184e-05,0.0032533020517569677,1.0405682472162619e-12,8.10026732269077e-07,3.934216105239349e-05,6838.051233264119
Lang_L17.self_attn.q_proj,Base->Stage1,3.196393756190238e-05,1.4900516250460824e-09,1.9683898066686495e-05,0.0014257478323846861,7.489221013961216e-13,6.888581275934426e-07,3.1963945821200906e-05,7.489221013946786e-13,6.888581275929291e-07,3.196394582117011e-05,1.000000000001927
Lang_L17.self_attn.q_proj,Stage1->Stage2,8.21868453663895e-05,1.0048937210575469e-08,6.732613954870195e-05,0.003702571854470259,4.951314322579007e-12,1.7665215957604503e-06,8.218710404365609e-05,4.9513143225861916e-12,1.7665215957616546e-06,8.218710404371566e-05,0.9999999999985489
Lang_L17.self_attn.q_proj,Base->Stage2,8.648472502126104e-05,1.1017108261182983e-08,7.137640259256145e-05,0.0038768342868387177,5.482705488408564e-12,1.8584013272433e-06,8.648501957301156e-05,5.482705488407921e-12,1.8584013272432032e-06,8.64850195730065e-05,1.0000000000001172
Lang_L17.self_attn.k_proj,Base->Stage1,3.730453039425857e-05,1.555807038638933e-09,2.0371807239349948e-05,0.0013637592661800543,1.253902976559786e-09,2.416126354969845e-05,0.0012243111794391476,1.1641370640200811e-12,8.475258596050905e-07,3.730455869839586e-05,1077.1094017312007
Lang_L17.self_attn.k_proj,Stage1->Stage2,0.00010996169765952184,1.0127358538507701e-08,6.74221591781543e-05,0.0034794904393815017,7.890770326245517e-09,6.743439424287095e-05,0.003071335475432266,1.0114936840918144e-11,2.4910576176158858e-06,0.00010996364887128437,780.1106868334397
Lang_L17.self_attn.k_proj,Base->Stage2,0.00012142927935444991,1.1087817668378647e-08,7.133172075374228e-05,0.0036407477732472264,8.568928195943555e-09,7.067389778438636e-05,0.0032005956198821873,1.2334677451826907e-11,2.7438234563894266e-06,0.00012143152618606939,694.702251389184
Lang_L17.self_attn.v_proj,Base->Stage1,3.743021205073216e-05,1.3200329004764316e-09,1.8932854624231776e-05,0.0015646961202812175,1.0926736704923746e-09,2.273358367426156e-05,0.0014235832420977483,7.553873235157297e-13,6.823447667333945e-07,3.7430228133682795e-05,1446.5078198649724
Lang_L17.self_attn.v_proj,Stage1->Stage2,0.00011086136533368691,8.69445867950384e-09,6.331163761208458e-05,0.00401564298581675,7.026462247209452e-09,6.391378173855805e-05,0.0036099582498058864,6.626515071910087e-12,2.007880149943286e-06,0.00011086039346782414,1060.3555822267344
Lang_L17.self_attn.v_proj,Base->Stage2,0.00011626723081349625,9.549791619588209e-09,6.713466280156011e-05,0.004208533303260719,7.665608014927423e-09,6.720202270129051e-05,0.003770571012420893,7.288527136706932e-12,2.1055736667147634e-06,0.00011626626151418593,1051.7362247746069
Lang_L17.self_attn.o_proj,Base->Stage1,3.117714792870325e-05,1.240885836921437e-09,1.774866493844951e-05,0.0014675558638838685,5.600352974894943e-13,5.964053751725834e-07,3.1177151140145555e-05,5.600352974893584e-13,5.964053751725316e-07,3.1177151140141773e-05,1.0000000000002427
Lang_L17.self_attn.o_proj,Stage1->Stage2,8.496761243149109e-05,8.135814604927298e-09,6.002491636509372e-05,0.0037577441237843664,4.1595789647995174e-12,1.6233230961284112e-06,8.496721221307608e-05,4.15957896479624e-12,1.6233230961277515e-06,8.49672122130426e-05,1.0000000000007878
Lang_L17.self_attn.o_proj,Base->Stage2,8.842180289377074e-05,8.871528249599738e-09,6.348875424883743e-05,0.003923972024608134,4.504653231950963e-12,1.6891672797657896e-06,8.842139551310393e-05,4.5046532319542504e-12,1.6891672797664507e-06,8.842139551313623e-05,0.9999999999992701
Lang_L17.mlp.gate_proj,Base->Stage1,1.3298931820637897e-05,1.383934491799576e-09,1.8099405332161994e-05,0.001409792014426656,1.1273552490336579e-09,2.2715188156376173e-05,0.0012724117624997144,1.2315130957224141e-13,2.781408166164355e-07,1.3298932960374776e-05,9154.228671619147
Lang_L17.mlp.gate_proj,Stage1->Stage2,3.5704033511859394e-05,9.335512549014314e-09,6.363166810621719e-05,0.0036615462241824446,7.575728617603072e-09,6.588220985418143e-05,0.0032984328111460345,8.876464158923444e-13,7.466471848883763e-07,3.570388208311608e-05,8534.624239976509
Lang_L17.mlp.gate_proj,Base->Stage2,3.708452313624293e-05,1.0159525485460731e-08,6.723622430176102e-05,0.003819725461948746,8.242396869053811e-09,6.910568985386815e-05,0.0034405050411422757,9.57614940177615e-13,7.754156806751192e-07,3.708436903067425e-05,8607.214155958178
Lang_L17.mlp.up_proj,Base->Stage1,1.3505901310525926e-05,1.3186875890689835e-09,1.7535153243622216e-05,0.0013630069618631975,1.050483961362295e-09,2.2049696480023572e-05,0.001216527211393283,1.2947709301890634e-13,2.8608227782319276e-07,1.3505901709819002e-05,8113.280402494846
Lang_L17.mlp.up_proj,Stage1->Stage2,3.6731956832383024e-05,8.77275868283811e-09,6.101419354515364e-05,0.003515550036230007,6.914094520062537e-09,6.283811662175019e-05,0.0031209933848326144,9.577097331163012e-13,7.778619217290751e-07,3.673179421316039e-05,7219.405087974512
Lang_L17.mlp.up_proj,Base->Stage2,3.8369512354198914e-05,9.550636332963641e-09,6.453526740925463e-05,0.0036681015140750707,7.504075072733491e-09,6.587213474076443e-05,0.0032514252725667184,1.0450049694106565e-12,8.124983918860233e-07,3.8369343619587555e-05,7180.898935787365
Lang_L17.mlp.down_proj,Base->Stage1,1.352205388708545e-05,1.2914491493882804e-09,1.7427672418263927e-05,0.0013811889913090166,1.0274734452219453e-09,2.1809439323465692e-05,0.001231968932754213,1.2378177194532728e-13,2.794212831997644e-07,1.3522058191441437e-05,8300.684576366917
Lang_L17.mlp.down_proj,Stage1->Stage2,3.67211691220189e-05,8.4431706628322e-09,5.988792254908685e-05,0.0035315513898125056,6.629071924611523e-09,6.148453092292327e-05,0.003129241721463853,9.128598240011092e-13,7.589774169177567e-07,3.6721024834266563e-05,7261.872798340469
Lang_L17.mlp.down_proj,Base->Stage2,3.8614473614148266e-05,9.198172072919064e-09,6.337581393422795e-05,0.0036860694306579105,7.1984239249537325e-09,6.447560998933469e-05,0.0032608547637024135,1.0094193105621616e-12,7.98149317382314e-07,3.861433417882395e-05,7131.252443491315
Lang_L18.self_attn.q_proj,Base->Stage1,3.206071801350708e-05,1.559661761391938e-09,1.9716277980521765e-05,0.001434553160790157,7.790114811764365e-13,7.031693746867908e-07,3.20607268187501e-05,7.790114811764127e-13,7.031693746867105e-07,3.206072681874961e-05,1.0000000000000306
Lang_L18.self_attn.q_proj,Stage1->Stage2,8.174492760512846e-05,1.0310550159213184e-08,6.750561322196869e-05,0.003688435280765887,5.064292230104632e-12,1.7892557842588375e-06,8.174489248467417e-05,5.064292230104356e-12,1.7892557842588635e-06,8.174489248467194e-05,1.0000000000000544
Lang_L18.self_attn.q_proj,Base->Stage2,8.55036913585511e-05,1.1233508297288608e-08,7.132517175541774e-05,0.0038499842516417503,5.5407314182527095e-12,1.8712897508367932e-06,8.550367810609315e-05,5.540731418256736e-12,1.8712897508375407e-06,8.550367810612423e-05,0.9999999999992732
Lang_L18.self_attn.k_proj,Base->Stage1,3.5585261013036264e-05,1.5816448468860676e-09,1.9688219357077985e-05,0.0013289740158981159,1.297307450532562e-09,2.422462011254575e-05,0.0012036035512970051,1.134013176687405e-12,8.373093500470347e-07,3.5585334684727366e-05,1143.9968046245813
Lang_L18.self_attn.k_proj,Stage1->Stage2,9.068193055674353e-05,1.0245335051534399e-08,6.605725310773747e-05,0.003382397532655879,8.264606463070606e-09,6.833288133827926e-05,0.0030378942738360473,7.364063183705305e-12,2.1457260255735518e-06,9.068183903213528e-05,1122.2889126424066
Lang_L18.self_attn.k_proj,Base->Stage2,9.666653296681708e-05,1.113039859399849e-08,6.978134907753564e-05,0.0035254691983046265,8.899228674773522e-09,7.149364827545858e-05,0.0031523740899384194,8.368161911493122e-12,2.282821635629238e-06,9.666663552901968e-05,1063.4627734139578
Lang_L18.self_attn.v_proj,Base->Stage1,4.00810184476639e-05,1.503860150807989e-09,1.987117140744843e-05,0.001591851140236064,1.2437985892154203e-09,2.400848723071771e-05,0.0014476839415170138,9.534090254501437e-13,7.69961235180826e-07,4.0080982287544696e-05,1304.5802546584575
Lang_L18.self_attn.v_proj,Stage1->Stage2,0.00010674144394772641,8.369998715542475e-09,6.071397211626639e-05,0.0037554338915303004,6.822866815546985e-09,6.241331417336713e-05,0.0033906336869230346,6.761899205038778e-12,2.0525716918600522e-06,0.00010674112408376843,1009.0163441748401
Lang_L18.self_attn.v_proj,Base->Stage2,0.00010988639761645025,9.236631579860353e-09,6.472867079510003e-05,0.003945065664443607,7.474732268361521e-09,6.587012335581564e-05,0.003548912129775907,7.1662117168850304e-12,2.1139892214509825e-06,0.00010988596919178498,1043.052112282638
Lang_L18.self_attn.o_proj,Base->Stage1,3.252148414628055e-05,1.309289795750754e-09,1.8133296832839596e-05,0.0014899831263275275,6.237551003199172e-13,6.296602418459712e-07,3.252149588199703e-05,6.237551003206204e-13,6.296602418463769e-07,3.252149588201536e-05,0.9999999999988727
Lang_L18.self_attn.o_proj,Stage1->Stage2,7.971122745472013e-05,8.074808823477394e-09,5.940527462629068e-05,0.0037002234178764234,3.747244892627831e-12,1.5413271882973705e-06,7.971092723680854e-05,3.747244892629976e-12,1.5413271882977968e-06,7.971092723683136e-05,0.9999999999994277
Lang_L18.self_attn.o_proj,Base->Stage2,8.318814234069868e-05,8.84329824483889e-09,6.301596523794299e-05,0.0038722996680205036,4.081278663297316e-12,1.6081623734051374e-06,8.318785904686107e-05,4.081278663298399e-12,1.6081623734053767e-06,8.318785904687212e-05,0.9999999999997348
Lang_L18.mlp.gate_proj,Base->Stage1,1.2846234687721961e-05,1.3856272976892452e-09,1.8121495773651924e-05,0.0013941695203191266,1.1317891593897227e-09,2.2721089044814736e-05,0.0012600133120025199,1.176431798781933e-13,2.710783605638669e-07,1.2846231555966364e-05,9620.525053484333
Lang_L18.mlp.gate_proj,Stage1->Stage2,3.492860584157641e-05,9.495175217086494e-09,6.429506314433318e-05,0.0036495754469779737,7.715139887095079e-09,6.652628739270637e-05,0.0032897489498185197,8.697166123864488e-13,7.361963299281647e-07,3.492848407464627e-05,8870.866414664899
Lang_L18.mlp.gate_proj,Base->Stage2,3.629316659641199e-05,1.0315601917998841e-08,6.784664178963657e-05,0.003803979270670582,8.382875295292875e-09,6.971537998490053e-05,0.003429156905773113,9.389982344454582e-13,7.649761650518267e-07,3.629303122456032e-05,8927.466514613341
Lang_L18.mlp.up_proj,Base->Stage1,1.3902732690511163e-05,1.3343458608642518e-09,1.7734515536307715e-05,0.0013845501297605845,1.0583653429941135e-09,2.2199165909691285e-05,0.0012330829232306943,1.3454006710762266e-13,2.9149366222129585e-07,1.3902736712666432e-05,7866.543890954767
Lang_L18.mlp.up_proj,Stage1->Stage2,3.827679780909818e-05,8.88913160164899e-09,6.170602852016874e-05,0.0035735670469976546,6.964196604962097e-09,6.318159226471465e-05,0.003163062536105459,1.0198169820735329e-12,8.024180946378355e-07,3.827660289792943e-05,6828.869029815734
Lang_L18.mlp.up_proj,Base->Stage2,4.030905851094348e-05,9.667828738603144e-09,6.520375703960747e-05,0.0037268056137781305,7.544866218684516e-09,6.61589874153523e-05,0.003292289663838181,1.1309843720029843e-12,8.449777205962312e-07,4.030886491283854e-05,6671.061427066834
Lang_L18.mlp.down_proj,Base->Stage1,1.4074205507959184e-05,1.3041855343556022e-09,1.760911249595892e-05,0.001402513399746021,1.0371097980439545e-09,2.193647312226154e-05,0.0012506900605658948,1.3133275717453865e-13,2.871598465687464e-07,1.407420461855255e-05,7896.809755281814
Lang_L18.mlp.down_proj,Stage1->Stage2,3.63647134691857e-05,8.457319217223606e-09,6.014643457173513e-05,0.0035715053548378626,6.637350466321899e-09,6.156377164791509e-05,0.003163969723443934,8.767699977986027e-13,7.428124587959048e-07,3.636451370181111e-05,7570.229915470401
Lang_L18.mlp.down_proj,Base->Stage2,3.751078641343108e-05,9.222217985266873e-09,6.366002934468796e-05,0.003729517383375833,7.2125951075307216e-09,6.457723247297251e-05,0.0032982283512443863,9.32905436475685e-13,7.662852639686665e-07,3.751057797974413e-05,7731.324982710302
Lang_L19.self_attn.q_proj,Base->Stage1,3.265322575914502e-05,1.618658842421091e-09,2.0631421999400823e-05,0.0014402939838527033,8.31964400781963e-13,7.241442847015942e-07,3.265320811854129e-05,8.319644007827628e-13,7.241442847019272e-07,3.265320811855699e-05,0.9999999999990387
Lang_L19.self_attn.q_proj,Stage1->Stage2,8.107934720387917e-05,1.0464876731795245e-08,6.867241772256366e-05,0.0036621804544295844,5.129482087638884e-12,1.7942816198177885e-06,8.107919734394143e-05,5.129482087637553e-12,1.7942816198174082e-06,8.107919734393091e-05,1.0000000000002593
Lang_L19.self_attn.q_proj,Base->Stage2,8.42786391178591e-05,1.1501878840134208e-08,7.292205564248672e-05,0.003839344442571701,5.542268861734058e-12,1.8646837475899156e-06,8.427843781398475e-05,5.542268861732883e-12,1.8646837475897818e-06,8.427843781397585e-05,1.000000000000212
Lang_L19.self_attn.k_proj,Base->Stage1,3.5288926787347365e-05,1.7999162495559332e-09,2.16276229090262e-05,0.0013483075674964437,1.4081569905877427e-09,2.586517674635642e-05,0.001192582304233487,1.232956012758101e-12,8.751000969922994e-07,3.528877759164487e-05,1142.0983198238516
Lang_L19.self_attn.k_proj,Stage1->Stage2,9.710772808222964e-05,1.13683778929358e-08,7.076663807348282e-05,0.0033884988370372084,8.70125262731681e-09,7.088476978264169e-05,0.002964483102148932,9.336453547958399e-12,2.3856649073395778e-06,9.710666980718495e-05,931.9655030275936
Lang_L19.self_attn.k_proj,Base->Stage2,0.00010429691819141417,1.2498546682619474e-08,7.516737217372338e-05,0.0035529397963380387,9.44401541339835e-09,7.439749730554429e-05,0.003088420552004161,1.0769948664841055e-11,2.5663056120743982e-06,0.00010429534062384658,876.8858336557101
Lang_L19.self_attn.v_proj,Base->Stage1,5.325856398093715e-05,1.62742303430831e-09,2.196625719456946e-05,0.0018847306538633806,1.3044187032406049e-09,2.5522903996372283e-05,0.0016873593153027837,1.2995134399366123e-12,8.98875453502e-07,5.325856400722733e-05,1003.7746922449927
Lang_L19.self_attn.v_proj,Stage1->Stage2,0.00013009919036339768,8.822503957123377e-09,6.504463830077356e-05,0.004388215975071806,6.978377644920398e-09,6.424441103014963e-05,0.003902737103816621,7.754451037257349e-12,2.1973003556942572e-06,0.00013009709295466122,899.9189770354863
Lang_L19.self_attn.v_proj,Base->Stage2,0.00014130992905376602,9.84990573332488e-09,6.96239124988729e-05,0.004636690421877663,7.701212284806185e-09,6.800269621278843e-05,0.00409988439167306,9.148443864068414e-12,2.3832777423371763e-06,0.00014130765097981,841.805710264409
Lang_L19.self_attn.o_proj,Base->Stage1,3.3753857271714025e-05,1.314244660519182e-09,1.8748309939904326e-05,0.0015434193447821484,6.285712231771069e-13,6.317489482729289e-07,3.3753831334777657e-05,6.285712231769826e-13,6.317489482728611e-07,3.3753831334774316e-05,1.0000000000001978
Lang_L19.self_attn.o_proj,Stage1->Stage2,8.475494185529376e-05,8.417553449294902e-09,6.20247828841125e-05,0.003906032219404136,3.963130773865983e-12,1.586196729235e-06,8.475436640050694e-05,3.963130773864482e-12,1.5861967292346955e-06,8.475436640049082e-05,1.0000000000003788
Lang_L19.self_attn.o_proj,Base->Stage2,8.848525166607522e-05,9.211349863930114e-09,6.568097601532437e-05,0.004086057923921113,4.319658918272036e-12,1.6558508186826389e-06,8.84845828909794e-05,4.319658918273839e-12,1.655850818682984e-06,8.848458289099788e-05,0.9999999999995826
Lang_L19.mlp.gate_proj,Base->Stage1,1.3472290765959401e-05,1.3685651469478763e-09,1.81005609595113e-05,0.0014334847502280458,1.114015203452033e-09,2.2621582888756206e-05,0.001293319716149621,1.208821719030071e-13,2.754050409178618e-07,1.3472291358870896e-05,9215.71134861716
Lang_L19.mlp.gate_proj,Stage1->Stage2,3.772781724921571e-05,9.370405531625938e-09,6.422466185939207e-05,0.0037509137508368144,7.588944752085578e-09,6.61145930140063e-05,0.0033755813617940625,9.479876526977312e-13,7.707818683373083e-07,3.772760401195335e-05,8005.320249150267
Lang_L19.mlp.gate_proj,Base->Stage2,3.8760228098872725e-05,1.018664122904132e-08,6.77826305197765e-05,0.003910870090878338,8.25098541230625e-09,6.93032335382736e-05,0.003519741706925988,1.0005804379524953e-12,7.912568261439771e-07,3.876001073221533e-05,8246.199005439663
Lang_L19.mlp.up_proj,Base->Stage1,1.3620213562682121e-05,1.290947562218609e-09,1.7349107182080878e-05,0.0013656729850084377,1.0335456387874763e-09,2.1804229883083198e-05,0.0012219607236722107,1.2840544259044596e-13,2.848063494326312e-07,1.3620220349572368e-05,8049.079680243846
Lang_L19.mlp.up_proj,Stage1->Stage2,3.59588619366251e-05,8.801179363225758e-09,6.139174075197667e-05,0.0035658375468531596,6.9803867746519455e-09,6.316344016727418e-05,0.0031756370576318843,8.950082555594941e-13,7.516813800131142e-07,3.595875430631527e-05,7799.242891104189
Lang_L19.mlp.up_proj,Base->Stage2,3.757552666378846e-05,9.561562565187587e-09,6.480830638613725e-05,0.003716683274578977,7.56624462962641e-09,6.614059860150247e-05,0.0033062166379488824,9.772951654899026e-13,7.857578972826641e-07,3.757543291821069e-05,7742.026049861375
Lang_L19.mlp.down_proj,Base->Stage1,1.3502783586418395e-05,1.2599325465023898e-09,1.717504925380211e-05,0.0013675742892871685,1.009954375911982e-09,2.1527691279567838e-05,0.0012244136360588548,1.2282657517452353e-13,2.7798827789488164e-07,1.3502788065370646e-05,8222.60471300241
Lang_L19.mlp.down_proj,Stage1->Stage2,3.5920908680770516e-05,8.62212711796165e-09,6.081783434723164e-05,0.0035775270591833007,6.842509121417456e-09,6.249456563763942e-05,0.003187009874491313,8.692407317488474e-13,7.397834937849725e-07,3.5920779368576974e-05,7871.822927177882
Lang_L19.mlp.down_proj,Base->Stage2,3.7695908488093264e-05,9.357281352701276e-09,6.41637823838582e-05,0.003726924205034672,7.4110711912105365e-09,6.541032263463758e-05,0.003316776510979394,9.572693571282752e-13,7.763626142517093e-07,3.7695785289914006e-05,7741.886999750107
Lang_L20.self_attn.q_proj,Base->Stage1,3.1461649603457955e-05,1.3684399012150244e-09,1.8625974892470115e-05,0.001388441784533008,7.026424466061804e-13,6.673182044646902e-07,3.146168667333752e-05,7.026424466059381e-13,6.673182044646544e-07,3.1461686673332096e-05,1.0000000000003448
Lang_L20.self_attn.q_proj,Stage1->Stage2,8.25490402210627e-05,1.0017646327124077e-08,6.746124860368234e-05,0.0037565818018910372,4.837204354039102e-12,1.7454262916834984e-06,8.254812638751942e-05,4.837204354038235e-12,1.745426291683363e-06,8.254812638751204e-05,1.0000000000001792
Lang_L20.self_attn.q_proj,Base->Stage2,8.591160968149741e-05,1.087793224496592e-08,7.099091155399022e-05,0.003914562014809246,5.239322294462088e-12,1.815619855854254e-06,8.59107598483734e-05,5.239322294459745e-12,1.8156198558538894e-06,8.591075984835418e-05,1.0000000000004472
Lang_L20.self_attn.k_proj,Base->Stage1,3.743279793802283e-05,1.609771805815304e-09,2.179914064726063e-05,0.0015103278559340269,1.3197140846426395e-09,2.505794713303388e-05,0.0013675052425406974,9.88842979588717e-13,7.726869786498176e-07,3.743283684661894e-05,1334.604291969125
Lang_L20.self_attn.k_proj,Stage1->Stage2,0.00011273459710635418,1.0040058475881584e-08,6.84104520267681e-05,0.00377183191859143,7.886212944971734e-09,6.7342115786762e-05,0.0033428620900037244,8.968840196877563e-12,2.3415043177841664e-06,0.0001127333345472107,879.2901614767607
Lang_L20.self_attn.k_proj,Base->Stage2,0.00011728379633650282,1.1092362797970662e-08,7.279592664843904e-05,0.003964571393904335,8.672916330301319e-09,7.111185976261629e-05,0.003505635745441803,9.707307451963188e-12,2.434023224021981e-06,0.00011728260473548876,893.4420150200687
Lang_L20.self_attn.v_proj,Base->Stage1,3.435768325285185e-05,1.3164838478225525e-09,1.8953158126167047e-05,0.0015272956687697793,1.1082098860874977e-09,2.2633255621474917e-05,0.0014012846435582846,6.662195756424799e-13,6.409002299733722e-07,3.4357697161937856e-05,1663.4303863238738
Lang_L20.self_attn.v_proj,Stage1->Stage2,0.0001012853285438807,7.686744134633017e-09,5.878435412776106e-05,0.003690507809658634,6.3439109433255435e-09,6.018937828077977e-05,0.0033526904313579417,5.789784204256125e-12,1.8871681432760032e-06,0.00010128522674322565,1095.707667077138
Lang_L20.self_attn.v_proj,Base->Stage2,0.0001103896486012775,8.485420029698687e-09,6.259289068577534e-05,0.003877498054168299,6.969305146383547e-09,6.356369479221148e-05,0.003514063914313078,6.877432682229152e-12,2.0563276908177726e-06,0.00011038958233916561,1013.3585406647145
Lang_L20.self_attn.o_proj,Base->Stage1,2.949023335118577e-05,1.1509348468798902e-09,1.682216499243258e-05,0.0013422531117972692,5.555705967116569e-13,5.941492658111368e-07,2.949026507192427e-05,5.555705967111414e-13,5.941492658109331e-07,2.9490265071910582e-05,1.000000000000928
Lang_L20.self_attn.o_proj,Stage1->Stage2,7.467405280084316e-05,7.69451335501026e-09,5.780845305229654e-05,0.0034705508994249757,3.562224985762258e-12,1.4992197195751892e-06,7.467384466849324e-05,3.5622249857610497e-12,1.4992197195749586e-06,7.467384466848058e-05,1.0000000000003393
Lang_L20.self_attn.o_proj,Base->Stage2,7.786090398829269e-05,8.37986379115261e-09,6.109543647662627e-05,0.0036218154670989737,3.872770113286613e-12,1.5646921888118604e-06,7.786077072322571e-05,3.872770113286357e-12,1.5646921888119557e-06,7.786077072322315e-05,1.0000000000000662
Lang_L20.mlp.gate_proj,Base->Stage1,1.3308923291232675e-05,1.3707263347024067e-09,1.8080777271128858e-05,0.0014052423340585845,1.119238016702835e-09,2.260869942101091e-05,0.0012698051177527049,1.229515856844064e-13,2.773764421265315e-07,1.3308923034482413e-05,9103.07915487734
Lang_L20.mlp.gate_proj,Stage1->Stage2,3.5826180524017785e-05,9.619274221861664e-09,6.509950356784326e-05,0.0037225897130115375,7.812052442596265e-09,6.706880101302009e-05,0.003354722450801787,8.909417832820641e-13,7.466929126887565e-07,3.582602986069136e-05,8768.308535062879
Lang_L20.mlp.gate_proj,Base->Stage2,3.7654763154596465e-05,1.0429923242117708e-08,6.856296196951152e-05,0.003876274964381664,8.471074135335395e-09,7.018481853284158e-05,0.0034933593421459207,9.84210810140752e-13,7.847455198486505e-07,3.7654604075000595e-05,8606.971238330481
Lang_L20.mlp.up_proj,Base->Stage1,1.3866329866904754e-05,1.281696224806644e-09,1.7164513377651002e-05,0.0013326455021854965,1.0151175155925129e-09,2.1618533589410085e-05,0.0011859878668214181,1.3876463711549118e-13,2.95931062566124e-07,1.386632858940532e-05,7315.390554062054
Lang_L20.mlp.up_proj,Stage1->Stage2,3.6638404974265186e-05,8.78395830343087e-09,6.101720456265658e-05,0.003488720896087882,6.870380844541788e-09,6.260098003025332e-05,0.003085400173933358,9.687884375191793e-13,7.816553193684716e-07,3.663832132300822e-05,7091.724651602041
Lang_L20.mlp.up_proj,Base->Stage2,3.856695169627249e-05,9.524451876429756e-09,6.43512290907393e-05,0.0036327966602324115,7.419390044960561e-09,6.542760285209448e-05,0.0032063076795074753,1.0734612633398828e-12,8.228092562834342e-07,3.8566860088721174e-05,6911.65140125919
Lang_L20.mlp.down_proj,Base->Stage1,1.3714906343962307e-05,1.233022841338927e-09,1.6899731749778794e-05,0.0013420262703265694,9.79663415990888e-10,2.1193339817071358e-05,0.0011962278287587656,1.2877602223612836e-13,2.8468940206335276e-07,1.3714909916746215e-05,7607.498655258522
Lang_L20.mlp.down_proj,Stage1->Stage2,3.584021157926138e-05,8.303518574832863e-09,5.930289037190057e-05,0.0034826174363172596,6.502824569027194e-09,6.0817718919040216e-05,0.003081950848716269,8.794076047381261e-13,7.444369012484216e-07,3.584014827721897e-05,7394.551211509745
Lang_L20.mlp.down_proj,Base->Stage2,3.758595945159061e-05,9.012600455698667e-09,6.258154829936128e-05,0.0036282712585542247,7.033380959386279e-09,6.362365731947577e-05,0.0032052119997552932,9.671650524411281e-13,7.807472517651687e-07,3.758590285739002e-05,7272.16201788309
Lang_L21.self_attn.q_proj,Base->Stage1,3.5182228308854565e-05,1.651090183162729e-09,2.071568808246181e-05,0.0015367113666293407,8.654299350939851e-13,7.406810517102865e-07,3.518218943350816e-05,8.654299350931375e-13,7.406810517099901e-07,3.5182189433490923e-05,1.0000000000009794
Lang_L21.self_attn.q_proj,Stage1->Stage2,8.714084627021025e-05,1.0582814374683777e-08,6.954704355630059e-05,0.0038905132920902244,5.309207931455185e-12,1.831168581243501e-06,8.714072751372355e-05,5.309207931458036e-12,1.8311685812438978e-06,8.714072751374695e-05,0.9999999999994629
Lang_L21.self_attn.q_proj,Base->Stage2,9.115347201209807e-05,1.1575469896115777e-08,7.36013388885539e-05,0.004068887001613909,5.809405066336765e-12,1.914483665138129e-06,9.115324706541744e-05,5.809405066331726e-12,1.9144836651373044e-06,9.115324706537791e-05,1.0000000000008673
Lang_L21.self_attn.k_proj,Base->Stage1,4.696833302796178e-05,1.966331461103743e-09,2.3979202740553873e-05,0.0016112635399020848,1.5650949181374259e-09,2.770295428288453e-05,0.0014375023275363117,1.67083122080323e-12,1.0172749253720105e-06,4.696826382075998e-05,936.716347319047
Lang_L21.self_attn.k_proj,Stage1->Stage2,0.00011615015368329942,1.150366615957176e-08,7.364303737089628e-05,0.0038972419826079096,8.815942669921073e-09,7.210125583451814e-05,0.0034117218431873536,1.021793523711554e-11,2.498654589403839e-06,0.0001161504268697017,862.7910106435319
Lang_L21.self_attn.k_proj,Base->Stage2,0.00012433252896379483,1.2693772609570984e-08,7.821436175814434e-05,0.004093875155390751,9.631221132923017e-09,7.584763071170202e-05,0.0035659883052387388,1.1708245580621239e-11,2.677521884893351e-06,0.00012433263819250606,822.6015645643799
Lang_L21.self_attn.v_proj,Base->Stage1,4.015474554696944e-05,1.4406120364543137e-09,1.9557807766454327e-05,0.0016040593332009349,1.1579548018633722e-09,2.34702631330544e-05,0.0014381120094970777,9.027700780240978e-13,7.505241567619234e-07,4.015461692410114e-05,1282.6685665056598
Lang_L21.self_attn.v_proj,Stage1->Stage2,0.00010460982260399738,8.320535034826176e-09,6.098293465868487e-05,0.0038549609827206073,6.611692780146907e-09,6.173324375791903e-05,0.0034363761222534826,6.127045609260973e-12,1.954825881107046e-06,0.00010460920860900962,1079.0996512500892
Lang_L21.self_attn.v_proj,Base->Stage2,0.00011123726982481771,9.159327644004097e-09,6.493078146396769e-05,0.00404460539982024,7.194208571509458e-09,6.497333475205231e-05,0.003584560148991082,6.927938790279041e-12,2.0786000825385723e-06,0.00011123626061983575,1038.4341994481872
Lang_L21.self_attn.o_proj,Base->Stage1,3.06727754352673e-05,1.1445410261443618e-09,1.6668995337719428e-05,0.0013748435901665445,5.696795344707852e-13,6.003503049962354e-07,3.0672764476295426e-05,5.696795344701905e-13,6.003503049959034e-07,3.067276447627941e-05,1.000000000001044
Lang_L21.self_attn.o_proj,Stage1->Stage2,7.990253957822296e-05,8.702298976800393e-09,6.220216536369921e-05,0.003790984116760431,3.865858413101436e-12,1.5646054099024292e-06,7.990205276055409e-05,3.865858413103825e-12,1.5646054099029937e-06,7.990205276057876e-05,0.9999999999993822
Lang_L21.self_attn.o_proj,Base->Stage2,8.356004829355251e-05,9.339453671089264e-09,6.512781341144747e-05,0.003927314680219787,4.227872019303736e-12,1.6358615680649592e-06,8.355950933733024e-05,4.227872019304331e-12,1.6358615680651421e-06,8.355950933733612e-05,0.9999999999998592
Lang_L21.mlp.gate_proj,Base->Stage1,1.2479760280710035e-05,1.2618209071821853e-09,1.694374584379423e-05,0.0013207015750137656,1.0299771731404355e-09,2.150370631961439e-05,0.0011932175603249827,1.1266820954149067e-13,2.6539153443001764e-07,1.2479768598601456e-05,9141.684041416676
Lang_L21.mlp.gate_proj,Stage1->Stage2,3.496666324369404e-05,9.400522031853846e-09,6.375257079441352e-05,0.0036048006569591867,7.63709216878651e-09,6.607883054222234e-05,0.0032491464260170203,8.844977029368008e-13,7.437725675446292e-07,3.49666174678104e-05,8634.383270221106
Lang_L21.mlp.gate_proj,Base->Stage2,3.6469360754708156e-05,1.0142938022738949e-08,6.698623609879981e-05,0.0037444423940402676,8.240677713101152e-09,6.898962484720763e-05,0.0033751006802345837,9.621553703800506e-13,7.755077078959934e-07,3.646933731877914e-05,8564.80976647887
Lang_L21.mlp.up_proj,Base->Stage1,1.3317282924497545e-05,1.178465514027176e-09,1.6232317006658394e-05,0.0012993770805462671,9.39067694425243e-10,2.0665880699030908e-05,0.001159912458510272,1.2378785548243465e-13,2.798306892505881e-07,1.3317287715489115e-05,7586.105202044602
Lang_L21.mlp.up_proj,Stage1->Stage2,3.6857326458100187e-05,8.575493185053466e-09,6.0172620078978445e-05,0.0035051412478587945,6.732271695137234e-09,6.194726111682931e-05,0.003105680589789678,9.481872968706397e-13,7.748396382415574e-07,3.6857259199255446e-05,7100.149640641845
Lang_L21.mlp.up_proj,Base->Stage2,3.889406527701039e-05,9.258777526878727e-09,6.330319868427948e-05,0.003642107790915222,7.248638564691193e-09,6.464109777382062e-05,0.003222583603967063,1.0558773261178183e-12,8.177055112293489e-07,3.8894008293855996e-05,6865.038565931253
Lang_L21.mlp.down_proj,Base->Stage1,1.2839276392439367e-05,1.1333934502999899e-09,1.5969885455349107e-05,0.0013087797278668843,9.033612583304033e-10,2.0248565693107002e-05,0.0011684414119427155,1.0907591932489962e-13,2.626313848485608e-07,1.283927944063422e-05,8281.949525812393
Lang_L21.mlp.down_proj,Stage1->Stage2,3.5122486875008666e-05,8.138895785678627e-09,5.862900597221058e-05,0.0035071815589562314,6.378518905398051e-09,6.022608599296162e-05,0.003104812860657076,8.162404206665738e-13,7.182153653625378e-07,3.512242985749121e-05,7814.5099702231155
Lang_L21.mlp.down_proj,Base->Stage2,3.6974803470577386e-05,8.791837198817616e-09,6.16945079379592e-05,0.0036451493234398924,6.8728058637345e-09,6.287648497604936e-05,0.0032228681859212513,9.046061469456546e-13,7.562340785066191e-07,3.697475222427343e-05,7597.567059366216
Lang_L22.self_attn.q_proj,Base->Stage1,3.37066394867608e-05,1.592316323611797e-09,2.0316380170134346e-05,0.001502445571924725,8.014267236510467e-13,7.129862779798303e-07,3.370668049478642e-05,8.014267236504043e-13,7.129862779795361e-07,3.37066804947729e-05,1.0000000000008016
Lang_L22.self_attn.q_proj,Stage1->Stage2,8.808743730584765e-05,1.0887331853729272e-08,7.097717039138314e-05,0.00392863183413395,5.473432945681407e-12,1.8601677394648495e-06,8.808673281752727e-05,5.4734329456840585e-12,1.8601677394651115e-06,8.808673281754862e-05,0.9999999999995156
Lang_L22.self_attn.q_proj,Base->Stage2,9.190099667767286e-05,1.1819348648246322e-08,7.471235496315891e-05,0.0040933357919787725,5.95762757073461e-12,1.9408788577077894e-06,9.190037349724284e-05,5.9576275707356765e-12,1.9408788577079122e-06,9.190037349725108e-05,0.999999999999821
Lang_L22.self_attn.k_proj,Base->Stage1,4.12450139914008e-05,1.7210797541740995e-09,2.2485789442638904e-05,0.001591076929797272,1.3946083909930536e-09,2.5990796540431585e-05,0.0014322433605493735,1.1565403023613585e-12,8.498406468026746e-07,4.124497706106704e-05,1205.845043312041
Lang_L22.self_attn.k_proj,Stage1->Stage2,0.0001173011960758418,1.1388204143475493e-08,7.426049878955787e-05,0.004092736548380431,9.076891473919911e-09,7.32230065690429e-05,0.0036538838632136964,9.354563330784537e-12,2.4121580423857757e-06,0.0001172999772044249,970.3169622091448
Lang_L22.self_attn.k_proj,Base->Stage2,0.00012410780272165963,1.2449242838226247e-08,7.84284570589655e-05,0.0042791512495817755,9.851793259315055e-09,7.669166484796205e-05,0.0038066575819432525,1.0471672088735601e-11,2.5542364549400595e-06,0.00012410640199949619,940.8042169227825
Lang_L22.self_attn.v_proj,Base->Stage1,3.7288577681074376e-05,1.2164227017826936e-09,1.7310936135661592e-05,0.001388753463601968,1.0055517029444669e-09,2.1240899208705387e-05,0.0012626561537583598,8.769784171913883e-13,7.354865912303791e-07,3.728870915735508e-05,1146.6094070648255
Lang_L22.self_attn.v_proj,Stage1->Stage2,9.45526386458068e-05,8.892368867033598e-09,6.303285646769297e-05,0.003754808607830267,7.190908499290036e-09,6.431168552283234e-05,0.003376532632853368,5.638732763754711e-12,1.8694725360572903e-06,9.455180551690674e-05,1275.2703134847206
Lang_L22.self_attn.v_proj,Base->Stage2,0.00010071312203824063,9.588042397594853e-09,6.617388117424738e-05,0.003898917474973528,7.707273918185685e-09,6.700233831141772e-05,0.003495662270767711,6.397486631876699e-12,1.9939240208784206e-06,0.00010071258973014564,1204.7346656080094
Lang_L22.self_attn.o_proj,Base->Stage1,2.8791821178598844e-05,1.11272658913331e-09,1.6030957743028975e-05,0.0013225138959925642,5.273840251169236e-13,5.781070638999789e-07,2.8791845044830412e-05,5.273840251168284e-13,5.781070638999517e-07,2.879184504482782e-05,1.0000000000001805
Lang_L22.self_attn.o_proj,Stage1->Stage2,8.032615446198678e-05,8.665477772963733e-09,6.146784676507619e-05,0.003690620470935948,4.10489383993978e-12,1.6113594035159097e-06,8.032562159469062e-05,4.104893839940122e-12,1.6113594035159347e-06,8.032562159469397e-05,0.9999999999999167
Lang_L22.self_attn.o_proj,Base->Stage2,8.241203184243815e-05,9.304422455540247e-09,6.438623705888689e-05,0.00382426378125284,4.320857475288147e-12,1.6518348070304688e-06,8.24115534507469e-05,4.320857475291935e-12,1.651834807031008e-06,8.241155345078304e-05,0.9999999999991234
Lang_L22.mlp.gate_proj,Base->Stage1,1.2598829849663606e-05,1.2289748231976767e-09,1.6587140311396988e-05,0.0013176711170587634,1.0030590916355964e-09,2.1150347982688938e-05,0.0011904161022974554,1.1235418895613969e-13,2.654199769143422e-07,1.2598828609563085e-05,8927.651927843704
Lang_L22.mlp.gate_proj,Stage1->Stage2,3.504740748386566e-05,9.383742956871121e-09,6.375156649596756e-05,0.0036410061025084293,7.627479070790014e-09,6.606490900245752e-05,0.003282644614464435,8.694422269326612e-13,7.37893017664181e-07,3.50472317160283e-05,8772.84175361403
Lang_L22.mlp.gate_proj,Base->Stage2,3.6405847053602926e-05,1.0107232268938083e-08,6.68984799524631e-05,0.0037787614699478426,8.216037406250714e-09,6.889774459699179e-05,0.0034069405811839436,9.381475053734856e-13,7.664229324004785e-07,3.640566088956203e-05,8757.724514739108
Lang_L22.mlp.up_proj,Base->Stage1,1.2488113792617183e-05,1.1693353857821589e-09,1.6045315531343444e-05,0.00128749733491767,9.340179786856856e-10,2.052020292954884e-05,0.0011506795917100442,1.1001210742902734e-13,2.636846570339215e-07,1.2488119179478897e-05,8490.13804492613
Lang_L22.mlp.up_proj,Stage1->Stage2,3.473253815440343e-05,8.534435266179176e-09,5.986120773791065e-05,0.0034782626980668636,6.7473849027888885e-09,6.192142950161082e-05,0.003092735130292193,8.509802046481057e-13,7.333689470548084e-07,3.473239358985136e-05,7928.956356369116
Lang_L22.mlp.up_proj,Base->Stage2,3.593782959683311e-05,9.204797292592659e-09,6.292772189822661e-05,0.003612285762997183,7.2574021709856235e-09,6.457593088739876e-05,0.003207491987257445,9.110673428508506e-13,7.5879590209784e-07,3.5937695517682095e-05,7965.8240721001475
Lang_L22.mlp.down_proj,Base->Stage1,1.3153646142129934e-05,1.1206487840547734e-09,1.5760835032716623e-05,0.0012939449797294365,8.936948718480289e-10,2.0059555208649094e-05,0.0011555152480962846,1.158058010998157e-13,2.7008938844807446e-07,1.3153647689291153e-05,7717.185696748755
Lang_L22.mlp.down_proj,Stage1->Stage2,3.621396075163936e-05,8.164938259704349e-09,5.8630669659247914e-05,0.0034926589647560585,6.4293123036391186e-09,6.041722008210161e-05,0.0030992883957909638,8.777886428688929e-13,7.437408743351503e-07,3.6213850792857274e-05,7324.442342550797
Lang_L22.mlp.down_proj,Base->Stage2,3.754356584657138e-05,8.806069147775312e-09,6.164003979470507e-05,0.0036271939200786503,6.9148893469460745e-09,6.301648928498915e-05,0.0032141959281243256,9.434286149942112e-13,7.700144411321734e-07,3.754345626662199e-05,7329.531071080034
Lang_L23.self_attn.q_proj,Base->Stage1,3.1454237747994456e-05,1.4942425783986142e-09,1.9517938804662627e-05,0.0014253850210009867,7.276361681213135e-13,6.794631852517098e-07,3.1454209561980325e-05,7.276361681214576e-13,6.794631852518009e-07,3.145420956198344e-05,0.9999999999998019
Lang_L23.self_attn.q_proj,Stage1->Stage2,8.023974281351201e-05,9.818734899263502e-09,6.625861040441411e-05,0.0036538315536254026,4.7351722547516045e-12,1.7319254106709157e-06,8.023957982679789e-05,4.735172254756062e-12,1.7319254106717729e-06,8.023957982683565e-05,0.9999999999990586
Lang_L23.self_attn.q_proj,Base->Stage2,8.378017475270058e-05,1.0687770081078648e-08,6.992368304874208e-05,0.003812100187299134,5.162243328988825e-12,1.8070969830302386e-06,8.377992949960246e-05,5.162243328990989e-12,1.8070969830304923e-06,8.377992949962001e-05,0.9999999999995808
Lang_L23.self_attn.k_proj,Base->Stage1,3.850252309922212e-05,1.7535041842605309e-09,2.0980982380791602e-05,0.0013859077547292203,1.42524020824669e-09,2.5158393438486545e-05,0.0012494674724008669,1.3533537902983153e-12,9.08322448551883e-07,3.850229288626199e-05,1053.117239899649
Lang_L23.self_attn.k_proj,Stage1->Stage2,9.716938266628964e-05,9.888483534011239e-09,6.489095604145234e-05,0.0032911550335648653,7.977862410542056e-09,6.690744115704495e-05,0.0029561520233546386,8.619797117967747e-12,2.2897083529323233e-06,9.716995808381108e-05,925.5278635169273
Lang_L23.self_attn.k_proj,Base->Stage2,0.00010535267805758862,1.0980794788178871e-08,6.931040352675666e-05,0.003468170030647192,8.77179287888096e-09,7.06347197383499e-05,0.003099757201167259,1.0132675232101188e-11,2.483905811768203e-06,0.0001053526720099947,865.693676936488
Lang_L23.self_attn.v_proj,Base->Stage1,4.914346171606354e-05,1.573144428974643e-09,2.080684193028759e-05,0.001740368814675408,1.2713258553822495e-09,2.4627074798979246e-05,0.0015645355437460104,1.254334151922181e-12,8.76974141021555e-07,4.9143220972165133e-05,1013.5463930676126
Lang_L23.self_attn.v_proj,Stage1->Stage2,0.00011097242851827943,8.391329273330156e-09,6.172193129971859e-05,0.004019488479516221,6.816320917801856e-09,6.267249163589623e-05,0.0036226837358716,6.396113942265436e-12,1.990012271870613e-06,0.00011097202285071459,1065.6972310577048
Lang_L23.self_attn.v_proj,Base->Stage2,0.00011552775182079057,9.390048312445456e-09,6.628121278628996e-05,0.004251961466937632,7.5280308455818e-09,6.642360417999894e-05,0.003807115930282002,6.93193370061046e-12,2.0695611625082918e-06,0.00011552676355597469,1085.9929091530182
Lang_L23.self_attn.o_proj,Base->Stage1,3.174910159129673e-05,1.1539515229258481e-09,1.6909497665436053e-05,0.001447699862488645,5.549995095866086e-13,5.93476451867883e-07,3.174907307996604e-05,5.549995095871135e-13,5.934764518681551e-07,3.174907307998047e-05,0.9999999999990902
Lang_L23.self_attn.o_proj,Stage1->Stage2,7.990862056479502e-05,7.790340977305852e-09,5.854470811464396e-05,0.0037614995815532437,3.515748220891758e-12,1.4944464572205345e-06,7.990825875626519e-05,3.51574822089352e-12,1.4944464572209038e-06,7.990825875628523e-05,0.9999999999994987
Lang_L23.self_attn.o_proj,Base->Stage2,8.358508387277887e-05,8.451697140492903e-09,6.172342412359309e-05,0.003917912634770559,3.8466908419546016e-12,1.56268226913243e-06,8.358463035735939e-05,3.846690841957721e-12,1.5626822691329787e-06,8.35846303573933e-05,0.999999999999189
Lang_L23.mlp.gate_proj,Base->Stage1,1.2148086920861425e-05,1.1225552236545368e-09,1.569226545410331e-05,0.001294806567878738,9.131576776195773e-10,2.0126615815216847e-05,0.0011678146620579665,9.881301569031503e-14,2.489764724802883e-07,1.2148093139957753e-05,9241.269191514804
Lang_L23.mlp.gate_proj,Stage1->Stage2,3.5816828680861186e-05,9.215332329440311e-09,6.351497249593761e-05,0.003709835914082433,7.465845782784233e-09,6.550211309876768e-05,0.0033391713672962474,8.589585104593043e-13,7.340671537143565e-07,3.5816677286092706e-05,8691.742024643401
Lang_L23.mlp.gate_proj,Base->Stage2,3.6829381638945356e-05,9.87399062927622e-09,6.63954787832932e-05,0.00384012671908072,7.997896135789441e-09,6.809109610677241e-05,0.003456106209711975,9.082119810251446e-13,7.547714271607855e-07,3.68292448186142e-05,8806.19976710923
Lang_L23.mlp.up_proj,Base->Stage1,1.1615149556081332e-05,1.0322118050376388e-09,1.4733739989064673e-05,0.0011987056985720648,8.294957909307956e-10,1.9132143162502946e-05,0.0010745713379551425,9.691560952166441e-14,2.473976873540446e-07,1.1615155406094695e-05,8558.9493274081
Lang_L23.mlp.up_proj,Stage1->Stage2,3.434732403069188e-05,8.31449225756751e-09,5.8806477035311276e-05,0.0034020756082798636,6.629945020580127e-09,6.124314346732844e-05,0.0030379530521905842,8.474800746796567e-13,7.312033172063316e-07,3.434716075245391e-05,7823.1279043182385
Lang_L23.mlp.up_proj,Base->Stage2,3.566989054337453e-05,8.907929254209257e-09,6.15576392908397e-05,0.003521392818698591,7.087364784819464e-09,6.365125193045164e-05,0.0031410039878094612,9.140031080487066e-13,7.595227189928127e-07,3.566973894317955e-05,7754.202061686844
Lang_L23.mlp.down_proj,Base->Stage1,1.1643776500262122e-05,9.760631231996393e-10,1.4335672905626942e-05,0.0012008007821533598,7.830556052582485e-10,1.8565388104272203e-05,0.0010755443197603902,9.177491216625065e-14,2.405814936413565e-07,1.1643780193661671e-05,8532.349274709628
Lang_L23.mlp.down_proj,Stage1->Stage2,3.5167290162080036e-05,7.962271508633849e-09,5.7603167997517526e-05,0.0034296390750060864,6.328695492613359e-09,5.9789986855899156e-05,0.003057644759665909,8.371702568388272e-13,7.270483687445485e-07,3.5167121538725905e-05,7559.627735116448
Lang_L23.mlp.down_proj,Base->Stage2,3.6811786130506676e-05,8.517862369198351e-09,6.024949796886114e-05,0.0035472780903483994,6.7569533305617525e-09,6.210104664206911e-05,0.0031594056241312767,9.172971339962359e-13,7.612000144570037e-07,3.681162129857069e-05,7366.155502007138
Lang_L24.self_attn.q_proj,Base->Stage1,2.7669242279391593e-05,1.0915797857698603e-09,1.558665525686889e-05,0.001233409878771144,5.493323261249751e-13,5.900923451227272e-07,2.76692417810454e-05,5.493323261261862e-13,5.900923451234042e-07,2.7669241781075896e-05,0.9999999999977953
Lang_L24.self_attn.q_proj,Stage1->Stage2,7.999054696953265e-05,9.413119884728426e-09,6.411772864853976e-05,0.003621963258507554,4.591112899683881e-12,1.7067417709518738e-06,7.999009854955175e-05,4.591112899688998e-12,1.7067417709528092e-06,7.999009854959632e-05,0.9999999999988856
Lang_L24.self_attn.q_proj,Base->Stage2,8.330728308281651e-05,1.0092961455823454e-08,6.701982799160863e-05,0.0037504774010345696,4.979738827978196e-12,1.7774522537410266e-06,8.330681456913922e-05,4.979738827984979e-12,1.7774522537422074e-06,8.330681456919597e-05,0.9999999999986379
Lang_L24.self_attn.k_proj,Base->Stage1,3.038387375178063e-05,1.1283474715443973e-09,1.6009192382815396e-05,0.0012054100773704448,9.423260864967012e-10,2.0085942976289157e-05,0.0011015748064137716,7.169009580309248e-13,6.705032521009771e-07,3.038386153617136e-05,1314.4438934562734
Lang_L24.self_attn.k_proj,Stage1->Stage2,9.260312987167387e-05,8.731896662513409e-09,6.078046997926023e-05,0.003353230436706749,7.2732186479128374e-09,6.355348722200998e-05,0.003060359370343858,6.659238284735271e-12,2.0244047595829866e-06,9.260221682708551e-05,1092.1997887633743
Lang_L24.self_attn.k_proj,Base->Stage2,0.00010006809669005145,9.412490059423855e-09,6.386386132900546e-05,0.003481459690128684,7.779023968510084e-09,6.622949158350093e-05,0.0031649850331344907,7.776141488706086e-12,2.187239059049412e-06,0.00010006706981156238,1000.3706825304276
Lang_L24.self_attn.v_proj,Base->Stage1,3.3219030166080606e-05,1.004609178379877e-09,1.5032808492687622e-05,0.0012491920646164267,8.459688787956552e-10,1.9023898643966102e-05,0.0011463251987020762,7.10417193353865e-13,6.670769665261716e-07,3.321906295665689e-05,1190.8057500718044
Lang_L24.self_attn.v_proj,Stage1->Stage2,8.043634898442892e-05,7.1768365675354146e-09,5.445316427857283e-05,0.003338807913047557,5.98488398953192e-09,5.746856992860584e-05,0.003048967352731011,4.1652723899196296e-12,1.614801099281907e-06,8.043528586908524e-05,1436.852966450869
Lang_L24.self_attn.v_proj,Base->Stage2,8.891262313674439e-05,7.74209211496578e-09,5.7262118327933154e-05,0.0034678002452732145,6.417875526679734e-09,5.997493143990736e-05,0.0031573341774288155,5.089397965929369e-12,1.7854990456359984e-06,8.891153575637864e-05,1261.0284300115195
Lang_L24.self_attn.o_proj,Base->Stage1,2.9107230913625604e-05,1.046957102679766e-09,1.547784282773801e-05,0.0013069098026297723,5.193243436330456e-13,5.741392167615143e-07,2.9107205503628848e-05,5.19324343633403e-13,5.74139216761658e-07,2.910720550363887e-05,0.9999999999993117
Lang_L24.self_attn.o_proj,Stage1->Stage2,7.720758045964344e-05,7.609980573056223e-09,5.6911799222521264e-05,0.0035234702118330154,3.653907442839558e-12,1.5242647061665238e-06,7.720716419719011e-05,3.653907442836535e-12,1.5242647061659342e-06,7.720716419715821e-05,1.0000000000008273
Lang_L24.self_attn.o_proj,Base->Stage2,7.99236566535129e-05,8.211313891704987e-09,5.9880671295801935e-05,0.003660034315455579,3.915503254364505e-12,1.5772756489974678e-06,7.9923155976137e-05,3.915503254363321e-12,1.577275648997299e-06,7.992315597612492e-05,1.0000000000003024
Lang_L24.mlp.gate_proj,Base->Stage1,1.1595765521752291e-05,1.0194247728166936e-09,1.4624566409428953e-05,0.001232338305117475,8.296185050493994e-10,1.9005243246835416e-05,0.001111710152431224,9.025977269573929e-14,2.3781839963375207e-07,1.1595766838104914e-05,9191.453515465828
Lang_L24.mlp.gate_proj,Stage1->Stage2,3.479845788770675e-05,8.952536036680587e-09,6.230623560187076e-05,0.003651940032309181,7.275326844679511e-09,6.453923994272114e-05,0.003292129064570133,8.128591221143164e-13,7.139790915949487e-07,3.479831703299166e-05,8950.292426756263
Lang_L24.mlp.gate_proj,Base->Stage2,3.57715222448704e-05,9.543934108106654e-09,6.49430072373898e-05,0.0037706334392586904,7.7540015671547e-09,6.690665309025718e-05,0.0033987055504326857,8.589546385003714e-13,7.338033364108476e-07,3.577138151225761e-05,9027.253849740224
Lang_L24.mlp.up_proj,Base->Stage1,1.1484806949620686e-05,9.53325001854143e-10,1.3913604740626828e-05,0.0011582560858678457,7.664971939632181e-10,1.825991244229909e-05,0.0010385786342144874,9.373019821175489e-14,2.433686787683282e-07,1.1484811381689367e-05,8177.697354608711
Lang_L24.mlp.up_proj,Stage1->Stage2,3.370067621781407e-05,8.107105060882438e-09,5.7858745184601085e-05,0.003377658774725809,6.4665448243175365e-09,6.04125164337911e-05,0.0030166089748432504,8.070659629575636e-13,7.141703876187652e-07,3.370058102795277e-05,8012.411774398613
Lang_L24.mlp.up_proj,Base->Stage2,3.4508942986352695e-05,8.645928156787471e-09,6.040384519701539e-05,0.0034880980457041863,6.883287420244941e-09,6.264682825838468e-05,0.0031122955004169706,8.462437038820105e-13,7.313118987008551e-07,3.450885883068684e-05,8133.930437141143
Lang_L24.mlp.down_proj,Base->Stage1,1.186319315354329e-05,9.187110354713721e-10,1.3724184495427902e-05,0.001170549742327216,7.393079625023644e-10,1.791817617268305e-05,0.0010500575429549597,9.436321626041166e-14,2.4406099737104976e-07,1.1863197880721835e-05,7834.705002658196
Lang_L24.mlp.down_proj,Stage1->Stage2,3.529653467366127e-05,7.920110369045e-09,5.7405430368250196e-05,0.00343688133933635,6.309341538046348e-09,5.9678614029090106e-05,0.0030675449823395796,8.353400900124754e-13,7.263361013254311e-07,3.52964139110122e-05,7553.021354394856
Lang_L24.mlp.down_proj,Base->Stage2,3.6528830933569625e-05,8.441476999853768e-09,5.9904580093774205e-05,0.0035482004122026683,6.714614992849126e-09,6.187746603334407e-05,0.0031645319091238725,8.946868999359631e-13,7.513812050031804e-07,3.652872051047595e-05,7504.988609232707
Lang_L25.self_attn.q_proj,Base->Stage1,2.5589021213759687e-05,9.289509369137743e-10,1.4449768243118138e-05,0.001184593602883093,4.334727909774168e-13,5.246943381027138e-07,2.558903542332432e-05,4.334727909778055e-13,5.246943381028504e-07,2.5589035423335792e-05,0.9999999999991033
Lang_L25.self_attn.q_proj,Stage1->Stage2,7.657019346384806e-05,8.328645968019233e-09,6.087189490646544e-05,0.003546973897183704,3.881266822282328e-12,1.5679002784726518e-06,7.656980508501918e-05,3.881266822284598e-12,1.5679002784730575e-06,7.656980508504154e-05,0.9999999999994151
Lang_L25.self_attn.q_proj,Base->Stage2,7.900137172325293e-05,8.883146561256562e-09,6.340082247302883e-05,0.003663145805503148,4.131652218333339e-12,1.617432799995131e-06,7.900101488224177e-05,4.1316522183342225e-12,1.6174327999953118e-06,7.900101488225024e-05,0.9999999999997861
Lang_L25.self_attn.k_proj,Base->Stage1,3.5530021379102516e-05,9.73934185577742e-10,1.5700898233106386e-05,0.001380118071130048,8.056684290990439e-10,1.885417385050003e-05,0.001255248208902015,6.454958384718654e-13,6.35803496850811e-07,3.553024161747523e-05,1248.1388431664689
Lang_L25.self_attn.k_proj,Stage1->Stage2,0.00010147061211412576,7.801645873717389e-09,6.0219787941573344e-05,0.0039060595921594317,6.465055664427637e-09,6.0888685183422766e-05,0.003555755433720298,5.2647491782695385e-12,1.8031546297812323e-06,0.00010146928282900613,1227.9893012021182
Lang_L25.self_attn.k_proj,Base->Stage2,0.00010650905314215588,8.3012343243001e-09,6.250450550338016e-05,0.004029183851545981,6.8524547220620485e-09,6.29003622925007e-05,0.0036607395846092903,5.8006352413509255e-12,1.8978363408705116e-06,0.00010650831805664289,1181.3283264586314
Lang_L25.self_attn.v_proj,Base->Stage1,3.05724839358936e-05,9.646091257097584e-10,1.4477185552586036e-05,0.001200837478699562,8.200436228945432e-10,1.8376660244566994e-05,0.0011072024259393559,6.252383991054673e-13,6.255919802851057e-07,3.0572529453159495e-05,1311.569513433252
Lang_L25.self_attn.v_proj,Stage1->Stage2,8.227234770330673e-05,6.90381509661506e-09,5.2841116727986304e-05,0.0032125463425582423,5.860815575513513e-09,5.622429435360575e-05,0.0029599464455271245,4.527835905701028e-12,1.684552659441488e-06,8.22716420118088e-05,1294.3966383883571
Lang_L25.self_attn.v_proj,Base->Stage2,8.531353596284321e-05,7.478364582165486e-09,5.577221254915443e-05,0.003343552467593543,6.315968396441588e-09,5.8876477233711645e-05,0.0030727328244531506,4.8687791619474055e-12,1.746980987583844e-06,8.531293120185534e-05,1297.238627252779
Lang_L25.self_attn.o_proj,Base->Stage1,3.0670969643236366e-05,1.231939610348527e-09,1.6992794380872486e-05,0.0013787276100500885,6.096587023039478e-13,6.22507381517477e-07,3.067094461779425e-05,6.096587023043182e-13,6.225073815177038e-07,3.067094461780356e-05,0.9999999999993925
Lang_L25.self_attn.o_proj,Stage1->Stage2,7.274104587464959e-05,7.363761158140389e-09,5.54888518223982e-05,0.0033707972068561026,3.4291900576556647e-12,1.475282493156649e-06,7.274088095235567e-05,3.4291900576559866e-12,1.4752824931565205e-06,7.274088095235907e-05,0.9999999999999061
Lang_L25.self_attn.o_proj,Base->Stage2,7.553921437973538e-05,8.144874753465592e-09,5.9337582758917096e-05,0.0035450713762825996,3.698083326443077e-12,1.531008350418999e-06,7.553898147858224e-05,3.698083326443578e-12,1.531008350419044e-06,7.553898147858736e-05,0.9999999999998646
Lang_L25.mlp.gate_proj,Base->Stage1,1.1112341580577503e-05,9.655529930316888e-10,1.4019978219863122e-05,0.0011864601057865651,7.863650690867148e-10,1.837304218225512e-05,0.001070723142099129,8.469945648900406e-14,2.3004979232701286e-07,1.1112336763218087e-05,9284.18081630551
Lang_L25.mlp.gate_proj,Stage1->Stage2,3.56732139565394e-05,8.953368997098622e-09,6.21848339640402e-05,0.0036129169155822978,7.251528928814688e-09,6.440874774746907e-05,0.0032514683026995963,8.728795360850819e-13,7.383660426879143e-07,3.5673185210843836e-05,8307.59415135133
Lang_L25.mlp.gate_proj,Base->Stage2,3.630620174233845e-05,9.522542616270792e-09,6.469254045311782e-05,0.003725985797420783,7.711019405148274e-09,6.66726888666588e-05,0.0033529002306123333,9.041304402953141e-13,7.514179696726279e-07,3.6306156747303364e-05,8528.658102286261
Lang_L25.mlp.up_proj,Base->Stage1,1.0989031823265227e-05,9.191032100996847e-10,1.3421754906034501e-05,0.0011260313049645649,7.402967329712508e-10,1.7793889557615422e-05,0.0010105812576198718,8.753513213155692e-14,2.3512475480137752e-07,1.0989034046176659e-05,8457.13846480126
Lang_L25.mlp.up_proj,Stage1->Stage2,3.337681866740949e-05,8.030263234888444e-09,5.730618602513734e-05,0.0033283717815029575,6.421207782936519e-09,6.006670000569565e-05,0.0029762903902549316,8.075198976215583e-13,7.142215875207776e-07,3.337671240405232e-05,7951.764163148582
Lang_L25.mlp.up_proj,Base->Stage2,3.453802023604995e-05,8.561234180852651e-09,5.978426881020087e-05,0.003436648610495426,6.835141783075012e-09,6.226529092627847e-05,0.003070723440800177,8.646859628007441e-13,7.390551515058272e-07,3.4537917262151717e-05,7904.767831474655
Lang_L25.mlp.down_proj,Base->Stage1,1.1486427142866707e-05,9.123488516855324e-10,1.3606713498657753e-05,0.0011557940106543172,7.329673066376072e-10,1.780657601335431e-05,0.0010359583055329984,9.010938557292988e-14,2.386203793604298e-07,1.1486427848451386e-05,8134.19492295152
Lang_L25.mlp.down_proj,Stage1->Stage2,3.266736022188219e-05,7.787116527359515e-09,5.6649918444941085e-05,0.003376655104336666,6.191444064002753e-09,5.902414457629778e-05,0.003010886216893104,7.288331765657653e-13,6.783877421507909e-07,3.266723927035757e-05,8495.008546642466
Lang_L25.mlp.down_proj,Base->Stage2,3.4095359885037994e-05,8.306980630088691e-09,5.91575016721887e-05,0.003487546169185581,6.5929885736523226e-09,6.122600483626568e-05,0.0031069876593007814,7.939454454473104e-13,7.081377174887477e-07,3.409523574067249e-05,8304.082618595816
Lang_L26.self_attn.q_proj,Base->Stage1,3.6073242780870655e-05,1.6578941317077968e-09,2.0220540964175845e-05,0.001556106440562079,8.90937272384531e-13,7.501976375039514e-07,3.6073183174191864e-05,8.909372723841963e-13,7.501976375038159e-07,3.607318317418509e-05,1.0000000000003757
Lang_L26.self_attn.q_proj,Stage1->Stage2,8.21850039347988e-05,9.511573531853657e-09,6.470520816757083e-05,0.003727236755704385,4.624484780085496e-12,1.7122519859244754e-06,8.218498355447308e-05,4.624484780082472e-12,1.7122519859239214e-06,8.21849835544462e-05,1.000000000000654
Lang_L26.self_attn.q_proj,Base->Stage2,8.403935790887185e-05,1.0518981298976656e-08,6.891996148161803e-05,0.0039196531396166944,4.835509154277004e-12,1.7513187457446463e-06,8.403919820381626e-05,4.835509154275946e-12,1.7513187457443736e-06,8.403919820380709e-05,1.0000000000002187
Lang_L26.self_attn.k_proj,Base->Stage1,4.576291490608347e-05,1.864500040516979e-09,2.2242563139929228e-05,0.0016446574325485613,1.506054884406811e-09,2.597252965537216e-05,0.0014781368800775353,1.4435587040825629e-12,9.441142766051127e-07,4.576268297197927e-05,1043.2931339387176
Lang_L26.self_attn.k_proj,Stage1->Stage2,8.768691570181192e-05,9.40835099742943e-09,6.445796813855931e-05,0.003694468365305018,7.725120038010567e-09,6.598883704156039e-05,0.0033477098859007017,5.300063610976934e-12,1.824744926723928e-06,8.768710611221025e-05,1457.5523248458965
Lang_L26.self_attn.k_proj,Base->Stage2,9.789163360830058e-05,1.064994021674489e-08,6.96188631072181e-05,0.003930689887931494,8.637220856751367e-09,7.03053467493891e-05,0.0035398283972613727,6.605386628746877e-12,2.033681696711525e-06,9.789135004613137e-05,1307.6026192262352
Lang_L26.self_attn.v_proj,Base->Stage1,3.1113986247632964e-05,1.0947677984712272e-09,1.528732155645085e-05,0.0011621877207044647,9.186693777501178e-10,1.9505458053316106e-05,0.0010646206734366685,7.846565162742224e-13,7.009711458408923e-07,3.1113944170672925e-05,1170.7917524373945
Lang_L26.self_attn.v_proj,Stage1->Stage2,8.701229036435748e-05,7.981627087093814e-09,5.664387902107326e-05,0.003138062198284894,6.6570374601827935e-09,6.018261246662274e-05,0.002865868976488814,6.136640054548526e-12,1.9586282799668995e-06,8.701240167164134e-05,1084.8016831700184
Lang_L26.self_attn.v_proj,Base->Stage2,8.85964673841471e-05,8.583884146715446e-09,5.945671218543502e-05,0.0032543012613554553,7.109847521329274e-09,6.269590219830963e-05,0.002961733476639221,6.362108715514247e-12,1.9954376606557943e-06,8.859646090463567e-05,1117.530026481886
Lang_L26.self_attn.o_proj,Base->Stage1,2.56093147026486e-05,9.024663013284116e-10,1.3893252835410659e-05,0.0011582186142157322,4.412097482096908e-13,5.291726891777531e-07,2.56092932366292e-05,4.4120974820956635e-13,5.291726891776449e-07,2.5609293236625592e-05,1.000000000000282
Lang_L26.self_attn.o_proj,Stage1->Stage2,7.281584168172391e-05,7.582986387172068e-09,5.614080796491252e-05,0.003357333025569742,3.5669881051572676e-12,1.50294545121396e-06,7.281571443016795e-05,3.5669881051583282e-12,1.502945451214261e-06,7.281571443017881e-05,0.9999999999997027
Lang_L26.self_attn.o_proj,Base->Stage2,7.64160701150862e-05,8.090362013484918e-09,5.865657709980786e-05,0.003467833693914684,3.9284260634773206e-12,1.576666300016577e-06,7.641587251912552e-05,3.928426063476459e-12,1.5766663000163818e-06,7.641587251911717e-05,1.0000000000002194
Lang_L26.mlp.gate_proj,Base->Stage1,1.0753945144342246e-05,8.750966366790491e-10,1.3242264656191054e-05,0.0011376045075624681,7.142707015056646e-10,1.7435555910891777e-05,0.0010277671087286487,7.820043036990348e-14,2.2119780618312043e-07,1.0753946422750134e-05,9133.8461710124
Lang_L26.mlp.gate_proj,Stage1->Stage2,3.3852131544620934e-05,8.541327794337815e-09,6.039940456765641e-05,0.003554053417402641,6.923574823450097e-09,6.277710749182226e-05,0.0031998266513323967,7.748996164010424e-13,6.962738735898611e-07,3.38519724894686e-05,8934.80223361843
Lang_L26.mlp.gate_proj,Base->Stage2,3.418343472158423e-05,9.0479684342924e-09,6.268264940196561e-05,0.0036579418285869318,7.3346098655788505e-09,6.484334571983257e-05,0.0032934400727718197,7.901415604641035e-13,7.030018986732407e-07,3.4183278173487894e-05,9282.652922687346
Lang_L26.mlp.up_proj,Base->Stage1,1.0372979462292756e-05,8.324166581732138e-10,1.2568435286755714e-05,0.0010514548835209565,6.692969755656232e-10,1.683625377021855e-05,0.0009428219663240214,8.10152657974119e-14,2.2614577401302852e-07,1.0372983610734938e-05,8261.368631922756
Lang_L26.mlp.up_proj,Stage1->Stage2,3.225697988711021e-05,7.564260127288163e-09,5.471499531331751e-05,0.003169586249752548,6.017114169667176e-09,5.7790853553099695e-05,0.002826919700696276,7.834420620867441e-13,7.031120132740454e-07,3.225691195128529e-05,7680.356290342948
Lang_L26.mlp.up_proj,Base->Stage2,3.35883596119354e-05,8.033529467171607e-09,5.69853864447217e-05,0.003266423880214793,6.3796684855686275e-09,5.9801549929756076e-05,0.0029108404556138275,8.494492039894881e-13,7.321768295448772e-07,3.358830230496105e-05,7510.359013353759
Lang_L26.mlp.down_proj,Base->Stage1,1.0621469759850397e-05,8.230945006803424e-10,1.2675689479870266e-05,0.001081601547727054,6.589568072356581e-10,1.680118067492725e-05,0.0009677672572260775,7.93751441708703e-14,2.2389192922673355e-07,1.062147212268238e-05,8301.802965133851
Lang_L26.mlp.down_proj,Stage1->Stage2,3.3208004770731646e-05,7.195606980235609e-09,5.355312986747412e-05,0.003197977517773228,5.676076462706554e-09,5.621485068495641e-05,0.0028403104240091025,7.758909128203798e-13,6.98197927507243e-07,3.3207946584251414e-05,7315.559918177024
Lang_L26.mlp.down_proj,Base->Stage2,3.415271983909114e-05,7.657704904497254e-09,5.586621410098341e-05,0.0032990659871925455,6.027881280671412e-09,5.8246038761610964e-05,0.0029270088409045145,8.206649478124198e-13,7.177939413291517e-07,3.415266759480629e-05,7345.118488049779
Lang_L27.self_attn.q_proj,Base->Stage1,2.6706607961447148e-05,9.474421246809255e-10,1.4447377784821552e-05,0.0011953186339040804,4.729574623614028e-13,5.467645349938506e-07,2.6706586717868084e-05,4.729574623606446e-13,5.467645349934382e-07,2.670658671784667e-05,1.0000000000016032
Lang_L27.self_attn.q_proj,Stage1->Stage2,8.066056567562695e-05,8.935826923376029e-09,6.257111733868823e-05,0.0036709041521478334,4.314275129208838e-12,1.647455993499039e-06,8.066025481429059e-05,4.31427512921014e-12,1.6474559934993044e-06,8.066025481430277e-05,0.9999999999996981
Lang_L27.self_attn.q_proj,Base->Stage2,8.390816707394902e-05,9.497628075278611e-09,6.505073387404886e-05,0.003784541311664496,4.668669041808678e-12,1.7135085069410036e-06,8.390777695258661e-05,4.668669041810252e-12,1.7135085069412168e-06,8.390777695260072e-05,0.9999999999996629
Lang_L27.self_attn.k_proj,Base->Stage1,3.7046785645633874e-05,1.1463054006578854e-09,1.7533163680361064e-05,0.001538063260866323,9.57685407596717e-10,2.08385571891536e-05,0.0014058386022199308,6.650429598638888e-13,6.424066327649947e-07,3.7046644628929545e-05,1440.0354043184245
Lang_L27.self_attn.k_proj,Stage1->Stage2,0.00013087260248950837,1.0597950321992138e-08,7.162502591395725e-05,0.00467665104395373,8.706818751083677e-09,7.081468438997039e-05,0.004238905919847067,8.299452029819451e-12,2.2567677512563873e-06,0.00013087260146925732,1049.0835683850669
Lang_L27.self_attn.k_proj,Base->Stage2,0.00013516749268304798,1.1307925113057324e-08,7.444485295193815e-05,0.004830760290203873,9.262610728193291e-09,7.332392699046765e-05,0.004372106497887636,8.85305477042324e-12,2.3390155320693305e-06,0.00013516697712102985,1046.261541173146
Lang_L27.self_attn.v_proj,Base->Stage1,2.6981266021683087e-05,9.063963866662516e-10,1.3589281402381914e-05,0.0010992866596028215,7.804354533782107e-10,1.7425513137094685e-05,0.001020047439254519,5.460341302817547e-13,5.759958415857446e-07,2.698123158409371e-05,1429.279618428805
Lang_L27.self_attn.v_proj,Stage1->Stage2,6.962868766273206e-05,5.729342399746697e-09,4.560152441568377e-05,0.0027637574794843723,4.81797833256957e-09,4.982544136655446e-05,0.0025344280318334664,3.6364085478136787e-12,1.4913369359661538e-06,6.9627993020649e-05,1324.9276777402495
Lang_L27.self_attn.v_proj,Base->Stage2,7.465091456304999e-05,6.259296699230193e-09,4.8567868441207196e-05,0.002888752346326139,5.248406671219654e-09,5.2561129900158684e-05,0.002645216856515414,4.179895334937537e-12,1.5942926812090254e-06,7.465007453737506e-05,1255.6311224711767
Lang_L27.self_attn.o_proj,Base->Stage1,2.504769982186435e-05,8.397349964915253e-10,1.3413037973919462e-05,0.0011385286707353377,4.064334787355298e-13,5.081409223534751e-07,2.504768438596096e-05,4.064334787358323e-13,5.081409223536054e-07,2.5047684385970278e-05,0.9999999999992557
Lang_L27.self_attn.o_proj,Stage1->Stage2,6.722413538783547e-05,6.083124713056878e-09,4.887388073348403e-05,0.003064321382893653,2.9275529596426367e-12,1.3630157738400418e-06,6.722384229736085e-05,2.9275529596443767e-12,1.363015773840404e-06,6.722384229738084e-05,0.9999999999994057
Lang_L27.self_attn.o_proj,Base->Stage2,6.987079183632553e-05,6.551436697183086e-09,5.1476118936570614e-05,0.003180088644969615,3.1626061034349323e-12,1.4158134504786705e-06,6.987044414828467e-05,3.1626061034390246e-12,1.4158134504796874e-06,6.98704441483299e-05,0.999999999998706
Lang_L27.mlp.gate_proj,Base->Stage1,1.010756521375688e-05,7.897928622123728e-10,1.2270811939384537e-05,0.0010632098171960906,6.431703393020687e-10,1.642399869722954e-05,0.0009594566998269228,7.137869820145218e-14,2.1139231728798427e-07,1.0107568361758162e-05,9010.676231259476
Lang_L27.mlp.gate_proj,Stage1->Stage2,3.115123335664997e-05,7.288318461369447e-09,5.4326443062923286e-05,0.0032297924721666374,5.906514437523336e-09,5.7426843165268686e-05,0.00290754592052097,6.779938285640481e-13,6.50598378666918e-07,3.11511309131069e-05,8711.752509654834
Lang_L27.mlp.gate_proj,Base->Stage2,3.233523814313748e-05,7.737565570272146e-09,5.651230508929782e-05,0.003327845219753211,6.271204982326701e-09,5.9426336045160106e-05,0.0029959630018989896,7.30512491333177e-13,6.754293325031845e-07,3.233514187670109e-05,8584.664953342308
Lang_L27.mlp.up_proj,Base->Stage1,9.482921509665245e-06,7.330835029245962e-10,1.154042401738819e-05,0.000990230230017588,5.93637267744539e-10,1.569185800734014e-05,0.0008910868527004175,6.723037608369631e-14,2.0601431769788087e-07,9.482923075126932e-06,8829.896578378637
Lang_L27.mlp.up_proj,Stage1->Stage2,2.9632034231998326e-05,6.344596774739004e-09,4.8921405253262366e-05,0.0029131363112602582,5.0951203361332275e-09,5.269729071472555e-05,0.0026105740479678307,6.564535766625913e-13,6.433224459152662e-07,2.963198894520007e-05,7761.585155856427
Lang_L27.mlp.up_proj,Base->Stage2,3.081679677335082e-05,6.749808450865591e-09,5.102927055922416e-05,0.0030047235283615216,5.415206407656864e-09,5.460629856750177e-05,0.0026913259629784006,7.099965159009037e-13,6.691797995405306e-07,3.08167547630484e-05,7627.08870590103
Lang_L27.mlp.down_proj,Base->Stage1,9.98644600074222e-06,7.12729066535567e-10,1.1556579806536698e-05,0.001009367100737526,5.73598449917445e-10,1.555912586210452e-05,0.0009055050870521572,6.976669348955442e-14,2.1003983000288689e-07,9.986446512582636e-06,8221.665973081053
Lang_L27.mlp.down_proj,Stage1->Stage2,2.9694122891574206e-05,5.983423412021638e-09,4.760158209401752e-05,0.002924563302903645,4.766737390942297e-09,5.100919687991068e-05,0.0026103381536189563,6.168324079566605e-13,6.247166939793666e-07,2.9694071477099254e-05,7727.7674283242495
Lang_L27.mlp.down_proj,Base->Stage2,3.061313800749407e-05,6.368859292052549e-09,4.9723252568856717e-05,0.003017289524980117,5.066315685295423e-09,5.290620078832787e-05,0.0026911151535015734,6.556044960790814e-13,6.440856739807048e-07,3.061308657071895e-05,7727.701252195661
Lang_L28.self_attn.q_proj,Base->Stage1,2.8678236841096027e-05,1.0627947152527593e-09,1.5144287822135838e-05,0.0012600559794533207,5.505213941872289e-13,5.905476520147826e-07,2.8678223629430023e-05,5.505213941872685e-13,5.905476520147745e-07,2.867822362943105e-05,0.9999999999999281
Lang_L28.self_attn.q_proj,Stage1->Stage2,8.372601274018187e-05,9.685226673784726e-09,6.54878829950932e-05,0.0038037970731344744,4.6923513768130126e-12,1.7224338615835844e-06,8.372549197402776e-05,4.69235137681503e-12,1.7224338615840232e-06,8.372549197404575e-05,0.9999999999995701
Lang_L28.self_attn.q_proj,Base->Stage2,8.688438924543274e-05,1.0327930996508002e-08,6.816340399197138e-05,0.00392797856365909,5.053040883492474e-12,1.7867094888954888e-06,8.688380880828863e-05,5.053040883497922e-12,1.7867094888963157e-06,8.688380880833548e-05,0.9999999999989219
Lang_L28.self_attn.k_proj,Base->Stage1,4.199576586501965e-05,1.2878272439861306e-09,1.77201927047399e-05,0.001501988657316518,1.0615391318003355e-09,2.1412765512083625e-05,0.0013636592192872192,1.006773952037024e-12,7.916265012708306e-07,4.1995604219558725e-05,1054.3966991324162
Lang_L28.self_attn.k_proj,Stage1->Stage2,0.00011990996830253092,9.59636182113156e-09,6.669565682182466e-05,0.004099958640477594,7.870004120262122e-09,6.714020409193596e-05,0.0037129033849928315,8.207953336362843e-12,2.228217954510194e-06,0.00011990674339260325,958.8266158137693
Lang_L28.self_attn.k_proj,Base->Stage2,0.0001272949023687876,1.044109127827261e-08,7.013713572945335e-05,0.004276604757888451,8.506474686085399e-09,7.009915226384408e-05,0.00386012150817697,9.250026644744606e-12,2.3561368090185985e-06,0.00012729098888892835,919.6162360157464
Lang_L28.self_attn.v_proj,Base->Stage1,2.3569005396828994e-05,7.842420573292847e-10,1.2264818059826155e-05,0.0009486025999701102,6.741054503327124e-10,1.618010666079641e-05,0.0008794743251780938,4.841322022275864e-13,5.380453505490253e-07,2.3569004081615536e-05,1392.3995289530878
Lang_L28.self_attn.v_proj,Stage1->Stage2,6.951449530267145e-05,5.695737812768642e-09,4.527807089527158e-05,0.0025563826764875273,4.783476405449889e-09,4.9696817025732835e-05,0.002342732428379651,4.211455883088609e-12,1.5816168753845815e-06,6.951315477015292e-05,1135.824887696976
Lang_L28.self_attn.v_proj,Base->Stage2,7.364920929204012e-05,6.159673285521303e-09,4.783887281334387e-05,0.002658457426656663,5.160464470641726e-09,5.2108931900955095e-05,0.0024332978211129286,4.727348680892563e-12,1.6698886645632014e-06,7.364778491496166e-05,1091.6191757760055
Lang_L28.self_attn.o_proj,Base->Stage1,2.2691225134436837e-05,7.246871476718522e-10,1.2060808671337728e-05,0.0010273487370630024,3.5353354101068617e-13,4.739852122692297e-07,2.269122401811335e-05,3.535335410106172e-13,4.7398521226926046e-07,2.269122401811114e-05,1.0000000000001952
Lang_L28.self_attn.o_proj,Stage1->Stage2,6.614806959958309e-05,6.060509659235526e-09,4.887168994031216e-05,0.002970950846649848,3.004340316331963e-12,1.3815161482770778e-06,6.614780776819786e-05,3.0043403163321503e-12,1.381516148277087e-06,6.614780776819992e-05,0.9999999999999376
Lang_L28.self_attn.o_proj,Base->Stage2,6.7885281885117e-05,6.4460163427451195e-09,5.095585631346468e-05,0.0030639847109305983,3.164215000638621e-12,1.4178698899806689e-06,6.788500983775945e-05,3.1642150006369634e-12,1.4178698899803699e-06,6.788500983774167e-05,1.0000000000005238
Lang_L28.mlp.gate_proj,Base->Stage1,9.088686843590233e-06,7.249418711163256e-10,1.1593126495535288e-05,0.0010070210455624246,5.903865625910885e-10,1.568702322060135e-05,0.00090877252144802,5.905115947226683e-14,1.924072750456485e-07,9.088687463262564e-06,9997.882647306214
Lang_L28.mlp.gate_proj,Stage1->Stage2,3.05389022739986e-05,7.048896347793179e-09,5.2925382688873665e-05,0.0031401250514784913,5.716095998500309e-09,5.6307972961143864e-05,0.0028277182735120887,6.667038070190974e-13,6.461878510124009e-07,3.0538861963225166e-05,8573.666354265431
Lang_L28.mlp.gate_proj,Base->Stage2,3.1101496434178304e-05,7.448817622187668e-09,5.493453710139116e-05,0.003227974178152611,6.039994987198969e-09,5.813616092375627e-05,0.0029067298498969578,6.914944848509068e-13,6.577792149333073e-07,3.1101457501311506e-05,8734.697267327088
Lang_L28.mlp.up_proj,Base->Stage1,9.040560754828764e-06,6.629355549701446e-10,1.0825545469891314e-05,0.0009428130159531657,5.369626664330414e-10,1.4885714139972403e-05,0.0008485197576255226,6.09552394338276e-14,1.9636875045164903e-07,9.040562111843872e-06,8809.130624709673
Lang_L28.mlp.up_proj,Stage1->Stage2,2.7895818402094496e-05,6.103811878407475e-09,4.7585568917352524e-05,0.0028608164878408137,4.923966175691383e-09,5.161252597191026e-05,0.002569490170020806,5.80361223110397e-13,6.058948645569891e-07,2.7895787349398888e-05,8484.31283761827
Lang_L28.mlp.up_proj,Base->Stage2,2.8570591421185645e-05,6.459254261747526e-09,4.949444223711149e-05,0.0029429346629676577,5.206740359566873e-09,5.334777176983495e-05,0.0026422407785352186,6.087777404584504e-13,6.205288865854718e-07,2.857056390592133e-05,8552.77716896457
Lang_L28.mlp.down_proj,Base->Stage1,9.15111966642636e-06,6.45227912777601e-10,1.0830846812893253e-05,0.0009576529398610229,5.215384139786359e-10,1.4755816664678506e-05,0.0008609832920822183,5.891766333265168e-14,1.9305195825495197e-07,9.151121678714967e-06,8851.9874088354
Lang_L28.mlp.down_proj,Stage1->Stage2,2.8260020618538998e-05,5.73335333594958e-09,4.6178878151233334e-05,0.0028546674763170053,4.590944778703225e-09,4.987258699225712e-05,0.0025544782419422364,5.61877709237657e-13,5.963249613976824e-07,2.825999462881065e-05,8170.71882942663
Lang_L28.mlp.down_proj,Base->Stage2,2.9072733830882896e-05,6.077626731699473e-09,4.8125190579173933e-05,0.0029391258684748857,4.86354462343717e-09,5.162967376876557e-05,0.002629224229546388,5.946600866922035e-13,6.134995090816284e-07,2.9072713486733703e-05,8178.696926660465
Lang_L29.self_attn.q_proj,Base->Stage1,2.2805816556788975e-05,6.707634556385624e-10,1.1463995036750663e-05,0.001007376589181113,3.4377729567487e-13,4.671995581202929e-07,2.280582317053856e-05,3.4377729567373294e-13,4.6719955811955053e-07,2.2805823170500845e-05,1.0000000000033076
Lang_L29.self_attn.q_proj,Stage1->Stage2,6.864337621354597e-05,6.714811967782971e-09,5.24433191353129e-05,0.0031872971183578382,3.114461436683721e-12,1.40549778791022e-06,6.864313359949557e-05,3.1144614366829233e-12,1.4054977879099777e-06,6.864313359948679e-05,1.000000000000256
Lang_L29.self_attn.q_proj,Base->Stage2,7.024677740346935e-05,7.076194855667171e-09,5.428250759442581e-05,0.003271941377493161,3.2616604595224833e-12,1.4386382590832632e-06,7.024654949403662e-05,3.2616604595202752e-12,1.4386382590827753e-06,7.024654949401284e-05,1.000000000000677
Lang_L29.self_attn.k_proj,Base->Stage1,2.3056321329926464e-05,6.133218851957229e-10,1.105607763629557e-05,0.0010237462503984189,5.220943037894233e-10,1.4234794932829165e-05,0.0009445448199762606,3.1108914826973865e-13,4.4024310137945446e-07,2.305634829538116e-05,1678.2787400116144
Lang_L29.self_attn.k_proj,Stage1->Stage2,8.431772353775773e-05,6.256664557992238e-09,5.1017292196697817e-05,0.003269755593154351,5.242656782467688e-09,5.358739190361286e-05,0.002993088574171673,4.160461993768043e-12,1.6066737042941535e-06,8.431690082129534e-05,1260.1140907718095
Lang_L29.self_attn.k_proj,Base->Stage2,8.742506955470341e-05,6.6140210998397195e-09,5.280304320309792e-05,0.0033618369297760613,5.530218048506034e-09,5.5205258728858044e-05,0.0030740787102462286,4.4727724327945766e-12,1.6654556662162724e-06,8.742431876588615e-05,1236.4183806800042
Lang_L29.self_attn.v_proj,Base->Stage1,1.5551117336758474e-05,5.039006185766776e-10,8.86377071518396e-06,0.0007549864582861682,4.362838791670294e-10,1.2383516607365632e-05,0.0007025080404710779,2.1379116175684916e-13,3.654632928835509e-07,1.555111703930786e-05,2040.7011944826215
Lang_L29.self_attn.v_proj,Stage1->Stage2,5.52315781581616e-05,4.946237465444162e-09,4.0452023767567624e-05,0.0023653992946978493,4.238183995905867e-09,4.584916989006547e-05,0.002189560174728963,2.6967548770633368e-12,1.2993521158875023e-06,5.523161190234232e-05,1571.5866621593311
Lang_L29.self_attn.v_proj,Base->Stage2,5.801331586204399e-05,5.207230064088606e-09,4.202860851520995e-05,0.0024270032874845484,4.456591027721431e-09,4.73508873050405e-05,0.0022452689599072977,2.975239485133551e-12,1.365248355159238e-06,5.8013350195932116e-05,1497.8932116186897
Lang_L29.self_attn.o_proj,Base->Stage1,2.092633740720997e-05,6.390890054569706e-10,1.097317575830814e-05,0.0009607453642976938,3.0320162784368487e-13,4.389369310468049e-07,2.092634537686888e-05,3.0320162784314764e-13,4.3893693104637354e-07,2.0926345376850335e-05,1.000000000001772
Lang_L29.self_attn.o_proj,Stage1->Stage2,6.306516071908719e-05,5.670892024363164e-09,4.658624305816858e-05,0.0028618799093952925,2.7537452732522875e-12,1.3222529213701968e-06,6.30648836900657e-05,2.753745273251285e-12,1.3222529213698216e-06,6.30648836900542e-05,1.000000000000364
Lang_L29.self_attn.o_proj,Base->Stage2,6.488444159264733e-05,6.003664254844016e-09,4.846567809285371e-05,0.002944651580902167,2.914917211150013e-12,1.3597686810737758e-06,6.488418128261889e-05,2.914917211151688e-12,1.359768681074085e-06,6.488418128263755e-05,0.9999999999994252
Lang_L29.mlp.gate_proj,Base->Stage1,9.534570893015245e-06,7.167037256179412e-10,1.1549495788820438e-05,0.0009988712351496085,5.841520621894683e-10,1.5619671988169757e-05,0.0009017842228472263,6.530148990158782e-14,2.022763250072628e-07,9.534572398710652e-06,8945.463006583936
Lang_L29.mlp.gate_proj,Stage1->Stage2,2.9227818603369257e-05,6.791608412367307e-09,5.162791825737887e-05,0.0030748586619183116,5.50059058723552e-09,5.514231702088208e-05,0.0027672188015056168,6.136397087597269e-13,6.201390278938527e-07,2.92277622984448e-05,8963.876536531794
Lang_L29.mlp.gate_proj,Base->Stage2,3.0289466752674567e-05,7.1875151039568355e-09,5.366623474838741e-05,0.0031632114520188845,5.822402352310326e-09,5.700334922016221e-05,0.002847016249852713,6.590282642694694e-13,6.42641216675092e-07,3.0289413185917034e-05,8834.829502744378
Lang_L29.mlp.up_proj,Base->Stage1,9.059688708313592e-06,6.541793425213139e-10,1.078032768962927e-05,0.0009340850003698955,5.31171217535892e-10,1.4813851157276632e-05,0.0008416959785000604,6.153902191199195e-14,1.972954872789806e-07,9.059688799126239e-06,8631.453686337905
Lang_L29.mlp.up_proj,Stage1->Stage2,2.7201414821082645e-05,5.914823104666198e-09,4.668156438794203e-05,0.0028087199780672265,4.780144915437326e-09,5.080013877255837e-05,0.00252498088374888,5.547623977565851e-13,5.923241330493162e-07,2.7201388378613682e-05,8616.56257664155
Lang_L29.mlp.up_proj,Base->Stage2,2.8077927301804126e-05,6.257760082224482e-09,4.857632565859387e-05,0.00288899651081701,5.0547084925787566e-09,5.2522303044355915e-05,0.0025964838183909255,5.910907032973018e-13,6.114103144075368e-07,2.8077900288717164e-05,8551.493813693736
Lang_L29.mlp.down_proj,Base->Stage1,9.165899453758852e-06,6.482984126835014e-10,1.0875054183577828e-05,0.0009550685889105203,5.241905278579905e-10,1.479636376702756e-05,0.000858799271204875,5.971123691369699e-14,1.9408688449038897e-07,9.165900037490706e-06,8778.75848754605
Lang_L29.mlp.down_proj,Stage1->Stage2,2.8624994050114303e-05,5.693227829831914e-09,4.598173519517655e-05,0.002830254571219453,4.5701052457432154e-09,4.9744707318247765e-05,0.002535766847000108,5.82366848629447e-13,6.067914703691533e-07,2.862493710042077e-05,7847.468063298222
Lang_L29.mlp.down_proj,Base->Stage2,2.976604666704628e-05,6.037630910591177e-09,4.793016446830587e-05,0.002914603612896229,4.842665442829518e-09,5.1503334486301454e-05,0.0026102881514869797,6.297210435344808e-13,6.309321481439818e-07,2.976598934286459e-05,7690.17566198636
Lang_L30.self_attn.q_proj,Base->Stage1,2.3622100051895458e-05,8.144129690437902e-10,1.306034161288952e-05,0.0010830897109233026,3.873941946251471e-13,4.955384368694945e-07,2.362210762174145e-05,3.8739419462531933e-13,4.955384368696591e-07,2.36221076217467e-05,0.9999999999995555
Lang_L30.self_attn.q_proj,Stage1->Stage2,7.239426034890956e-05,7.180493768329097e-09,5.4503306562623394e-05,0.0032160190759256825,3.6385143424251066e-12,1.5153902956388483e-06,7.239415559840178e-05,3.63851434242548e-12,1.51539029563893e-06,7.239415559840548e-05,0.9999999999998974
Lang_L30.self_attn.q_proj,Base->Stage2,7.43096283561289e-05,7.660082996441737e-09,5.684268643499357e-05,0.003321683115307389,3.8335954197936185e-12,1.556205942409647e-06,7.430954464704919e-05,3.833595419795011e-12,1.5562059424099108e-06,7.43095446470627e-05,0.9999999999996367
Lang_L30.self_attn.k_proj,Base->Stage1,3.3403438291857464e-05,8.807635081691166e-10,1.4505697222333414e-05,0.001329167805051054,7.487503055787666e-10,1.789925647962199e-05,0.0012255150903888895,5.562657234741748e-13,5.78300412598512e-07,3.340344867137853e-05,1346.0299169656248
Lang_L30.self_attn.k_proj,Stage1->Stage2,8.316705439372376e-05,6.210228772494431e-09,5.209056869176498e-05,0.0035294235648504362,5.2483057205598925e-09,5.4194330355450145e-05,0.0032445878993969174,3.4482784329929467e-12,1.4643217208564853e-06,8.31670207884158e-05,1522.0075242023322
Lang_L30.self_attn.k_proj,Base->Stage2,8.569043536220136e-05,6.7721034319827614e-09,5.508106287810399e-05,0.003685630326684204,5.6974600678808075e-09,5.6885577505743864e-05,0.0033805753973801516,3.660704343879345e-12,1.5062614721916322e-06,8.569042736419864e-05,1556.3835624712206
Lang_L30.self_attn.v_proj,Base->Stage1,1.6824416937517203e-05,6.256124918223538e-10,1.047725277725231e-05,0.0008266020136586723,5.421941185241173e-10,1.3885167819935837e-05,0.0007695222013716498,2.591746718948986e-13,3.9533473754865263e-07,1.6824417299127772e-05,2092.0027198645002
Lang_L30.self_attn.v_proj,Stage1->Stage2,5.4761886137398803e-05,5.073210818726599e-09,4.205982997407265e-05,0.002353897398092521,4.3798996571703875e-09,4.662726702800936e-05,0.0021871479118809193,2.7458024604259004e-12,1.2868352531757479e-06,5.47621787887739e-05,1595.1255490138292
Lang_L30.self_attn.v_proj,Base->Stage2,5.696928846334029e-05,5.451942632430851e-09,4.424014380854935e-05,0.002440179153230109,4.698631895016758e-09,4.871589599432303e-05,0.0022653316100280673,2.9716256826210915e-12,1.3378909124004103e-06,5.696959413564161e-05,1581.165461886969
Lang_L30.self_attn.o_proj,Base->Stage1,2.113922288678527e-05,6.817514980188316e-10,1.1323512295158267e-05,0.0009656287827585723,3.2672626400945136e-13,4.549890015634222e-07,2.1139230552825978e-05,3.267262640098925e-13,4.5498900156378344e-07,2.1139230552840252e-05,0.9999999999986497
Lang_L30.self_attn.o_proj,Stage1->Stage2,5.898113171175434e-05,5.4215419043189e-09,4.486675803461182e-05,0.0027230669376076145,2.5435009189290532e-12,1.2718214285842122e-06,5.898109854136226e-05,2.543500918929466e-12,1.2718214285842974e-06,5.898109854136706e-05,0.9999999999998377
Lang_L30.self_attn.o_proj,Base->Stage2,6.100580222779095e-05,5.7900931926659164e-09,4.697572153580798e-05,0.0028141010268334012,2.7211237696924834e-12,1.3152500142210323e-06,6.100579004218175e-05,2.7211237696930452e-12,1.3152500142211947e-06,6.100579004218803e-05,0.9999999999997935
Lang_L30.mlp.gate_proj,Base->Stage1,9.543939133460094e-06,7.131975679529076e-10,1.1615048150794747e-05,0.0010048485664556,5.815225721468891e-10,1.5619473363627773e-05,0.0009073586397947583,6.433744667259293e-14,2.00495869501586e-07,9.543937819103482e-06,9038.633054653248
Lang_L30.mlp.gate_proj,Stage1->Stage2,3.0145410449454078e-05,6.716368131248056e-09,5.152401824688154e-05,0.003083630382499728,5.440410887703359e-09,5.491692753137674e-05,0.0027753062931561833,6.418758290564792e-13,6.326128540194533e-07,3.0145367373501307e-05,8475.799588372805
Lang_L30.mlp.gate_proj,Base->Stage2,3.075776311832239e-05,7.11227067171607e-09,5.356591133460364e-05,0.00317321287725966,5.7615281218849795e-09,5.677521899573134e-05,0.0028560375490808755,6.682177306637732e-13,6.456517629568221e-07,3.0757714931504084e-05,8622.231733003813
Lang_L30.mlp.up_proj,Base->Stage1,8.716231761892432e-06,6.511367436370532e-10,1.0729494349959909e-05,0.0009232183372849531,5.284851975822889e-10,1.4763302684468844e-05,0.0008317345343937198,5.803914717676705e-14,1.915387242066056e-07,8.71623300718311e-06,9105.667868838715
Lang_L30.mlp.up_proj,Stage1->Stage2,2.6543644555127834e-05,5.886735507387347e-09,4.6497770372311826e-05,0.00277590747054163,4.762312765700964e-09,5.067388355750503e-05,0.0024967593286574683,5.382505291605718e-13,5.830957476777093e-07,2.6543608106984862e-05,8847.762348005537
Lang_L30.mlp.up_proj,Base->Stage2,2.742165556367578e-05,6.228300173243e-09,4.837207354168019e-05,0.0028553049067055417,5.03527167346207e-09,5.238155032558224e-05,0.0025673151153135145,5.744481383171017e-13,6.024250276158786e-07,2.742162182763039e-05,8765.406896805964
Lang_L30.mlp.down_proj,Base->Stage1,9.184185729744923e-06,6.352133835772662e-10,1.0775696006122701e-05,0.0009387349379842108,5.112889409656901e-10,1.4638896010048537e-05,0.0008422021804414697,6.08016160739009e-14,1.9525192615533272e-07,9.184187114222525e-06,8409.134065519698
Lang_L30.mlp.down_proj,Stage1->Stage2,2.762164217157741e-05,5.66245853986362e-09,4.589537661435244e-05,0.0028027553149939733,4.519618060610469e-09,4.952989010538631e-05,0.00250399544751686,5.499619787942389e-13,5.881614169551983e-07,2.762161071146948e-05,8218.055492707843
Lang_L30.mlp.down_proj,Base->Stage2,2.836334366951357e-05,5.997161739526554e-09,4.7786728246450746e-05,0.002884400406223665,4.780808919419636e-09,5.122969570544295e-05,0.0025753328065909356,5.798940618590946e-13,6.037148431691835e-07,2.836331564027228e-05,8244.279832928001
Lang_L31.self_attn.q_proj,Base->Stage1,2.4998153309180723e-05,8.829314831358863e-10,1.4009312749193453e-05,0.0011137820560958957,4.447775684347357e-13,5.303989293665752e-07,2.499816633246669e-05,4.4477756843430974e-13,5.303989293662095e-07,2.4998166332454717e-05,1.0000000000009577
Lang_L31.self_attn.q_proj,Stage1->Stage2,7.033479824391551e-05,6.928316901918415e-09,5.3241592202251525e-05,0.003119969989356528,3.5210084021226364e-12,1.4910354519706309e-06,7.033477058772536e-05,3.5210084021217333e-12,1.4910354519704052e-06,7.033477058771637e-05,1.0000000000002565
Lang_L31.self_attn.q_proj,Base->Stage2,7.291277442562459e-05,7.436091686675329e-09,5.582446063589347e-05,0.003232279535038492,3.783853121127359e-12,1.544808981026894e-06,7.29127837409936e-05,3.783853121133082e-12,1.5448089810280316e-06,7.291278374104874e-05,0.9999999999984877
Lang_L31.self_attn.k_proj,Base->Stage1,3.314500497023325e-05,1.0815018484456455e-09,1.6829044347410616e-05,0.0014676998649604458,9.215631280432751e-10,2.0283141629717586e-05,0.0013548342479464978,5.515565325510169e-13,5.854667737604717e-07,3.314504687768446e-05,1670.840745518745
Lang_L31.self_attn.k_proj,Stage1->Stage2,8.460610313461361e-05,6.069877283152827e-09,5.140077852594516e-05,0.00347705529781508,5.094126177022484e-09,5.3288543120080494e-05,0.003185345103228775,3.5938185188103546e-12,1.4861019693960236e-06,8.460571758354283e-05,1417.4689540830707
Lang_L31.self_attn.k_proj,Base->Stage2,8.880323723739615e-05,6.756008678829699e-09,5.516555597839812e-05,0.0036683160125749307,5.65885844582364e-09,5.670698323012107e-05,0.003357268358411393,3.959236562686867e-12,1.5585776282697655e-06,8.880294483954023e-05,1429.2802049654124
Lang_L31.self_attn.v_proj,Base->Stage1,1.905782408355861e-05,6.958354229416734e-10,1.1646162556555595e-05,0.0009263335616587011,6.040760106515701e-10,1.4991270774456606e-05,0.0008630976355613353,2.945228273491982e-13,4.1207132517026394e-07,1.9057837202563972e-05,2051.032906645817
Lang_L31.self_attn.v_proj,Stage1->Stage2,6.001982159664419e-05,5.413869463746271e-09,4.507265505715452e-05,0.0025838517928204953,4.596048750853973e-09,4.867675149280442e-05,0.002380707404076476,2.9211989496077337e-12,1.3010624659183292e-06,6.001976313834122e-05,1573.3432847739257
Lang_L31.self_attn.v_proj,Base->Stage2,6.322119519527273e-05,5.810547137745761e-09,4.728929264841142e-05,0.002676838830931554,4.932021166940431e-09,5.0793990839556744e-05,0.0024661879714115327,3.2411396008320316e-12,1.368034442202936e-06,6.322117713897785e-05,1521.6935320139662
Lang_L31.self_attn.o_proj,Base->Stage1,2.1133031717880413e-05,6.825006701322676e-10,1.1595921908802431e-05,0.0009578475835588449,3.322263091796944e-13,4.594805599281551e-07,2.1133035258701285e-05,3.3222630918097185e-13,4.5948055992891573e-07,2.1133035258741912e-05,0.9999999999961549
Lang_L31.self_attn.o_proj,Stage1->Stage2,6.089371418428051e-05,5.633400748811548e-09,4.643063190043484e-05,0.0027518788443438797,2.7583869859977647e-12,1.321107863522658e-06,6.089359066328652e-05,2.7583869859940218e-12,1.32110786352204e-06,6.0893590663245204e-05,1.000000000001357
Lang_L31.self_attn.o_proj,Base->Stage2,6.233210349109345e-05,6.020556869472991e-09,4.8608500301423885e-05,0.0028448692919272227,2.890240470303494e-12,1.351683242163232e-06,6.233198749610734e-05,2.8902404703036367e-12,1.3516832421636918e-06,6.233198749610886e-05,0.9999999999999507
Lang_L31.mlp.gate_proj,Base->Stage1,9.51406075401885e-06,7.37469475502789e-10,1.1980583114065045e-05,0.0010357413324457018,6.011184640370549e-10,1.597568016354991e-05,0.0009351027130274398,6.222625497526261e-14,1.9726981697966056e-07,9.514065020135529e-06,9660.206359454272
Lang_L31.mlp.gate_proj,Stage1->Stage2,2.9975843856947403e-05,6.753497081680305e-09,5.18828616225945e-05,0.0031343151613561623,5.476753102619186e-09,5.513642493452761e-05,0.0028225385791034487,6.177094845452452e-13,6.208932712180944e-07,2.997577636642769e-05,8866.227959331312
Lang_L31.mlp.gate_proj,Base->Stage2,3.102872937241888e-05,7.1652543156788784e-09,5.402433941123947e-05,0.0032284503356109677,5.8112259768068e-09,5.7074338100569456e-05,0.0029074495468353716,6.618655955428279e-13,6.427630441488696e-07,3.1028673424642115e-05,8780.069572948165
Lang_L31.mlp.up_proj,Base->Stage1,8.81113490658819e-06,6.382918080198862e-10,1.0568242102391846e-05,0.000899094456271179,5.178977348555358e-10,1.4588350993992346e-05,0.0008098744356242262,6.130167806485342e-14,1.9668004844963894e-07,8.811135217026016e-06,8448.345154722057
Lang_L31.mlp.up_proj,Stage1->Stage2,2.609850458930036e-05,5.7844905522921794e-09,4.576295919435703e-05,0.00270662178388054,4.681050427318542e-09,5.00889571635215e-05,0.0024348189582312977,5.378236279932479e-13,5.827361564052732e-07,2.609846434281751e-05,8703.690547744605
Lang_L31.mlp.up_proj,Base->Stage2,2.66360080557174e-05,6.11941859892607e-09,4.763306826227254e-05,0.0027838773393862935,4.948908366185506e-09,5.1795377737408364e-05,0.0025035122515462693,5.60204943170821e-13,5.947562409225236e-07,2.663596791881953e-05,8834.103351845033
Lang_L31.mlp.down_proj,Base->Stage1,8.756163661591843e-06,6.197560761647818e-10,1.0595926920230405e-05,0.0009111612324522852,4.960473136901039e-10,1.4424477960241427e-05,0.0008151666202972212,5.723453796890552e-14,1.8828824146584385e-07,8.756164809974604e-06,8666.922653583704
Lang_L31.mlp.down_proj,Stage1->Stage2,2.7435482417903975e-05,5.510061345649841e-09,4.486539607964086e-05,0.0027168329855109495,4.374397914124415e-09,4.859378539579142e-05,0.002420716148249774,5.618954674307401e-13,5.91573766176643e-07,2.743547532490658e-05,7785.074213405376
Lang_L31.mlp.down_proj,Base->Stage2,2.8212880615088297e-05,5.836379004165484e-09,4.674724749230197e-05,0.002796124260343921,4.624903678172657e-09,5.0260890231622966e-05,0.0024890640400102326,5.94189951095303e-13,6.07438112759695e-07,2.821287702127991e-05,7783.5440832469785
Lang_L32.self_attn.q_proj,Base->Stage1,2.3326246117569894e-05,7.905936438151157e-10,1.3150606282511142e-05,0.0010682331058689755,3.7697394830548504e-13,4.886505764264306e-07,2.3326256296093926e-05,3.76973948305376e-13,4.886505764263944e-07,2.3326256296090545e-05,1.0000000000002893
Lang_L32.self_attn.q_proj,Stage1->Stage2,7.263843862814332e-05,7.513886305148085e-09,5.617091172686883e-05,0.003293218267353711,3.655562831054647e-12,1.5173658859756321e-06,7.263824329389186e-05,3.655562831055813e-12,1.5173658859758543e-06,7.263824329390345e-05,0.9999999999996811
Lang_L32.self_attn.q_proj,Base->Stage2,7.438147625527605e-05,7.964851427701069e-09,5.838059147826851e-05,0.0033906038095932443,3.833109432727426e-12,1.5545628499643709e-06,7.438130869037524e-05,3.833109432730235e-12,1.5545628499650836e-06,7.438130869040252e-05,0.999999999999267
Lang_L32.self_attn.k_proj,Base->Stage1,3.2974801836137716e-05,7.819870016423909e-10,1.4078290396707382e-05,0.0013371794585883155,6.75971932743631e-10,1.7132283159010512e-05,0.0012432379577833812,4.755367491638465e-13,5.429931665385153e-07,3.2974784929287074e-05,1421.492521728798
Lang_L32.self_attn.k_proj,Stage1->Stage2,0.00010490371207350207,6.945299286729147e-09,5.625907197948088e-05,0.003985066442813546,5.73901971413168e-09,5.651317178400566e-05,0.003622504574050597,4.812844761238365e-12,1.7216602221434487e-06,0.00010490374947978102,1192.438152244704
Lang_L32.self_attn.k_proj,Base->Stage2,0.00011007046222664998,7.425704968270523e-09,5.871296837475781e-05,0.004120585494058939,6.142071529982646e-09,5.881449782922976e-05,0.003747550718156499,5.298601723620286e-12,1.8029979709141683e-06,0.00011007044503991498,1159.187244174687
Lang_L32.self_attn.v_proj,Base->Stage1,1.562747179492109e-05,4.894892695769879e-10,8.869465107835817e-06,0.0006972499825508748,4.340692980514918e-10,1.198516553733423e-05,0.0006565933180040559,2.4589169624432446e-13,3.8249999058121533e-07,1.5627476540134127e-05,1765.286525252114
Lang_L32.self_attn.v_proj,Stage1->Stage2,4.1043488551974456e-05,3.6776500161644434e-09,3.397509505553842e-05,0.0019111870873513978,3.231290377313941e-09,3.8919004388857575e-05,0.0017914553880133916,1.6961126217213616e-12,9.94595071218928e-07,4.104359059291974e-05,1905.1154598652467
Lang_L32.self_attn.v_proj,Base->Stage2,4.4790863253420085e-05,3.9706131861769935e-09,3.5965275142629816e-05,0.001985851613859274,3.485461347812435e-09,4.085796047758249e-05,0.0018605791051354314,2.0199716802444984e-12,1.0842548429932332e-06,4.47909882114696e-05,1725.5001057195777
Lang_L32.self_attn.o_proj,Base->Stage1,1.7448723805598885e-05,5.6189196567055e-10,9.612461218312662e-06,0.0007942157951569753,2.712083880538918e-13,4.1514151478650025e-07,1.7448723775209128e-05,2.7120838805368997e-13,4.1514151478645726e-07,1.7448723775202633e-05,1.0000000000007443
Lang_L32.self_attn.o_proj,Stage1->Stage2,5.3143058309653624e-05,5.3467953455494845e-09,4.2732988836786945e-05,0.0024499584096182164,2.515758044441211e-12,1.2600165454020912e-06,5.3143036577193324e-05,2.5157580444424985e-12,1.2600165454022555e-06,5.314303657720695e-05,0.9999999999994882
Lang_L32.self_attn.o_proj,Base->Stage2,5.466582084818248e-05,5.67183852304422e-09,4.46237950178785e-05,0.002523328891025114,2.661996795708413e-12,1.2966230691917184e-06,5.4665798397865045e-05,2.661996795707168e-12,1.2966230691917616e-06,5.466579839785226e-05,1.0000000000004676
Lang_L32.mlp.gate_proj,Base->Stage1,1.0006224364713849e-05,7.685296359212241e-10,1.2200142352707144e-05,0.0010585918539108986,6.256498378969646e-10,1.6311248997949135e-05,0.0009551331229880432,6.866637741741599e-14,2.078678040874791e-07,1.0006225965773833e-05,9111.443787018241
Lang_L32.mlp.gate_proj,Stage1->Stage2,3.064279023017682e-05,6.9884716771795205e-09,5.292448764885094e-05,0.003192187415772445,5.675716030056652e-09,5.6193862941231075e-05,0.0028767863259011976,6.439618514221163e-13,6.358802258568472e-07,3.064272238811817e-05,8813.745748327296
Lang_L32.mlp.gate_proj,Base->Stage2,3.128607723501565e-05,7.412122937280752e-09,5.5080328888986765e-05,0.0032875213614631353,6.018040693206758e-09,5.814352866952873e-05,0.002962271338153629,6.712833712736668e-13,6.494463463424811e-07,3.128601297469328e-05,8964.978056567024
Lang_L32.mlp.up_proj,Base->Stage1,8.79175917979744e-06,6.497085958443686e-10,1.0626039360094493e-05,0.0009077405543056804,5.288728895753612e-10,1.4717475144536495e-05,0.000818989030345661,6.09462328194131e-14,1.9643767638296206e-07,8.791760834858245e-06,8677.696144771398
Lang_L32.mlp.up_proj,Stage1->Stage2,2.7107703173619365e-05,6.18250990379088e-09,4.7727174115012954e-05,0.0028001693862529436,5.02270852269375e-09,5.205098590249454e-05,0.002523892661308141,5.79402785506436e-13,6.055323078810582e-07,2.710766951362363e-05,8668.768339288486
Lang_L32.mlp.up_proj,Base->Stage2,2.7802300243645222e-05,6.5238779359117305e-09,4.955652559800153e-05,0.002876436600478588,5.299433499381081e-09,5.3730372990840385e-05,0.002592487172675046,6.09476208808746e-13,6.210910660038099e-07,2.780227095496882e-05,8695.062125130542
Lang_L32.mlp.down_proj,Base->Stage1,8.909833611265906e-06,6.232414970330449e-10,1.0526355754883767e-05,0.0009055027243759168,5.016781048053815e-10,1.4443500143915797e-05,0.0008124079297895495,6.034151116272505e-14,1.9481385867147756e-07,8.909835203361648e-06,8313.979798293229
Lang_L32.mlp.down_proj,Stage1->Stage2,2.7893853983022442e-05,5.981426295885866e-09,4.715665390485491e-05,0.0028051969158286185,4.778018597381966e-09,5.0963938294294935e-05,0.0025071764097084584,5.914171114138182e-13,6.101370572383848e-07,2.78938151023034e-05,8078.931950345205
Lang_L32.mlp.down_proj,Base->Stage2,2.8750716310589925e-05,6.3100651883774416e-09,4.896026457505698e-05,0.002881229799425924,5.0336506364868194e-09,5.257360511345301e-05,0.0025733716360296283,6.283105231409098e-13,6.289850647349966e-07,2.8750681372981902e-05,8011.4059069450495
Lang_L33.self_attn.q_proj,Base->Stage1,2.4152840324169063e-05,7.540045705048761e-10,1.318550509650171e-05,0.0011119030137951731,3.5577661338296723e-13,4.740386707465076e-07,2.4152862922120473e-05,3.557766133828505e-13,4.740386707464425e-07,2.415286292211651e-05,1.0000000000003282
Lang_L33.self_attn.q_proj,Stage1->Stage2,6.788388851240311e-05,6.280294373203997e-09,5.1783096936348395e-05,0.0032090021862257326,2.810435267788185e-12,1.3329178423319805e-06,6.788390327626871e-05,2.810435267787391e-12,1.3329178423318278e-06,6.788390327625913e-05,1.0000000000002824
Lang_L33.self_attn.q_proj,Base->Stage2,7.047026282899574e-05,6.730789334269365e-09,5.415915729299354e-05,0.0033221023740558847,3.028675600736963e-12,1.3835827417890234e-06,7.047034408905924e-05,3.028675600733441e-12,1.383582741788205e-06,7.047034408901826e-05,1.0000000000011628
Lang_L33.self_attn.k_proj,Base->Stage1,3.2955730316503384e-05,7.630073356756958e-10,1.4361015950647982e-05,0.0013916038971976178,6.534618031488207e-10,1.7169016347186223e-05,0.0012878384372680637,4.2791734618564163e-13,5.11027087238535e-07,3.2955751953346505e-05,1527.0748170730428
Lang_L33.self_attn.k_proj,Stage1->Stage2,8.973064827943778e-05,6.2248888934847405e-09,5.446581043688781e-05,0.003974799511787007,5.336486570273667e-09,5.551462641173941e-05,0.003680248430038783,3.1723350642145933e-12,1.3927480745524695e-06,8.973026523072266e-05,1682.1951219692091
Lang_L33.self_attn.k_proj,Base->Stage2,9.489155725999581e-05,6.643040360975636e-09,5.6652030318460334e-05,0.004106131666188956,5.68392983354773e-09,5.753633250818559e-05,0.003798164582611139,3.5477512253728452e-12,1.4723395236137548e-06,9.489121448013099e-05,1602.1218717077284
Lang_L33.self_attn.v_proj,Base->Stage1,9.254157014830884e-06,4.1729201589603905e-10,7.1085292513428655e-06,0.0004447832260533015,3.711852251884522e-10,1.0343669455741699e-05,0.00041949201968706127,1.8064130068275118e-13,3.249630560976567e-07,9.254157542450707e-06,2054.819267717415
Lang_L33.self_attn.v_proj,Stage1->Stage2,3.382671141310597e-05,4.6065744036954835e-09,3.492367520485651e-05,0.0014778048077152242,4.031555166914395e-09,4.182863110658366e-05,0.0013824974328223213,2.413586294432086e-12,1.1941905746371554e-06,3.3826685494876606e-05,1670.3588250458702
Lang_L33.self_attn.v_proj,Base->Stage2,3.439652505779631e-05,4.838973208587677e-09,3.627092896107964e-05,0.0015146233188324853,4.236227193986002e-09,4.320204563541976e-05,0.0014171559742017375,2.4955855565855473e-12,1.2158929349356881e-06,3.439650066425043e-05,1697.488263949562
Lang_L33.self_attn.o_proj,Base->Stage1,1.6034667927595746e-05,5.248600333188173e-10,9.026244636948372e-06,0.0007344808381683786,2.501512359194281e-13,3.983997740548897e-07,1.603467067280845e-05,2.5015123591902516e-13,3.9839977405462234e-07,1.6034670672795538e-05,1.0000000000016107
Lang_L33.self_attn.o_proj,Stage1->Stage2,5.5610756942511354e-05,5.967240569223385e-09,4.5304546553950886e-05,0.002476538886174664,3.008847500662363e-12,1.3718929353708633e-06,5.5610713411993215e-05,3.0088475006624657e-12,1.3718929353705335e-06,5.561071341199416e-05,0.9999999999999659
Lang_L33.self_attn.o_proj,Base->Stage2,5.685619480690293e-05,6.2580596937248454e-09,4.689573777110281e-05,0.0025361692284662576,3.145127770628462e-12,1.4004914405134555e-06,5.685616003554468e-05,3.1451277706250634e-12,1.4004914405129304e-06,5.6856160035513974e-05,1.0000000000010805
Lang_L33.mlp.gate_proj,Base->Stage1,1.0390086882803009e-05,7.689525103677761e-10,1.22909733584343e-05,0.0010736384594010272,6.263244531667373e-10,1.6364636560628727e-05,0.0009689647644694578,7.201480156756624e-14,2.1287726348194783e-07,1.039008701813191e-05,8697.162798943531
Lang_L33.mlp.gate_proj,Stage1->Stage2,3.085494302628935e-05,6.802690936435104e-09,5.2161387636485916e-05,0.00319335627037813,5.528737950525313e-09,5.543360489138004e-05,0.00287885642759994,6.350865223281131e-13,6.323694685407957e-07,3.0854850878283894e-05,8705.487766073122
Lang_L33.mlp.gate_proj,Base->Stage2,3.167345275051861e-05,7.228514451473758e-09,5.436872756143541e-05,0.0032917855194919926,5.874987895646469e-09,5.7431773598317505e-05,0.002967635049574447,6.692281915480003e-13,6.491809076302716e-07,3.167335857052847e-05,8778.751358422243
Lang_L33.mlp.up_proj,Base->Stage1,8.465490667694347e-06,6.521955646986478e-10,1.0638788834720726e-05,0.000897763219905047,5.310237722279941e-10,1.4724471939288223e-05,0.0008100836562918516,5.799073415199554e-14,1.9147178896508362e-07,8.465491771585191e-06,9157.045172702316
Lang_L33.mlp.up_proj,Stage1->Stage2,2.5742466708207876e-05,6.21006948050861e-09,4.76466729198744e-05,0.002770261611047892,5.047477360935619e-09,5.204220199926943e-05,0.002497524424248681,5.362342414149996e-13,5.821844683092861e-07,2.5742446893615187e-05,9412.821806411466
Lang_L33.mlp.up_proj,Base->Stage2,2.6553564800890567e-05,6.559650865522098e-09,4.948726316925273e-05,0.0028471668379220437,5.331651338346341e-09,5.37469356005395e-05,0.0025668673433639653,5.705582671966366e-13,6.00673245203342e-07,2.655354782444906e-05,9344.622004239309
Lang_L33.mlp.down_proj,Base->Stage1,8.628409647741053e-06,6.134041210979016e-10,1.0343201424888969e-05,0.0008885114588219038,4.954470246649401e-10,1.4314319863836299e-05,0.0007985246015278219,5.784717760913095e-14,1.9073098091617354e-07,8.628410041959103e-06,8564.75709173987
Lang_L33.mlp.down_proj,Stage1->Stage2,2.7807707985462035e-05,6.0784176323714526e-09,4.7412486813471166e-05,0.0027969497895797128,4.871894627341854e-09,5.1419421617883533e-05,0.002504023182485509,6.008291730586901e-13,6.137247570841875e-07,2.7807689649426034e-05,8108.6186320482775
Lang_L33.mlp.down_proj,Base->Stage2,2.8788390388357897e-05,6.396267626249591e-09,4.912992234297721e-05,0.0028691464427239343,5.122406387253398e-09,5.297706472616564e-05,0.002567594384702248,6.439548664676129e-13,6.356206095662049e-07,2.8788372721007185e-05,7954.604668728014
Lang_L34.self_attn.q_proj,Base->Stage1,2.668461024256841e-05,7.786827080129844e-10,1.2886161301340487e-05,0.0011979572197575446,3.863667257030566e-13,4.957873123750151e-07,2.6684612629991808e-05,3.863667257038122e-13,4.957873123755196e-07,2.6684612630017893e-05,0.9999999999980443
Lang_L34.self_attn.q_proj,Stage1->Stage2,8.743914133559297e-05,8.558467062589023e-09,6.0886840864197295e-05,0.003971510988740997,4.1484864921234055e-12,1.6207774411715225e-06,8.743848352397865e-05,4.1484864921195176e-12,1.6207774411708444e-06,8.743848352393767e-05,1.0000000000009373
Lang_L34.self_attn.q_proj,Base->Stage2,8.942277444134149e-05,9.018151598987918e-09,6.305987476296071e-05,0.0040767731176423495,4.338846343101323e-12,1.6574875000343745e-06,8.942210970712195e-05,4.338846343099496e-12,1.6574875000340511e-06,8.942210970710311e-05,1.000000000000421
Lang_L34.self_attn.k_proj,Base->Stage1,3.780499767854609e-05,8.252670328793033e-10,1.4222072480085668e-05,0.0014410855342503117,6.927349901838308e-10,1.748061296444483e-05,0.0013203104864978432,5.679525258984079e-13,5.952230064874499e-07,3.7804937819997244e-05,1219.7058003889279
Lang_L34.self_attn.k_proj,Stage1->Stage2,0.0001522984882645373,8.212607456709633e-09,6.306303820924342e-05,0.004545996793711035,6.5657708831380056e-09,6.203528261734401e-05,0.004064727674532908,9.21735181217059e-12,2.376329135987801e-06,0.00015229711435288358,712.3272515722533
Lang_L34.self_attn.k_proj,Base->Stage2,0.00016033801084123665,8.750287354390463e-09,6.555770465194177e-05,0.004692451041951394,6.988478099016518e-09,6.424896919974059e-05,0.004193531376302046,1.0216134141638824e-11,2.5048737497008714e-06,0.0001603363105346327,684.0628756559631
Lang_L34.self_attn.v_proj,Base->Stage1,1.5364554784601275e-05,5.120236119481487e-10,8.527749431941345e-06,0.0006234928020798043,4.4402936847723933e-10,1.2213309534974866e-05,0.0005806204091946467,3.1093296190786284e-13,4.3137807828020957e-07,1.536454952414116e-05,1428.0549921523477
Lang_L34.self_attn.v_proj,Stage1->Stage2,5.5821437973372365e-05,6.035078718208061e-09,4.3652533373704505e-05,0.0021405463434338075,5.0459344151475646e-09,4.9806149391358676e-05,0.0019572845411582824,4.104205899542269e-12,1.5894301246069334e-06,5.582101582137095e-05,1229.4545007379684
Lang_L34.self_attn.v_proj,Base->Stage2,5.9430638513267574e-05,6.324510313134689e-09,4.5164307095911516e-05,0.0021912736573269334,5.280653934330348e-09,5.1281470348692305e-05,0.002002290186528893,4.6520845129814675e-12,1.695930379989414e-06,5.9430168719023465e-05,1135.115649682391
Lang_L34.self_attn.o_proj,Base->Stage1,1.837426909951093e-05,5.621434842796833e-10,9.776257272114605e-06,0.0008544258308674071,2.5996754821701083e-13,4.065764688295082e-07,1.8374280753121605e-05,2.5996754821704637e-13,4.0657646882944646e-07,1.8374280753122855e-05,0.9999999999998633
Lang_L34.self_attn.o_proj,Stage1->Stage2,5.6927506496488406e-05,5.360481253425957e-09,4.355185002013692e-05,0.0026384605752635603,2.495414908776493e-12,1.2596697771279561e-06,5.692723642007852e-05,2.4954149087779265e-12,1.259669777128256e-06,5.692723642009488e-05,0.9999999999994256
Lang_L34.self_attn.o_proj,Base->Stage2,5.880841051134047e-05,5.6699064268101235e-09,4.5329614105972874e-05,0.002713542726447045,2.6630411415566005e-12,1.3010679229240278e-06,5.8808168809727214e-05,2.6630411415562766e-12,1.3010679229238874e-06,5.8808168809723615e-05,1.0000000000001217
Lang_L34.mlp.gate_proj,Base->Stage1,1.0165352181958547e-05,7.401484868396939e-10,1.193030978705368e-05,0.0010488917166667966,6.026778883249333e-10,1.599613613358763e-05,0.0009464852642494312,6.951885336906114e-14,2.0932923700617468e-07,1.0165354488833414e-05,8669.272565895782
Lang_L34.mlp.gate_proj,Stage1->Stage2,3.0614423710571656e-05,6.834348853208914e-09,5.214467775931065e-05,0.0031872710643077143,5.554440194510273e-09,5.549543392136356e-05,0.0028733635346954952,6.305357591749608e-13,6.305756765284907e-07,3.0614367352249086e-05,8809.080395024876
Lang_L34.mlp.gate_proj,Base->Stage2,3.220412528075514e-05,7.243282743744633e-09,5.425096598884563e-05,0.003281241136289525,5.8872743145488e-09,5.741279943784036e-05,0.002958200215798819,6.977193318771346e-13,6.633614342117459e-07,3.2204073304121594e-05,8437.88332295417
Lang_L34.mlp.up_proj,Base->Stage1,8.8976778636988e-06,6.253125550957048e-10,1.0305954985585786e-05,0.0008849735958908996,5.102354641925843e-10,1.4375729813999194e-05,0.0007994053668085451,6.321064256734162e-14,1.9987841320474846e-07,8.897681209121253e-06,8071.9866697922525
Lang_L34.mlp.up_proj,Stage1->Stage2,2.5917438257248515e-05,6.20109473829263e-09,4.745473818990156e-05,0.002786864806507042,5.042977993773742e-09,5.198643119040199e-05,0.0025131896035998766,5.363158934433047e-13,5.831449704508992e-07,2.5917437004366965e-05,9402.999343160147
Lang_L34.mlp.up_proj,Base->Stage2,2.6581872374206136e-05,6.527611685377235e-09,4.917893040189878e-05,0.0028592943992588092,5.309007765346018e-09,5.358251291669397e-05,0.0025786262432666673,5.641673980853026e-13,5.979658302336425e-07,2.6581881083691292e-05,9410.34129828128
Lang_L34.mlp.down_proj,Base->Stage1,8.72825122768277e-06,5.67379203983623e-10,9.800775435241266e-06,0.000865158337915131,4.552839861185628e-10,1.3682771558626958e-05,0.0007749971015699895,5.774799882394816e-14,1.902842053611085e-07,8.728253681536715e-06,7883.978586107403
Lang_L34.mlp.down_proj,Stage1->Stage2,2.81571963206221e-05,5.865526252461363e-09,4.633810804751596e-05,0.0027817123518429133,4.664078688545055e-09,5.0262762348122497e-05,0.002480513882314698,6.00981407061941e-13,6.131225684458053e-07,2.815718573273501e-05,7760.770356185652
Lang_L34.mlp.down_proj,Base->Stage2,2.9004467228285347e-05,6.15427812107698e-09,4.791522662195081e-05,0.0028493597611841904,4.883441589375698e-09,5.1663926326306944e-05,0.0025381759589198413,6.376938778500482e-13,6.316460738729992e-07,2.900446447613984e-05,7657.9715738215455
Lang_L35.self_attn.q_proj,Base->Stage1,3.104173027619951e-05,1.1238730705652566e-09,1.613920972750281e-05,0.0014407115183154692,5.217409520365103e-13,5.758410191767261e-07,3.104172584172695e-05,5.217409520358227e-13,5.758410191763534e-07,3.1041725841706485e-05,1.000000000001318
Lang_L35.self_attn.q_proj,Stage1->Stage2,8.546959277305424e-05,7.976684108920583e-09,5.9306181490975315e-05,0.003838189374346386,3.955364195414616e-12,1.5810636820221802e-06,8.54689642428336e-05,3.955364195416979e-12,1.581063682022598e-06,8.546896424285913e-05,0.9999999999994025
Lang_L35.self_attn.q_proj,Base->Stage2,9.024388133119663e-05,8.708150890263983e-09,6.25693343800221e-05,0.004010312120586207,4.4095941111078e-12,1.669111484953245e-06,9.024320479989214e-05,4.409594111107653e-12,1.6691114849532602e-06,9.02432047998906e-05,1.0000000000000333
Lang_L35.self_attn.k_proj,Base->Stage1,4.269696607691053e-05,1.10585415176929e-09,1.7167036780119105e-05,0.0016468708433045518,9.063728738853987e-10,2.0369823200911593e-05,0.0014909533805302932,7.433155654977473e-13,6.760344906424147e-07,4.26969868789344e-05,1219.3648511564036
Lang_L35.self_attn.k_proj,Stage1->Stage2,0.00014898141419381332,8.560703973392026e-09,6.44864860346317e-05,0.004581962777524515,6.532159796685226e-09,6.228330420167858e-05,0.004002443566711652,9.049882826908845e-12,2.369670207420734e-06,0.00014897668120146187,721.7949581913433
Lang_L35.self_attn.k_proj,Base->Stage2,0.0001554019116833354,9.317928561769679e-09,6.777641267730061e-05,0.004780314887489273,7.0762015531827e-09,6.503219299397965e-05,0.004165785598893716,9.846727253131258e-12,2.472908902349248e-06,0.00015539705042756814,718.6348693605248
Lang_L35.self_attn.v_proj,Base->Stage1,4.0932334526825946e-05,5.173859244854173e-10,8.640912855975569e-06,0.0006448904944288918,4.46239048373467e-10,1.229707697699703e-05,0.0005989112295805114,2.0843777283650684e-12,9.814678806334597e-07,4.093236921189906e-05,214.0874191375501
Lang_L35.self_attn.v_proj,Stage1->Stage2,0.000234304798368126,6.953045139135343e-09,4.788817207002083e-05,0.0023640696518397878,5.589517706063419e-09,5.31029522890796e-05,0.002119629287118005,6.829753411869921e-11,5.105805660800036e-06,0.00023430160055482925,81.84069568820732
Lang_L35.self_attn.v_proj,Base->Stage2,0.00024032257763073988,7.264218209408023e-09,4.9371413722562596e-05,0.0024163908591593925,5.831785790249905e-09,5.451160073477349e-05,0.00216507789079308,7.185095441664288e-11,5.492315210320639e-06,0.00024031950132701532,81.16504279724758
Lang_L35.self_attn.o_proj,Base->Stage1,1.8369165118504047e-05,5.402750136688843e-10,9.474540629626771e-06,0.0008266816980314753,2.667579066891125e-13,4.113724617748118e-07,1.8369169928928188e-05,2.6675790668851444e-13,4.113724617743654e-07,1.8369169928907595e-05,1.000000000002242
Lang_L35.self_attn.o_proj,Stage1->Stage2,0.00020263436297507901,6.306743214199353e-09,4.801655587882356e-05,0.002824407925001813,3.246118936599667e-11,3.497480127051911e-06,0.00020263154752172774,3.246118936597653e-11,3.4974801270502913e-06,0.00020263154752166483,1.0000000000006206
Lang_L35.self_attn.o_proj,Base->Stage2,0.00020438996179021827,6.618372443702329e-09,4.960919688349816e-05,0.002893346512457207,3.302612267059725e-11,3.5331809355497797e-06,0.00020438717546804815,3.3026122670549206e-11,3.533180935547808e-06,0.00020438717546789945,1.0000000000014546
Lang_L35.mlp.gate_proj,Base->Stage1,9.674651366888494e-06,7.13710611850952e-10,1.1620040996862959e-05,0.001014306802588658,5.790440649136076e-10,1.566406803194922e-05,0.0009136167818502426,6.493137060731545e-14,2.0209567026131414e-07,9.674656320681746e-06,8917.785956121032
Lang_L35.mlp.gate_proj,Stage1->Stage2,3.300498338685299e-05,6.671601187862805e-09,5.118966769560546e-05,0.003101149810933622,5.3996584199827594e-09,5.466245640934638e-05,0.002789914228384207,7.556879807616724e-13,6.814614678665389e-07,3.300494135883636e-05,7145.354375678095
Lang_L35.mlp.gate_proj,Base->Stage2,3.441258908917914e-05,7.058163841726219e-09,5.32002751421083e-05,0.0031897274495760763,5.710149826494462e-09,5.648429618601456e-05,0.0028690060225001744,8.21520906455302e-13,7.092750660133951e-07,3.4412562889269275e-05,6950.705431384106
Lang_L35.mlp.up_proj,Base->Stage1,8.763390313859374e-06,5.976942254771024e-10,1.0109080629396086e-05,0.0008809839542723537,4.870469183811972e-10,1.405916661177007e-05,0.0007952686606233672,5.91408881643287e-14,1.9213567788109269e-07,8.763395044970481e-06,8235.366993946558
Lang_L35.mlp.up_proj,Stage1->Stage2,2.6910004685738083e-05,5.800749101283411e-09,4.582687171128982e-05,0.0027445508910543003,4.700309371306854e-09,5.016805230667256e-05,0.002470543296556215,5.576614321894643e-13,5.905249993446102e-07,2.691005294977536e-05,8428.607574407142
Lang_L35.mlp.up_proj,Base->Stage2,2.8057315674591816e-05,6.103144961450554e-09,4.747781090056471e-05,0.0028151794922345046,4.944857271291055e-09,5.1693150350260326e-05,0.0025339971828725904,6.062276893814341e-13,6.135137281735841e-07,2.805738114378232e-05,8156.765779432727
Lang_L35.mlp.down_proj,Base->Stage1,1.3628350985385787e-05,5.518541966066203e-10,9.917177164237851e-06,0.0009144485075977602,4.3715196257073836e-10,1.3583583154562007e-05,0.0008138854731821071,1.2257236076662957e-13,2.0962023464321805e-07,1.3628352435517321e-05,3566.4807289063274
Lang_L35.mlp.down_proj,Stage1->Stage2,3.3685223176353646e-05,5.192073370175971e-09,4.372177779546252e-05,0.0028048993985354386,4.066163740530247e-09,4.7041360107414e-05,0.0024822145128539893,7.488325202908588e-13,5.954222881197132e-07,3.3685207519480265e-05,5430.004213693714
Lang_L35.mlp.down_proj,Base->Stage2,3.1750842176902305e-05,5.461217689108324e-09,4.527918791361116e-05,0.0028766804572844125,4.2673844231425006e-09,4.8404519798378235e-05,0.0025428911050639157,6.652983241612574e-13,6.143256306178389e-07,3.175083079751556e-05,6414.241954573385
Vis_L0.attn.qkv,Base->Stage1,4.7028990635222756e-05,8.739323199396148e-10,1.6309100979737443e-05,0.001491227016786239,3.6853211676876245e-10,1.4554085725931885e-05,0.0009683726915494302,8.69189310792179e-13,6.725882700037641e-07,4.7028600093732895e-05,423.99522427730085
Vis_L0.attn.qkv,Stage1->Stage2,0.00014577505391363298,7.811030394958297e-09,6.278680446876923e-05,0.004458138396386763,2.826437932065611e-09,4.1120433992896267e-05,0.0026817550613448815,8.351350204456345e-12,2.0820209856143622e-06,0.00014577321439346785,338.4408344602053
Vis_L0.attn.qkv,Base->Stage2,0.00015751990772592213,8.207667194729766e-09,6.453146523938358e-05,0.004569926883754027,2.8898632808092195e-09,4.1527086892409924e-05,0.0027116774582603316,9.75110782357728e-12,2.242972228014427e-06,0.00015751661192697303,296.3625603464046
Vis_L0.attn.proj,Base->Stage1,8.647447310529425e-05,1.0158007012494368e-09,1.9459114678568312e-05,0.0024674203600555606,1.2476352814801642e-12,8.507432866149259e-07,8.647343554868033e-05,1.2476352814785834e-12,8.507432866146957e-07,8.647343554862556e-05,1.000000000001267
Vis_L0.attn.proj,Stage1->Stage2,0.00022531481708097897,7.18087380904545e-09,6.32879963283628e-05,0.006560170582105505,8.47035720566882e-12,2.2516422754472515e-06,0.0002253083814081248,8.470357205669617e-12,2.2516422754472773e-06,0.00022530838140813543,0.9999999999999057
Vis_L0.attn.proj,Base->Stage2,0.00023252984216446074,7.704468405843569e-09,6.58049282192863e-05,0.006795130851489074,9.0213013874548e-12,2.301864234002644e-06,0.00023252041049902486,9.02130138745208e-12,2.301864234002353e-06,0.00023252041049898978,1.0000000000003013
Vis_L0.mlp.gate_proj,Base->Stage1,3.9232524774088645e-05,9.37664766410324e-10,1.6539288446158254e-05,0.0017363463164618799,4.991812026067409e-10,1.6936311996573788e-05,0.001266898036055631,4.787082131664169e-13,5.432471580788416e-07,3.923268133591378e-05,1042.7671572729143
Vis_L0.mlp.gate_proj,Stage1->Stage2,0.0001375045115254325,8.260066063875193e-09,6.542719180129695e-05,0.005153317372334331,4.1479349115098155e-09,5.0835682678810634e-05,0.0036518345722190764,5.880426044406049e-12,1.8912355935845197e-06,0.0001374989955368358,705.3799980114836
Vis_L0.mlp.gate_proj,Base->Stage2,0.00014134356756370948,8.781374030738519e-09,6.779963464130863e-05,0.005313447174128591,4.3397046336931935e-09,5.20454453364175e-05,0.0037352976556182644,6.213416424871417e-12,1.9466607821755452e-06,0.00014133846159634954,698.4409762593694
Vis_L0.mlp.up_proj,Base->Stage1,3.7182970949176993e-05,9.308444611748261e-10,1.630938682427441e-05,0.0016921954102615397,4.698595691995406e-10,1.6471152093883263e-05,0.0012022533376215578,4.494342190316941e-13,5.286453616508015e-07,3.718305090368307e-05,1045.4468069028053
Vis_L0.mlp.up_proj,Stage1->Stage2,0.00013525514975931796,8.146633133686188e-09,6.449999637640282e-05,0.005005990306462269,3.939373186979775e-09,4.945864967783347e-05,0.0034810838707911873,5.946805200333133e-12,1.8393022891015646e-06,0.00013525171508515003,662.43521593058
Vis_L0.mlp.up_proj,Base->Stage2,0.00013280541583156284,8.62198682187632e-09,6.668956080440365e-05,0.005149968848575743,4.103708428653183e-09,5.052369211159653e-05,0.0035529506303376298,5.733364236736659e-12,1.8393738544598812e-06,0.00013280232893024904,715.7592399866346
Vis_L0.mlp.down_proj,Base->Stage1,5.670839483852034e-05,9.783040427862285e-10,1.6762314303424473e-05,0.0017615642557607908,4.4839398331172965e-10,1.6158401376356468e-05,0.0011925907965332143,1.013850904848222e-12,7.588082001922353e-07,5.670855900914553e-05,442.2681689857112
Vis_L0.mlp.down_proj,Stage1->Stage2,0.0001567115061229997,8.447344317030883e-09,6.61445273566953e-05,0.005176206053355392,3.511241361808118e-09,4.67804458005565e-05,0.0033371966574700846,7.742454085942294e-12,2.109794240536669e-06,0.0001567078590611261,453.5049640376115
Vis_L0.mlp.down_proj,Base->Stage2,0.00016263144334191404,9.019681451524508e-09,6.873751722599065e-05,0.005348685445704982,3.641033224625063e-09,4.7681299746023805e-05,0.0033983161466162653,8.338509286299354e-12,2.209274487145144e-06,0.0001626281293149475,436.65277564749954
Vis_L1.attn.qkv,Base->Stage1,6.667224624149619e-05,9.729333429520753e-10,1.8056406188643828e-05,0.0020849581395343637,3.3859627650021054e-10,1.4100045844134674e-05,0.0012299767022888627,9.949157635101894e-13,7.616071486781524e-07,6.667283962154464e-05,340.3265773029867
Vis_L1.attn.qkv,Stage1->Stage2,0.0002473068237495304,8.145160251007002e-09,6.677584451878715e-05,0.006032515816316881,2.186604665286513e-09,3.640157372572651e-05,0.003125602803941216,1.3688649602455772e-11,2.771238841851611e-06,0.00024730275583951497,159.73852270235855
Vis_L1.attn.qkv,Base->Stage2,0.0002611695249026868,8.717350260543877e-09,6.9401360551448e-05,0.006240809136706441,2.213105758120307e-09,3.654518213208412e-05,0.0031444865156315324,1.5266558131862018e-11,2.922457982355891e-06,0.00026116755332699796,144.96428985531796
Vis_L1.attn.proj,Base->Stage1,7.784075270732305e-05,9.73209077208227e-10,1.8776076416759935e-05,0.0023902699882876926,1.032118243620196e-12,7.869486307501348e-07,7.784103654620031e-05,1.0321182436217396e-12,7.869486307506855e-07,7.784103654625851e-05,0.9999999999985045
Vis_L1.attn.proj,Stage1->Stage2,0.00022940265757643002,7.47486740196923e-09,6.471885925746435e-05,0.006624143504770058,8.964150170230541e-12,2.2952007748657106e-06,0.00022939426050221854,8.96415017023032e-12,2.2952007748656005e-06,0.0002293942605022157,1.0000000000000246
Vis_L1.attn.proj,Base->Stage2,0.00023489411682891975,8.041974443043839e-09,6.735515980732743e-05,0.0068708320082195165,9.398524547966414e-12,2.3462373451772043e-06,0.00023488637523266657,9.39852454796542e-12,2.3462373451770116e-06,0.00023488637523265418,1.000000000000106
Vis_L1.mlp.gate_proj,Base->Stage1,3.8783412131002486e-05,9.89814260222994e-10,1.743184123300016e-05,0.0018861962353531132,5.590426210643398e-10,1.7957121310248154e-05,0.0014175307225805873,4.1847857765683994e-13,5.088352057972721e-07,3.8783467561295085e-05,1335.8930442617898
Vis_L1.mlp.gate_proj,Stage1->Stage2,0.00013140984173997734,8.407667849992869e-09,6.682233679650077e-05,0.00549720831608734,4.581532754037297e-09,5.351800667097435e-05,0.0040579792271563855,4.804362223728871e-12,1.7094630417209976e-06,0.00013140814763841838,953.6193443968456
Vis_L1.mlp.gate_proj,Base->Stage2,0.00013657520013390074,8.969285275578823e-09,6.933515163903817e-05,0.005677842487620186,4.853988846198384e-09,5.5125212297607084e-05,0.004176897411280834,5.189492534893141e-12,1.7778250124490975e-06,0.00013657363463621383,935.3494226190913
Vis_L1.mlp.up_proj,Base->Stage1,3.903937967871938e-05,9.923914931825695e-10,1.7698274136282382e-05,0.001965694181295756,5.636268681968409e-10,1.8083176268382434e-05,0.00148139297081285,3.9143403976629766e-13,4.925608144840047e-07,3.9039453604455094e-05,1439.902540242411
Vis_L1.mlp.up_proj,Stage1->Stage2,0.00012249642362768787,8.411988880667844e-09,6.729051339413859e-05,0.005722922548528918,4.5418772811638095e-09,5.336910340289696e-05,0.004205195792985223,3.8538778667746615e-12,1.539053430078755e-06,0.0001224947560370848,1178.5213331020632
Vis_L1.mlp.up_proj,Base->Stage2,0.00012445293911890346,8.999487425855054e-09,6.993735490168218e-05,0.005919396217948603,4.837029232509191e-09,5.5125700380376374e-05,0.004339681727036545,3.977984516612718e-12,1.5639198606603014e-06,0.00012445148055683603,1215.949738443918
Vis_L1.mlp.down_proj,Base->Stage1,4.9789569042403185e-05,1.012648859366486e-09,1.7632106951461207e-05,0.0019509737863609346,4.96060646713594e-10,1.707852880059753e-05,0.0013654927002714264,6.595295355967293e-13,6.2218132024755e-07,4.9789655329624774e-05,752.1431868320623
Vis_L1.mlp.down_proj,Stage1->Stage2,0.00016739839911548624,8.51001983259561e-09,6.748374232032422e-05,0.0056556153706802635,3.743064796135411e-09,4.8441265006820944e-05,0.003750837528568287,7.45518818188322e-12,2.091574896484727e-06,0.00016739554094851637,502.0751595823425
Vis_L1.mlp.down_proj,Base->Stage2,0.00018228309343795232,9.134437610011681e-09,7.02549586175668e-05,0.005859431573532509,3.935273014119151e-09,4.9702074663534015e-05,0.003845935653184751,8.839959903978485e-12,2.2513884559965143e-06,0.00018228029702720418,445.16864972974076
Vis_L2.attn.qkv,Base->Stage1,6.576760542767538e-05,9.862767267227749e-10,1.7466714850855602e-05,0.0019194616584246758,3.8452965711888836e-10,1.5045764039649593e-05,0.0011985191268209009,1.15789512450429e-12,8.184115717264498e-07,6.5768003982185e-05,332.09368359980834
Vis_L2.attn.qkv,Stage1->Stage2,0.0002255698041045805,8.49252052700959e-09,6.747963329641819e-05,0.005632714279596004,2.6356748164939257e-09,4.019292943899688e-05,0.0031379450413197203,1.3620775254686869e-11,2.6946406877741817e-06,0.0002255798653178438,193.5040236117983
Vis_L2.attn.qkv,Base->Stage2,0.00024957048561350835,9.173422914764753e-09,7.050716561333085e-05,0.0058541672721149724,2.698631353213724e-09,4.0646403712599954e-05,0.0031752008370265583,1.667368582785178e-11,2.9670461072528162e-06,0.0002495831298181468,161.8497182372191
Vis_L2.attn.proj,Base->Stage1,7.617615987436013e-05,9.685605205174751e-10,1.8200717493890295e-05,0.0022488023664134897,1.1113838404457916e-12,8.26194439531465e-07,7.617631274146757e-05,1.1113838404440033e-12,8.261944395308838e-07,7.617631274140628e-05,1.000000000001609
Vis_L2.attn.proj,Stage1->Stage2,0.0002240724443305178,7.971525996438886e-09,6.671635252223141e-05,0.006451360231418896,9.616146854289234e-12,2.4176241152405424e-06,0.0002240686527553795,9.616146854287985e-12,2.4176241152404547e-06,0.00022406865275536493,1.00000000000013
Vis_L2.attn.proj,Base->Stage2,0.00023136953217539011,8.602489593387581e-09,6.948593715366157e-05,0.006701818119027941,1.0252700322855394e-11,2.5010470286667058e-06,0.0002313660814193048,1.0252700322852263e-11,2.5010470286663987e-06,0.00023136608141926946,1.0000000000003053
Vis_L2.mlp.gate_proj,Base->Stage1,3.625505439784135e-05,9.795377522529433e-10,1.6987024012765956e-05,0.001851506261392651,5.718828121305338e-10,1.8074786742585345e-05,0.0014147122618482907,3.755864693910073e-13,4.857413751210032e-07,3.625513819239551e-05,1522.6395483783274
Vis_L2.mlp.gate_proj,Stage1->Stage2,0.0001256142580064313,8.55470632183442e-09,6.721211202511484e-05,0.005471523371348199,4.825960240657833e-09,5.500325605443766e-05,0.00410958129401545,4.508672427600551e-12,1.672433853844379e-06,0.00012561168682690847,1070.372780048281
Vis_L2.mlp.gate_proj,Base->Stage2,0.00012724882601648592,9.126857976833018e-09,6.976721261866238e-05,0.0056515340998757905,5.1022314320861045e-09,5.6596463692420654e-05,0.00422557469462476,4.626796353879683e-12,1.6938473544751997e-06,0.00012724651547723386,1102.7568628145384
Vis_L2.mlp.up_proj,Base->Stage1,3.793493098796487e-05,9.77921085470491e-10,1.7049429339937106e-05,0.0018755663096851711,5.631752397507112e-10,1.7975716861476714e-05,0.0014233191551888899,4.00054231614893e-13,4.991846222793808e-07,3.7934988099509406e-05,1407.7472383615343
Vis_L2.mlp.up_proj,Stage1->Stage2,0.00011446506674507345,8.424036177487687e-09,6.677601052365855e-05,0.005504659976847591,4.739362934221422e-09,5.451822722229404e-05,0.004128862022399517,3.642377008506614e-12,1.5076543760198376e-06,0.00011446239638905536,1301.173086463275
Vis_L2.mlp.up_proj,Base->Stage2,0.00012073445732752385,9.018204332002016e-09,6.943691183707551e-05,0.005695481187576565,5.039819364629261e-09,5.6259234644884914e-05,0.004257727587845554,4.052310741029207e-12,1.589813390481372e-06,0.00012073182247575162,1243.690251490745
Vis_L2.mlp.down_proj,Base->Stage1,5.4009418168471297e-05,9.665247831868633e-10,1.6780939429306646e-05,0.001853765632377383,5.013362845890935e-10,1.7022677896020467e-05,0.0013350972402435505,8.204359576861e-13,6.424540166022497e-07,5.400956410043544e-05,611.0608389264497
Vis_L2.mlp.down_proj,Stage1->Stage2,0.00014177362888959907,8.522618111076506e-09,6.711841188505096e-05,0.005504592324532883,4.146986368549979e-09,5.091518799244877e-05,0.0038397676893575103,5.653198740130449e-12,1.8390588281718209e-06,0.00014177046788375886,733.5645816078786
Vis_L2.mlp.down_proj,Base->Stage2,0.0001417441492080705,9.10824747403236e-09,6.975348669995941e-05,0.005690573759691086,4.3668598841031705e-09,5.229025050800127e-05,0.003940245435021903,5.650878527164444e-12,1.8555630142080463e-06,0.00014174137184000773,772.7753946773331
Vis_L3.attn.qkv,Base->Stage1,5.6768734408706804e-05,1.0076531254424205e-09,1.7640384208336137e-05,0.0019626875314773117,4.2170697776840404e-10,1.5815066515933973e-05,0.00126969973492747,8.430071013033711e-13,7.155668065530514e-07,5.6769001018788804e-05,500.2413112729466
Vis_L3.attn.qkv,Stage1->Stage2,0.00017991880435668935,8.642292092670325e-09,6.817533406639598e-05,0.0057480107139932166,2.960011915903627e-09,4.284637301505909e-05,0.0033639522953633556,8.467629396871387e-12,2.256314016305542e-06,0.00017992189628226438,349.5679578274044
Vis_L3.attn.qkv,Base->Stage2,0.00019968653263844534,9.329612957093543e-09,7.122491510721492e-05,0.0059722078266566106,3.0595052496840683e-09,4.3569603998536586e-05,0.0034200204274298556,1.0430625682502526e-11,2.4864647176371886e-06,0.00019969090210321085,293.3194367061237
Vis_L3.attn.proj,Base->Stage1,6.83971115641917e-05,9.711071606717682e-10,1.774948520125469e-05,0.002160556376444707,9.73216371304502e-13,7.818059638923363e-07,6.839694873427071e-05,9.732163713063909e-13,7.818059638932022e-07,6.839694873433709e-05,0.9999999999980592
Vis_L3.attn.proj,Stage1->Stage2,0.00022631200866562865,8.159278125387572e-09,6.702166653300423e-05,0.006262495857531416,1.065494344725849e-11,2.545387791286434e-06,0.0002263065674860048,1.0654943447248475e-11,2.545387791285609e-06,0.00022630656748589843,1.00000000000094
Vis_L3.attn.proj,Base->Stage2,0.00023531789251236645,8.804863242614708e-09,6.993755014916309e-05,0.00650553309342744,1.1519769332834179e-11,2.6457100763263153e-06,0.0002353116746087642,1.1519769332830196e-11,2.6457100763260277e-06,0.00023531167460872358,1.0000000000003457
Vis_L3.mlp.gate_proj,Base->Stage1,3.4891383755648226e-05,9.855632344324936e-10,1.6937738284730596e-05,0.0018492336003549277,5.812825642098959e-10,1.8194653569480574e-05,0.00142017929594095,3.50862523025819e-13,4.700148876533211e-07,3.489136980891196e-05,1656.724574619561
Vis_L3.mlp.gate_proj,Stage1->Stage2,0.00011346498713470024,8.690763003696978e-09,6.774141662160953e-05,0.005491253280903269,5.005391299185247e-09,5.603114929873903e-05,0.004167364995468758,3.7104337254170235e-12,1.5233338305169262e-06,0.00011346315660007565,1349.0043670360074
Vis_L3.mlp.gate_proj,Base->Stage2,0.0001199777485253532,9.290275864567809e-09,7.0414726098071e-05,0.005677495874811842,5.3215062859259125e-09,5.783392383419314e-05,0.004296945170193676,4.148604276929416e-12,1.6101673040223124e-06,0.00011997576496355267,1282.7220748720383
Vis_L3.mlp.up_proj,Base->Stage1,3.584197942223579e-05,9.807958322325084e-10,1.6873646245787348e-05,0.0018381888411279205,5.745507128417585e-10,1.810143145634168e-05,0.0014069057461710156,3.728917151255856e-13,4.847518471112396e-07,3.584199597144711e-05,1540.7977424444964
Vis_L3.mlp.up_proj,Stage1->Stage2,0.00010698378603006894,8.686389315400976e-09,6.767913158071253e-05,0.005470349188113693,4.943634851091425e-09,5.568494283439743e-05,0.004126849176316617,3.3222651228010867e-12,1.4445285534802054e-06,0.00010698245209163881,1488.0314088007883
Vis_L3.mlp.up_proj,Base->Stage2,0.00011134392633785926,9.28079714117965e-09,7.031497003926722e-05,0.005654419745814689,5.254960248448813e-09,5.746092869770886e-05,0.004254809517042941,3.5985855000710484e-12,1.5031808815183438e-06,0.00011134258944421047,1460.2849503909417
Vis_L3.mlp.down_proj,Base->Stage1,3.861961944841039e-05,9.781752933959957e-10,1.681005970546697e-05,0.0018490281314827769,5.297376754652015e-10,1.7485265154749197e-05,0.0013607100886077023,4.2672366548382527e-13,5.156085068555585e-07,3.861966821985251e-05,1241.4068361185862
Vis_L3.mlp.down_proj,Stage1->Stage2,0.00013383066051657404,8.605437115170756e-09,6.736887828144292e-05,0.005484255795903804,4.427647063461246e-09,5.2711504214669146e-05,0.003933849427495588,5.124374894301908e-12,1.769196734518118e-06,0.00013382944676281226,864.0365224614237
Vis_L3.mlp.down_proj,Base->Stage2,0.0001336554779361692,9.194738704467157e-09,6.999095792487129e-05,0.0056689278707981695,4.668020700190894e-09,5.418033757237039e-05,0.004039221058207377,5.1109811044690096e-12,1.7780009876988749e-06,0.00013365443455882795,913.3316294417928
Vis_L4.attn.qkv,Base->Stage1,5.093034250926501e-05,1.0215870730187462e-09,1.7721460868971677e-05,0.0019588227582266913,4.669569962477017e-10,1.6605418253926523e-05,0.0013243290024163683,6.906198371972159e-13,6.460068085273886e-07,5.0930386402376033e-05,676.1418816794801
Vis_L4.attn.qkv,Stage1->Stage2,0.00016690498276641244,8.588413366909495e-09,6.788850265529889e-05,0.005679633303072058,3.3864480143961838e-09,4.591469433535104e-05,0.0035664491313177667,7.416921987223771e-12,2.0981508772791957e-06,0.0001669074349733561,456.5840142621974
Vis_L4.attn.qkv,Base->Stage2,0.00017774962020279615,9.265689328009851e-09,7.090308646321652e-05,0.005899330055171927,3.5247009658314225e-09,4.6855164873811724e-05,0.003638521673496791,8.412076586016702e-12,2.226997885969914e-06,0.00017775238493327543,419.004859238977
Vis_L4.attn.proj,Base->Stage1,7.399913481020363e-05,9.822787936869254e-10,1.7885322873101294e-05,0.002183477964612388,1.128215793772361e-12,8.381870497936385e-07,7.399928387176696e-05,1.1282157937721542e-12,8.381870497935228e-07,7.399928387176017e-05,1.0000000000001832
Vis_L4.attn.proj,Stage1->Stage2,0.00021883055082683625,8.003302852706982e-09,6.641111329365401e-05,0.0062325928617906826,9.866271186738065e-12,2.4726594905974245e-06,0.00021883191278350842,9.866271186732461e-12,2.4726594905968197e-06,0.00021883191278344625,1.000000000000568
Vis_L4.attn.proj,Base->Stage2,0.0002265317973685253,8.601607833935213e-09,6.917278084177968e-05,0.006461360187597588,1.057297566527845e-11,2.5603828076841024e-06,0.00022653366357762092,1.0572975665280162e-11,2.560382807684302e-06,0.00022653366357763924,0.999999999999838
Vis_L4.mlp.gate_proj,Base->Stage1,3.603498557284981e-05,9.831504488386014e-10,1.6864841796666963e-05,0.001850517355677196,5.854471761370266e-10,1.8236989204594474e-05,0.0014279961267912927,3.7280461846203853e-13,4.842411265725125e-07,3.603494086356155e-05,1570.3860605381442
Vis_L4.mlp.gate_proj,Stage1->Stage2,0.00011503331960017974,8.645489430345476e-09,6.752633748008743e-05,0.005487515837723183,5.026550056126899e-09,5.61547319289856e-05,0.004184234350350024,3.799102071554104e-12,1.5435609160398506e-06,0.00011503274294037978,1323.08897246098
Vis_L4.mlp.gate_proj,Base->Stage2,0.00012151121763984904,9.2410892205725e-09,7.016686664815497e-05,0.005673389182045849,5.351919575697648e-09,5.799341571082086e-05,0.0043175341752156185,4.239018624009572e-12,1.6278385876378234e-06,0.00012151045774591151,1262.5374055647376
Vis_L4.mlp.up_proj,Base->Stage1,3.832293272932646e-05,9.779049832031843e-10,1.6773908322204466e-05,0.0018327362463078972,5.728530755612263e-10,1.8062293781425826e-05,0.0014027273472866785,4.2757745795426053e-13,5.182608187113921e-07,3.832295947582261e-05,1339.764444790975
Vis_L4.mlp.up_proj,Stage1->Stage2,0.00010960012166320132,8.629301305504789e-09,6.740706038386722e-05,0.005444245421150688,4.966247910908626e-09,5.5809896151218635e-05,0.004130133364940157,3.4971865029761518e-12,1.482783054266816e-06,0.00010959967710856418,1420.0695063538315
Vis_L4.mlp.up_proj,Base->Stage2,0.0001139731446973486,9.206766079598172e-09,6.996448506424979e-05,0.00562345769563739,5.267692118583769e-09,5.7532881801312034e-05,0.004253633520577284,3.781833372595432e-12,1.5402095180579389e-06,0.00011397276194940033,1392.8937633147511
Vis_L4.mlp.down_proj,Base->Stage1,3.8905652339982557e-05,9.75444234146266e-10,1.673519896107605e-05,0.0018443911240509378,5.429658798020054e-10,1.7659142130710773e-05,0.0013760622161469594,4.3403307419452215e-13,5.221966290112754e-07,3.89056981523541e-05,1250.9781214476352
Vis_L4.mlp.down_proj,Stage1->Stage2,0.00011793069380246046,8.54122162731622e-09,6.699931572796248e-05,0.005457680692263132,4.545298876319403e-09,5.3422089719222995e-05,0.003981340762867167,3.987953685730229e-12,1.5818608163710235e-06,0.00011792969644191503,1139.7571873975057
Vis_L4.mlp.down_proj,Base->Stage2,0.0001223179212508298,9.132057324809089e-09,6.965216124178153e-05,0.005643290956386382,4.815825310804438e-09,5.5042137397308855e-05,0.004098108855648507,4.290200658589953e-12,1.642395240733067e-06,0.00012231703081803073,1122.5174983743627
Vis_L5.attn.qkv,Base->Stage1,4.576852805373599e-05,1.0026544822589392e-09,1.741369722926674e-05,0.0019142213866936587,4.800254655089404e-10,1.681335018192897e-05,0.0013244899064178508,5.731917839449387e-13,5.934076708352439e-07,4.576848032979519e-05,837.460478245536
Vis_L5.attn.qkv,Stage1->Stage2,0.0001513119314240479,8.531249846186484e-09,6.742475838568537e-05,0.005583539439916201,3.557499398529591e-09,4.7148816969493666e-05,0.003605584477624962,6.264888141924826e-12,1.9437890845017947e-06,0.0001513073127971207,567.8472333324987
Vis_L5.attn.qkv,Base->Stage2,0.00016031403516859747,9.142289097589918e-09,7.016978786754299e-05,0.005780038523151304,3.709459000305689e-09,4.8177346710968444e-05,0.00368178602873094,7.032490545701316e-12,2.058531331021122e-06,0.0001603089746043112,527.4744382803522
Vis_L5.attn.proj,Base->Stage1,6.970225551619481e-05,1.0076634466399873e-09,1.818841860338871e-05,0.0022297103875026604,9.847295528972836e-13,7.868170016314292e-07,6.970263410624523e-05,9.847295528981017e-13,7.868170016317799e-07,6.97026341062742e-05,0.9999999999991692
Vis_L5.attn.proj,Stage1->Stage2,0.0002106682694665315,7.947987642905473e-09,6.615192371196343e-05,0.006261927935042621,8.9953247311179e-12,2.3666631427868695e-06,0.00021066282152979338,8.995324731120897e-12,2.366663142787181e-06,0.00021066282152982846,0.9999999999996668
Vis_L5.attn.proj,Base->Stage2,0.00021499487726398035,8.610396053403364e-09,6.919079360137025e-05,0.00651765004142132,9.368704310438605e-12,2.413998315972169e-06,0.0002149904851614129,9.368704310435023e-12,2.413998315971769e-06,0.00021499048516137182,1.0000000000003824
Vis_L5.mlp.gate_proj,Base->Stage1,3.66250583332898e-05,1.002240436585151e-09,1.7082982369046068e-05,0.0018745338121235753,5.949208982311058e-10,1.8402800693407655e-05,0.0014442318903854614,3.825996581381404e-13,4.904563294318176e-07,3.662516642816134e-05,1554.943622077951
Vis_L5.mlp.gate_proj,Stage1->Stage2,0.00010947615704039209,8.606938041276963e-09,6.737202426361616e-05,0.005493192173618032,5.0148753272488254e-09,5.6080597094091914e-05,0.004193054667904348,3.4184123729828913e-12,1.460891440735826e-06,0.00010947442686378725,1467.0188321582946
Vis_L5.mlp.gate_proj,Base->Stage2,0.00011650258283353084,9.241554909546288e-09,7.020680792374123e-05,0.005692105992181435,5.359951275774645e-09,5.8030289377860485e-05,0.004334917885264781,3.871319675766517e-12,1.5535623591982345e-06,0.00011650108544967329,1384.5282034771205
Vis_L5.mlp.up_proj,Base->Stage1,3.538212922512469e-05,9.956545516826801e-10,1.6983152289119967e-05,0.001862772356607475,5.883946146298288e-10,1.829764143837678e-05,0.0014319893473281216,3.5921839792352427e-13,4.758978393430292e-07,3.538219148150792e-05,1637.9857435784647
Vis_L5.mlp.up_proj,Stage1->Stage2,0.00010715436041396131,8.635728589712489e-09,6.747241675456565e-05,0.005485879564039934,4.986698603683094e-09,5.5933934522066375e-05,0.004168725864022131,3.29464640736056e-12,1.4399793572776643e-06,0.00010715222225894163,1513.5762649801584
Vis_L5.mlp.up_proj,Base->Stage2,0.0001117808800779661,9.253758323608635e-09,7.022327087450911e-05,0.00567879057932141,5.31739892367256e-09,5.7816516233444864e-05,0.00430473477156913,3.585301577253546e-12,1.5015982255427963e-06,0.00011177884628494215,1483.1106419075227
Vis_L5.mlp.down_proj,Base->Stage1,4.191100895799893e-05,9.951603401626704e-10,1.6990208889870562e-05,0.0018750404175692016,5.631274807868661e-10,1.797347501654399e-05,0.0014104817279454315,4.971985901304975e-13,5.546376252998152e-07,4.191109888429698e-05,1132.6007192399009
Vis_L5.mlp.down_proj,Stage1->Stage2,0.00013691973736236027,8.580077274216158e-09,6.72703259319265e-05,0.005505556419343797,4.678154283543701e-09,5.417683204314394e-05,0.004065302697615059,5.306447934914923e-12,1.8039962941178512e-06,0.00013691706208096083,881.5980748181419
Vis_L5.mlp.down_proj,Base->Stage2,0.00014456459099671207,9.210559646789752e-09,7.00949892595038e-05,0.0057042510049375795,4.9721826739652125e-09,5.592148140841811e-05,0.00419111092993926,5.91558256098747e-12,1.9039328023887454e-06,0.00014456207652096208,840.5229109227784
Vis_L6.attn.qkv,Base->Stage1,4.5234249233678096e-05,9.761018690380055e-10,1.698558108864138e-05,0.0018845838711515342,4.863049844974311e-10,1.6851622368474263e-05,0.00133021627876767,5.623419614049579e-13,5.885258414032949e-07,4.523432806587371e-05,864.7851625413908
Vis_L6.attn.qkv,Stage1->Stage2,0.0001409807437492992,8.430924558559114e-09,6.688410824361076e-05,0.0055385992500437105,3.706885971117554e-09,4.807583949672798e-05,0.003672543548792791,5.462403769907394e-12,1.8308484009664823e-06,0.00014097893990051917,678.6180823063539
Vis_L6.attn.qkv,Base->Stage2,0.0001450306724309388,9.012501232681933e-09,6.950633948974512e-05,0.005726443887871598,3.860874411918279e-09,4.909512310090578e-05,0.0037480482961563923,5.780766657528579e-12,1.8828821626819482e-06,0.00014502906951305498,667.8827637663027
Vis_L6.attn.proj,Base->Stage1,7.204314307745299e-05,9.505652381335053e-10,1.7461579178217336e-05,0.0021740883551542673,1.0437964674102108e-12,8.083121379895119e-07,7.204338946388366e-05,1.0437964674106902e-12,8.083121379897325e-07,7.20433894639002e-05,0.9999999999995407
Vis_L6.attn.proj,Stage1->Stage2,0.00018826770004478374,8.009901988790079e-09,6.649581253640236e-05,0.006310958157302796,7.128188613678562e-12,2.120863593766824e-06,0.00018826573802011972,7.1281886136777135e-12,2.1208635937667205e-06,0.0001882657380201086,1.000000000000119
Vis_L6.attn.proj,Base->Stage2,0.0001924694757865223,8.612938584263674e-09,6.92894091263696e-05,0.006544212227365842,7.449965232112257e-12,2.168444344436139e-06,0.00019246812820908633,7.44996523211336e-12,2.1684443444363217e-06,0.0001924681282091006,0.9999999999998519
Vis_L6.mlp.gate_proj,Base->Stage1,3.545356303926872e-05,1.0046977682361474e-09,1.7131202916161795e-05,0.001887688374939492,6.033115706043219e-10,1.850796565045671e-05,0.0014627948065562314,3.544006206801202e-13,4.7242817957367277e-07,3.54535574596986e-05,1702.343436776504
Vis_L6.mlp.gate_proj,Stage1->Stage2,0.00011076401857609362,8.662132002956015e-09,6.770782277097439e-05,0.005542641246383711,5.083811082825764e-09,5.646922442651925e-05,0.004246186568588731,3.4591726820012062e-12,1.4704721751676658e-06,0.00011076192416467169,1469.66097104024
Vis_L6.mlp.gate_proj,Base->Stage2,0.00011582597726407032,9.311594263895943e-09,7.057083610930328e-05,0.005746671770963988,5.448486803559643e-09,5.8526606979500816e-05,0.004395844510001197,3.782567133188905e-12,1.5367186692503117e-06,0.00011582376890916149,1440.420384281793
Vis_L6.mlp.up_proj,Base->Stage1,3.6470509134874805e-05,1.0016755930921984e-09,1.7108625965358624e-05,0.0018912275156461264,5.904299580469883e-10,1.8317079596488564e-05,0.001451992671895715,3.724981546144431e-13,4.851565097519578e-07,3.647054847858522e-05,1585.0547196887917
Vis_L6.mlp.up_proj,Stage1->Stage2,0.00011245052714107825,8.560815191494693e-09,6.725751533343499e-05,0.005528785444005562,4.919208208551389e-09,5.549292970081533e-05,0.004191020431681545,3.541298434722451e-12,1.4931943840176406e-06,0.0001124484411913379,1389.0973323000753
Vis_L6.mlp.up_proj,Base->Stage2,0.00011773869338794999,9.186039959200838e-09,7.005909307866786e-05,0.005727120763308111,5.25471227294924e-09,5.741469142515553e-05,0.004331583054975973,3.882208865091803e-12,1.5627868112368624e-06,0.0001177366363547529,1353.5367249811743
Vis_L6.mlp.down_proj,Base->Stage1,4.087981446527715e-05,9.819529459246871e-10,1.691720811888846e-05,0.0018875646365180585,5.662267479194811e-10,1.798034451537974e-05,0.0014333481297934465,4.605785284413501e-13,5.352075405180893e-07,4.0879760004369814e-05,1229.381555921976
Vis_L6.mlp.down_proj,Stage1->Stage2,0.00012403949964358272,8.382975302472547e-09,6.655321812803782e-05,0.005515029612317718,4.670541508015142e-09,5.410606504517443e-05,0.004116540318754105,4.240401937447605e-12,1.6268883351620353e-06,0.00012403728954097813,1101.4383959145268
Vis_L6.mlp.down_proj,Base->Stage2,0.00013242159920374928,8.989146434313443e-09,6.928027232843584e-05,0.005710945069540902,4.9754506224959034e-09,5.5893519726315744e-05,0.004248787058908877,4.832852187790369e-12,1.7310080614838779e-06,0.0001324190633397842,1029.5060616721928
Vis_L7.attn.qkv,Base->Stage1,4.735994416144909e-05,9.637848295789328e-10,1.6622314105075772e-05,0.001815440972780288,5.08677372427192e-10,1.7112533232143748e-05,0.0013189043463985462,6.559069907292507e-13,6.30090243034133e-07,4.736016640592435e-05,775.5327807401994
Vis_L7.attn.qkv,Stage1->Stage2,0.00012230125425879312,8.084357766807116e-09,6.477641587722201e-05,0.005257847075744118,3.8047271681921045e-09,4.8654031330111796e-05,0.0036070066913999493,4.3739885544604935e-12,1.647894236386704e-06,0.0001222993107160666,869.8530233491651
Vis_L7.attn.qkv,Base->Stage2,0.00013114440810388546,8.669189541590349e-09,6.749011015459448e-05,0.005444706043271555,4.004503833693586e-09,4.995242257008067e-05,0.003700492642748784,5.029437910109076e-12,1.7602541061919284e-06,0.0001311429394383094,796.2129974096326
Vis_L7.attn.proj,Base->Stage1,6.22598640886257e-05,9.32730529720587e-10,1.635379775429158e-05,0.0018441498647245064,1.0631264078171933e-12,8.170352140812456e-07,6.226020811235813e-05,1.0631264078174221e-12,8.170352140812943e-07,6.226020811236484e-05,0.9999999999997847
Vis_L7.attn.proj,Stage1->Stage2,0.0002034341169549129,8.10336376345777e-09,6.525592484287302e-05,0.005435557107481696,1.1350404690296127e-11,2.665560754959329e-06,0.0002034309693624252,1.1350404690290182e-11,2.665560754958667e-06,0.00020343096936237192,1.0000000000005238
Vis_L7.attn.proj,Base->Stage2,0.00022048994691775456,8.709937728915025e-09,6.806416343991373e-05,0.005635324386863738,1.3333561096968903e-11,2.8842325056764447e-06,0.00022048775375475455,1.3333561096974524e-11,2.8842325056771037e-06,0.00022048775375480104,0.9999999999995784
Vis_L7.mlp.gate_proj,Base->Stage1,3.242195623553264e-05,1.0027092223078943e-09,1.7103163574497743e-05,0.001887389152861529,6.032439879452739e-10,1.8498692592898134e-05,0.001463930473522821,2.9588987173490304e-13,4.3207071573347323e-07,3.242194015937624e-05,2038.7449709185687
Vis_L7.mlp.gate_proj,Stage1->Stage2,0.00011123478859190613,8.719960328906354e-09,6.796209000088561e-05,0.005565675226765546,5.142497863825886e-09,5.680773938427273e-05,0.0042741293945604995,3.4828387463445308e-12,1.4771565001160033e-06,0.00011123137081250765,1476.5248230981917
Vis_L7.mlp.gate_proj,Base->Stage2,0.00011344746852752228,9.348832106340818e-09,7.074879282262432e-05,0.0057628761473613056,5.49890465869977e-09,5.880421922651051e-05,0.004419760138900984,3.6227743823134108e-12,1.5062772530023125e-06,0.00011344392651152346,1517.8711336664335
Vis_L7.mlp.up_proj,Base->Stage1,3.6740248103117034e-05,9.961002642025807e-10,1.703106507805278e-05,0.001886991924552228,5.888524711028354e-10,1.8301282402443095e-05,0.0014508474972479968,3.7761279204305095e-13,4.871579481222642e-07,3.674022934413379e-05,1559.4081649535362
Vis_L7.mlp.up_proj,Stage1->Stage2,0.00011462065456525844,8.645680562011615e-09,6.764642859108554e-05,0.005559140868911546,4.980996419193424e-09,5.5889703541880894e-05,0.004219550620424745,3.675265692760044e-12,1.5188058319062861e-06,0.00011461790256440733,1355.2751924862348
Vis_L7.mlp.up_proj,Base->Stage2,0.00011954582977329911,9.273701787173306e-09,7.04328379408734e-05,0.005757509320505126,5.3131607257902426e-09,5.7773717084537166e-05,0.004357973283016711,3.997895060464847e-12,1.582187770050152e-06,0.00011954289848394702,1328.989542104806
Vis_L7.mlp.down_proj,Base->Stage1,4.1152922869900815e-05,1.0117047542456685e-09,1.7236083956757083e-05,0.0019162261270251795,5.811728860566567e-10,1.8233412736378772e-05,0.0014523541639051534,4.666172043075449e-13,5.417068939779534e-07,4.115288016305395e-05,1245.5024818879347
Vis_L7.mlp.down_proj,Stage1->Stage2,0.00011258844824910723,8.646412111675217e-09,6.775735120617734e-05,0.005601806540531086,4.800302389359099e-09,5.487844508377764e-05,0.004173923054618339,3.4925927105338346e-12,1.484716225385439e-06,0.00011258592809413345,1374.4237554184738
Vis_L7.mlp.down_proj,Base->Stage2,0.0001194534009413301,9.284012557597924e-09,7.058003147794913e-05,0.005804676220878939,5.1210186829571315e-09,5.673072643338561e-05,0.004311102222802853,3.931483097346621e-12,1.5720914213858693e-06,0.00011945060316152393,1302.5666284597112
Vis_L8.attn.qkv,Base->Stage1,4.946549186286438e-05,9.92472905204946e-10,1.7192714493412532e-05,0.001925645715511052,5.114293282442288e-10,1.7248762793300107e-05,0.0013823240776413487,6.548922946327447e-13,6.240701872364518e-07,4.946545387978577e-05,780.9365485526622
Vis_L8.attn.qkv,Stage1->Stage2,0.00022256534626019403,8.74705556863899e-09,6.84261112769402e-05,0.00571645245060119,4.01857152095908e-09,5.0137266926026155e-05,0.003874641303233999,1.3258090336431308e-11,2.5749643652332633e-06,0.00022255437675300314,303.1033443720495
Vis_L8.attn.qkv,Base->Stage2,0.00024428785954620075,9.435886845779166e-09,7.148070091052153e-05,0.005937272947765445,4.241937586437039e-09,5.155084712664571e-05,0.003980868114736489,1.5972356145035626e-11,2.8074626429673256e-06,0.0002442756318364499,265.5799525078507
Vis_L8.attn.proj,Base->Stage1,7.403941427375667e-05,9.901681650903413e-10,1.7421110907385186e-05,0.0020454444525353915,1.2973550247113008e-12,8.91432201037144e-07,7.403935547641823e-05,1.297355024708987e-12,8.914322010363852e-07,7.403935547635221e-05,1.0000000000017835
Vis_L8.attn.proj,Stage1->Stage2,0.00020638420733151602,8.29142271272463e-09,6.70042232075474e-05,0.005918876904336264,1.0080602794792277e-11,2.5122251337375165e-06,0.00020638020088584625,1.008060279479667e-11,2.512225133737956e-06,0.00020638020088589124,0.9999999999995642
Vis_L8.attn.proj,Base->Stage2,0.00023323613299469338,8.913183494546528e-09,6.980867435686377e-05,0.006136789168948205,1.2874327541977062e-11,2.8183199757810037e-06,0.00023323142006682763,1.2874327541972179e-11,2.8183199757803913e-06,0.00023323142006678336,1.0000000000003793
Vis_L8.mlp.gate_proj,Base->Stage1,3.637823606624991e-05,1.0202414813344336e-09,1.725326199769018e-05,0.0018929614690533004,6.129000923651722e-10,1.8643491371944186e-05,0.0014671858464722414,3.767925177991363e-13,4.869620992589338e-07,3.637821794370722e-05,1626.624902068523
Vis_L8.mlp.gate_proj,Stage1->Stage2,0.00010941940406745447,8.750761534880694e-09,6.801109287229728e-05,0.00554384972394389,5.160613522273405e-09,5.688039562735738e-05,0.004257348407472146,3.4088517902908894e-12,1.4612437996412866e-06,0.00010941896049704009,1513.8861528013313
Vis_L8.mlp.gate_proj,Base->Stage2,0.00011412336597461466,9.368668253207956e-09,7.07525497846605e-05,0.005736241870766887,5.505060005874198e-09,5.880681579203266e-05,0.00439713250938693,3.7082426201659745e-12,1.522851701811017e-06,0.0001141228464825926,1484.5468783344604
Vis_L8.mlp.up_proj,Base->Stage1,3.5389698578132254e-05,1.0183133795718159e-09,1.722603915890942e-05,0.0018963209203307508,6.097643855710718e-10,1.8599254348131772e-05,0.0014674122448823305,3.5465954261712987e-13,4.7361522141578116e-07,3.538970447794433e-05,1719.295020434114
Vis_L8.mlp.up_proj,Stage1->Stage2,0.00011801295938639775,8.72916749015413e-09,6.79554190490398e-05,0.005552085298856649,5.1064351780602685e-09,5.659105773957824e-05,0.004246475552012423,3.943820861376616e-12,1.5726488168439727e-06,0.0001180125803727564,1294.793895957494
Vis_L8.mlp.up_proj,Base->Stage2,0.00012110008529292554,9.3383307532448e-09,7.065514932057276e-05,0.005742544145557806,5.4453675079553126e-09,5.849495844287787e-05,0.004385138496071485,4.152855503875985e-12,1.612523711298403e-06,0.00012109971655312844,1311.2345235400044
Vis_L8.mlp.down_proj,Base->Stage1,3.67253228380672e-05,1.0459749097959972e-09,1.7552653616599975e-05,0.0019314980017779558,6.088824455884596e-10,1.864513211038315e-05,0.0014736703860348222,3.781504184988386e-13,4.889861306651148e-07,3.672534821886153e-05,1610.1593857956543
Vis_L8.mlp.down_proj,Stage1->Stage2,0.0001081679102280203,8.74610813939732e-09,6.80531311273436e-05,0.005585213645405657,4.9697528946126486e-09,5.5827716480058414e-05,0.004210171302436114,3.2804212717344224e-12,1.4390814509365185e-06,0.00010816759624239859,1514.9739874674826
Vis_L8.mlp.down_proj,Base->Stage2,0.00011324606627488603,9.386799218429897e-09,7.088218514673548e-05,0.005786169253909826,5.301020372072307e-09,5.772732198405212e-05,0.004348225970619416,3.595668053278822e-12,1.5071503957118455e-06,0.00011324581581250558,1474.2796869801166
Vis_L9.attn.qkv,Base->Stage1,3.8525690569648904e-05,1.0215594836646021e-09,1.7319920841950182e-05,0.0018980348123234531,5.441548916693514e-10,1.775012407812932e-05,0.0013852673954482721,4.208751699642506e-13,5.135997862233449e-07,3.852556317883617e-05,1292.9127933956574
Vis_L9.attn.qkv,Stage1->Stage2,0.00013050719099864052,8.718307290348213e-09,6.791265880792115e-05,0.005544830049888091,4.253019929003424e-09,5.159576094129625e-05,0.003872762480501226,4.8297449478501116e-12,1.7271880820486222e-06,0.00013050713378553268,880.5889285927183
Vis_L9.attn.qkv,Base->Stage2,0.00013226074638341575,9.26993908858799e-09,7.035199694377306e-05,0.005717558193227928,4.438730245297495e-09,5.275087278167199e-05,0.003956412174153296,4.960373502587581e-12,1.7531803089177074e-06,0.00013226025106221934,894.8379074644338
Vis_L9.attn.proj,Base->Stage1,6.954072151322028e-05,1.0273462189809194e-09,1.783618270433607e-05,0.0020852874345315443,1.1425207503345496e-12,8.439405956410646e-07,6.954078054831858e-05,1.1425207503327107e-12,8.439405956403747e-07,6.954078054826262e-05,1.0000000000016096
Vis_L9.attn.proj,Stage1->Stage2,0.00018327891998574282,8.440682646496796e-09,6.766568167750676e-05,0.005977131337903032,7.936152569290195e-12,2.23813005924699e-06,0.0001832774429682059,7.936152569282432e-12,2.2381300592458383e-06,0.00018327744296811626,1.000000000000978
Vis_L9.attn.proj,Base->Stage2,0.00020057118749093177,9.034356304997347e-09,7.030843445007262e-05,0.006183759922228813,9.504358367069772e-12,2.4352491614095065e-06,0.00020056974138660038,9.504358367067192e-12,2.4352491614091545e-06,0.00020056974138657314,1.0000000000002716
Vis_L9.mlp.gate_proj,Base->Stage1,3.4649108870685545e-05,1.0344758953800729e-09,1.736665629516698e-05,0.0019009512215614828,6.255605956307677e-10,1.8826398528485565e-05,0.001478241796293627,3.436865862767926e-13,4.6637557337080747e-07,3.4649109417341676e-05,1820.1484160541665
Vis_L9.mlp.gate_proj,Stage1->Stage2,0.00010741931326380109,8.875464835179445e-09,6.852190286466579e-05,0.005568038510151327,5.297708376394979e-09,5.7632150763392906e-05,0.004301804806451929,3.3032631508114355e-12,1.4437462598175187e-06,0.00010741829699863729,1603.7803028479927
Vis_L9.mlp.gate_proj,Base->Stage2,0.0001124847847161213,9.493395548379172e-09,7.123243703315691e-05,0.005758607316557522,5.64974701568921e-09,5.9573724168381525e-05,0.00444243597288404,3.622146453895438e-12,1.5114104910837132e-06,0.00011248372230260309,1559.7787355100422
Vis_L9.mlp.up_proj,Base->Stage1,3.531117313300357e-05,1.0321060767775037e-09,1.7291937179465032e-05,0.0018819413825543162,6.200373047292847e-10,1.874541431579699e-05,0.0014586558379667566,3.633597319185575e-13,4.796112083854281e-07,3.531118749491185e-05,1706.4007105450482
Vis_L9.mlp.up_proj,Stage1->Stage2,0.00010575935589130238,8.864204789297734e-09,6.83587085429157e-05,0.005515213072452948,5.2412596905922835e-09,5.731189211422696e-05,0.004240921602180765,3.2594906906983555e-12,1.4352282919922323e-06,0.00010575898581677336,1607.999588877282
Vis_L9.mlp.up_proj,Base->Stage2,0.00010804076379916652,9.47498969459221e-09,7.10316101850877e-05,0.005702059937442962,5.585997462242746e-09,5.9220758701090396e-05,0.004378171524347414,3.401635659174494e-12,1.4661839962262508e-06,0.00010804042968419082,1642.1504305368055
Vis_L9.mlp.down_proj,Base->Stage1,3.820651302704242e-05,1.0568862015483598e-09,1.760431714947569e-05,0.0019211924127238414,6.212159267497824e-10,1.8813340273233324e-05,0.001472916203009775,4.17985313797938e-13,5.140157142899825e-07,3.820650047391056e-05,1486.214721529881
Vis_L9.mlp.down_proj,Stage1->Stage2,0.00011692593994342763,8.901560852254035e-09,6.861771650677305e-05,0.005575523168402571,5.1030011599105425e-09,5.655423445198199e-05,0.0042214862183574614,3.914787940698266e-12,1.5714753512990454e-06,0.00011692480739449137,1303.5191783594644
Vis_L9.mlp.down_proj,Base->Stage2,0.00012444103683735563,9.513754319073436e-09,7.127795885567e-05,0.005764060205024549,5.430471703025529e-09,5.839153059828277e-05,0.004354831140250893,4.434181429597132e-12,1.671254559936884e-06,0.0001244397906109499,1224.6841472877927
Vis_L10.attn.qkv,Base->Stage1,4.39857023106421e-05,1.0259758611333148e-09,1.7361222872480652e-05,0.0019071129345632294,5.587923826257866e-10,1.7951749908022223e-05,0.0014074503352118442,5.457718640292999e-13,5.788979408612864e-07,4.39858928190488e-05,1023.8570718914665
Vis_L10.attn.qkv,Stage1->Stage2,0.00014143677426037323,8.812752766265189e-09,6.837538772224002e-05,0.005589414795503165,4.429951271137216e-09,5.2676537553780835e-05,0.003962871785739644,5.642986422488957e-12,1.8644359375793963e-06,0.00014143765576220269,785.0366702075625
Vis_L10.attn.qkv,Base->Stage2,0.00015083081415542208,9.426639307134945e-09,7.107933154600085e-05,0.005780813945149992,4.652805730054688e-09,5.4033196314648513e-05,0.004061327452636808,6.417534796991264e-12,1.9835211880841865e-06,0.00015083240747965833,725.0144918943121
Vis_L10.attn.proj,Base->Stage1,6.352307300393311e-05,1.0700344182723203e-09,1.804788268170654e-05,0.0020330585517265094,1.0446295670106059e-12,8.139586275916343e-07,6.352317104677911e-05,1.0446295670117265e-12,8.139586275920491e-07,6.352317104681318e-05,0.9999999999989273
Vis_L10.attn.proj,Stage1->Stage2,0.00016525776352083904,8.782092565893947e-09,6.869990207263754e-05,0.005824422177781627,7.07003748581751e-12,2.118529630120848e-06,0.00016525883996967712,7.070037485818798e-12,2.118529630121115e-06,0.0001652588399696922,0.9999999999998179
Vis_L10.attn.proj,Base->Stage2,0.0001711585645578928,9.364193575509044e-09,7.124950120381613e-05,0.006014354641797218,7.583969646075356e-12,2.1934758583741736e-06,0.0001711599436146647,7.583969646075082e-12,2.1934758583741786e-06,0.00017115994361466163,1.0000000000000362
Vis_L10.mlp.gate_proj,Base->Stage1,3.372998132295037e-05,1.0685507449393595e-09,1.7703167616543437e-05,0.0019212655636663383,6.481235921556943e-10,1.9166064292765026e-05,0.0014963002141813453,3.293459847420193e-13,4.5632973410064604e-07,3.372997423501241e-05,1967.9110181451806
Vis_L10.mlp.gate_proj,Stage1->Stage2,0.00010476165965576543,8.987696256734581e-09,6.899088866419632e-05,0.005571897260862277,5.4082784503109246e-09,5.823429917043118e-05,0.0043222355229130495,3.1770576401811517e-12,1.4168013736825522e-06,0.00010475902641249185,1702.291573785407
Vis_L10.mlp.gate_proj,Base->Stage2,0.00010870862007034718,9.626250016737937e-09,7.175675059112103e-05,0.005766435984600539,5.77848951684763e-09,6.025559146024707e-05,0.004467721276921377,3.420961112973729e-12,1.4696901288007204e-06,0.0001087058647746805,1689.142122935323
Vis_L10.mlp.up_proj,Base->Stage1,3.3424279945071604e-05,1.0620116900862992e-09,1.7554293519747832e-05,0.0018930322214122891,6.394326618314784e-10,1.9028869289737457e-05,0.0014688950440259721,3.3108267304085217e-13,4.578913865954393e-07,3.3424243303285875e-05,1931.338345068209
Vis_L10.mlp.up_proj,Stage1->Stage2,0.0001060089361866291,8.951871741169042e-09,6.863108899235117e-05,0.005495990301086944,5.321120064554044e-09,5.7734147464422854e-05,0.00423731315390868,3.3304141077472622e-12,1.451269192594501e-06,0.00010600788036360831,1597.7352642651765
Vis_L10.mlp.up_proj,Base->Stage2,0.00010908748702216476,9.579531412193339e-09,7.136397176994903e-05,0.005685401830366936,5.6735169093556476e-09,5.9683673167671926e-05,0.004375374273009523,3.5266487557791375e-12,1.4933498106675935e-06,0.0001090862809502079,1608.7558762574317
Vis_L10.mlp.down_proj,Base->Stage1,3.576562412709549e-05,1.0914061028336412e-09,1.793831305592239e-05,0.0019382991520306098,6.41478838161063e-10,1.9117576898487176e-05,0.001485999912263965,3.715999610243807e-13,4.8521417742326e-07,3.576559436503352e-05,1726.2618553368889
Vis_L10.mlp.down_proj,Stage1->Stage2,0.00010433568762774309,9.04706395996724e-09,6.918072446749389e-05,0.005580510624807385,5.214048910422092e-09,5.716666327348727e-05,0.004236504376401573,3.1623543462146768e-12,1.415221839222482e-06,0.00010433388395360877,1648.7870553353023
Vis_L10.mlp.down_proj,Base->Stage2,0.0001078359765988067,9.670071175149785e-09,7.189088357707315e-05,0.005769457045761201,5.547011961952571e-09,5.901662385299801e-05,0.004369680264529718,3.3780913939434274e-12,1.4624216150230824e-06,0.00010783402268108284,1642.0550290314218
Vis_L11.attn.qkv,Base->Stage1,4.188382339602149e-05,1.060446280783655e-09,1.7678355772140588e-05,0.0019174858369181696,5.875018027008205e-10,1.8388429937441142e-05,0.001427224952428605,5.0595904364941e-13,5.550010715968957e-07,4.1883745275862425e-05,1161.1647426306572
Vis_L11.attn.qkv,Stage1->Stage2,0.0001228122329181556,8.82410687035089e-09,6.827617799454622e-05,0.0055311520937816085,4.57857404437445e-09,5.3531450651889584e-05,0.00398423863100183,4.3501837205809016e-12,1.6505548907837172e-06,0.00012281008175918454,1052.5013053386742
Vis_L11.attn.qkv,Base->Stage2,0.0001317751217728023,9.444902633328306e-09,7.100791735041458e-05,0.005722409903713948,4.8227622996975455e-09,5.499192094435894e-05,0.00408910393813656,5.0082912420774795e-12,1.7657161243812164e-06,0.00013177256784367334,962.9556402748306
Vis_L11.attn.proj,Base->Stage1,5.941698535467395e-05,1.0683226215080561e-09,1.7893683867455933e-05,0.001987107819778685,9.551683196987021e-13,7.783260541500254e-07,5.941692539989477e-05,9.551683196987496e-13,7.783260541500365e-07,5.9416925399896254e-05,0.9999999999999503
Vis_L11.attn.proj,Stage1->Stage2,0.0001749787490566199,8.84669174096067e-09,6.871614229339684e-05,0.005718159142743109,8.283810863995935e-12,2.2906656211300404e-06,0.00017497696444415358,8.283810863994669e-12,2.2906656211298184e-06,0.00017497696444414022,1.000000000000153
Vis_L11.attn.proj,Base->Stage2,0.00018101357765448221,9.443695001041679e-09,7.131410958216122e-05,0.005907949398455421,8.865045878461106e-12,2.3697179351433335e-06,0.0001810115488426345,8.865045878454771e-12,2.369717935142518e-06,0.0001810115488425698,1.0000000000007145
Vis_L11.mlp.gate_proj,Base->Stage1,3.5322837437166445e-05,1.0890809334180219e-09,1.7876232389277228e-05,0.001923785988385917,6.609177788614405e-10,1.9352867566509986e-05,0.0014986506181873492,3.6716114281394035e-13,4.819195976881668e-07,3.5322793005094206e-05,1800.075503077846
Vis_L11.mlp.gate_proj,Stage1->Stage2,0.00010247153844274542,9.17764345929435e-09,6.970400524171602e-05,0.005584504914691032,5.524109940641721e-09,5.884482047305582e-05,0.004332616439044887,3.0899621047355047e-12,1.3973362719700064e-06,0.00010246974682620769,1787.7597696670055
Vis_L11.mlp.gate_proj,Base->Stage2,0.00010669052984036673,9.832792672532349e-09,7.252778860763303e-05,0.005780395144596548,5.902507926518268e-09,6.087574950633097e-05,0.00447854947255318,3.3496335016425284e-12,1.4548939241251756e-06,0.00010668853025669658,1762.1354466463006
Vis_L11.mlp.up_proj,Base->Stage1,3.378132821446808e-05,1.082131018269656e-09,1.7696772795300555e-05,0.0018883696941485693,6.554871847147893e-10,1.9248345342718715e-05,0.0014697017174715248,3.463061684810045e-13,4.681964560510308e-07,3.378136644932418e-05,1892.796734144064
Vis_L11.mlp.up_proj,Stage1->Stage2,0.00010170806099199784,9.133538674367588e-09,6.930380764044124e-05,0.005486036014884131,5.4394162756385246e-09,5.8353728623276204e-05,0.004233653069828313,3.1391824053776754e-12,1.4086313921897944e-06,0.0001017061919945568,1732.7493510158445
Vis_L11.mlp.up_proj,Base->Stage2,0.00010481011021234823,9.776014759493057e-09,7.208539642755208e-05,0.005675707980896084,5.808240733292565e-09,6.035303617493936e-05,0.004374832426001124,3.3335973358380176e-12,1.4515536324487273e-06,0.0001048083028370086,1742.3342258078865
Vis_L11.mlp.down_proj,Base->Stage1,3.809057718816611e-05,1.104466316877205e-09,1.8004762688490935e-05,0.0019250682326678406,6.450400980408811e-10,1.917136165196087e-05,0.0014711713066772705,4.3240910650580713e-13,5.229145613414505e-07,3.8090555415162155e-05,1491.7356927408246
Vis_L11.mlp.down_proj,Stage1->Stage2,0.00010833558768276595,9.243732398285709e-09,6.989484970352174e-05,0.005569098815308779,5.289489914829596e-09,5.75639426865143e-05,0.004212773776484741,3.4978606841252434e-12,1.4849039116346126e-06,0.00010833343047581506,1512.2071438795479
Vis_L11.mlp.down_proj,Base->Stage2,0.00011055996952024518,9.874062854630938e-09,7.260203785413547e-05,0.005755846261214239,5.6207058932823025e-09,5.9389640452024236e-05,0.004342668437484962,3.642969582088936e-12,1.5169210211478792e-06,0.00011055770482467049,1542.8912502912806
Vis_L12.attn.qkv,Base->Stage1,4.03696179802473e-05,1.059874081285119e-09,1.759179910562292e-05,0.001899165992847183,6.013641554645242e-10,1.856052219531917e-05,0.0014305549955390944,4.7888888171571e-13,5.480690536441733e-07,4.036948101812063e-05,1255.7488353248532
Vis_L12.attn.qkv,Stage1->Stage2,0.00013042805813857488,9.095911492693248e-09,6.938999515013756e-05,0.005563477263187064,4.845804115283645e-09,5.508518181288937e-05,0.00406074886706622,4.998854297837292e-12,1.7409740125779364e-06,0.0001304242787852651,969.3829478847059
Vis_L12.attn.qkv,Base->Stage2,0.00014218193545795116,9.704009832655354e-09,7.201426775136503e-05,0.0057464392335254185,5.106419625384743e-09,5.660584309949021e-05,0.00416851582805567,5.940381247299859e-12,1.8886115807447132e-06,0.0001421773331508705,859.6114311191416
Vis_L12.attn.proj,Base->Stage1,5.9321177326576095e-05,1.0873590650222273e-09,1.7993410948755618e-05,0.001965819524941983,9.901557506148176e-13,7.919496662245941e-07,5.932106120564601e-05,9.901557506157969e-13,7.919496662250655e-07,5.932106120567534e-05,0.999999999999011
Vis_L12.attn.proj,Stage1->Stage2,0.00016633652862136134,8.926274436381754e-09,6.884400957469783e-05,0.0056322869222693115,7.785041970586657e-12,2.219767772596815e-06,0.0001663336556012793,7.78504197058419e-12,2.219767772596444e-06,0.000166333655601253,1.0000000000003169
Vis_L12.attn.proj,Base->Stage2,0.00017392770486574153,9.506126287682835e-09,7.13863664044112e-05,0.005812345781857643,8.511802200372032e-12,2.3193360689572907e-06,0.00017392436027166672,8.511802200366549e-12,2.3193360689564975e-06,0.00017392436027161066,1.0000000000006442
Vis_L12.mlp.gate_proj,Base->Stage1,3.436622767001323e-05,1.1106399654614902e-09,1.8102900445969402e-05,0.001941067496616408,6.758265741680028e-10,1.9571246848099662e-05,0.001514159483951759,3.4813987469437726e-13,4.6916264713869145e-07,3.436614934732306e-05,1941.250121840519
Vis_L12.mlp.gate_proj,Stage1->Stage2,0.00010176878536864465,9.274876434331252e-09,7.007762960510647e-05,0.005609197904728802,5.555433239120014e-09,5.899511478011017e-05,0.004341158707587175,3.052960636692153e-12,1.3879055234211316e-06,0.00010176707667937814,1819.6871496971742
Vis_L12.mlp.gate_proj,Base->Stage2,0.00010597941944592454,9.922317007312538e-09,7.286589220304026e-05,0.005801672987048648,5.9316474103166875e-09,6.10268612043812e-05,0.00448574271828672,3.3108012853734866e-12,1.4455151040326058e-06,0.00010597739853104298,1791.6047805471198
Vis_L12.mlp.up_proj,Base->Stage1,3.345689285136404e-05,1.099916221301962e-09,1.783496198517938e-05,0.00188394206654722,6.652922206866646e-10,1.9389898301526738e-05,0.001465190056705073,3.468929291112483e-13,4.6877394293783106e-07,3.345688194108081e-05,1917.8604256684225
Vis_L12.mlp.up_proj,Stage1->Stage2,9.735005039501804e-05,9.274463642253825e-09,6.978630421394085e-05,0.005470499810289707,5.529973860862686e-09,5.882473467374753e-05,0.004224196817527397,2.9369522193418907e-12,1.3625591871619783e-06,9.734889950943149e-05,1882.895412613092
Vis_L12.mlp.up_proj,Base->Stage2,9.979626519111855e-05,9.914706903353088e-09,7.25315052019721e-05,0.005656171196794137,5.8970197276930626e-09,6.0817886931954506e-05,0.004362132931468704,3.0864042857243283e-12,1.3968036421744238e-06,9.979505284291576e-05,1910.6439668221005
Vis_L12.mlp.down_proj,Base->Stage1,3.6614423351954166e-05,1.1242225780657938e-09,1.8175111525502844e-05,0.001925925086721587,6.584124567647541e-10,1.9351755589612435e-05,0.0014738804494707504,4.063271817806156e-13,5.070844548295298e-07,3.661433718496156e-05,1620.399732746023
Vis_L12.mlp.down_proj,Stage1->Stage2,0.00011385852199117585,9.352773992385717e-09,7.025287489573267e-05,0.0055549148660326755,5.3276424432461795e-09,5.775244809047479e-05,0.004192515940405853,3.929204261612847e-12,1.5728638161073865e-06,0.00011385693555817783,1355.9087511167736
Vis_L12.mlp.down_proj,Base->Stage2,0.00011713619522899787,9.994641333814011e-09,7.301405313398841e-05,0.005742365004783568,5.6669841281175774e-09,5.9626468598639846e-05,0.004323975112322319,4.158662777386172e-12,1.6170873395342106e-06,0.00011713428746699477,1362.693834886854
Vis_L13.attn.qkv,Base->Stage1,4.465100759856227e-05,1.0633516428278635e-09,1.7586761417186145e-05,0.0018948739001554812,6.088860655517245e-10,1.8643428921610907e-05,0.001433870330091378,5.90442232910738e-13,5.921849615682064e-07,4.4650936043111546e-05,1031.2373194411634
Vis_L13.attn.qkv,Stage1->Stage2,0.0001690996662617739,9.053467709763539e-09,6.911762127642144e-05,0.005528868581254404,4.904425992445823e-09,5.5380941201693773e-05,0.004069329729803663,8.468408112627952e-12,2.1654745698827886e-06,0.00016909457649791243,579.1437926961058
Vis_L13.attn.qkv,Base->Stage2,0.00018938387018385656,9.648944433244453e-09,7.169985225537209e-05,0.0057077992659549,5.167201890192176e-09,5.690188281349904e-05,0.004176923331887229,1.0621867055558518e-11,2.3830778806587425e-06,0.00018937786639429334,486.46832644060754
Vis_L13.attn.proj,Base->Stage1,6.104932779072403e-05,1.1304380330362777e-09,1.8423795029507417e-05,0.001988014206750512,1.0660294766372038e-12,8.208912320509152e-07,6.104930300579014e-05,1.0660294766380555e-12,8.208912320513496e-07,6.104930300581452e-05,0.9999999999992011
Vis_L13.attn.proj,Stage1->Stage2,0.00017136486622984544,8.98301784393144e-09,6.90238326324133e-05,0.005603982729916552,8.399459995659845e-12,2.304378612964975e-06,0.00017136074438383798,8.399459995666013e-12,2.3043786129658224e-06,0.00017136074438390086,0.9999999999992656
Vis_L13.attn.proj,Base->Stage2,0.0001747225845567943,9.566175623129195e-09,7.156287155013263e-05,0.005783021832700843,8.731835219380808e-12,2.3478999564675375e-06,0.0001747183110150069,8.731835219378003e-12,2.347899956467086e-06,0.00017471831101497878,1.0000000000003213
Vis_L13.mlp.gate_proj,Base->Stage1,3.754653922265734e-05,1.1595801613236901e-09,1.8627890036542442e-05,0.0019749629402609245,7.032282657442044e-10,1.9989255558804527e-05,0.001538001367350251,4.1910420982977203e-13,5.139855290292491e-07,3.754650991188129e-05,1677.9317631522606
Vis_L13.mlp.gate_proj,Stage1->Stage2,0.00010189480884695057,9.52218318844801e-09,7.116362038777369e-05,0.005659408746581925,5.693780635459058e-09,5.973042245259258e-05,0.0043762604526814625,3.0866472018790425e-12,1.3959417266364023e-06,0.00010189345585722252,1844.6489874167946
Vis_L13.mlp.gate_proj,Base->Stage2,0.00010683281746130021,1.0234307779616246e-08,7.417068387326191e-05,0.00586721539703114,6.099610163172879e-09,6.187755406593788e-05,0.00452953724673977,3.3930601718954233e-12,1.4632188015420534e-06,0.00010683131550510253,1797.672264611072
Vis_L13.mlp.up_proj,Base->Stage1,3.3985773472668395e-05,1.140528867874688e-09,1.8172222932598585e-05,0.0018831217643734775,6.921270181446424e-10,1.9770869604733415e-05,0.0014669596324144863,3.7148640585706236e-13,4.846768512136179e-07,3.398573953274626e-05,1863.128790804134
Vis_L13.mlp.up_proj,Stage1->Stage2,0.00010443188509108226,9.569164199149761e-09,7.088011753789932e-05,0.0054545160566816,5.703793969965953e-09,5.9739865526476836e-05,0.004211154119715258,3.507645633798684e-12,1.4889559827578476e-06,0.00010443043256449392,1626.103251424774
Vis_L13.mlp.up_proj,Base->Stage2,0.0001069747706143622,1.0246882028946838e-08,7.374374564130853e-05,0.005644364988094527,6.1009306798168945e-09,6.185027959660647e-05,0.004355291888102916,3.680538262211981e-12,1.5251196974604626e-06,0.00010697317589012749,1657.6191429539092
Vis_L13.mlp.down_proj,Base->Stage1,3.9518025867887364e-05,1.1637799009344135e-09,1.851672961723222e-05,0.0019287354587552684,6.753231600549631e-10,1.9617992258967963e-05,0.0014692410728451711,4.885567595854822e-13,5.525370354619252e-07,3.9517981342017354e-05,1382.2818880408975
Vis_L13.mlp.down_proj,Stage1->Stage2,0.0001109796172296211,9.536598019627602e-09,7.086704093881093e-05,0.005521119851122299,5.3902895511230295e-09,5.808171476475667e-05,0.0041508446887504775,3.853114971832516e-12,1.5567624323904893e-06,0.00011097787899203498,1398.9433459753325
Vis_L13.mlp.down_proj,Base->Stage2,0.00011619084249372418,1.0207890273753027e-08,7.371136756842898e-05,0.005712134604483193,5.732756444149522e-09,5.9960465604879937e-05,0.004280674266815628,4.223459613762989e-12,1.6264503864897346e-06,0.00011618889172146257,1357.3603084703798
Vis_L14.attn.qkv,Base->Stage1,3.9725777213216335e-05,1.1128602582817589e-09,1.810588943944443e-05,0.0019353583565735863,6.527664890653235e-10,1.928841340167466e-05,0.0014822450231625386,4.688800336873432e-13,5.424584222054835e-07,3.9725735354764606e-05,1392.1823113939604
Vis_L14.attn.qkv,Stage1->Stage2,0.00012757162118833137,9.260139691166743e-09,6.997743439330683e-05,0.005582605700821074,5.220013918293801e-09,5.7170994833106644e-05,0.004191447358851051,4.835328659396775e-12,1.7366597376402284e-06,0.00012756783498249293,1079.5572102734825
Vis_L14.attn.qkv,Base->Stage2,0.0001279368064376529,9.898138263766514e-09,7.270309577095032e-05,0.00577171587227888,5.523821320061474e-09,5.886950745307659e-05,0.004311694646724041,4.863041160990849e-12,1.743852130248912e-06,0.00012793287459253583,1135.8779696069835
Vis_L14.attn.proj,Base->Stage1,6.410259606566909e-05,1.1987118261114992e-09,1.9224867709866088e-05,0.002081648518335339,1.1367110980601483e-12,8.477077862979965e-07,6.410251320602285e-05,1.1367110980598553e-12,8.477077862978799e-07,6.41025132060146e-05,1.0000000000002578
Vis_L14.attn.proj,Stage1->Stage2,0.00020773124426651035,9.070885610917369e-09,6.953505040662832e-05,0.005726120453030871,1.1937231916459424e-11,2.71473066641737e-06,0.00020772436979023614,1.1937231916451281e-11,2.714730666416395e-06,0.00020772436979016526,1.0000000000006821
Vis_L14.attn.proj,Base->Stage2,0.0002112328299025262,9.725162738169659e-09,7.236238486612478e-05,0.005929035805340776,1.2343027553736453e-11,2.76648348595313e-06,0.00021122556651520706,1.234302755373875e-11,2.7664834859533185e-06,0.0002112255665152268,0.9999999999998139
Vis_L14.mlp.gate_proj,Base->Stage1,3.6668651437622204e-05,1.1844061864873273e-09,1.8950207474660085e-05,0.002017639708845036,7.113826860503899e-10,2.0142912719795113e-05,0.0015636693679106529,3.912034550816107e-13,4.971816027855628e-07,3.6668624899825017e-05,1818.4468383644137
Vis_L14.mlp.gate_proj,Stage1->Stage2,0.000107567399394011,9.509420355984275e-09,7.124855324645938e-05,0.00571696807673675,5.617649641784738e-09,5.9340536957721984e-05,0.004394060875547192,3.366470181194374e-12,1.457444053306489e-06,0.00010756627526739878,1668.706193557217
Vis_L14.mlp.gate_proj,Base->Stage2,0.00011143891555414293,1.0225076465021834e-08,7.427563914740541e-05,0.005928188801362196,6.024585507384887e-09,6.150448990061415e-05,0.004550428877334825,3.6131547259233413e-12,1.5101927269318098e-06,0.00011143767031886772,1667.4031322711498
Vis_L14.mlp.up_proj,Base->Stage1,3.408670387244786e-05,1.155120980994825e-09,1.8288677811906966e-05,0.0018865297205032249,6.963842260581483e-10,1.9845889143673294e-05,0.0014647866663394752,3.77112677942636e-13,4.882569486000914e-07,3.408674108789812e-05,1846.6210944095544
Vis_L14.mlp.up_proj,Stage1->Stage2,0.00010247813607501721,9.605472828726354e-09,7.093043833713022e-05,0.005440075841131166,5.687310037442978e-09,5.965285316116336e-05,0.004185998153157743,3.4084945545942754e-12,1.4663731875341924e-06,0.00010247711317787513,1668.5694949335068
Vis_L14.mlp.up_proj,Base->Stage2,0.00010477972881672444,1.0291307088104103e-08,7.384513211322603e-05,0.005630939343941285,6.072344391759183e-09,6.170523961451316e-05,0.004325375118490523,3.56332682904495e-12,1.5002149870131488e-06,0.0001047787973420183,1704.1222102511165
Vis_L14.mlp.down_proj,Base->Stage1,3.806537017488172e-05,1.1648496177480543e-09,1.8432355149733585e-05,0.0019070240939718954,6.508020046138706e-10,1.929643187054818e-05,0.0014254293288088547,4.641071048789592e-13,5.415662099158448e-07,3.806539649475906e-05,1402.266842658231
Vis_L14.mlp.down_proj,Stage1->Stage2,0.0001327929203112442,9.428423073521402e-09,7.025739290806252e-05,0.005425468782661095,5.081661079898223e-09,5.636794917205601e-05,0.003983094279208131,5.648164604333254e-12,1.8640279235795993e-06,0.0001327918466461675,899.7013075715939
Vis_L14.mlp.down_proj,Base->Stage2,0.0001352716771200601,1.01101501444373e-08,7.316332948445283e-05,0.005618191529048842,5.3914411856171706e-09,5.8107771362959236e-05,0.004102703896976957,5.861001747940591e-12,1.898136791915004e-06,0.0001352706769450723,919.8839067931668
Vis_L15.attn.qkv,Base->Stage1,3.3485972250850726e-05,1.1220957764429959e-09,1.777966352919306e-05,0.0017864865021029847,7.118163154513046e-10,1.9818226807613715e-05,0.0014228815382016315,3.9423768417072735e-13,4.974128612843602e-07,3.3486043948089584e-05,1805.5511789762027
Vis_L15.attn.qkv,Stage1->Stage2,0.0001108233894231573,9.182574336233487e-09,6.856600064087577e-05,0.0051104388587507885,5.68438499122123e-09,5.935199130719729e-05,0.004020848524116374,4.318106071014188e-12,1.642749147812166e-06,0.00011082114258074909,1316.4069843902992
Vis_L15.attn.qkv,Base->Stage2,0.00010892695597921677,9.835784089298475e-09,7.139196593914488e-05,0.005289083991329651,6.0663276452061316e-09,6.138999751370706e-05,0.004153736108744197,4.17160369476201e-12,1.6158743644469044e-06,0.00010892498080545372,1454.1955777877927
Vis_L15.attn.proj,Base->Stage1,4.8752429619405715e-05,1.0863189874351459e-09,1.6724757732262675e-05,0.001586932656555028,1.0252599190589784e-12,8.066171734649875e-07,4.875248999977763e-05,1.0252599190585919e-12,8.06617173464806e-07,4.875248999976844e-05,1.000000000000377
Vis_L15.attn.proj,Stage1->Stage2,0.00013914462708119717,9.350573089288895e-09,6.772961778843011e-05,0.004655792307005952,8.35166870246466e-12,2.300613772577905e-06,0.00013914291993673096,8.35166870245943e-12,2.3006137725770747e-06,0.00013914291993668743,1.0000000000006262
Vis_L15.attn.proj,Base->Stage2,0.0001454178465441444,9.965011596010912e-09,7.041065190463769e-05,0.004806327809166826,9.121722784800436e-12,2.403546996794083e-06,0.00014541624253370608,9.12172278479691e-12,2.403546996793649e-06,0.000145416242533678,1.0000000000003864
Vis_L15.mlp.gate_proj,Base->Stage1,3.655317505622178e-05,1.2273562149637587e-09,1.931077153083032e-05,0.0020342137274340644,7.465827112284939e-10,2.062345804596692e-05,0.0015865370992692509,3.9630219058727654e-13,5.003893391660107e-07,3.655312437385602e-05,1883.8722796917673
Vis_L15.mlp.gate_proj,Stage1->Stage2,0.00010540679649346434,9.78276683658553e-09,7.224828373436358e-05,0.005742946789326576,5.8970179092314e-09,6.080444591053003e-05,0.004458822299297476,3.2954497493087314e-12,1.440883115816584e-06,0.0001054050182811057,1789.4425216067657
Vis_L15.mlp.gate_proj,Base->Stage2,0.000111247211718538,1.0514263063804947e-08,7.531571520121095e-05,0.00595378791821652,6.327216141032753e-09,6.305476909456262e-05,0.004618599203143797,3.6707476524136215e-12,1.51840206802007e-06,0.00011124518073260496,1723.685946341865
Vis_L15.mlp.up_proj,Base->Stage1,3.202522330514936e-05,1.2080410922579156e-09,1.8699561031523208e-05,0.0018850759649410634,7.401086469398806e-10,2.0418595349714253e-05,0.0014754882032073098,3.4866501283903557e-13,4.6945523707510504e-07,3.202522483178058e-05,2122.692612354422
Vis_L15.mlp.up_proj,Stage1->Stage2,9.583293671920178e-05,9.858669709684567e-09,7.17356998194867e-05,0.00538505214502875,5.93901586783918e-09,6.093751613077729e-05,0.00417963153674832,3.122148738752424e-12,1.4050012273412994e-06,9.583133739504174e-05,1902.2206706949987
Vis_L15.mlp.up_proj,Base->Stage2,9.884117773885828e-05,1.0567411054238994e-08,7.470495231260503e-05,0.005575259098787009,6.353798457881875e-09,6.308881358941614e-05,0.004323121805051308,3.3212369398884456e-12,1.4490365708077619e-06,9.883953292280831e-05,1913.0819549704538
Vis_L15.mlp.down_proj,Base->Stage1,3.4923985163864804e-05,1.202319483954376e-09,1.8703836365251212e-05,0.0019061337144743676,7.030994542493626e-10,1.9992321976305722e-05,0.0014576451127430356,4.036090640199614e-13,5.056264752114992e-07,3.4923991659506245e-05,1742.030883168147
Vis_L15.mlp.down_proj,Stage1->Stage2,0.00010747417012157085,9.819385718828153e-09,7.170777620415904e-05,0.005447291750189838,5.587382554709619e-09,5.9133247462304396e-05,0.00410906186453636,3.822269982659622e-12,1.5526231122508316e-06,0.00010747294657636131,1461.796937437107
Vis_L15.mlp.down_proj,Base->Stage2,0.00011282118074470961,1.052038900993585e-08,7.463402769046393e-05,0.005638380437575476,5.956728433233114e-09,6.112790601209899e-05,0.00424270051459294,4.2120605126460766e-12,1.6294174013599222e-06,0.00011281991730997855,1414.2077055514599
Vis_L16.attn.qkv,Base->Stage1,3.4806279984204595e-05,1.2019348959651566e-09,1.8763821076414426e-05,0.0019358304198416744,7.369610331923221e-10,2.0388619143103613e-05,0.0015158251224628013,3.8856419546077385e-13,4.95595663061625e-07,3.480632955139375e-05,1896.6261992266332
Vis_L16.attn.qkv,Stage1->Stage2,0.00010399792028265783,9.767455910723472e-09,7.168326804736817e-05,0.0055184669144595,5.826419298750319e-09,6.036656756896209e-05,0.004262148538505689,3.4689307732623e-12,1.4796863889725628e-06,0.00010399812990230274,1679.6009143967312
Vis_L16.attn.qkv,Base->Stage2,0.00010887875483491951,1.0490756657802645e-08,7.47086293020871e-05,0.0057191451640048515,6.2215340137111305e-09,6.246609796769654e-05,0.004404295536399836,3.8021903217300155e-12,1.5486395484030259e-06,0.00010887912934561508,1636.302627502429
Vis_L16.attn.proj,Base->Stage1,5.865139310530357e-05,1.2372391017368252e-09,1.936215432086108e-05,0.0020359970482573624,1.0267261958634035e-12,8.070842994521148e-07,5.865130057444252e-05,1.026726195863289e-12,8.070842994521306e-07,5.865130057443925e-05,1.0000000000001115
Vis_L16.attn.proj,Stage1->Stage2,0.00016510414675352674,9.868052187933747e-09,7.254178205165829e-05,0.0057499612431728304,8.136081891350827e-12,2.273396315484607e-06,0.0001651037183263047,8.136081891355328e-12,2.2733963154852215e-06,0.00016510371832635035,0.9999999999994468
Vis_L16.attn.proj,Base->Stage2,0.00017478836499530112,1.0600517276688131e-08,7.561487809138789e-05,0.005959539843607492,9.118491937205471e-12,2.404951422028816e-06,0.00017478763568586455,9.118491937208576e-12,2.404951422029289e-06,0.0001747876356858943,0.9999999999996595
Vis_L16.mlp.gate_proj,Base->Stage1,3.630670800835115e-05,1.217312701780227e-09,1.910771017767394e-05,0.0019977127254058244,7.427681364445451e-10,2.054349318154043e-05,0.001560481382898303,4.0207733248484814e-13,5.043803782241711e-07,3.630669812755921e-05,1847.3265624157898
Vis_L16.mlp.gate_proj,Stage1->Stage2,0.00010112518033912874,9.815151265464967e-09,7.221787224873616e-05,0.005672485714773666,5.955792758526748e-09,6.108222021401138e-05,0.004418701873191663,3.1192824349589272e-12,1.403567729590641e-06,0.0001011235394725473,1909.3470638561046
Vis_L16.mlp.gate_proj,Base->Stage2,0.00010589997122248024,1.0541492031899982e-08,7.525548662983639e-05,0.0058786276731561185,6.3813526619646565e-09,6.3300198766492e-05,0.004573843341057987,3.420798784753175e-12,1.4685155948499506e-06,0.00010589822405968032,1865.4568898957025
Vis_L16.mlp.up_proj,Base->Stage1,3.0909404313308004e-05,1.1891193564360245e-09,1.8392228221825213e-05,0.0018379421777418433,7.322687378642485e-10,2.0264297330121805e-05,0.0014422958925325456,3.363125263512879e-13,4.611630428950082e-07,3.090940475593024e-05,2177.3460114874615
Vis_L16.mlp.up_proj,Stage1->Stage2,9.29826947685101e-05,9.965056178230046e-09,7.191873930903764e-05,0.005320478726191627,6.072255696600713e-09,6.157222820003607e-05,0.004153228837309606,3.043448920070226e-12,1.386506861375706e-06,9.298092104779434e-05,1995.1889635987711
Vis_L16.mlp.up_proj,Base->Stage2,9.701900529612545e-05,1.0663121487813285e-08,7.483350824890034e-05,0.00550367796148519,6.491438975283551e-09,6.374264138129833e-05,0.004294190676746163,3.3134117489388245e-12,1.4468531280173236e-06,9.701715596875185e-05,1959.140447112419
Vis_L16.mlp.down_proj,Base->Stage1,3.451709143927186e-05,1.1816672145959974e-09,1.8370206967725715e-05,0.0018530597848476942,7.022205930494202e-10,1.9919584285341867e-05,0.001428494651423153,4.100013910269131e-13,5.096502064574539e-07,3.4517116081429234e-05,1712.7273429258325
Vis_L16.mlp.down_proj,Stage1->Stage2,0.00011477288094182157,9.90018419757581e-09,7.17416206531149e-05,0.0053635987448313,5.7935505161812206e-09,6.01742764399592e-05,0.004103052198670053,4.533095726056519e-12,1.6557235128507218e-06,0.000114770979506371,1278.056071677359
Vis_L16.mlp.down_proj,Base->Stage2,0.00011718819551892496,1.0587459694206554e-08,7.4617246310884e-05,0.005546647008287732,6.164608774639782e-09,6.215259656331704e-05,0.004232406796048032,4.725901635823688e-12,1.6964381922570912e-06,0.00011718633772970447,1304.430191248646
Vis_L17.attn.qkv,Base->Stage1,3.548529934106681e-05,1.2046647470667542e-09,1.8693984641690403e-05,0.0018972034948522086,7.324387883407879e-10,2.0326788410100766e-05,0.0014793348315711762,4.214391783976707e-13,5.155337065612596e-07,3.548528262702555e-05,1737.9466026997077
Vis_L17.attn.qkv,Stage1->Stage2,9.902188929579164e-05,9.735308860666998e-09,7.123247153570489e-05,0.005393263228661292,5.782762612627149e-09,6.009950173696979e-05,0.004156659332090963,3.281714424291087e-12,1.4418512300899462e-06,9.902096243492058e-05,1762.1163407222234
Vis_L17.attn.qkv,Base->Stage2,0.0001033859998791885,1.0431316874071886e-08,7.41625646770346e-05,0.005582726078235986,6.146636712058627e-09,6.204488846364565e-05,0.004285441026021182,3.5773499368639933e-12,1.5053679411889094e-06,0.00010338498347364876,1718.2095183696074
Vis_L17.attn.proj,Base->Stage1,5.929090459071962e-05,1.2353307795012956e-09,1.920429067002516e-05,0.0019886486860555496,1.0981083954824732e-12,8.20890581470448e-07,5.9291036469792754e-05,1.098108395481871e-12,8.208905814702639e-07,5.92910364697765e-05,1.0000000000005485
Vis_L17.attn.proj,Stage1->Stage2,0.0001678432165086857,9.772370790665684e-09,7.183675870752636e-05,0.005593230937718339,8.799838758386621e-12,2.3593947305461994e-06,0.0001678418044725483,8.799838758385038e-12,2.3593947305460275e-06,0.00016784180447253322,1.0000000000001799
Vis_L17.attn.proj,Base->Stage2,0.00017198827470412247,1.047736916696554e-08,7.479831376649315e-05,0.005791471265540092,9.239888681009811e-12,2.4214668340444296e-06,0.0001719872103416931,9.239888681009767e-12,2.421466834044313e-06,0.0001719872103416927,1.0000000000000047
Vis_L17.mlp.gate_proj,Base->Stage1,3.3825945705280514e-05,1.2064667980003704e-09,1.8936273657412055e-05,0.0019574441596697666,7.397994008793397e-10,2.0477118044088028e-05,0.0015328112599314256,3.6027596198788296e-13,4.779948753053575e-07,3.382589821068018e-05,2053.424260662223
Vis_L17.mlp.gate_proj,Stage1->Stage2,9.416026479543548e-05,9.909403571261655e-09,7.24882348245706e-05,0.005609824540168382,6.070435031831814e-09,6.166312189841834e-05,0.004390716816152318,2.791720614543733e-12,1.3296975661874143e-06,9.415892611684784e-05,2174.442170254182
Vis_L17.mlp.gate_proj,Base->Stage2,9.712183988053753e-05,1.063477177936787e-08,7.55037599795374e-05,0.005811518266727132,6.500569650461129e-09,6.387623452067057e-05,0.0045436118961009846,2.970087156759323e-12,1.3716275145931132e-06,9.712032273147417e-05,2188.6797616922236
Vis_L17.mlp.up_proj,Base->Stage1,3.0283048484688962e-05,1.164949333723155e-09,1.8072426552452914e-05,0.0017409061136447242,7.19658456702463e-10,2.0045571408964906e-05,0.0013683117247220748,3.5249625012344405e-13,4.723934528447679e-07,3.0283012959954153e-05,2041.6059928309562
Vis_L17.mlp.up_proj,Stage1->Stage2,9.126221964852728e-05,9.989535611016699e-09,7.188198686629631e-05,0.0050978554050862095,6.115335938502437e-09,6.177355783842845e-05,0.003988641678944204,3.2013885780698934e-12,1.4222589758180607e-06,9.126075532058892e-05,1910.2135805673902
Vis_L17.mlp.up_proj,Base->Stage2,9.558947745234854e-05,1.0679396333721854e-08,7.475300029848539e-05,0.005270941734430983,6.530951986386493e-09,6.391024872697897e-05,0.00412195369594351,3.512169705666325e-12,1.4896401397459511e-06,9.558783155918374e-05,1859.5206193623972
Vis_L17.mlp.down_proj,Base->Stage1,3.1825564032045605e-05,1.1614409675873105e-09,1.8104787413544966e-05,0.0018245679789911382,6.902117514887799e-10,1.9722581658685164e-05,0.0014065418317206993,3.5336882045799434e-13,4.732820355190729e-07,3.182552611074884e-05,1953.2333118530664
Vis_L17.mlp.down_proj,Stage1->Stage2,9.781831728967125e-05,9.95966794184979e-09,7.192565836249497e-05,0.005342908335656219,5.8199806802694765e-09,6.0311344827119345e-05,0.004084285243547445,3.3382389385605404e-12,1.4545024246856502e-06,9.781692432545377e-05,1743.4284325911888
Vis_L17.mlp.down_proj,Base->Stage2,0.00010201986680806582,1.06312620077162e-08,7.472052814212113e-05,0.005520109650110592,6.185137909541961e-09,6.224676532286263e-05,0.004210464282246947,3.6311610628084397e-12,1.5164760862566057e-06,0.00010201829245404533,1703.3499210189825
Vis_L18.attn.qkv,Base->Stage1,3.234631808977726e-05,1.1701249677426492e-09,1.8129328047929992e-05,0.0018106993578709879,7.312783819930397e-10,2.0167257413108815e-05,0.0014314348682078085,3.734132690367197e-13,4.859195523100875e-07,3.2346336304468674e-05,1958.3620685989313
Vis_L18.attn.qkv,Stage1->Stage2,9.981525855219424e-05,9.955969792709679e-09,7.1724362376836e-05,0.005281645293641003,6.063352148170895e-09,6.147061925974452e-05,0.004121770838000177,3.5557680495059126e-12,1.4969466928107706e-06,9.981462003282726e-05,1705.2158812815196
Vis_L18.attn.qkv,Base->Stage2,0.00010421155060111691,1.0613839896883963e-08,7.446027061686362e-05,0.005453354275146731,6.431968419686888e-09,6.33889053643429e-05,0.004245212144265374,3.875892794729706e-12,1.5637152713497445e-06,0.00010421094264124061,1659.4804759390759
Vis_L18.attn.proj,Base->Stage1,5.087467306019889e-05,1.164898130136953e-09,1.7989758204013385e-05,0.0017992073356206664,9.31381931049291e-13,7.695460612397744e-07,5.087461588071359e-05,9.313819310511508e-13,7.695460612405376e-07,5.087461588076438e-05,0.9999999999980033
Vis_L18.attn.proj,Stage1->Stage2,0.00014825913418867285,1.0097530469455151e-08,7.22657670798732e-05,0.005297144561918966,7.909853521242287e-12,2.240146465672793e-06,0.00014825811006226165,7.909853521249022e-12,2.2401464656736485e-06,0.00014825811006232478,0.9999999999991485
Vis_L18.attn.proj,Base->Stage2,0.00015370383497230683,1.0733614476896799e-08,7.490589468204689e-05,0.0054614408615700155,8.501468551211769e-12,2.3221564991474373e-06,0.00015370260048495877,8.501468551213538e-12,2.3221564991476186e-06,0.00015370260048497473,0.9999999999997919
Vis_L18.mlp.gate_proj,Base->Stage1,3.361355736686466e-05,1.1925023459862937e-09,1.867483475393118e-05,0.0019316010933826228,7.346894453248963e-10,2.0369197662007233e-05,0.0015161414525875728,3.6112235861864474e-13,4.785789497962413e-07,3.361359868165313e-05,2034.4612505722714
Vis_L18.mlp.gate_proj,Stage1->Stage2,9.997140999002566e-05,9.888386125507422e-09,7.218324161460142e-05,0.005562183305143792,6.0522654920562955e-09,6.156258632560477e-05,0.004351525915475901,3.1943021353087217e-12,1.4232573972794266e-06,9.997020549149274e-05,1894.7066481772736
Vis_L18.mlp.gate_proj,Base->Stage2,0.00010196915584409955,1.0609548503079847e-08,7.520115263538727e-05,0.005761439956666983,6.489879090593247e-09,6.380753555966474e-05,0.004506100688777453,3.3232504524186707e-12,1.4511668915178059e-06,0.00010196805260572579,1952.8708965855687
Vis_L18.mlp.up_proj,Base->Stage1,3.086203092072438e-05,1.1561541731878978e-09,1.7938356274265444e-05,0.001788685522295864,7.144918993773039e-10,1.9965903200361998e-05,0.001406127723266326,3.441890336146655e-13,4.668048347371096e-07,3.0862040063646015e-05,2075.870610616864
Vis_L18.mlp.up_proj,Stage1->Stage2,9.283116786120812e-05,1.0008064983044785e-08,7.186700244427644e-05,0.005262564687368528,6.140143618697595e-09,6.189601434458088e-05,0.00412203479704404,3.1141203731270416e-12,1.404119957236571e-06,9.283037114327494e-05,1971.7104295913823
Vis_L18.mlp.up_proj,Base->Stage2,9.540189896931388e-05,1.0672985583567701e-08,7.461772180162588e-05,0.005434572043023607,6.544277361429804e-09,6.39826325724435e-05,0.004255525895859186,3.2889862936624548e-12,1.4425405377009212e-06,9.54011084509611e-05,1989.7551333795363
Vis_L18.mlp.down_proj,Base->Stage1,3.211424627461556e-05,1.1411552350060566e-09,1.781415436435932e-05,0.0017911868962247287,6.808901384178976e-10,1.955812428243983e-05,0.00138358887729304,3.6682532462459257e-13,4.819419962398667e-07,3.211428041627298e-05,1856.1699335091369
Vis_L18.mlp.down_proj,Stage1->Stage2,9.657776511049733e-05,9.976175998390827e-09,7.181128642315072e-05,0.005295985299194589,5.841031923942715e-09,6.039772329212206e-05,0.004052373901284156,3.317548056433052e-12,1.450492445142434e-06,9.657691558071971e-05,1760.6472685802937
Vis_L18.mlp.down_proj,Base->Stage2,0.00010008945272275434,1.0633728794704837e-08,7.454329838773904e-05,0.0054677356521788305,6.195867653353228e-09,6.226917205263323e-05,0.0041736476879429074,3.563202239668762e-12,1.5030763268576602e-06,0.00010008867871022693,1738.8481586521457
Vis_L19.attn.qkv,Base->Stage1,3.3360850546428047e-05,1.187606082697801e-09,1.8284088520034252e-05,0.001821618751236517,7.424106435172988e-10,2.032605368269179e-05,0.0014402682143160096,3.983203080009281e-13,5.021673249993184e-07,3.336088061473935e-05,1863.853357724279
Vis_L19.attn.qkv,Stage1->Stage2,0.00010327118254308668,1.0124114323689409e-08,7.241728355350752e-05,0.005318522777629648,6.161730322509794e-09,6.199750046011265e-05,0.004149195007132074,3.816943551217857e-12,1.5527234243183307e-06,0.00010326909517073412,1614.310046724111
Vis_L19.attn.qkv,Base->Stage2,0.00010624935098607151,1.081449083367638e-08,7.528236664769715e-05,0.005496870956058161,6.545038896098115e-09,6.39788058315793e-05,0.004276304470083088,4.040273748131628e-12,1.5971197713144374e-06,0.00010624729917848722,1619.9493658380902
Vis_L19.attn.proj,Base->Stage1,5.562744851696642e-05,1.1993280725267215e-09,1.8324725813059217e-05,0.0018133249755737377,1.1286670241976346e-12,8.468428081621576e-07,5.562750250483015e-05,1.1286670241990238e-12,8.468428081626175e-07,5.562750250486437e-05,0.9999999999987692
Vis_L19.attn.proj,Stage1->Stage2,0.0001531740267400713,1.029847527830749e-08,7.298140006241738e-05,0.0053136034308030045,8.55769830617954e-12,2.320657723701943e-06,0.000153172626407394,8.557698306174553e-12,2.3206577237012257e-06,0.00015317262640734933,1.0000000000005829
Vis_L19.attn.proj,Base->Stage2,0.00015565843092056535,1.0953789854751271e-08,7.569347225263811e-05,0.005480054475532635,8.837569707043585e-12,2.3612962701393475e-06,0.00015565715894434083,8.837569707045837e-12,2.361296270139659e-06,0.0001556571589443607,0.9999999999997452
Vis_L19.mlp.gate_proj,Base->Stage1,3.296194623145772e-05,1.1876484097548111e-09,1.8506735519873094e-05,0.0018950296906139928,7.346083768731113e-10,2.0330741371095204e-05,0.0014903902854929694,3.5932032819301245e-13,4.775005571618624e-07,3.2961955351673366e-05,2044.4386783441576
Vis_L19.mlp.gate_proj,Stage1->Stage2,9.722721422496182e-05,1.0120903144395873e-08,7.294927948718946e-05,0.005531933101107792,6.247977681562569e-09,6.255061717843561e-05,0.00434647333708073,3.1263063950336284e-12,1.4073755572978174e-06,9.722614235448139e-05,1998.5173850803455
Vis_L19.mlp.gate_proj,Base->Stage2,0.00010141928831116589,1.0822764036942746e-08,7.58553462641595e-05,0.005720531481914935,6.671788050113387e-09,6.471276432990408e-05,0.004491468990840116,3.401709412923301e-12,1.4681933499110385e-06,0.00010141819828692464,1961.304520829104
Vis_L19.mlp.up_proj,Base->Stage1,3.122902344954667e-05,1.1418165977848097e-09,1.7738756882966575e-05,0.0017620827839149025,7.067445811891038e-10,1.984155696937194e-05,0.00138630687116779,3.5864160227041887e-13,4.768720687011527e-07,3.1229027865792236e-05,1970.6151676631544
Vis_L19.mlp.up_proj,Stage1->Stage2,8.993747515010396e-05,1.0123185629057232e-08,7.222633000170505e-05,0.005246671231491712,6.184536501001413e-09,6.211956245630025e-05,0.004100896696970828,2.9745763336159556e-12,1.3732023129831473e-06,8.993687847095215e-05,2079.1318854753895
Vis_L19.mlp.up_proj,Base->Stage2,9.403091252667375e-05,1.0799713811857094e-08,7.502402334811801e-05,0.005419152521612674,6.5911259558611004e-09,6.421211933907446e-05,0.004233553539065653,3.2515104943886943e-12,1.4355161752213002e-06,9.403030198731087e-05,2027.0966270094343
Vis_L19.mlp.down_proj,Base->Stage1,3.244216446116717e-05,1.1399415348472282e-09,1.774455649183936e-05,0.0017731919809013887,6.833984466297918e-10,1.9557924697508508e-05,0.0013729397000107409,3.8158332246725715e-13,4.921023628600003e-07,3.2442115205773495e-05,1790.9547047576557
Vis_L19.mlp.down_proj,Stage1->Stage2,9.437636277901669e-05,1.0018183803754814e-08,7.187295539061016e-05,0.0052566327663752755,5.907535120364382e-09,6.07282444103149e-05,0.004036605394065351,3.229219247326917e-12,1.4312998614037573e-06,9.437607386158631e-05,1829.4004426161282
Vis_L19.mlp.down_proj,Base->Stage2,9.656394079625048e-05,1.0673350992444415e-08,7.460798407190862e-05,0.005425796934039766,6.2695093021927755e-09,6.263000510007313e-05,0.004158434982677259,3.380646059517777e-12,1.4641927100685217e-06,9.656349857406569e-05,1854.5299306154138
Vis_L20.attn.qkv,Base->Stage1,3.1528043951722673e-05,1.1841712774209503e-09,1.8102722136106308e-05,0.0017787660410331608,7.419860566284228e-10,2.0291586147981663e-05,0.0014080219987700694,3.720238215309063e-13,4.854157308261967e-07,3.152803783186746e-05,1994.458455845902
Vis_L20.attn.qkv,Stage1->Stage2,9.558286356399273e-05,1.0388206884811773e-08,7.32063724477161e-05,0.005268431112255623,6.3366993039291146e-09,6.286138650065258e-05,0.00411474153240438,3.4192978913603754e-12,1.4693971033323228e-06,9.558274086981203e-05,1853.2165097227153
Vis_L20.attn.qkv,Base->Stage2,9.800402339791568e-05,1.1067490617860753e-08,7.59835264655558e-05,0.005437954781247464,6.7174362058949605e-09,6.480826015014713e-05,0.004236554386922246,3.5947153461127204e-12,1.5077088628567757e-06,9.800387857246416e-05,1868.6976739783056
Vis_L20.attn.proj,Base->Stage1,5.033858524329386e-05,1.1983923984595165e-09,1.828785018672008e-05,0.001810209846782555,9.26712326905487e-13,7.675968352738213e-07,5.033868544731452e-05,9.26712326904145e-13,7.675968352731531e-07,5.033868544727807e-05,1.0000000000014482
Vis_L20.attn.proj,Stage1->Stage2,0.0001520512681350085,1.057896195912942e-08,7.412915330742286e-05,0.005378349758610839,8.455149536600744e-12,2.3171057387690687e-06,0.00015205060763834094,8.455149536599849e-12,2.317105738768988e-06,0.00015205060763833292,1.000000000000106
Vis_L20.attn.proj,Base->Stage2,0.0001573718113443325,1.1264311414286578e-08,7.691581878938259e-05,0.00554983201479401,9.05725960257018e-12,2.398825591131711e-06,0.0001573714409986629,9.057259602568212e-12,2.3988255911314197e-06,0.00015737144099864584,1.0000000000002172
Vis_L20.mlp.gate_proj,Base->Stage1,3.278355487119483e-05,1.184270187050356e-09,1.8401609558077193e-05,0.00186890756955582,7.312162725098334e-10,2.0275235058809417e-05,0.0014685385403274008,3.6440830470420567e-13,4.805742808671585e-07,3.278359362481031e-05,2006.5850944406163
Vis_L20.mlp.gate_proj,Stage1->Stage2,9.208998116527196e-05,1.005834635120731e-08,7.249345035521541e-05,0.005446560511800097,6.189183785202732e-09,6.220619872241247e-05,0.004272437610422717,2.87541092613972e-12,1.3491058692309047e-06,9.208926343133079e-05,2152.451925718944
Vis_L20.mlp.gate_proj,Base->Stage2,9.535706465947682e-05,1.07721815309455e-08,7.546040124709993e-05,0.0056365176556710085,6.618233844555798e-09,6.439546496010703e-05,0.004418044583026375,3.083059632243203e-12,1.395130063893268e-06,9.535643418356508e-05,2146.644773049828
Vis_L20.mlp.up_proj,Base->Stage1,3.0539821525965054e-05,1.1446803875781795e-09,1.7699477062945145e-05,0.0017423402698335624,7.068481539966877e-10,1.983606626196807e-05,0.0013691591007279557,3.5168333224891377e-13,4.7194417173528693e-07,3.053983921780663e-05,2009.899500998802
Vis_L20.mlp.up_proj,Stage1->Stage2,8.7145320000541e-05,1.01004650339697e-08,7.193537341394418e-05,0.005175590046186141,6.184560439293157e-09,6.208110683482615e-05,0.00404989350457571,2.8635609483159945e-12,1.3468797909354805e-06,8.714498505180224e-05,2159.7446504256104
Vis_L20.mlp.up_proj,Base->Stage2,9.17758385050656e-05,1.078197388918624e-08,7.475535927652276e-05,0.005347346443651503,6.598632737614917e-09,6.420649049118024e-05,0.004183272569827232,3.175963616316401e-12,1.4182869725888893e-06,9.177553892449377e-05,2077.6789456008482
Vis_L20.mlp.down_proj,Base->Stage1,3.1696144151598e-05,1.1391906310482368e-09,1.7660483524937483e-05,0.0017507143699742028,6.812416329798508e-10,1.9518456575503396e-05,0.0013538410705058554,3.7340384625150045e-13,4.861142604120925e-07,3.169614812174084e-05,1824.4097906827958
Vis_L20.mlp.down_proj,Stage1->Stage2,9.688602251523797e-05,1.0031316303021016e-08,7.171369120220777e-05,0.0051951027410919925,5.932035795267545e-09,6.084203353338365e-05,0.0039950025421796815,3.488896337085133e-12,1.4839036799020852e-06,9.688559515083688e-05,1700.2614070854224
Vis_L20.mlp.down_proj,Base->Stage2,9.803611329231205e-05,1.0696121652822704e-08,7.447458260291964e-05,0.005364488830621492,6.295167834624545e-09,6.2749887237411e-05,0.004115464266193301,3.572219118372211e-12,1.5010993465985208e-06,9.803569313453106e-05,1762.2569125863497
Vis_L21.attn.qkv,Base->Stage1,3.172330509269286e-05,1.1627228582490903e-09,1.7847641491418227e-05,0.0017465068822442708,7.341513531936856e-10,2.013627374329233e-05,0.0013877939757408204,3.8361201979954727e-13,4.918046258351088e-07,3.172329570089678e-05,1913.7861049747848
Vis_L21.attn.qkv,Stage1->Stage2,9.591284458714862e-05,1.0376891642973998e-08,7.305948761264483e-05,0.00521741649484839,6.389294428345339e-09,6.310123774954007e-05,0.004094004510005253,3.506623595416085e-12,1.4883017874117347e-06,9.5910563228458e-05,1822.064517188993
Vis_L21.attn.qkv,Base->Stage2,0.00010187056407627381,1.1062725358644294e-08,7.586167555358051e-05,0.005387073876862496,6.780748553140972e-09,6.509069699085756e-05,0.004217554331366284,3.9557858484744226e-12,1.578008113230678e-06,0.00010186811085035457,1714.1343876731892
Vis_L21.attn.proj,Base->Stage1,5.05644240961777e-05,1.1761815578545126e-09,1.7986474961577264e-05,0.0017606946004556335,9.700543027839952e-13,7.850059938875276e-07,5.056440169488539e-05,9.700543027837612e-13,7.850059938875026e-07,5.05644016948793e-05,1.0000000000002414
Vis_L21.attn.proj,Stage1->Stage2,0.00014298761821213477,1.0454151670671823e-08,7.344055012762141e-05,0.005249127795863229,7.7571674217516e-12,2.2192341495510788e-06,0.0001429862677858903,7.757167421752014e-12,2.219234149551204e-06,0.00014298626778589413,0.9999999999999467
Vis_L21.attn.proj,Base->Stage2,0.00015166614181369578,1.1165465046867266e-08,7.632066060648854e-05,0.005424767832776857,8.727366093184327e-12,2.3521616309549365e-06,0.00015166464223313392,8.72736609318175e-12,2.3521616309545757e-06,0.00015166464223311153,1.0000000000002953
Vis_L21.mlp.gate_proj,Base->Stage1,3.052393906753244e-05,1.1744434315004859e-09,1.8182172972752884e-05,0.0018244843179871083,7.264358047776324e-10,2.01696998267547e-05,0.0014349035300331432,3.2872491181075796e-13,4.566897314471565e-07,3.0523925994976904e-05,2209.8593038663
Vis_L21.mlp.gate_proj,Stage1->Stage2,8.957899711860607e-05,1.0074755789794233e-08,7.231701504509689e-05,0.0053436497600123116,6.208326564281584e-09,6.228441206359527e-05,0.004194768499990201,2.831158773721737e-12,1.3401507355452338e-06,8.957830372795945e-05,2192.8570809613575
Vis_L21.mlp.gate_proj,Base->Stage2,9.255519389951027e-05,1.0771101308130746e-08,7.519908599470505e-05,0.005525235287620979,6.62327573845476e-09,6.440404960188814e-05,0.004332685237634449,3.0224077321500302e-12,1.384806604078249e-06,9.255443783295896e-05,2191.390548668033
Vis_L21.mlp.up_proj,Base->Stage1,3.035780957983476e-05,1.1591756244875996e-09,1.7763190303997613e-05,0.0017297876456314237,7.207134017749888e-10,2.000206577139232e-05,0.0013639532026945198,3.5702974785167387e-13,4.7563712896437565e-07,3.035780538849497e-05,2018.6368393997393
Vis_L21.mlp.up_proj,Stage1->Stage2,8.743700965438331e-05,1.0139903343675577e-08,7.192969467727066e-05,0.005116022324780582,6.247316313554359e-09,6.239399336783075e-05,0.004015709344161452,2.9617899200158983e-12,1.3702119644374927e-06,8.743647660819469e-05,2109.304333617566
Vis_L21.mlp.up_proj,Base->Stage2,9.038619934134805e-05,1.0814072957802314e-08,7.4727901024107e-05,0.005283359599879478,6.663972468610578e-09,6.450488597924219e-05,0.004147459181012465,3.164956813339882e-12,1.4161582130025983e-06,9.038563583682382e-05,2105.549257583168
Vis_L21.mlp.down_proj,Base->Stage1,3.0483280163456507e-05,1.1568350827421905e-09,1.7760497180454595e-05,0.001740437134146865,6.971752219967697e-10,1.973824131025235e-05,0.0013511189565952302,3.5487783450572716e-13,4.732322427144464e-07,3.0483305087227677e-05,1964.5499217154359
Vis_L21.mlp.down_proj,Stage1->Stage2,8.93287297184239e-05,1.0161959268491561e-08,7.20724793780668e-05,0.005158312235890643,6.1015333711750635e-09,6.169650595762069e-05,0.0039970391055463815,3.0474534852839713e-12,1.390196369044437e-06,8.932796586610852e-05,2002.174405824115
Vis_L21.mlp.down_proj,Base->Stage2,9.097073587297301e-05,1.0830032600689164e-08,7.483088414493568e-05,0.005325173765399822,6.479623669613198e-09,6.365160993571788e-05,0.004119018982434595,3.1605225605977582e-12,1.4155451224170149e-06,9.097003235877341e-05,2050.174787674254
Vis_L22.attn.qkv,Base->Stage1,3.151733174023292e-05,1.1621456584645055e-09,1.7812948616916144e-05,0.0017387935888590928,7.30072609877438e-10,2.0075542645138134e-05,0.0013781636021245036,3.8182580108543035e-13,4.908342446535185e-07,3.15174000297536e-05,1912.0567751106225
Vis_L22.attn.qkv,Stage1->Stage2,9.339743264417107e-05,1.0085260337258892e-08,7.17460000378208e-05,0.0051222714120078,6.1818529388828495e-09,6.201928452826688e-05,0.004010313871932368,3.3530063834560206e-12,1.455526753644132e-06,9.339770827634647e-05,1843.6746704046152
Vis_L22.attn.qkv,Base->Stage2,9.525542521183278e-05,1.0767978781549853e-08,7.458501397341018e-05,0.005292807822402505,6.562967587187865e-09,6.400002635877795e-05,0.00413208417079811,3.4877538411970847e-12,1.4849857667296623e-06,9.525591272061329e-05,1881.7175425818725
Vis_L22.attn.proj,Base->Stage1,5.449035145035589e-05,1.17816338577569e-09,1.7953084027203526e-05,0.0017542864306320989,1.1366973356093061e-12,8.441670363679683e-07,5.449042110918627e-05,1.1366973356110907e-12,8.44167036368587e-07,5.449042110922904e-05,0.99999999999843
Vis_L22.attn.proj,Stage1->Stage2,0.00015646414333283194,1.0134516752998144e-08,7.189279214154798e-05,0.005145155605975383,9.372040720195612e-12,2.420607266440454e-06,0.00015646387244156254,9.372040720183499e-12,2.4206072664389745e-06,0.0001564638724414614,1.0000000000012925
Vis_L22.attn.proj,Base->Stage2,0.0001663886242382294,1.0829129091426839e-08,7.477425097638712e-05,0.005318556249243494,1.0598706985284563e-11,2.5627593040720605e-06,0.0001663885488702789,1.0598706985276537e-11,2.56275930407114e-06,0.00016638854887021594,1.0000000000007574
Vis_L22.mlp.gate_proj,Base->Stage1,3.055492654557213e-05,1.1867876094100456e-09,1.8241111179084297e-05,0.001815676980373122,7.380624269739658e-10,2.0313532406538547e-05,0.001431853661046136,3.3609139540275375e-13,4.6170543330635787e-07,3.055489409031093e-05,2196.0170271229695
Vis_L22.mlp.gate_proj,Stage1->Stage2,9.61086688955663e-05,1.0252079202217046e-08,7.291824796096224e-05,0.00533647883162606,6.352280170240079e-09,6.299777747658713e-05,0.004200622332985492,3.3252243572967944e-12,1.4505268451075823e-06,9.610794501284968e-05,1910.3313002928012
Vis_L22.mlp.gate_proj,Base->Stage2,9.986468566388914e-05,1.0961200807730877e-08,7.583363446462255e-05,0.005517951535523479,6.7864500304808056e-09,6.518960556904036e-05,0.004341803281523502,3.5902011732618836e-12,1.5072160056182672e-06,9.986382741634558e-05,1890.2701277641677
Vis_L22.mlp.up_proj,Base->Stage1,2.948527675488049e-05,1.1390415803991718e-09,1.7500413553718094e-05,0.0016990962673131271,7.024544681358597e-10,1.9747164561484335e-05,0.0013343116759681722,3.4301547573069073e-13,4.6614753497379585e-07,2.9485266260003666e-05,2047.8798125346761
Vis_L22.mlp.up_proj,Stage1->Stage2,8.575595862965131e-05,1.0154183602223895e-08,7.183964489496907e-05,0.0050730065816376345,6.230394981417031e-09,6.228250304665232e-05,0.003973751545837126,2.9015644307917895e-12,1.3562901811371286e-06,8.575491666583583e-05,2147.2537074480397
Vis_L22.mlp.up_proj,Base->Stage2,9.096168876542303e-05,1.0824163879336965e-08,7.461464057868322e-05,0.0052376937241437995,6.6304559185598e-09,6.433181250375108e-05,0.004099346377264608,3.264527465831258e-12,1.43832215727198e-06,9.096055117417584e-05,2031.0614592643544
Vis_L22.mlp.down_proj,Base->Stage1,3.2641224408644195e-05,1.152573149063183e-09,1.7669826131008295e-05,0.0017214342425233198,6.971636437018646e-10,1.9725758147480086e-05,0.0013388242011967433,4.144011331300968e-13,5.105242552628907e-07,3.264124053835508e-05,1682.3400998833602
Vis_L22.mlp.down_proj,Stage1->Stage2,9.053801146110922e-05,1.0273504145323523e-08,7.242788214213094e-05,0.005139378475743307,6.145079047438792e-09,6.192221667036453e-05,0.003974797774399371,3.1882291318021775e-12,1.421829316873532e-06,9.053699252768827e-05,1927.4270428503444
Vis_L22.mlp.down_proj,Base->Stage2,9.581832817484861e-05,1.0974495727018581e-08,7.531419283857657e-05,0.005311822912536677,6.537745653344927e-09,6.394066207337734e-05,0.004099824924637744,3.570962009754029e-12,1.5042385009726785e-06,9.581729716390765e-05,1830.8079546876088
Vis_L23.attn.qkv,Base->Stage1,2.8589802779581854e-05,1.1167426618600778e-09,1.716913291168224e-05,0.0016055322942501464,7.282127082171146e-10,1.9747823328491958e-05,0.001296497305956985,3.541087322058178e-13,4.7106615076134736e-07,2.8589779777666412e-05,2056.466395733662
Vis_L23.attn.qkv,Stage1->Stage2,8.565381169188329e-05,9.670220856111922e-09,6.923875299863269e-05,0.004724541445652502,6.10288843285555e-09,6.12924699077447e-05,0.003753264594448536,3.178398923567522e-12,1.407840384495373e-06,8.565360950281894e-05,1920.1140510095256
Vis_L23.attn.qkv,Base->Stage2,9.00788353159694e-05,1.0350737035729777e-08,7.212198060237096e-05,0.004887953934483885,6.51394571222363e-09,6.340805755319088e-05,0.003877604708547656,3.5152793426278384e-12,1.481125610085069e-06,9.007855020886e-05,1853.0378605286446
Vis_L23.attn.proj,Base->Stage1,3.734783462427499e-05,9.892422032366306e-10,1.4867271806071613e-05,0.0013011791742005851,8.150025874009678e-13,7.199456760539577e-07,3.7347821921220185e-05,8.150025874024115e-13,7.199456760546062e-07,3.7347821921253267e-05,0.9999999999982285
Vis_L23.attn.proj,Stage1->Stage2,0.00012380363806274575,9.934950808494746e-09,6.76796407203284e-05,0.004123517867735938,8.955611444075596e-12,2.38703083812911e-06,0.00012380341986712313,8.955611444079e-12,2.3870308381295173e-06,0.00012380341986714669,0.9999999999996199
Vis_L23.attn.proj,Base->Stage2,0.00012677607499379378,1.0494876783044527e-08,7.005142833593325e-05,0.004238124321805515,9.390803150173164e-12,2.4443654195688642e-06,0.00012677580843944883,9.390803150182735e-12,2.4443654195701356e-06,0.00012677580843951342,0.9999999999989808
Vis_L23.mlp.gate_proj,Base->Stage1,3.085952985859703e-05,1.1992434032682815e-09,1.826639290896327e-05,0.0018018639498043013,7.473181396499663e-10,2.042330341618821e-05,0.0014223978568596817,3.517564923128981e-13,4.723675023920322e-07,3.0859535746078506e-05,2124.5326127064177
Vis_L23.mlp.gate_proj,Stage1->Stage2,9.305033471302888e-05,1.0406050625060451e-08,7.333592363499775e-05,0.005307691000767392,6.484026617041848e-09,6.36133565086491e-05,0.004189720567731016,3.1981529132684457e-12,1.424114965649858e-06,9.3049121394332e-05,2027.4285792092749
Vis_L23.mlp.gate_proj,Base->Stage2,9.498522339613449e-05,1.1121688177005188e-08,7.625182548214724e-05,0.005487165022876419,6.930649882755311e-09,6.5848304208618e-05,0.00433161295886538,3.332541820567257e-12,1.4539558666885437e-06,9.49840029690925e-05,2079.688794895781
Vis_L23.mlp.up_proj,Base->Stage1,2.917548169650918e-05,1.1415246380450155e-09,1.7373011668382123e-05,0.0016628920427305088,7.11485869188338e-10,1.981444383523249e-05,0.0013128180822008166,3.5139364567304933e-13,4.72098315341198e-07,2.917550367467776e-05,2024.7545109291273
Vis_L23.mlp.up_proj,Stage1->Stage2,8.642512428929336e-05,1.0390512745420698e-08,7.247642782727801e-05,0.005016873166938173,6.45488153960052e-09,6.337169425890285e-05,0.003954201260094852,3.0834520896980428e-12,1.39713593632277e-06,8.642377538018026e-05,2093.394465627204
Vis_L23.mlp.up_proj,Base->Stage2,8.861609812610453e-05,1.1049715089745807e-08,7.517683978276129e-05,0.005173568122591159,6.861527293838693e-09,6.541788556241608e-05,0.0040768527865269666,3.241776582726402e-12,1.4325796914918974e-06,8.861478177504412e-05,2116.5947494345846
Vis_L23.mlp.down_proj,Base->Stage1,2.9158174488919337e-05,1.162794511695071e-09,1.7620236624185182e-05,0.0016907038384893808,7.135709275519658e-10,1.9884873288983324e-05,0.001324447127740664,3.458505403629886e-13,4.6729977827556824e-07,2.9158171183328012e-05,2063.2349650315277
Vis_L23.mlp.down_proj,Stage1->Stage2,8.926474533446341e-05,1.0456850379734872e-08,7.282133757211186e-05,0.005070010725591117,6.3498752548751764e-09,6.288531530898974e-05,0.003950854425688512,3.241364240514229e-12,1.416241453083344e-06,8.926317893921329e-05,1959.0131758434513
Vis_L23.mlp.down_proj,Base->Stage2,9.133261503201967e-05,1.1149555800688419e-08,7.566473060289051e-05,0.005235247448065898,6.756231662309699e-09,6.494507914199012e-05,0.004075310442611915,3.3932791026784106e-12,1.455733618213133e-06,9.133100199637538e-05,1991.0627619687443
Vis_L24.attn.qkv,Base->Stage1,2.8962841708168996e-05,1.1811560716764655e-09,1.7716131534361393e-05,0.0016740861827535868,7.531020569404986e-10,2.02991737971167e-05,0.0013367527475853587,3.5353619119827746e-13,4.7324134619631405e-07,2.8962837521099576e-05,2130.197913791882
Vis_L24.attn.qkv,Stage1->Stage2,9.248838864742514e-05,1.061301190615168e-08,7.329521333608276e-05,0.005018064541425108,6.611088395306479e-09,6.408455277351785e-05,0.003960530837410197,3.605172828463706e-12,1.5114290108841711e-06,9.248684437923303e-05,1833.778492700918
Vis_L24.attn.qkv,Base->Stage2,9.512650378863231e-05,1.130986300413621e-08,7.613292618988688e-05,0.005180188808652669,7.020968985114049e-09,6.614922478631262e-05,0.004081459058317415,3.8137709640052696e-12,1.5548201360212678e-06,9.51249017200881e-05,1840.9519217012812
Vis_L24.attn.proj,Base->Stage1,4.8146343597853026e-05,1.212627948442688e-09,1.7981907574515787e-05,0.0016840294318042949,9.91186192134849e-13,7.934912837798352e-07,4.814636593156668e-05,9.91186192134325e-13,7.934912837795471e-07,4.814636593155396e-05,1.0000000000005287
Vis_L24.attn.proj,Stage1->Stage2,0.0001374469181514601,1.0348570313968626e-08,7.192202887120303e-05,0.004919502301752847,8.077895521288803e-12,2.2646708628399357e-06,0.00013744536741120523,8.077895521286027e-12,2.264670862839534e-06,0.00013744536741118162,1.0000000000003435
Vis_L24.attn.proj,Base->Stage2,0.0001410924989766021,1.1050541310663439e-08,7.483728699943626e-05,0.005083616339384944,8.512095213564626e-12,2.325342747153472e-06,0.0001410909725531622,8.512095213569308e-12,2.3253427471541203e-06,0.00014109097255320102,0.99999999999945
Vis_L24.mlp.gate_proj,Base->Stage1,2.918061755339458e-05,1.177598958784288e-09,1.7880921116751445e-05,0.0017363041059683178,7.360768875663807e-10,2.020261387928869e-05,0.001372741225562842,3.3260967869050573e-13,4.5949167929362333e-07,2.9180620807041406e-05,2213.035082034706
Vis_L24.mlp.gate_proj,Stage1->Stage2,9.099691933345125e-05,1.045007737331254e-08,7.306998523653781e-05,0.005172306020304383,6.52251792423262e-09,6.373599007444105e-05,0.004086317425892811,3.2344408090715704e-12,1.4321917390009133e-06,9.0996368968673e-05,2016.5828683397287
Vis_L24.mlp.gate_proj,Base->Stage2,9.21931948823739e-05,1.1153498732984609e-08,7.59532553918992e-05,0.005343551756160905,6.9653231917380285e-09,6.59601093190608e-05,0.004222747323551092,3.320042598697168e-12,1.4508550375236625e-06,9.219264756188577e-05,2097.9619943645666
Vis_L24.mlp.up_proj,Base->Stage1,2.796871024259739e-05,1.1318108959481219e-09,1.711875114918055e-05,0.0016083713052942434,7.067332412926462e-10,1.969228533414759e-05,0.0012709461224799348,3.4225220423688553e-13,4.657164372290505e-07,2.7968714641327978e-05,2064.948691472823
Vis_L24.mlp.up_proj,Stage1->Stage2,8.756316915313411e-05,1.0452573504749061e-08,7.227831399634616e-05,0.004887729056665038,6.457606083010027e-09,6.332476355500596e-05,0.0038417693113500656,3.3546265583261103e-12,1.4580040807349724e-06,8.756238833983755e-05,1924.9850827605203
Vis_L24.mlp.up_proj,Base->Stage2,9.101248622792916e-05,1.1121740616519095e-08,7.501035713874528e-05,0.00504175676181114,6.868576364197439e-09,6.538921513593544e-05,0.003962131395500835,3.624126357494637e-12,1.5154076583704505e-06,9.101168897016648e-05,1895.2364478112995
Vis_L24.mlp.down_proj,Base->Stage1,2.9325401440284123e-05,1.1609446153449e-09,1.745190887731224e-05,0.0016431470223397591,7.128864912844056e-10,1.983500124386552e-05,0.0012875996974545997,3.6978294943355163e-13,4.84463563119025e-07,2.9325411465259164e-05,1927.8511688449503
Vis_L24.mlp.down_proj,Stage1->Stage2,8.512322716906658e-05,1.0496869331631993e-08,7.254805615274807e-05,0.004940788513970939,6.3849285622420325e-09,6.30042725822142e-05,0.003853402638919491,3.1156941115303957e-12,1.4019661890674418e-06,8.512238354193754e-05,2049.2796576573505
Vis_L24.mlp.down_proj,Base->Stage2,8.834574580906107e-05,1.1180855284200047e-08,7.53517451934471e-05,0.005099221560090212,6.787469213364457e-09,6.504819407530737e-05,0.0039730159224996425,3.3560639902970963e-12,1.4546894577312357e-06,8.8344900445643e-05,2022.4492837407415
Vis_L25.attn.qkv,Base->Stage1,2.9173449634178983e-05,1.1832426608217582e-09,1.7533860453831097e-05,0.0016218829015207607,7.471253016986335e-10,2.01948785069646e-05,0.0012887815428375016,3.8283358668328324e-13,4.922488593547143e-07,2.9173437284042838e-05,1951.5667582132166
Vis_L25.attn.qkv,Stage1->Stage2,8.552940014356245e-05,1.0526861147716497e-08,7.236548273395223e-05,0.004837526967472146,6.528267049913586e-09,6.360078331719685e-05,0.003809543242442184,3.2905286842309594e-12,1.4432378041178167e-06,8.552769982601795e-05,1983.9568885081242
Vis_L25.attn.qkv,Base->Stage2,8.905246545154089e-05,1.115033209667805e-08,7.489049979833092e-05,0.004978721725363643,6.885237053584154e-09,6.541112294136252e-05,0.003912311267990938,3.567190938738864e-12,1.5023542700265887e-06,8.905065739751594e-05,1930.156577494095
Vis_L25.attn.proj,Base->Stage1,4.745733845074115e-05,1.2242804743226255e-09,1.797851701212494e-05,0.001661506511658058,9.988089449275355e-13,7.970939079489579e-07,4.745727502930042e-05,9.988089449282841e-13,7.970939079493839e-07,4.745727502931819e-05,0.9999999999992505
Vis_L25.attn.proj,Stage1->Stage2,0.00014577791158839552,1.1086858861857445e-08,7.470824609075777e-05,0.004999868578103121,9.42454247886929e-12,2.440632720478317e-06,0.00014577547583456774,9.424542478867438e-12,2.4406327204780955e-06,0.00014577547583455346,1.0000000000001965
Vis_L25.attn.proj,Base->Stage2,0.00014830223879012757,1.177266170706629e-08,7.74236181831256e-05,0.005152187526434543,9.75373790730867e-12,2.483409681608893e-06,0.0001482995626720774,9.753737907310698e-12,2.4834096816090367e-06,0.00014829956267209277,0.9999999999997922
Vis_L25.mlp.gate_proj,Base->Stage1,2.871217710394683e-05,1.17753384540838e-09,1.774441511030146e-05,0.0016944096027114934,7.352242210043941e-10,2.0172808317843248e-05,0.0013388798564401365,3.3811788913381613e-13,4.632360170400722e-07,2.8712154295861e-05,2174.4611705931243
Vis_L25.mlp.gate_proj,Stage1->Stage2,8.757313102973235e-05,1.0614069392036501e-08,7.340661787659946e-05,0.0050870802571505525,6.623307717811957e-09,6.420624628958412e-05,0.00401851038013666,3.1454178392415873e-12,1.4122317139244932e-06,8.757230901463011e-05,2105.700436737189
Vis_L25.mlp.gate_proj,Base->Stage2,9.125742703968422e-05,1.1308133089623015e-08,7.623161813675098e-05,0.005250771069395598,7.053947152144531e-09,6.6350264397442e-05,0.0041470925629983986,3.4156419628092897e-12,1.4713942376840917e-06,9.125649795013124e-05,2065.189275969316
Vis_L25.mlp.up_proj,Base->Stage1,2.844837577728897e-05,1.1566108419822246e-09,1.723646010252425e-05,0.0015816720753035682,7.202852418159764e-10,1.9877134114887534e-05,0.0012481738392218363,3.741701772364263e-13,4.868660873366335e-07,2.8448370962030905e-05,1925.0204469418495
Vis_L25.mlp.up_proj,Stage1->Stage2,8.438187425568775e-05,1.0511653906404964e-08,7.210226492458308e-05,0.0047682126022446,6.497138621542041e-09,6.345424660657683e-05,0.003748704011641376,3.291945978869139e-12,1.4434302729335084e-06,8.438134322419135e-05,1973.6467922763306
Vis_L25.mlp.up_proj,Base->Stage2,8.698096265256467e-05,1.1174974069216678e-08,7.480580331113849e-05,0.004916356264270834,6.9050835501673905e-09,6.549840757011168e-05,0.0038646000346686154,3.497861726510931e-12,1.4879077873193866e-06,8.698040054200443e-05,1974.087053765592
Vis_L25.mlp.down_proj,Base->Stage1,2.737433420706196e-05,1.1719703544864179e-09,1.7446478774432198e-05,0.0016119320468949362,7.20321950514553e-10,1.9921857306255996e-05,0.0012637225675535251,3.3799492940132835e-13,4.6286273288684907e-07,2.7374330670630528e-05,2131.162002312932
Vis_L25.mlp.down_proj,Stage1->Stage2,9.403746161984191e-05,1.0701242266900274e-08,7.300819649228191e-05,0.004870811641664313,6.519778257824598e-09,6.360824874440985e-05,0.0038018996527315477,3.988641119007545e-12,1.5738461035684763e-06,9.403655668958037e-05,1634.5863323614465
Vis_L25.mlp.down_proj,Base->Stage2,9.866726045316806e-05,1.1396643539989507e-08,7.584793948308388e-05,0.005026581397406063,6.926488782470806e-09,6.566663207517081e-05,0.003918689063616609,4.391058212963848e-12,1.6475803056243314e-06,9.866629822335747e-05,1577.4076421992158
Vis_L26.attn.qkv,Base->Stage1,2.6165148111911405e-05,1.1340399032962534e-09,1.6956092854719293e-05,0.00154999511111888,7.230658101032118e-10,1.9777977402737807e-05,0.0012376705965595734,3.231579813922597e-13,4.5196739442762613e-07,2.616517257599423e-05,2237.49946384747
Vis_L26.attn.qkv,Stage1->Stage2,8.295148266419088e-05,1.0477484087052056e-08,7.179524900263227e-05,0.004711311038815963,6.524235270394488e-09,6.351659291405552e-05,0.003717731995271115,3.2479997376134556e-12,1.4313881999324832e-06,8.295093104239524e-05,2008.6932873918038
Vis_L26.attn.qkv,Base->Stage2,8.732874747749705e-05,1.1141682915598022e-08,7.451759049579288e-05,0.004858348555740176,6.908798826312158e-09,6.5478470131891e-05,0.003825732017881513,3.599837976735929e-12,1.5070156833380159e-06,8.732824839813592e-05,1919.1971613612882
Vis_L26.attn.proj,Base->Stage1,4.405207387958645e-05,1.1776777286285662e-09,1.732270659438484e-05,0.001551103877797258,9.49899592681258e-13,7.765726002863097e-07,4.405208852386121e-05,9.49899592679701e-13,7.765726002855181e-07,4.405208852382512e-05,1.0000000000016391
Vis_L26.attn.proj,Stage1->Stage2,0.00013526667676239053,1.094280621491487e-08,7.345463730593416e-05,0.004728173475966755,8.95625263827384e-12,2.382319755556916e-06,0.00013526711144190765,8.956252638270087e-12,2.3823197555566042e-06,0.00013526711144187933,1.000000000000419
Vis_L26.attn.proj,Base->Stage2,0.00013816564293378072,1.1645902767256081e-08,7.629084942052166e-05,0.004877706090639863,9.344264178903899e-12,2.434957494962201e-06,0.00013816613285967897,9.344264178901957e-12,2.4349574949619755e-06,0.00013816613285966463,1.0000000000002078
Vis_L26.mlp.gate_proj,Base->Stage1,2.9779144282571734e-05,1.212094644678189e-09,1.7957926479040683e-05,0.0016811050235365568,7.585612942808888e-10,2.0471971245123912e-05,0.0013299089820790742,3.8034065098863395e-13,4.912079264254538e-07,2.9779194922475578e-05,1994.426029163939
Vis_L26.mlp.gate_proj,Stage1->Stage2,8.556051904388284e-05,1.082450707460881e-08,7.392553081271076e-05,0.0050237479404284845,6.7580981616822196e-09,6.483302856169037e-05,0.003969501996036713,3.1397398241828873e-12,1.4117858950496547e-06,8.555996685021424e-05,2152.438908991768
Vis_L26.mlp.gate_proj,Base->Stage2,8.949142693222857e-05,1.1532972504505306e-08,7.678213072066568e-05,0.005185544973217007,7.2022290092622945e-09,6.702295210367099e-05,0.004097861161510617,3.434876948475716e-12,1.4764470525745697e-06,8.949100154971023e-05,2096.793893143218
Vis_L26.mlp.up_proj,Base->Stage1,2.6610583188968194e-05,1.1692015565534583e-09,1.7192340950392313e-05,0.0015440250670027372,7.270108349886507e-10,1.9943724090997335e-05,0.0012175311914041165,3.4728771004964023e-13,4.687770161791239e-07,2.6610581296674567e-05,2093.3963798624895
Vis_L26.mlp.up_proj,Stage1->Stage2,8.256305317266739e-05,1.081859597375384e-08,7.290026466700558e-05,0.004696694943124169,6.680534237273048e-09,6.431219739830975e-05,0.003690731903893487,3.3431216559707845e-12,1.4542825238477142e-06,8.256252993322564e-05,1998.2922922776906
Vis_L26.mlp.up_proj,Base->Stage2,8.58428777990767e-05,1.1512138649990556e-08,7.57054930323263e-05,0.004844901006603687,7.1063191592726385e-09,6.642589709372346e-05,0.0038065299949036784,3.6140084743015807e-12,1.5122624508594833e-06,8.584232766957226e-05,1966.3260918739154
Vis_L26.mlp.down_proj,Base->Stage1,2.847336671051721e-05,1.2055218558514746e-09,1.761341298001929e-05,0.0015900797769653845,7.392793751912886e-10,2.0168591900063357e-05,0.0012451901168938826,3.865585730008232e-13,4.927169698687801e-07,2.8473380029905792e-05,1912.464052866095
Vis_L26.mlp.down_proj,Stage1->Stage2,8.916411552284265e-05,1.0990864816517102e-08,7.376188641016729e-05,0.004801136125548661,6.685488423699819e-09,6.440867374094923e-05,0.003744507088384626,3.790683037658118e-12,1.535656038421756e-06,8.916344140788685e-05,1763.663265243646
Vis_L26.mlp.down_proj,Base->Stage2,9.472731045686916e-05,1.1708373445164096e-08,7.665515220146011e-05,0.0049553732203330035,7.108529947883302e-09,6.649758892054086e-05,0.0038611616603780375,4.27846595008536e-12,1.6239651461599304e-06,9.472663859366754e-05,1661.466990929653
Vis_L27.attn.qkv,Base->Stage1,2.792449027344322e-05,1.189406745638902e-09,1.749305601880913e-05,0.0015720191798871861,7.460700475063955e-10,2.017936225271318e-05,0.0012450375338678376,3.753052847293326e-13,4.864731630135615e-07,2.7924472746030733e-05,1987.9017905235619
Vis_L27.attn.qkv,Stage1->Stage2,8.892027641246687e-05,1.0637644525765334e-08,7.228376679521734e-05,0.004701247014944722,6.495498759180505e-09,6.338156508084602e-05,0.003673639922105575,3.805540291173805e-12,1.5479693967505216e-06,8.891980386641321e-05,1706.853235595882
Vis_L27.attn.qkv,Base->Stage2,9.407203953812123e-05,1.1334395658275477e-08,7.51320225381898e-05,0.004852767878603824,6.885290004492323e-09,6.537438850563363e-05,0.0037822606331868983,4.25927117214093e-12,1.6375920812133428e-06,9.407148056830943e-05,1616.5418275144523
Vis_L27.attn.proj,Base->Stage1,4.866138454366301e-05,1.360416691048086e-09,1.9127441047501748e-05,0.0016625338805185677,1.1654683584649531e-12,8.608427144464729e-07,4.8661419355890996e-05,1.1654683584669375e-12,8.608427144471005e-07,4.8661419355932426e-05,0.9999999999982974
Vis_L27.attn.proj,Stage1->Stage2,0.00013160690651800063,1.123730595893305e-08,7.464211954169353e-05,0.004778160615425784,8.524880593328085e-12,2.3130672025236758e-06,0.0001316054255304237,8.524880593329724e-12,2.3130672025239265e-06,0.00013160542553043635,0.9999999999998078
Vis_L27.attn.proj,Base->Stage2,0.00013657425588181984,1.2082949431099352e-08,7.801828122869448e-05,0.004954685815619051,9.180561621757742e-12,2.4036025266112247e-06,0.0001365728166999251,9.180561621763302e-12,2.403602526611535e-06,0.00013657281669996642,0.9999999999993945
Vis_L27.mlp.gate_proj,Base->Stage1,2.8316213582198424e-05,1.2267721447260033e-09,1.797501649860202e-05,0.0016487174464070843,7.683217049066655e-10,2.0581733562206338e-05,0.0013047756147770838,3.618615878651879e-13,4.790076505653946e-07,2.831623596459177e-05,2123.247481003441
Vis_L27.mlp.gate_proj,Stage1->Stage2,8.305491020188333e-05,1.115014262788181e-08,7.486559475766455e-05,0.004970504449953886,6.9575636223442296e-09,6.577350429503802e-05,0.003926348537121894,3.1131644689221977e-12,1.4050303245534424e-06,8.305414048552756e-05,2234.8846942715472
Vis_L27.mlp.gate_proj,Base->Stage2,8.597767069598944e-05,1.1872453569069288e-08,7.773042329931448e-05,0.005128973975892637,7.4060262760032815e-09,6.793530240381036e-05,0.004050912661991331,3.336133919145688e-12,1.4546033127822495e-06,8.597694185274417e-05,2219.9427407577828
Vis_L27.mlp.up_proj,Base->Stage1,2.54409652489245e-05,1.191448026962453e-09,1.7250711545700957e-05,0.0015094013633092374,7.381850383520391e-10,2.0075331978404056e-05,0.0011880912734946209,3.384803868593715e-13,4.6292949477022474e-07,2.5440986121766367e-05,2180.8797998648383
Vis_L27.mlp.up_proj,Stage1->Stage2,8.374431575576579e-05,1.1200768864516913e-08,7.393622182277599e-05,0.004627923083851326,6.8873240358802435e-09,6.526134260873854e-05,0.003629004216372342,3.667552197129879e-12,1.522170608722798e-06,8.374335701244954e-05,1877.9075704144213
Vis_L27.mlp.up_proj,Base->Stage2,8.701853823452935e-05,1.1897506713566882e-08,7.669760870578756e-05,0.00476969044382792,7.301399058722385e-09,6.729099741103868e-05,0.003736502330161583,3.9599518604064125e-12,1.5816910134129139e-06,8.701761339933198e-05,1843.8100553002776
Vis_L27.mlp.down_proj,Base->Stage1,2.770389577711275e-05,1.2302941835812614e-09,1.77122377254547e-05,0.0015615900195224213,7.562427112621798e-10,2.0368198603387278e-05,0.0012243149148984875,3.8721950252792706e-13,4.947598692721834e-07,2.770391528879352e-05,1953.0078064899071
Vis_L27.mlp.down_proj,Stage1->Stage2,8.491698562393126e-05,1.1350256131804057e-08,7.476578169303138e-05,0.004743081738112148,6.897279290986749e-09,6.535068826879802e-05,0.0036974021043768976,3.6380114361124394e-12,1.5173022235475818e-06,8.491605466183754e-05,1895.8926908589233
Vis_L27.mlp.down_proj,Base->Stage2,8.661419203557579e-05,1.208022249377317e-08,7.765675570332158e-05,0.004893225660735489,7.326439521589663e-09,6.747106288609842e-05,0.0038106956342794244,3.784893382315233e-12,1.5475211492678964e-06,8.661330346777855e-05,1935.7056544372338
Vis_L28.attn.qkv,Base->Stage1,2.6647739124023217e-05,1.1798227562746987e-09,1.713316029896994e-05,0.0015040509044108048,7.466609141585358e-10,2.007423878309844e-05,0.00119650869707989,3.703512296955032e-13,4.829994164591267e-07,2.6647780745532875e-05,2016.0886593313821
Vis_L28.attn.qkv,Stage1->Stage2,8.403722033533726e-05,1.1586860667072972e-08,7.54197698716208e-05,0.004713369029866183,7.2135731229112524e-09,6.670303653679295e-05,0.0037189793837793315,3.6832827257632256e-12,1.5229765008436327e-06,8.403613686234209e-05,1958.4630504888823
Vis_L28.attn.qkv,Base->Stage2,8.645041924880696e-05,1.2312901258717617e-08,7.825843800989792e-05,0.004858796947215654,7.629112286039659e-09,6.871238573368463e-05,0.0038245958992717184,3.897869208374398e-12,1.5661708921249886e-06,8.644943968930386e-05,1957.251995436084
Vis_L28.attn.proj,Base->Stage1,4.5351162283616436e-05,1.3789269778579861e-09,1.8822566702274558e-05,0.0015645967714505763,1.158551757720751e-12,8.55647435118269e-07,4.535127651487724e-05,1.158551757716672e-12,8.55647435117166e-07,4.53512765147974e-05,1.0000000000035207
Vis_L28.attn.proj,Stage1->Stage2,0.00013799383642748987,1.1706677596183887e-08,7.525023936604924e-05,0.004558758481529814,1.0726444414665055e-11,2.5957897344706103e-06,0.00013799318816560394,1.0726444414676283e-11,2.595789734471483e-06,0.00013799318816567623,0.9999999999989532
Vis_L28.attn.proj,Base->Stage2,0.00014435766304220815,1.2503183673911609e-08,7.839553796354259e-05,0.004711292420634332,1.1738653471431908e-11,2.708275008481819e-06,0.00014435734849345852,1.1738653471431604e-11,2.7082750084817262e-06,0.00014435734849345665,1.000000000000026
Vis_L28.mlp.gate_proj,Base->Stage1,2.7974338384775865e-05,1.2605452353239234e-09,1.816273768343558e-05,0.001630354873614399,7.878264144188563e-10,2.0832494427964228e-05,0.001288896954115229,3.7111943921914467e-13,4.851973375919771e-07,2.797433556215659e-05,2122.8379092091905
Vis_L28.mlp.gate_proj,Stage1->Stage2,8.220387945513896e-05,1.1838602363619854e-08,7.7220624333609e-05,0.004996331615969001,7.372564373320077e-09,6.77021056217544e-05,0.003942850636586275,3.204636467844774e-12,1.4251897096954017e-06,8.220352177264981e-05,2300.5930461367975
Vis_L28.mlp.gate_proj,Base->Stage2,8.35309760511422e-05,1.256631396866262e-08,8.002789689994935e-05,0.00514760236737875,7.824649216379373e-09,6.98371678306434e-05,0.004061939749538148,3.308942098207135e-12,1.4482686037406605e-06,8.353060416604454e-05,2364.69813739532
Vis_L28.mlp.up_proj,Base->Stage1,2.5308054883474283e-05,1.2186930709913533e-09,1.7331422387448854e-05,0.0014802852115342125,7.589478906823576e-10,2.030821173696407e-05,0.0011681650501605485,3.5622291755429183e-13,4.74765188285082e-07,2.5308077611881727e-05,2130.542009742219
Vis_L28.mlp.up_proj,Stage1->Stage2,7.93563197456436e-05,1.1602830317444502e-08,7.494622817578393e-05,0.004567474757004093,7.165243381734632e-09,6.650287411980049e-05,0.0035892991708352546,3.502406726481962e-12,1.4863709617018247e-06,7.93555807755234e-05,2045.8056249029232
Vis_L28.mlp.up_proj,Base->Stage2,8.056615636796755e-05,1.2282779957460177e-08,7.762722539407525e-05,0.004699401174804215,7.579852012968392e-09,6.850665365510117e-05,0.0036916842492829946,3.6100200245918744e-12,1.5087638631686285e-06,8.056547848519973e-05,2099.670351226188
Vis_L28.mlp.down_proj,Base->Stage1,2.6913738952279017e-05,1.2579578453330511e-09,1.7808922339957448e-05,0.0015334163180933855,7.712864211777874e-10,2.0558224893911716e-05,0.00120070101930851,3.8751976798008763e-13,4.953488580390423e-07,2.6913734713635032e-05,1990.3150365671652
Vis_L28.mlp.down_proj,Stage1->Stage2,8.176199666568478e-05,1.1701917798505114e-08,7.558855784774702e-05,0.004676823685355214,7.114142257919614e-09,6.633898839607893e-05,0.0036465632311523267,3.576423204814167e-12,1.5037291894910896e-06,8.176113806904645e-05,1989.1779720988777
Vis_L28.mlp.down_proj,Base->Stage2,8.418922044486714e-05,1.2424489036221989e-08,7.842255652415678e-05,0.004819053464206462,7.53347298841699e-09,6.837684612298671e-05,0.0037524947530627726,3.791916508796463e-12,1.5487394755981334e-06,8.418832310066421e-05,1986.7191091736568
Vis_L29.attn.qkv,Base->Stage1,2.7330560166322728e-05,1.2048939043252782e-09,1.7286695867160993e-05,0.0014940825629759253,7.484094038493916e-10,2.0139887789276018e-05,0.0011775241191973947,4.031790320198098e-13,5.027769584438839e-07,2.7330599779585265e-05,1856.2706500387135
Vis_L29.attn.qkv,Stage1->Stage2,9.041199695524313e-05,1.1334504447336308e-08,7.419430007465588e-05,0.004582463536734499,6.830326398126153e-09,6.494901415351438e-05,0.003557283501466962,4.412164908636732e-12,1.663118654851412e-06,9.041148809481946e-05,1548.0668876985794
Vis_L29.attn.qkv,Base->Stage2,9.45378306429281e-05,1.2038055522882055e-08,7.697838091233625e-05,0.004722542993114637,7.210513508893851e-09,6.68492160233008e-05,0.0036549450057912804,4.824053730747047e-12,1.7381949478497103e-06,9.453743558504242e-05,1494.700082409165
Vis_L29.attn.proj,Base->Stage1,4.952983178017271e-05,1.493747640361937e-09,1.9708169991048407e-05,0.0015817010426022941,1.4647414771083722e-12,9.58766764203239e-07,4.952976581836253e-05,1.4647414771060827e-12,9.587667642027257e-07,4.9529765818323815e-05,1.000000000001563
Vis_L29.attn.proj,Stage1->Stage2,0.0001351160546402488,1.1929825990511336e-08,7.562860846405784e-05,0.0044699206988020185,1.090039764776735e-11,2.6225920519796645e-06,0.00013511511477652145,1.090039764777026e-11,2.6225920519801604e-06,0.00013511511477653948,0.9999999999997331
Vis_L29.attn.proj,Base->Stage2,0.00013648668284996858,1.2816885669602075e-08,7.907686878908748e-05,0.004633125016036265,1.1122638733720975e-11,2.65040875106039e-06,0.00013648555168618455,1.1122638733727765e-11,2.650408751061064e-06,0.0001364855516862263,0.9999999999993895
Vis_L29.mlp.gate_proj,Base->Stage1,2.905081850014611e-05,1.2742025137787985e-09,1.8143734651694597e-05,0.001605426614531432,7.945833228210715e-10,2.08950436586932e-05,0.0012677714064810565,4.1722918281477193e-13,5.143642151370236e-07,2.905083155646281e-05,1904.4289219189761
Vis_L29.mlp.gate_proj,Stage1->Stage2,8.522423555269239e-05,1.2164617062155937e-08,7.804053656326061e-05,0.004960405355004406,7.562717678262394e-09,6.853606174034094e-05,0.0039111717799914115,3.5907384279553406e-12,1.5088444264197904e-06,8.52235913203911e-05,2106.1733763126826
Vis_L29.mlp.gate_proj,Base->Stage2,8.613676121626434e-05,1.2911066664485044e-08,8.089495327632906e-05,0.005110330738701756,8.017095637923067e-09,7.066339237740341e-05,0.004026952239963687,3.668047975169403e-12,1.5245086473790465e-06,8.613614879809059e-05,2185.657246632062
Vis_L29.mlp.up_proj,Base->Stage1,2.6448641703130992e-05,1.270516279400457e-09,1.767718219779007e-05,0.0014802158230973158,7.839198556964914e-10,2.0663869458457263e-05,0.0011627082598078447,4.056360396152316e-13,5.069331972634237e-07,2.6448630677078478e-05,1932.5695429826283
Vis_L29.mlp.up_proj,Stage1->Stage2,8.023808898696439e-05,1.1707917714368896e-08,7.491389731393749e-05,0.004493349848520939,7.208545948835111e-09,6.664531698311887e-05,0.003525772114046298,3.7332863520515275e-12,1.5352028457046734e-06,8.023725346784766e-05,1930.8848207890208
Vis_L29.mlp.up_proj,Base->Stage2,8.343517367666394e-05,1.241952235329959e-08,7.772810590355667e-05,0.004627888103667293,7.632189864555297e-09,6.86865418115224e-05,0.0036278973121898423,4.0367154406246085e-12,1.5959547572639005e-06,8.34342700838233e-05,1890.6930589524918
Vis_L29.mlp.down_proj,Base->Stage1,2.6911456903488904e-05,1.3101670118216247e-09,1.8158609217386866e-05,0.0015304873752183378,7.970956765835941e-10,2.090237448887699e-05,0.0011937727142939272,4.0508008658237637e-13,5.0597540806858e-07,2.691143575203261e-05,1967.7483613391548
Vis_L29.mlp.down_proj,Stage1->Stage2,8.134844822590087e-05,1.1834397429197583e-08,7.560533824082022e-05,0.004599755649785224,7.1320790236174e-09,6.635388986742875e-05,0.003570834810152007,3.701397293685243e-12,1.5307767795850598e-06,8.134756134795184e-05,1926.8612520425895
Vis_L29.mlp.down_proj,Base->Stage2,8.377440636031392e-05,1.2595708379080497e-08,7.859295119704533e-05,0.004745401739523786,7.564467470628108e-09,6.844737350243115e-05,0.0036774846308756546,3.925447674470655e-12,1.5751999023011304e-06,8.377342719089808e-05,1927.033066782166
Vis_L30.attn.qkv,Base->Stage1,2.8437910486080944e-05,1.297289290014651e-09,1.804806621778473e-05,0.001497343763363472,8.040545204270495e-10,2.089408844765505e-05,0.0011788155352061974,4.679406593104718e-13,5.403479433947307e-07,2.843796353485933e-05,1718.2830866030195
Vis_L30.attn.qkv,Stage1->Stage2,8.875266265394283e-05,1.3055964212322427e-08,8.01633526465843e-05,0.004750127797304728,7.821145237360187e-09,6.943544237811999e-05,0.0036765120514943663,4.557813798549261e-12,1.6863751905959072e-06,8.875219607157039e-05,1715.9861247183103
Vis_L30.attn.qkv,Base->Stage2,9.328582297754837e-05,1.3854331817019515e-08,8.312147430842299e-05,0.00489320725553434,8.246117881342163e-09,7.141050951681616e-05,0.003775075032631509,5.03531577769977e-12,1.7709975010742945e-06,9.328550658070055e-05,1637.6565533113696
Vis_L30.attn.proj,Base->Stage1,4.4969061037558914e-05,1.524608098318456e-09,1.9367722372347628e-05,0.0014462174862403783,1.4740798963866968e-12,9.652467393620398e-07,4.496918418142791e-05,1.4740798963834707e-12,9.652467393611354e-07,4.49691841813787e-05,1.0000000000021885
Vis_L30.attn.proj,Stage1->Stage2,0.0001438732655346843,1.1833482116375035e-08,7.355550253086207e-05,0.004029134682047237,1.508867859754536e-11,3.0835450743876375e-06,0.00014387359955795025,1.5088678597550524e-11,3.0835450743881846e-06,0.00014387359955797484,0.9999999999996578
Vis_L30.attn.proj,Base->Stage2,0.00014726265923705172,1.2709420741500917e-08,7.70159401778514e-05,0.004175595145255065,1.5808063125083032e-11,3.1552064420504304e-06,0.0001472634043962071,1.5808063125089485e-11,3.1552064420511165e-06,0.00014726340439623716,0.9999999999995918
Vis_L30.mlp.gate_proj,Base->Stage1,2.824208199211707e-05,1.367010844072426e-09,1.8906550900871082e-05,0.001641809365323181,8.484201809212949e-10,2.164263994156571e-05,0.0012934279573848582,4.045011621475869e-13,5.068146300267938e-07,2.8242077188605495e-05,2097.4480676812964
Vis_L30.mlp.gate_proj,Stage1->Stage2,9.232800732532722e-05,1.2811112223195675e-08,8.015585483690301e-05,0.005026059462041041,7.92546242385626e-09,7.020185304229932e-05,0.003953179277711281,4.323081542387338e-12,1.6514284168108688e-06,9.232746643065288e-05,1833.2900608392354
Vis_L30.mlp.gate_proj,Base->Stage2,9.519642926161115e-05,1.3590781701673222e-08,8.309386558344803e-05,0.005176740830752807,8.40620098696655e-09,7.240571525513459e-05,0.00407130922521953,4.595869326398473e-12,1.702982374859022e-06,9.519585537137387e-05,1829.0774584650826
Vis_L30.mlp.up_proj,Base->Stage1,2.7042433760684817e-05,1.356162989918998e-09,1.833199404643105e-05,0.0015079754074972074,8.392456962632988e-10,2.1423442030075315e-05,0.0011862681666148364,4.3612956443627884e-13,5.259677704924251e-07,2.7042452700024934e-05,1924.3036122718931
Vis_L30.mlp.up_proj,Stage1->Stage2,8.134543838578236e-05,1.2207939930085219e-08,7.643588835669388e-05,0.004524317565774276,7.51871901652456e-09,6.808419930907267e-05,0.0035506169053339497,3.946297098580653e-12,1.5790334170036209e-06,8.134423479432302e-05,1905.2592414364299
Vis_L30.mlp.up_proj,Base->Stage2,8.457385278668418e-05,1.2969561769836337e-08,7.937277722861815e-05,0.004663312718951948,7.982720863612267e-09,7.028081698252213e-05,0.003658536234316306,4.265757955869254e-12,1.6419977462878787e-06,8.457266065850966e-05,1871.3487605711068
Vis_L30.mlp.down_proj,Base->Stage1,2.7986322340988058e-05,1.3930013664644941e-09,1.8756506531276526e-05,0.001544786811530785,8.323510972432471e-10,2.1428586806436337e-05,0.0011941147420741203,4.572002598792414e-13,5.362335993855257e-07,2.7986334208698913e-05,1820.5394228408638
Vis_L30.mlp.down_proj,Stage1->Stage2,8.085200081696839e-05,1.2176146189291278e-08,7.642632269677073e-05,0.004567114205131212,7.217244293347945e-09,6.673560054950931e-05,0.003516192536439836,3.815891167819577e-12,1.5562797312458762e-06,8.08509141652972e-05,1891.3653392981648
Vis_L30.mlp.down_proj,Base->Stage2,8.427250563380129e-05,1.2986465589700744e-08,7.958352328927775e-05,0.004716636738061993,7.660220826614241e-09,6.888443196927358e-05,0.0036224932893825315,4.145592579419849e-12,1.6208670178257444e-06,8.427140874615123e-05,1847.7987597339445
Vis_L31.attn.qkv,Base->Stage1,2.8797911039332603e-05,1.7400026376596047e-09,2.2489906812546146e-05,0.0016452637531623403,1.139401219999416e-09,2.470062929282246e-05,0.0013313704596099659,5.330902801853533e-13,5.508798206971363e-07,2.8797909237587062e-05,2137.351331191503
Vis_L31.attn.qkv,Stage1->Stage2,7.462587654839997e-05,1.198759619525856e-08,7.609485248925389e-05,0.004318435740411685,7.747369584076833e-09,6.822089049710542e-05,0.003471662881617471,3.5797915420683825e-12,1.4241827739766027e-06,7.462584774875745e-05,2164.195734034404
Vis_L31.attn.qkv,Base->Stage2,7.968697779820778e-05,1.3021397274184635e-08,8.004811004451348e-05,0.004500794701088415,8.390907990269447e-09,7.107125429671968e-05,0.0036129744336231167,4.081816762210333e-12,1.5127976903600502e-06,7.968694205966672e-05,2055.6797326016444
Vis_L31.attn.proj,Base->Stage1,3.543658582648582e-05,1.544963352710578e-09,1.792411571290842e-05,0.001113799479614745,1.5638934036740718e-12,9.90272834606153e-07,3.543655488318268e-05,1.5638934036804944e-12,9.90272834608215e-07,3.5436554883255444e-05,0.9999999999958932
Vis_L31.attn.proj,Stage1->Stage2,9.246004456474274e-05,1.0249327741831155e-08,6.2102529059338e-05,0.002868757524856061,1.0646634814256406e-11,2.5899482402793316e-06,9.245966819244716e-05,1.0646634814269429e-11,2.5899482402810528e-06,9.245966819250373e-05,0.9999999999987768
Vis_L31.attn.proj,Base->Stage2,9.780480643060674e-05,1.1017684653221246e-08,6.543431741015126e-05,0.0029743448552529165,1.1913072868457097e-11,2.7358332618066866e-06,9.780432289854735e-05,1.1913072868481036e-11,2.7358332618094823e-06,9.780432289864562e-05,0.9999999999979905
Vis_L31.mlp.gate_proj,Base->Stage1,2.9203203044262537e-05,1.5050742013371111e-09,1.9877054684168963e-05,0.0016424541821347732,9.306980710519376e-10,2.2697815183798556e-05,0.001291572276879948,4.758082807455333e-13,5.497999843365181e-07,2.920319077630119e-05,1956.0358840196047
Vis_L31.mlp.gate_proj,Stage1->Stage2,8.373401156105914e-05,1.292070531279602e-08,7.980487800471144e-05,0.004812332293525751,8.010476909409047e-09,7.046511295183157e-05,0.0037891490028259065,3.911786836873314e-12,1.5739447828834913e-06,8.373366250832746e-05,2047.7795042154726
Vis_L31.mlp.gate_proj,Base->Stage2,8.619514432699812e-05,1.3792617400000947e-08,8.306636919378096e-05,0.004972054058070359,8.528936120329415e-09,7.282958998730318e-05,0.0039098484861157055,4.145115366970513e-12,1.621768492171298e-06,8.619474880528852e-05,2057.587151443471
Vis_L31.mlp.up_proj,Base->Stage1,2.6634511843750604e-05,1.490373499525072e-09,1.9249458232719152e-05,0.0015096355036311377,9.183584406016865e-10,2.2433758067201165e-05,0.0011850335666601243,4.639170320839595e-13,5.420187927564676e-07,2.6634509290570477e-05,1979.5747452434175
Vis_L31.mlp.up_proj,Stage1->Stage2,7.72128946070731e-05,1.2328132145398692e-08,7.601007923578797e-05,0.004341813340927849,7.583565838761362e-09,6.826574709227659e-05,0.003405330271571295,3.898796660755756e-12,1.5642163231788133e-06,7.721253318327774e-05,1945.1042202573697
Vis_L31.mlp.up_proj,Base->Stage2,8.142439526889818e-05,1.317922633022689e-08,7.928553669212864e-05,0.004489184620784992,8.100462820700238e-09,7.069495366894375e-05,0.0035194712737196426,4.335706923938718e-12,1.6528656280157564e-06,8.142400632631881e-05,1868.3142017683876
Vis_L31.mlp.down_proj,Base->Stage1,2.825076077146086e-05,1.5775070183580233e-09,2.0322348481548115e-05,0.001575310615517053,9.355676411018947e-10,2.2770135776101812e-05,0.0012131601766474569,5.073402609799055e-13,5.668597801868406e-07,2.8250765064173837e-05,1844.0634679670145
Vis_L31.mlp.down_proj,Stage1->Stage2,7.659197741510774e-05,1.1649941191531043e-08,7.404414822110006e-05,0.004280938518601805,6.9888771290155705e-09,6.549637370885757e-05,0.003315742735323404,3.729112325768974e-12,1.5359130288396532e-06,7.659137331881485e-05,1874.1396124543946
Vis_L31.mlp.down_proj,Base->Stage2,7.915213459120735e-05,1.2546869280530954e-08,7.763712429690308e-05,0.004442677729741046,7.467751735613834e-09,6.786960322095105e-05,0.0034274573546304856,3.982578051030344e-12,1.5873340539920333e-06,7.915152232963907e-05,1875.1049295020925
