/home/zs7752/miniconda3/envs/best176/lib/python3.12/site-packages/transformers/utils/hub.py:110: FutureWarning: Using `TRANSFORMERS_CACHE` is deprecated and will be removed in v5 of Transformers. Use `HF_HOME` instead.
  warnings.warn(
/home/zs7752/miniconda3/envs/best176/lib/python3.12/site-packages/transformers/models/auto/modeling_auto.py:2284: FutureWarning: The class `AutoModelForVision2Seq` is deprecated and will be removed in v5.0. Please use `AutoModelForImageTextToText` instead.
  warnings.warn(
`torch_dtype` is deprecated! Use `dtype` instead!
Loading Models (Float64 for Precision)...
Loading checkpoint shards:   0%|          | 0/2 [00:00<?, ?it/s]Loading checkpoint shards:  50%|█████     | 1/2 [00:01<00:01,  1.55s/it]Loading checkpoint shards: 100%|██████████| 2/2 [00:02<00:00,  1.43s/it]Loading checkpoint shards: 100%|██████████| 2/2 [00:02<00:00,  1.45s/it]
/home/zs7752/miniconda3/envs/best176/lib/python3.12/site-packages/transformers/models/auto/modeling_auto.py:2284: FutureWarning: The class `AutoModelForVision2Seq` is deprecated and will be removed in v5.0. Please use `AutoModelForImageTextToText` instead.
  warnings.warn(
Loading checkpoint shards:   0%|          | 0/2 [00:00<?, ?it/s]Loading checkpoint shards:  50%|█████     | 1/2 [00:01<00:01,  1.94s/it]Loading checkpoint shards: 100%|██████████| 2/2 [00:03<00:00,  1.52s/it]Loading checkpoint shards: 100%|██████████| 2/2 [00:03<00:00,  1.58s/it]
Loading checkpoint shards:   0%|          | 0/2 [00:00<?, ?it/s]Loading checkpoint shards:  50%|█████     | 1/2 [00:01<00:01,  1.98s/it]Loading checkpoint shards: 100%|██████████| 2/2 [00:03<00:00,  1.54s/it]Loading checkpoint shards: 100%|██████████| 2/2 [00:03<00:00,  1.61s/it]

=== Scanning Language Layers ===
Processing Lang_L0.self_attn.q_proj...
Lang_L0.self_attn.q_proj  Base->Stage1    | Spec: 1.4e-05 | Baseline_RelErr: 6.5e-04 | InnerRel: 1.4e-05 | AmbRel: 1.4e-05
    Baseline MSE: 5.7e-10 | Inner MSE: 2.6e-13 | Ambient MSE: 2.6e-13 | Drift Ratio: 1.00
    r_eff=1436/2048 (70.1%)  e_src: 7.531e+00 | e_L: 7.531e+00 | e_R: 7.531e+00 | e_tgt: 1.054e-03
Lang_L0.self_attn.q_proj  Stage1->Stage2  | Spec: 4.8e-05 | Baseline_RelErr: 2.1e-03 | InnerRel: 4.8e-05 | AmbRel: 4.8e-05
    Baseline MSE: 6.1e-09 | Inner MSE: 3.2e-12 | Ambient MSE: 3.2e-12 | Drift Ratio: 1.00
    r_eff=1436/2048 (70.1%)  e_src: 7.532e+00 | e_L: 7.531e+00 | e_R: 7.531e+00 | e_tgt: 3.635e-03
Lang_L0.self_attn.q_proj  Base->Stage2    | Spec: 4.9e-05 | Baseline_RelErr: 2.2e-03 | InnerRel: 4.9e-05 | AmbRel: 4.9e-05
    Baseline MSE: 6.4e-09 | Inner MSE: 3.3e-12 | Ambient MSE: 3.3e-12 | Drift Ratio: 1.00
    r_eff=1436/2048 (70.1%)  e_src: 7.532e+00 | e_L: 7.532e+00 | e_R: 7.531e+00 | e_tgt: 3.723e-03
Processing Lang_L0.self_attn.k_proj...
Lang_L0.self_attn.k_proj  Base->Stage1    | Spec: 1.1e-05 | Baseline_RelErr: 4.1e-04 | InnerRel: 3.8e-04 | AmbRel: 1.1e-05
    Baseline MSE: 4.3e-10 | Inner MSE: 3.7e-10 | Ambient MSE: 3.2e-13 | Drift Ratio: 1181.56
    r_eff=230/256 (89.8%)  e_src: 3.527e+00 | e_L: 3.527e+00 | e_R: 3.527e+00 | e_tgt: 4.067e-04
Lang_L0.self_attn.k_proj  Stage1->Stage2  | Spec: 3.8e-05 | Baseline_RelErr: 1.4e-03 | InnerRel: 1.2e-03 | AmbRel: 3.8e-05
    Baseline MSE: 4.7e-09 | Inner MSE: 3.9e-09 | Ambient MSE: 3.6e-12 | Drift Ratio: 1093.94
    r_eff=230/256 (89.8%)  e_src: 3.527e+00 | e_L: 3.527e+00 | e_R: 3.527e+00 | e_tgt: 1.372e-03
Lang_L0.self_attn.k_proj  Base->Stage2    | Spec: 3.8e-05 | Baseline_RelErr: 1.4e-03 | InnerRel: 1.3e-03 | AmbRel: 3.8e-05
    Baseline MSE: 4.8e-09 | Inner MSE: 4.1e-09 | Ambient MSE: 3.7e-12 | Drift Ratio: 1106.46
    r_eff=230/256 (89.8%)  e_src: 3.527e+00 | e_L: 3.527e+00 | e_R: 3.527e+00 | e_tgt: 1.388e-03
Processing Lang_L0.self_attn.v_proj...
Lang_L0.self_attn.v_proj  Base->Stage1    | Spec: 3.9e-05 | Baseline_RelErr: 1.5e-03 | InnerRel: 1.4e-03 | AmbRel: 3.9e-05
    Baseline MSE: 7.9e-10 | Inner MSE: 6.6e-10 | Ambient MSE: 5.1e-13 | Drift Ratio: 1302.92
    r_eff=248/256 (96.9%)  e_src: 1.254e+00 | e_L: 1.254e+00 | e_R: 1.254e+00 | e_tgt: 5.171e-04
Lang_L0.self_attn.v_proj  Stage1->Stage2  | Spec: 1.3e-04 | Baseline_RelErr: 4.1e-03 | InnerRel: 3.7e-03 | AmbRel: 1.3e-04
    Baseline MSE: 5.6e-09 | Inner MSE: 4.7e-09 | Ambient MSE: 5.7e-12 | Drift Ratio: 819.43
    r_eff=248/256 (96.9%)  e_src: 1.255e+00 | e_L: 1.254e+00 | e_R: 1.255e+00 | e_tgt: 1.731e-03
Lang_L0.self_attn.v_proj  Base->Stage2    | Spec: 1.3e-04 | Baseline_RelErr: 4.2e-03 | InnerRel: 3.9e-03 | AmbRel: 1.3e-04
    Baseline MSE: 6.1e-09 | Inner MSE: 5.1e-09 | Ambient MSE: 6.2e-12 | Drift Ratio: 822.41
    r_eff=248/256 (96.9%)  e_src: 1.255e+00 | e_L: 1.254e+00 | e_R: 1.255e+00 | e_tgt: 1.796e-03
Processing Lang_L0.self_attn.o_proj...
Lang_L0.self_attn.o_proj  Base->Stage1    | Spec: 2.8e-05 | Baseline_RelErr: 1.3e-03 | InnerRel: 2.8e-05 | AmbRel: 2.8e-05
    Baseline MSE: 8.0e-10 | Inner MSE: 4.0e-13 | Ambient MSE: 4.0e-13 | Drift Ratio: 1.00
    r_eff=1597/2048 (78.0%)  e_src: 4.550e+00 | e_L: 4.550e+00 | e_R: 4.550e+00 | e_tgt: 1.297e-03
Lang_L0.self_attn.o_proj  Stage1->Stage2  | Spec: 7.7e-05 | Baseline_RelErr: 3.4e-03 | InnerRel: 7.7e-05 | AmbRel: 7.7e-05
    Baseline MSE: 5.9e-09 | Inner MSE: 2.9e-12 | Ambient MSE: 2.9e-12 | Drift Ratio: 1.00
    r_eff=1597/2048 (78.0%)  e_src: 4.551e+00 | e_L: 4.550e+00 | e_R: 4.550e+00 | e_tgt: 3.493e-03
Lang_L0.self_attn.o_proj  Base->Stage2    | Spec: 8.0e-05 | Baseline_RelErr: 3.6e-03 | InnerRel: 8.0e-05 | AmbRel: 8.0e-05
    Baseline MSE: 6.4e-09 | Inner MSE: 3.2e-12 | Ambient MSE: 3.2e-12 | Drift Ratio: 1.00
    r_eff=1597/2048 (78.0%)  e_src: 4.551e+00 | e_L: 4.550e+00 | e_R: 4.550e+00 | e_tgt: 3.642e-03
Processing Lang_L0.mlp.gate_proj...
Lang_L0.mlp.gate_proj  Base->Stage1    | Spec: 1.0e-05 | Baseline_RelErr: 1.1e-03 | InnerRel: 9.6e-04 | AmbRel: 1.0e-05
    Baseline MSE: 8.1e-10 | Inner MSE: 6.5e-10 | Ambient MSE: 7.3e-14 | Drift Ratio: 8916.00
    r_eff=1737/2048 (84.8%)  e_src: 1.270e+01 | e_L: 1.270e+01 | e_R: 1.270e+01 | e_tgt: 1.286e-03
Lang_L0.mlp.gate_proj  Stage1->Stage2  | Spec: 3.2e-05 | Baseline_RelErr: 3.3e-03 | InnerRel: 2.9e-03 | AmbRel: 3.2e-05
    Baseline MSE: 7.6e-09 | Inner MSE: 6.2e-09 | Ambient MSE: 7.4e-13 | Drift Ratio: 8375.93
    r_eff=1737/2048 (84.8%)  e_src: 1.271e+01 | e_L: 1.271e+01 | e_R: 1.270e+01 | e_tgt: 4.073e-03
Lang_L0.mlp.gate_proj  Base->Stage2    | Spec: 3.3e-05 | Baseline_RelErr: 3.4e-03 | InnerRel: 3.0e-03 | AmbRel: 3.3e-05
    Baseline MSE: 8.1e-09 | Inner MSE: 6.5e-09 | Ambient MSE: 7.9e-13 | Drift Ratio: 8313.94
    r_eff=1737/2048 (84.8%)  e_src: 1.271e+01 | e_L: 1.271e+01 | e_R: 1.270e+01 | e_tgt: 4.210e-03
Processing Lang_L0.mlp.up_proj...
Lang_L0.mlp.up_proj  Base->Stage1    | Spec: 1.1e-05 | Baseline_RelErr: 1.2e-03 | InnerRel: 1.1e-03 | AmbRel: 1.1e-05
    Baseline MSE: 8.2e-10 | Inner MSE: 6.6e-10 | Ambient MSE: 7.4e-14 | Drift Ratio: 8883.91
    r_eff=1777/2048 (86.8%)  e_src: 1.136e+01 | e_L: 1.136e+01 | e_R: 1.136e+01 | e_tgt: 1.296e-03
Lang_L0.mlp.up_proj  Stage1->Stage2  | Spec: 3.5e-05 | Baseline_RelErr: 3.6e-03 | InnerRel: 3.2e-03 | AmbRel: 3.5e-05
    Baseline MSE: 7.3e-09 | Inner MSE: 5.9e-09 | Ambient MSE: 7.2e-13 | Drift Ratio: 8215.77
    r_eff=1777/2048 (86.8%)  e_src: 1.137e+01 | e_L: 1.137e+01 | e_R: 1.136e+01 | e_tgt: 4.021e-03
Lang_L0.mlp.up_proj  Base->Stage2    | Spec: 3.7e-05 | Baseline_RelErr: 3.7e-03 | InnerRel: 3.3e-03 | AmbRel: 3.7e-05
    Baseline MSE: 7.8e-09 | Inner MSE: 6.3e-09 | Ambient MSE: 7.8e-13 | Drift Ratio: 8027.71
    r_eff=1777/2048 (86.8%)  e_src: 1.137e+01 | e_L: 1.137e+01 | e_R: 1.136e+01 | e_tgt: 4.193e-03
Processing Lang_L0.mlp.down_proj...
Lang_L0.mlp.down_proj  Base->Stage1    | Spec: 1.2e-05 | Baseline_RelErr: 1.2e-03 | InnerRel: 1.0e-03 | AmbRel: 1.2e-05
    Baseline MSE: 8.8e-10 | Inner MSE: 6.9e-10 | Ambient MSE: 9.1e-14 | Drift Ratio: 7572.72
    r_eff=1955/2048 (95.5%)  e_src: 1.195e+01 | e_L: 1.195e+01 | e_R: 1.195e+01 | e_tgt: 1.432e-03
Lang_L0.mlp.down_proj  Stage1->Stage2  | Spec: 3.7e-05 | Baseline_RelErr: 3.4e-03 | InnerRel: 3.0e-03 | AmbRel: 3.7e-05
    Baseline MSE: 7.5e-09 | Inner MSE: 5.8e-09 | Ambient MSE: 8.9e-13 | Drift Ratio: 6512.61
    r_eff=1955/2048 (95.5%)  e_src: 1.196e+01 | e_L: 1.195e+01 | e_R: 1.196e+01 | e_tgt: 4.481e-03
Lang_L0.mlp.down_proj  Base->Stage2    | Spec: 3.9e-05 | Baseline_RelErr: 3.5e-03 | InnerRel: 3.1e-03 | AmbRel: 3.9e-05
    Baseline MSE: 8.0e-09 | Inner MSE: 6.2e-09 | Ambient MSE: 9.9e-13 | Drift Ratio: 6213.40
    r_eff=1955/2048 (95.5%)  e_src: 1.196e+01 | e_L: 1.195e+01 | e_R: 1.196e+01 | e_tgt: 4.727e-03
Processing Lang_L1.self_attn.q_proj...
Lang_L1.self_attn.q_proj  Base->Stage1    | Spec: 1.8e-05 | Baseline_RelErr: 8.1e-04 | InnerRel: 1.8e-05 | AmbRel: 1.8e-05
    Baseline MSE: 5.8e-10 | Inner MSE: 2.9e-13 | Ambient MSE: 2.9e-13 | Drift Ratio: 1.00
    r_eff=1285/2048 (62.7%)  e_src: 6.087e+00 | e_L: 6.087e+00 | e_R: 6.087e+00 | e_tgt: 1.101e-03
Lang_L1.self_attn.q_proj  Stage1->Stage2  | Spec: 5.9e-05 | Baseline_RelErr: 2.4e-03 | InnerRel: 5.9e-05 | AmbRel: 5.9e-05
    Baseline MSE: 5.0e-09 | Inner MSE: 3.1e-12 | Ambient MSE: 3.1e-12 | Drift Ratio: 1.00
    r_eff=1285/2048 (62.7%)  e_src: 6.087e+00 | e_L: 6.087e+00 | e_R: 6.087e+00 | e_tgt: 3.606e-03
Lang_L1.self_attn.q_proj  Base->Stage2    | Spec: 6.1e-05 | Baseline_RelErr: 2.5e-03 | InnerRel: 6.1e-05 | AmbRel: 6.1e-05
    Baseline MSE: 5.4e-09 | Inner MSE: 3.2e-12 | Ambient MSE: 3.2e-12 | Drift Ratio: 1.00
    r_eff=1285/2048 (62.7%)  e_src: 6.087e+00 | e_L: 6.087e+00 | e_R: 6.087e+00 | e_tgt: 3.691e-03
Processing Lang_L1.self_attn.k_proj...
Lang_L1.self_attn.k_proj  Base->Stage1    | Spec: 1.4e-05 | Baseline_RelErr: 5.0e-04 | InnerRel: 4.4e-04 | AmbRel: 1.4e-05
    Baseline MSE: 4.6e-10 | Inner MSE: 3.6e-10 | Ambient MSE: 3.7e-13 | Drift Ratio: 970.90
    r_eff=212/256 (82.8%)  e_src: 3.073e+00 | e_L: 3.073e+00 | e_R: 3.073e+00 | e_tgt: 4.424e-04
Lang_L1.self_attn.k_proj  Stage1->Stage2  | Spec: 5.0e-05 | Baseline_RelErr: 1.5e-03 | InnerRel: 1.3e-03 | AmbRel: 5.0e-05
    Baseline MSE: 4.4e-09 | Inner MSE: 3.3e-09 | Ambient MSE: 4.6e-12 | Drift Ratio: 721.20
    r_eff=212/256 (82.8%)  e_src: 3.073e+00 | e_L: 3.073e+00 | e_R: 3.073e+00 | e_tgt: 1.556e-03
Lang_L1.self_attn.k_proj  Base->Stage2    | Spec: 5.3e-05 | Baseline_RelErr: 1.6e-03 | InnerRel: 1.4e-03 | AmbRel: 5.3e-05
    Baseline MSE: 4.7e-09 | Inner MSE: 3.5e-09 | Ambient MSE: 5.1e-12 | Drift Ratio: 684.01
    r_eff=212/256 (82.8%)  e_src: 3.073e+00 | e_L: 3.073e+00 | e_R: 3.073e+00 | e_tgt: 1.634e-03
Processing Lang_L1.self_attn.v_proj...
Lang_L1.self_attn.v_proj  Base->Stage1    | Spec: 3.7e-05 | Baseline_RelErr: 1.4e-03 | InnerRel: 1.3e-03 | AmbRel: 3.7e-05
    Baseline MSE: 7.7e-10 | Inner MSE: 6.2e-10 | Ambient MSE: 4.9e-13 | Drift Ratio: 1254.20
    r_eff=247/256 (96.5%)  e_src: 1.370e+00 | e_L: 1.370e+00 | e_R: 1.370e+00 | e_tgt: 5.078e-04
Lang_L1.self_attn.v_proj  Stage1->Stage2  | Spec: 1.2e-04 | Baseline_RelErr: 3.8e-03 | InnerRel: 3.4e-03 | AmbRel: 1.2e-04
    Baseline MSE: 5.4e-09 | Inner MSE: 4.3e-09 | Ambient MSE: 5.0e-12 | Drift Ratio: 848.64
    r_eff=247/256 (96.5%)  e_src: 1.370e+00 | e_L: 1.370e+00 | e_R: 1.370e+00 | e_tgt: 1.624e-03
Lang_L1.self_attn.v_proj  Base->Stage2    | Spec: 1.2e-04 | Baseline_RelErr: 4.0e-03 | InnerRel: 3.6e-03 | AmbRel: 1.2e-04
    Baseline MSE: 6.0e-09 | Inner MSE: 4.6e-09 | Ambient MSE: 5.7e-12 | Drift Ratio: 815.26
    r_eff=247/256 (96.5%)  e_src: 1.371e+00 | e_L: 1.370e+00 | e_R: 1.371e+00 | e_tgt: 1.729e-03
Processing Lang_L1.self_attn.o_proj...
Lang_L1.self_attn.o_proj  Base->Stage1    | Spec: 2.8e-05 | Baseline_RelErr: 1.2e-03 | InnerRel: 2.8e-05 | AmbRel: 2.8e-05
    Baseline MSE: 8.0e-10 | Inner MSE: 4.1e-13 | Ambient MSE: 4.1e-13 | Drift Ratio: 1.00
    r_eff=1480/2048 (72.3%)  e_src: 4.635e+00 | e_L: 4.634e+00 | e_R: 4.634e+00 | e_tgt: 1.307e-03
Lang_L1.self_attn.o_proj  Stage1->Stage2  | Spec: 7.4e-05 | Baseline_RelErr: 3.3e-03 | InnerRel: 7.4e-05 | AmbRel: 7.4e-05
    Baseline MSE: 5.7e-09 | Inner MSE: 2.8e-12 | Ambient MSE: 2.8e-12 | Drift Ratio: 1.00
    r_eff=1480/2048 (72.3%)  e_src: 4.636e+00 | e_L: 4.635e+00 | e_R: 4.635e+00 | e_tgt: 3.422e-03
Lang_L1.self_attn.o_proj  Base->Stage2    | Spec: 7.7e-05 | Baseline_RelErr: 3.5e-03 | InnerRel: 7.7e-05 | AmbRel: 7.7e-05
    Baseline MSE: 6.2e-09 | Inner MSE: 3.0e-12 | Ambient MSE: 3.0e-12 | Drift Ratio: 1.00
    r_eff=1480/2048 (72.3%)  e_src: 4.636e+00 | e_L: 4.635e+00 | e_R: 4.635e+00 | e_tgt: 3.572e-03
Processing Lang_L1.mlp.gate_proj...
Lang_L1.mlp.gate_proj  Base->Stage1    | Spec: 2.5e-05 | Baseline_RelErr: 9.2e-04 | InnerRel: 7.3e-05 | AmbRel: 2.5e-05
    Baseline MSE: 1.4e-10 | Inner MSE: 8.5e-13 | Ambient MSE: 1.0e-13 | Drift Ratio: 8.30
    r_eff=1165/2048 (56.9%)  e_src: 6.007e+00 | e_L: 6.007e+00 | e_R: 6.007e+00 | e_tgt: 1.516e-03
Lang_L1.mlp.gate_proj  Stage1->Stage2  | Spec: 1.1e-04 | Baseline_RelErr: 2.8e-03 | InnerRel: 1.7e-04 | AmbRel: 1.1e-04
    Baseline MSE: 1.3e-09 | Inner MSE: 4.8e-12 | Ambient MSE: 1.8e-12 | Drift Ratio: 2.71
    r_eff=1165/2048 (56.9%)  e_src: 6.008e+00 | e_L: 6.007e+00 | e_R: 6.008e+00 | e_tgt: 6.328e-03
Lang_L1.mlp.gate_proj  Base->Stage2    | Spec: 9.9e-05 | Baseline_RelErr: 2.9e-03 | InnerRel: 1.5e-04 | AmbRel: 9.9e-05
    Baseline MSE: 1.4e-09 | Inner MSE: 3.9e-12 | Ambient MSE: 1.6e-12 | Drift Ratio: 2.47
    r_eff=1165/2048 (56.9%)  e_src: 6.008e+00 | e_L: 6.007e+00 | e_R: 6.008e+00 | e_tgt: 5.934e-03
Processing Lang_L1.mlp.up_proj...
Lang_L1.mlp.up_proj  Base->Stage1    | Spec: 1.6e-05 | Baseline_RelErr: 6.9e-04 | InnerRel: 5.5e-05 | AmbRel: 1.6e-05
    Baseline MSE: 5.1e-11 | Inner MSE: 3.2e-13 | Ambient MSE: 2.7e-14 | Drift Ratio: 11.85
    r_eff=1057/2048 (51.6%)  e_src: 4.931e+00 | e_L: 4.931e+00 | e_R: 4.931e+00 | e_tgt: 7.838e-04
Lang_L1.mlp.up_proj  Stage1->Stage2  | Spec: 5.5e-05 | Baseline_RelErr: 2.3e-03 | InnerRel: 1.0e-04 | AmbRel: 5.5e-05
    Baseline MSE: 5.5e-10 | Inner MSE: 1.2e-12 | Ambient MSE: 3.2e-13 | Drift Ratio: 3.68
    r_eff=1057/2048 (51.6%)  e_src: 4.931e+00 | e_L: 4.931e+00 | e_R: 4.931e+00 | e_tgt: 2.702e-03
Lang_L1.mlp.up_proj  Base->Stage2    | Spec: 5.6e-05 | Baseline_RelErr: 2.3e-03 | InnerRel: 8.9e-05 | AmbRel: 5.6e-05
    Baseline MSE: 5.8e-10 | Inner MSE: 8.6e-13 | Ambient MSE: 3.4e-13 | Drift Ratio: 2.56
    r_eff=1057/2048 (51.6%)  e_src: 4.931e+00 | e_L: 4.931e+00 | e_R: 4.931e+00 | e_tgt: 2.757e-03
Processing Lang_L1.mlp.down_proj...
Lang_L1.mlp.down_proj  Base->Stage1    | Spec: 3.1e-05 | Baseline_RelErr: 1.5e-03 | InnerRel: 1.7e-04 | AmbRel: 3.1e-05
    Baseline MSE: 2.2e-10 | Inner MSE: 2.9e-12 | Ambient MSE: 9.3e-14 | Drift Ratio: 30.69
    r_eff=1174/2048 (57.3%)  e_src: 4.658e+00 | e_L: 4.658e+00 | e_R: 4.658e+00 | e_tgt: 1.448e-03
Lang_L1.mlp.down_proj  Stage1->Stage2  | Spec: 7.1e-05 | Baseline_RelErr: 3.9e-03 | InnerRel: 3.3e-04 | AmbRel: 7.1e-05
    Baseline MSE: 1.5e-09 | Inner MSE: 1.0e-11 | Ambient MSE: 4.9e-13 | Drift Ratio: 21.28
    r_eff=1174/2048 (57.3%)  e_src: 4.660e+00 | e_L: 4.659e+00 | e_R: 4.658e+00 | e_tgt: 3.322e-03
Lang_L1.mlp.down_proj  Base->Stage2    | Spec: 7.3e-05 | Baseline_RelErr: 4.1e-03 | InnerRel: 2.8e-04 | AmbRel: 7.3e-05
    Baseline MSE: 1.7e-09 | Inner MSE: 7.8e-12 | Ambient MSE: 5.2e-13 | Drift Ratio: 15.01
    r_eff=1174/2048 (57.3%)  e_src: 4.660e+00 | e_L: 4.659e+00 | e_R: 4.658e+00 | e_tgt: 3.417e-03
Processing Lang_L2.self_attn.q_proj...
Lang_L2.self_attn.q_proj  Base->Stage1    | Spec: 2.1e-05 | Baseline_RelErr: 9.3e-04 | InnerRel: 2.1e-05 | AmbRel: 2.1e-05
    Baseline MSE: 7.3e-10 | Inner MSE: 3.6e-13 | Ambient MSE: 3.6e-13 | Drift Ratio: 1.00
    r_eff=1326/2048 (64.7%)  e_src: 5.944e+00 | e_L: 5.944e+00 | e_R: 5.944e+00 | e_tgt: 1.225e-03
Lang_L2.self_attn.q_proj  Stage1->Stage2  | Spec: 6.3e-05 | Baseline_RelErr: 2.7e-03 | InnerRel: 6.3e-05 | AmbRel: 6.3e-05
    Baseline MSE: 6.0e-09 | Inner MSE: 3.3e-12 | Ambient MSE: 3.3e-12 | Drift Ratio: 1.00
    r_eff=1326/2048 (64.7%)  e_src: 5.945e+00 | e_L: 5.944e+00 | e_R: 5.944e+00 | e_tgt: 3.747e-03
Lang_L2.self_attn.q_proj  Base->Stage2    | Spec: 6.5e-05 | Baseline_RelErr: 2.8e-03 | InnerRel: 6.5e-05 | AmbRel: 6.5e-05
    Baseline MSE: 6.5e-09 | Inner MSE: 3.6e-12 | Ambient MSE: 3.6e-12 | Drift Ratio: 1.00
    r_eff=1326/2048 (64.7%)  e_src: 5.945e+00 | e_L: 5.944e+00 | e_R: 5.944e+00 | e_tgt: 3.861e-03
Processing Lang_L2.self_attn.k_proj...
Lang_L2.self_attn.k_proj  Base->Stage1    | Spec: 1.5e-05 | Baseline_RelErr: 6.0e-04 | InnerRel: 5.4e-04 | AmbRel: 1.5e-05
    Baseline MSE: 5.3e-10 | Inner MSE: 4.3e-10 | Ambient MSE: 3.5e-13 | Drift Ratio: 1216.89
    r_eff=213/256 (83.2%)  e_src: 2.790e+00 | e_L: 2.790e+00 | e_R: 2.790e+00 | e_tgt: 4.301e-04
Lang_L2.self_attn.k_proj  Stage1->Stage2  | Spec: 5.3e-05 | Baseline_RelErr: 1.8e-03 | InnerRel: 1.6e-03 | AmbRel: 5.3e-05
    Baseline MSE: 4.9e-09 | Inner MSE: 3.9e-09 | Ambient MSE: 4.3e-12 | Drift Ratio: 919.68
    r_eff=213/256 (83.2%)  e_src: 2.790e+00 | e_L: 2.790e+00 | e_R: 2.790e+00 | e_tgt: 1.493e-03
Lang_L2.self_attn.k_proj  Base->Stage2    | Spec: 5.6e-05 | Baseline_RelErr: 1.9e-03 | InnerRel: 1.7e-03 | AmbRel: 5.6e-05
    Baseline MSE: 5.2e-09 | Inner MSE: 4.1e-09 | Ambient MSE: 4.6e-12 | Drift Ratio: 897.45
    r_eff=213/256 (83.2%)  e_src: 2.790e+00 | e_L: 2.790e+00 | e_R: 2.790e+00 | e_tgt: 1.554e-03
Processing Lang_L2.self_attn.v_proj...
Lang_L2.self_attn.v_proj  Base->Stage1    | Spec: 3.6e-05 | Baseline_RelErr: 1.5e-03 | InnerRel: 1.3e-03 | AmbRel: 3.6e-05
    Baseline MSE: 8.0e-10 | Inner MSE: 6.6e-10 | Ambient MSE: 4.8e-13 | Drift Ratio: 1393.42
    r_eff=248/256 (96.9%)  e_src: 1.338e+00 | e_L: 1.338e+00 | e_R: 1.338e+00 | e_tgt: 4.998e-04
Lang_L2.self_attn.v_proj  Stage1->Stage2  | Spec: 1.1e-04 | Baseline_RelErr: 3.8e-03 | InnerRel: 3.4e-03 | AmbRel: 1.1e-04
    Baseline MSE: 5.4e-09 | Inner MSE: 4.4e-09 | Ambient MSE: 4.4e-12 | Drift Ratio: 997.21
    r_eff=248/256 (96.9%)  e_src: 1.339e+00 | e_L: 1.338e+00 | e_R: 1.339e+00 | e_tgt: 1.526e-03
Lang_L2.self_attn.v_proj  Base->Stage2    | Spec: 1.1e-04 | Baseline_RelErr: 4.0e-03 | InnerRel: 3.6e-03 | AmbRel: 1.1e-04
    Baseline MSE: 5.9e-09 | Inner MSE: 4.8e-09 | Ambient MSE: 4.6e-12 | Drift Ratio: 1044.58
    r_eff=248/256 (96.9%)  e_src: 1.339e+00 | e_L: 1.338e+00 | e_R: 1.339e+00 | e_tgt: 1.552e-03
Processing Lang_L2.self_attn.o_proj...
Lang_L2.self_attn.o_proj  Base->Stage1    | Spec: 2.9e-05 | Baseline_RelErr: 1.3e-03 | InnerRel: 2.9e-05 | AmbRel: 2.9e-05
    Baseline MSE: 8.6e-10 | Inner MSE: 4.2e-13 | Ambient MSE: 4.2e-13 | Drift Ratio: 1.00
    r_eff=1455/2048 (71.0%)  e_src: 4.630e+00 | e_L: 4.630e+00 | e_R: 4.630e+00 | e_tgt: 1.321e-03
Lang_L2.self_attn.o_proj  Stage1->Stage2  | Spec: 7.4e-05 | Baseline_RelErr: 3.4e-03 | InnerRel: 7.4e-05 | AmbRel: 7.4e-05
    Baseline MSE: 5.8e-09 | Inner MSE: 2.8e-12 | Ambient MSE: 2.8e-12 | Drift Ratio: 1.00
    r_eff=1455/2048 (71.0%)  e_src: 4.631e+00 | e_L: 4.631e+00 | e_R: 4.631e+00 | e_tgt: 3.445e-03
Lang_L2.self_attn.o_proj  Base->Stage2    | Spec: 7.8e-05 | Baseline_RelErr: 3.5e-03 | InnerRel: 7.8e-05 | AmbRel: 7.8e-05
    Baseline MSE: 6.4e-09 | Inner MSE: 3.1e-12 | Ambient MSE: 3.1e-12 | Drift Ratio: 1.00
    r_eff=1455/2048 (71.0%)  e_src: 4.631e+00 | e_L: 4.631e+00 | e_R: 4.631e+00 | e_tgt: 3.598e-03
Processing Lang_L2.mlp.gate_proj...
Lang_L2.mlp.gate_proj  Base->Stage1    | Spec: 1.7e-04 | Baseline_RelErr: 1.2e-03 | InnerRel: 4.5e-04 | AmbRel: 1.7e-04
    Baseline MSE: 2.2e-10 | Inner MSE: 3.1e-11 | Ambient MSE: 4.7e-12 | Drift Ratio: 6.53
    r_eff=1542/2048 (75.3%)  e_src: 5.872e+00 | e_L: 5.872e+00 | e_R: 5.872e+00 | e_tgt: 1.026e-02
Lang_L2.mlp.gate_proj  Stage1->Stage2  | Spec: 2.7e-04 | Baseline_RelErr: 3.3e-03 | InnerRel: 1.1e-03 | AmbRel: 2.7e-04
    Baseline MSE: 1.6e-09 | Inner MSE: 1.8e-10 | Ambient MSE: 1.1e-11 | Drift Ratio: 15.51
    r_eff=1542/2048 (75.3%)  e_src: 5.873e+00 | e_L: 5.873e+00 | e_R: 5.872e+00 | e_tgt: 1.606e-02
Lang_L2.mlp.gate_proj  Base->Stage2    | Spec: 4.4e-04 | Baseline_RelErr: 3.4e-03 | InnerRel: 1.1e-03 | AmbRel: 4.4e-04
    Baseline MSE: 1.8e-09 | Inner MSE: 2.0e-10 | Ambient MSE: 3.0e-11 | Drift Ratio: 6.58
    r_eff=1542/2048 (75.3%)  e_src: 5.873e+00 | e_L: 5.873e+00 | e_R: 5.872e+00 | e_tgt: 2.606e-02
Processing Lang_L2.mlp.up_proj...
Lang_L2.mlp.up_proj  Base->Stage1    | Spec: 4.2e-05 | Baseline_RelErr: 8.4e-04 | InnerRel: 2.6e-04 | AmbRel: 4.2e-05
    Baseline MSE: 1.5e-10 | Inner MSE: 1.5e-11 | Ambient MSE: 3.7e-13 | Drift Ratio: 40.51
    r_eff=1504/2048 (73.4%)  e_src: 6.974e+00 | e_L: 6.974e+00 | e_R: 6.974e+00 | e_tgt: 2.903e-03
Lang_L2.mlp.up_proj  Stage1->Stage2  | Spec: 6.0e-05 | Baseline_RelErr: 2.4e-03 | InnerRel: 7.1e-04 | AmbRel: 6.0e-05
    Baseline MSE: 1.3e-09 | Inner MSE: 1.1e-10 | Ambient MSE: 7.9e-13 | Drift Ratio: 138.04
    r_eff=1504/2048 (73.4%)  e_src: 6.975e+00 | e_L: 6.975e+00 | e_R: 6.975e+00 | e_tgt: 4.213e-03
Lang_L2.mlp.up_proj  Base->Stage2    | Spec: 8.7e-05 | Baseline_RelErr: 2.5e-03 | InnerRel: 7.3e-04 | AmbRel: 8.7e-05
    Baseline MSE: 1.4e-09 | Inner MSE: 1.1e-10 | Ambient MSE: 1.7e-12 | Drift Ratio: 68.86
    r_eff=1504/2048 (73.4%)  e_src: 6.975e+00 | e_L: 6.975e+00 | e_R: 6.975e+00 | e_tgt: 6.111e-03
Processing Lang_L2.mlp.down_proj...
Lang_L2.mlp.down_proj  Base->Stage1    | Spec: 3.7e-05 | Baseline_RelErr: 1.3e-03 | InnerRel: 4.3e-04 | AmbRel: 3.7e-05
    Baseline MSE: 2.6e-10 | Inner MSE: 3.0e-11 | Ambient MSE: 2.3e-13 | Drift Ratio: 131.98
    r_eff=1573/2048 (76.8%)  e_src: 6.089e+00 | e_L: 6.089e+00 | e_R: 6.089e+00 | e_tgt: 2.278e-03
Lang_L2.mlp.down_proj  Stage1->Stage2  | Spec: 9.1e-05 | Baseline_RelErr: 3.2e-03 | InnerRel: 1.0e-03 | AmbRel: 9.1e-05
    Baseline MSE: 1.7e-09 | Inner MSE: 1.7e-10 | Ambient MSE: 1.4e-12 | Drift Ratio: 123.45
    r_eff=1573/2048 (76.8%)  e_src: 6.090e+00 | e_L: 6.090e+00 | e_R: 6.090e+00 | e_tgt: 5.541e-03
Lang_L2.mlp.down_proj  Base->Stage2    | Spec: 1.2e-04 | Baseline_RelErr: 3.4e-03 | InnerRel: 1.0e-03 | AmbRel: 1.2e-04
    Baseline MSE: 1.9e-09 | Inner MSE: 1.7e-10 | Ambient MSE: 2.3e-12 | Drift Ratio: 73.78
    r_eff=1573/2048 (76.8%)  e_src: 6.090e+00 | e_L: 6.090e+00 | e_R: 6.090e+00 | e_tgt: 7.123e-03
Processing Lang_L3.self_attn.q_proj...
Lang_L3.self_attn.q_proj  Base->Stage1    | Spec: 2.1e-05 | Baseline_RelErr: 9.6e-04 | InnerRel: 2.1e-05 | AmbRel: 2.1e-05
    Baseline MSE: 7.7e-10 | Inner MSE: 3.8e-13 | Ambient MSE: 3.8e-13 | Drift Ratio: 1.00
    r_eff=1456/2048 (71.1%)  e_src: 5.903e+00 | e_L: 5.903e+00 | e_R: 5.903e+00 | e_tgt: 1.255e-03
Lang_L3.self_attn.q_proj  Stage1->Stage2  | Spec: 6.3e-05 | Baseline_RelErr: 2.8e-03 | InnerRel: 6.3e-05 | AmbRel: 6.3e-05
    Baseline MSE: 6.5e-09 | Inner MSE: 3.3e-12 | Ambient MSE: 3.3e-12 | Drift Ratio: 1.00
    r_eff=1456/2048 (71.1%)  e_src: 5.904e+00 | e_L: 5.904e+00 | e_R: 5.904e+00 | e_tgt: 3.747e-03
Lang_L3.self_attn.q_proj  Base->Stage2    | Spec: 6.5e-05 | Baseline_RelErr: 2.9e-03 | InnerRel: 6.5e-05 | AmbRel: 6.5e-05
    Baseline MSE: 6.9e-09 | Inner MSE: 3.5e-12 | Ambient MSE: 3.5e-12 | Drift Ratio: 1.00
    r_eff=1456/2048 (71.1%)  e_src: 5.904e+00 | e_L: 5.904e+00 | e_R: 5.904e+00 | e_tgt: 3.830e-03
Processing Lang_L3.self_attn.k_proj...
Lang_L3.self_attn.k_proj  Base->Stage1    | Spec: 1.9e-05 | Baseline_RelErr: 6.9e-04 | InnerRel: 6.3e-04 | AmbRel: 1.9e-05
    Baseline MSE: 6.3e-10 | Inner MSE: 5.2e-10 | Ambient MSE: 4.5e-13 | Drift Ratio: 1146.37
    r_eff=232/256 (90.6%)  e_src: 2.600e+00 | e_L: 2.600e+00 | e_R: 2.600e+00 | e_tgt: 4.876e-04
Lang_L3.self_attn.k_proj  Stage1->Stage2  | Spec: 6.2e-05 | Baseline_RelErr: 2.1e-03 | InnerRel: 1.9e-03 | AmbRel: 6.2e-05
    Baseline MSE: 6.0e-09 | Inner MSE: 4.8e-09 | Ambient MSE: 5.0e-12 | Drift Ratio: 967.24
    r_eff=232/256 (90.6%)  e_src: 2.600e+00 | e_L: 2.600e+00 | e_R: 2.600e+00 | e_tgt: 1.618e-03
Lang_L3.self_attn.k_proj  Base->Stage2    | Spec: 6.8e-05 | Baseline_RelErr: 2.2e-03 | InnerRel: 2.0e-03 | AmbRel: 6.8e-05
    Baseline MSE: 6.4e-09 | Inner MSE: 5.0e-09 | Ambient MSE: 6.1e-12 | Drift Ratio: 821.99
    r_eff=232/256 (90.6%)  e_src: 2.600e+00 | e_L: 2.600e+00 | e_R: 2.600e+00 | e_tgt: 1.795e-03
Processing Lang_L3.self_attn.v_proj...
Lang_L3.self_attn.v_proj  Base->Stage1    | Spec: 3.8e-05 | Baseline_RelErr: 1.5e-03 | InnerRel: 1.4e-03 | AmbRel: 3.8e-05
    Baseline MSE: 7.7e-10 | Inner MSE: 6.4e-10 | Ambient MSE: 4.8e-13 | Drift Ratio: 1344.32
    r_eff=249/256 (97.3%)  e_src: 1.239e+00 | e_L: 1.239e+00 | e_R: 1.239e+00 | e_tgt: 4.999e-04
Lang_L3.self_attn.v_proj  Stage1->Stage2  | Spec: 1.1e-04 | Baseline_RelErr: 4.1e-03 | InnerRel: 3.7e-03 | AmbRel: 1.1e-04
    Baseline MSE: 5.5e-09 | Inner MSE: 4.5e-09 | Ambient MSE: 4.1e-12 | Drift Ratio: 1119.55
    r_eff=249/256 (97.3%)  e_src: 1.240e+00 | e_L: 1.239e+00 | e_R: 1.240e+00 | e_tgt: 1.459e-03
Lang_L3.self_attn.v_proj  Base->Stage2    | Spec: 1.2e-04 | Baseline_RelErr: 4.3e-03 | InnerRel: 3.9e-03 | AmbRel: 1.2e-04
    Baseline MSE: 6.0e-09 | Inner MSE: 4.9e-09 | Ambient MSE: 4.8e-12 | Drift Ratio: 1027.03
    r_eff=249/256 (97.3%)  e_src: 1.240e+00 | e_L: 1.239e+00 | e_R: 1.240e+00 | e_tgt: 1.587e-03
Processing Lang_L3.self_attn.o_proj...
Lang_L3.self_attn.o_proj  Base->Stage1    | Spec: 2.8e-05 | Baseline_RelErr: 1.3e-03 | InnerRel: 2.8e-05 | AmbRel: 2.8e-05
    Baseline MSE: 8.6e-10 | Inner MSE: 4.2e-13 | Ambient MSE: 4.2e-13 | Drift Ratio: 1.00
    r_eff=1496/2048 (73.0%)  e_src: 4.676e+00 | e_L: 4.676e+00 | e_R: 4.676e+00 | e_tgt: 1.333e-03
Lang_L3.self_attn.o_proj  Stage1->Stage2  | Spec: 7.5e-05 | Baseline_RelErr: 3.4e-03 | InnerRel: 7.5e-05 | AmbRel: 7.5e-05
    Baseline MSE: 6.0e-09 | Inner MSE: 2.9e-12 | Ambient MSE: 2.9e-12 | Drift Ratio: 1.00
    r_eff=1496/2048 (73.0%)  e_src: 4.677e+00 | e_L: 4.676e+00 | e_R: 4.676e+00 | e_tgt: 3.493e-03
Lang_L3.self_attn.o_proj  Base->Stage2    | Spec: 7.8e-05 | Baseline_RelErr: 3.5e-03 | InnerRel: 7.8e-05 | AmbRel: 7.8e-05
    Baseline MSE: 6.5e-09 | Inner MSE: 3.1e-12 | Ambient MSE: 3.1e-12 | Drift Ratio: 1.00
    r_eff=1496/2048 (73.0%)  e_src: 4.677e+00 | e_L: 4.676e+00 | e_R: 4.676e+00 | e_tgt: 3.628e-03
Processing Lang_L3.mlp.gate_proj...
Lang_L3.mlp.gate_proj  Base->Stage1    | Spec: 3.0e-05 | Baseline_RelErr: 1.1e-03 | InnerRel: 8.0e-04 | AmbRel: 3.0e-05
    Baseline MSE: 3.8e-10 | Inner MSE: 1.9e-10 | Ambient MSE: 2.6e-13 | Drift Ratio: 729.23
    r_eff=1856/2048 (90.6%)  e_src: 8.100e+00 | e_L: 8.100e+00 | e_R: 8.100e+00 | e_tgt: 2.401e-03
Lang_L3.mlp.gate_proj  Stage1->Stage2  | Spec: 7.6e-05 | Baseline_RelErr: 3.2e-03 | InnerRel: 2.3e-03 | AmbRel: 7.6e-05
    Baseline MSE: 2.9e-09 | Inner MSE: 1.5e-09 | Ambient MSE: 1.7e-12 | Drift Ratio: 873.42
    r_eff=1856/2048 (90.6%)  e_src: 8.102e+00 | e_L: 8.102e+00 | e_R: 8.100e+00 | e_tgt: 6.213e-03
Lang_L3.mlp.gate_proj  Base->Stage2    | Spec: 9.7e-05 | Baseline_RelErr: 3.3e-03 | InnerRel: 2.3e-03 | AmbRel: 9.7e-05
    Baseline MSE: 3.2e-09 | Inner MSE: 1.6e-09 | Ambient MSE: 2.7e-12 | Drift Ratio: 579.43
    r_eff=1856/2048 (90.6%)  e_src: 8.103e+00 | e_L: 8.102e+00 | e_R: 8.100e+00 | e_tgt: 7.870e-03
Processing Lang_L3.mlp.up_proj...
Lang_L3.mlp.up_proj  Base->Stage1    | Spec: 1.9e-05 | Baseline_RelErr: 9.6e-04 | InnerRel: 6.9e-04 | AmbRel: 1.9e-05
    Baseline MSE: 3.2e-10 | Inner MSE: 1.6e-10 | Ambient MSE: 1.3e-13 | Drift Ratio: 1254.67
    r_eff=1845/2048 (90.1%)  e_src: 8.813e+00 | e_L: 8.813e+00 | e_R: 8.813e+00 | e_tgt: 1.717e-03
Lang_L3.mlp.up_proj  Stage1->Stage2  | Spec: 5.2e-05 | Baseline_RelErr: 2.7e-03 | InnerRel: 1.9e-03 | AmbRel: 5.2e-05
    Baseline MSE: 2.6e-09 | Inner MSE: 1.3e-09 | Ambient MSE: 9.4e-13 | Drift Ratio: 1378.86
    r_eff=1845/2048 (90.1%)  e_src: 8.815e+00 | e_L: 8.815e+00 | e_R: 8.813e+00 | e_tgt: 4.615e-03
Lang_L3.mlp.up_proj  Base->Stage2    | Spec: 6.2e-05 | Baseline_RelErr: 2.8e-03 | InnerRel: 2.0e-03 | AmbRel: 6.2e-05
    Baseline MSE: 2.8e-09 | Inner MSE: 1.4e-09 | Ambient MSE: 1.3e-12 | Drift Ratio: 1056.59
    r_eff=1845/2048 (90.1%)  e_src: 8.815e+00 | e_L: 8.815e+00 | e_R: 8.813e+00 | e_tgt: 5.434e-03
Processing Lang_L3.mlp.down_proj...
Lang_L3.mlp.down_proj  Base->Stage1    | Spec: 2.2e-05 | Baseline_RelErr: 1.2e-03 | InnerRel: 7.7e-04 | AmbRel: 2.2e-05
    Baseline MSE: 4.5e-10 | Inner MSE: 1.9e-10 | Ambient MSE: 1.6e-13 | Drift Ratio: 1215.23
    r_eff=1870/2048 (91.3%)  e_src: 8.416e+00 | e_L: 8.416e+00 | e_R: 8.416e+00 | e_tgt: 1.874e-03
Lang_L3.mlp.down_proj  Stage1->Stage2  | Spec: 4.4e-05 | Baseline_RelErr: 3.0e-03 | InnerRel: 2.1e-03 | AmbRel: 4.4e-05
    Baseline MSE: 2.9e-09 | Inner MSE: 1.3e-09 | Ambient MSE: 6.2e-13 | Drift Ratio: 2164.55
    r_eff=1870/2048 (91.3%)  e_src: 8.418e+00 | e_L: 8.416e+00 | e_R: 8.418e+00 | e_tgt: 3.737e-03
Lang_L3.mlp.down_proj  Base->Stage2    | Spec: 4.9e-05 | Baseline_RelErr: 3.2e-03 | InnerRel: 2.1e-03 | AmbRel: 4.9e-05
    Baseline MSE: 3.2e-09 | Inner MSE: 1.4e-09 | Ambient MSE: 7.6e-13 | Drift Ratio: 1858.96
    r_eff=1870/2048 (91.3%)  e_src: 8.418e+00 | e_L: 8.416e+00 | e_R: 8.418e+00 | e_tgt: 4.152e-03
Processing Lang_L4.self_attn.q_proj...
Lang_L4.self_attn.q_proj  Base->Stage1    | Spec: 2.1e-05 | Baseline_RelErr: 9.4e-04 | InnerRel: 2.1e-05 | AmbRel: 2.1e-05
    Baseline MSE: 7.6e-10 | Inner MSE: 3.9e-13 | Ambient MSE: 3.9e-13 | Drift Ratio: 1.00
    r_eff=1400/2048 (68.4%)  e_src: 6.010e+00 | e_L: 6.010e+00 | e_R: 6.010e+00 | e_tgt: 1.286e-03
Lang_L4.self_attn.q_proj  Stage1->Stage2  | Spec: 6.3e-05 | Baseline_RelErr: 2.7e-03 | InnerRel: 6.3e-05 | AmbRel: 6.3e-05
    Baseline MSE: 6.5e-09 | Inner MSE: 3.4e-12 | Ambient MSE: 3.4e-12 | Drift Ratio: 1.00
    r_eff=1400/2048 (68.4%)  e_src: 6.011e+00 | e_L: 6.010e+00 | e_R: 6.010e+00 | e_tgt: 3.800e-03
Lang_L4.self_attn.q_proj  Base->Stage2    | Spec: 6.7e-05 | Baseline_RelErr: 2.8e-03 | InnerRel: 6.7e-05 | AmbRel: 6.7e-05
    Baseline MSE: 6.9e-09 | Inner MSE: 3.8e-12 | Ambient MSE: 3.8e-12 | Drift Ratio: 1.00
    r_eff=1400/2048 (68.4%)  e_src: 6.011e+00 | e_L: 6.010e+00 | e_R: 6.010e+00 | e_tgt: 4.014e-03
Processing Lang_L4.self_attn.k_proj...
Lang_L4.self_attn.k_proj  Base->Stage1    | Spec: 1.9e-05 | Baseline_RelErr: 7.2e-04 | InnerRel: 6.6e-04 | AmbRel: 1.9e-05
    Baseline MSE: 6.5e-10 | Inner MSE: 5.4e-10 | Ambient MSE: 4.5e-13 | Drift Ratio: 1211.58
    r_eff=224/256 (87.5%)  e_src: 2.558e+00 | e_L: 2.558e+00 | e_R: 2.558e+00 | e_tgt: 4.854e-04
Lang_L4.self_attn.k_proj  Stage1->Stage2  | Spec: 6.9e-05 | Baseline_RelErr: 2.2e-03 | InnerRel: 2.0e-03 | AmbRel: 6.9e-05
    Baseline MSE: 6.3e-09 | Inner MSE: 5.2e-09 | Ambient MSE: 5.9e-12 | Drift Ratio: 867.92
    r_eff=224/256 (87.5%)  e_src: 2.558e+00 | e_L: 2.558e+00 | e_R: 2.558e+00 | e_tgt: 1.765e-03
Lang_L4.self_attn.k_proj  Base->Stage2    | Spec: 7.3e-05 | Baseline_RelErr: 2.3e-03 | InnerRel: 2.1e-03 | AmbRel: 7.3e-05
    Baseline MSE: 6.7e-09 | Inner MSE: 5.4e-09 | Ambient MSE: 6.7e-12 | Drift Ratio: 812.46
    r_eff=224/256 (87.5%)  e_src: 2.558e+00 | e_L: 2.558e+00 | e_R: 2.558e+00 | e_tgt: 1.871e-03
Processing Lang_L4.self_attn.v_proj...
Lang_L4.self_attn.v_proj  Base->Stage1    | Spec: 3.0e-05 | Baseline_RelErr: 1.3e-03 | InnerRel: 1.2e-03 | AmbRel: 3.0e-05
    Baseline MSE: 7.9e-10 | Inner MSE: 6.6e-10 | Ambient MSE: 4.4e-13 | Drift Ratio: 1510.04
    r_eff=248/256 (96.9%)  e_src: 1.536e+00 | e_L: 1.536e+00 | e_R: 1.536e+00 | e_tgt: 4.799e-04
Lang_L4.self_attn.v_proj  Stage1->Stage2  | Spec: 9.3e-05 | Baseline_RelErr: 3.5e-03 | InnerRel: 3.2e-03 | AmbRel: 9.3e-05
    Baseline MSE: 6.0e-09 | Inner MSE: 5.0e-09 | Ambient MSE: 4.3e-12 | Drift Ratio: 1175.39
    r_eff=248/256 (96.9%)  e_src: 1.537e+00 | e_L: 1.536e+00 | e_R: 1.537e+00 | e_tgt: 1.494e-03
Lang_L4.self_attn.v_proj  Base->Stage2    | Spec: 9.5e-05 | Baseline_RelErr: 3.7e-03 | InnerRel: 3.3e-03 | AmbRel: 9.5e-05
    Baseline MSE: 6.6e-09 | Inner MSE: 5.4e-09 | Ambient MSE: 4.4e-12 | Drift Ratio: 1221.26
    r_eff=248/256 (96.9%)  e_src: 1.537e+00 | e_L: 1.536e+00 | e_R: 1.537e+00 | e_tgt: 1.526e-03
Processing Lang_L4.self_attn.o_proj...
Lang_L4.self_attn.o_proj  Base->Stage1    | Spec: 2.7e-05 | Baseline_RelErr: 1.2e-03 | InnerRel: 2.7e-05 | AmbRel: 2.7e-05
    Baseline MSE: 8.5e-10 | Inner MSE: 4.0e-13 | Ambient MSE: 4.0e-13 | Drift Ratio: 1.00
    r_eff=1484/2048 (72.5%)  e_src: 4.874e+00 | e_L: 4.874e+00 | e_R: 4.874e+00 | e_tgt: 1.302e-03
Lang_L4.self_attn.o_proj  Stage1->Stage2  | Spec: 7.5e-05 | Baseline_RelErr: 3.3e-03 | InnerRel: 7.5e-05 | AmbRel: 7.5e-05
    Baseline MSE: 6.2e-09 | Inner MSE: 3.2e-12 | Ambient MSE: 3.2e-12 | Drift Ratio: 1.00
    r_eff=1484/2048 (72.5%)  e_src: 4.875e+00 | e_L: 4.875e+00 | e_R: 4.875e+00 | e_tgt: 3.646e-03
Lang_L4.self_attn.o_proj  Base->Stage2    | Spec: 7.8e-05 | Baseline_RelErr: 3.4e-03 | InnerRel: 7.8e-05 | AmbRel: 7.8e-05
    Baseline MSE: 6.7e-09 | Inner MSE: 3.5e-12 | Ambient MSE: 3.5e-12 | Drift Ratio: 1.00
    r_eff=1484/2048 (72.5%)  e_src: 4.875e+00 | e_L: 4.875e+00 | e_R: 4.875e+00 | e_tgt: 3.807e-03
Processing Lang_L4.mlp.gate_proj...
Lang_L4.mlp.gate_proj  Base->Stage1    | Spec: 1.8e-05 | Baseline_RelErr: 1.1e-03 | InnerRel: 8.4e-04 | AmbRel: 1.8e-05
    Baseline MSE: 4.9e-10 | Inner MSE: 2.7e-10 | Ambient MSE: 1.2e-13 | Drift Ratio: 2289.31
    r_eff=1877/2048 (91.7%)  e_src: 9.218e+00 | e_L: 9.218e+00 | e_R: 9.218e+00 | e_tgt: 1.625e-03
Lang_L4.mlp.gate_proj  Stage1->Stage2  | Spec: 5.3e-05 | Baseline_RelErr: 3.2e-03 | InnerRel: 2.4e-03 | AmbRel: 5.3e-05
    Baseline MSE: 3.9e-09 | Inner MSE: 2.2e-09 | Ambient MSE: 1.1e-12 | Drift Ratio: 2063.72
    r_eff=1877/2048 (91.7%)  e_src: 9.221e+00 | e_L: 9.221e+00 | e_R: 9.218e+00 | e_tgt: 4.890e-03
Lang_L4.mlp.gate_proj  Base->Stage2    | Spec: 5.4e-05 | Baseline_RelErr: 3.3e-03 | InnerRel: 2.5e-03 | AmbRel: 5.4e-05
    Baseline MSE: 4.2e-09 | Inner MSE: 2.3e-09 | Ambient MSE: 1.1e-12 | Drift Ratio: 2138.10
    r_eff=1877/2048 (91.7%)  e_src: 9.221e+00 | e_L: 9.221e+00 | e_R: 9.218e+00 | e_tgt: 4.959e-03
Processing Lang_L4.mlp.up_proj...
Lang_L4.mlp.up_proj  Base->Stage1    | Spec: 2.0e-05 | Baseline_RelErr: 1.1e-03 | InnerRel: 8.6e-04 | AmbRel: 2.0e-05
    Baseline MSE: 4.7e-10 | Inner MSE: 2.6e-10 | Ambient MSE: 1.4e-13 | Drift Ratio: 1837.50
    r_eff=1873/2048 (91.5%)  e_src: 8.974e+00 | e_L: 8.974e+00 | e_R: 8.974e+00 | e_tgt: 1.798e-03
Lang_L4.mlp.up_proj  Stage1->Stage2  | Spec: 6.3e-05 | Baseline_RelErr: 3.2e-03 | InnerRel: 2.3e-03 | AmbRel: 6.3e-05
    Baseline MSE: 3.6e-09 | Inner MSE: 2.0e-09 | Ambient MSE: 1.4e-12 | Drift Ratio: 1367.62
    r_eff=1873/2048 (91.5%)  e_src: 8.977e+00 | e_L: 8.977e+00 | e_R: 8.974e+00 | e_tgt: 5.691e-03
Lang_L4.mlp.up_proj  Base->Stage2    | Spec: 7.2e-05 | Baseline_RelErr: 3.3e-03 | InnerRel: 2.4e-03 | AmbRel: 7.2e-05
    Baseline MSE: 3.9e-09 | Inner MSE: 2.1e-09 | Ambient MSE: 1.9e-12 | Drift Ratio: 1122.51
    r_eff=1873/2048 (91.5%)  e_src: 8.977e+00 | e_L: 8.977e+00 | e_R: 8.974e+00 | e_tgt: 6.480e-03
Processing Lang_L4.mlp.down_proj...
Lang_L4.mlp.down_proj  Base->Stage1    | Spec: 2.3e-05 | Baseline_RelErr: 1.3e-03 | InnerRel: 9.1e-04 | AmbRel: 2.3e-05
    Baseline MSE: 5.9e-10 | Inner MSE: 2.9e-10 | Ambient MSE: 1.8e-13 | Drift Ratio: 1583.73
    r_eff=1908/2048 (93.2%)  e_src: 8.846e+00 | e_L: 8.846e+00 | e_R: 8.846e+00 | e_tgt: 2.018e-03
Lang_L4.mlp.down_proj  Stage1->Stage2  | Spec: 4.8e-05 | Baseline_RelErr: 3.3e-03 | InnerRel: 2.4e-03 | AmbRel: 4.8e-05
    Baseline MSE: 3.9e-09 | Inner MSE: 2.0e-09 | Ambient MSE: 8.1e-13 | Drift Ratio: 2448.45
    r_eff=1908/2048 (93.2%)  e_src: 8.848e+00 | e_L: 8.846e+00 | e_R: 8.848e+00 | e_tgt: 4.283e-03
Lang_L4.mlp.down_proj  Base->Stage2    | Spec: 5.0e-05 | Baseline_RelErr: 3.5e-03 | InnerRel: 2.5e-03 | AmbRel: 5.0e-05
    Baseline MSE: 4.2e-09 | Inner MSE: 2.1e-09 | Ambient MSE: 8.7e-13 | Drift Ratio: 2430.35
    r_eff=1908/2048 (93.2%)  e_src: 8.849e+00 | e_L: 8.846e+00 | e_R: 8.848e+00 | e_tgt: 4.438e-03
Processing Lang_L5.self_attn.q_proj...
Lang_L5.self_attn.q_proj  Base->Stage1    | Spec: 2.3e-05 | Baseline_RelErr: 1.0e-03 | InnerRel: 2.3e-05 | AmbRel: 2.3e-05
    Baseline MSE: 9.0e-10 | Inner MSE: 4.3e-13 | Ambient MSE: 4.3e-13 | Drift Ratio: 1.00
    r_eff=1325/2048 (64.7%)  e_src: 5.886e+00 | e_L: 5.886e+00 | e_R: 5.886e+00 | e_tgt: 1.350e-03
Lang_L5.self_attn.q_proj  Stage1->Stage2  | Spec: 6.8e-05 | Baseline_RelErr: 2.9e-03 | InnerRel: 6.8e-05 | AmbRel: 6.8e-05
    Baseline MSE: 7.2e-09 | Inner MSE: 3.8e-12 | Ambient MSE: 3.8e-12 | Drift Ratio: 1.00
    r_eff=1325/2048 (64.7%)  e_src: 5.887e+00 | e_L: 5.886e+00 | e_R: 5.886e+00 | e_tgt: 3.977e-03
Lang_L5.self_attn.q_proj  Base->Stage2    | Spec: 7.0e-05 | Baseline_RelErr: 3.0e-03 | InnerRel: 7.0e-05 | AmbRel: 7.0e-05
    Baseline MSE: 7.7e-09 | Inner MSE: 4.0e-12 | Ambient MSE: 4.0e-12 | Drift Ratio: 1.00
    r_eff=1325/2048 (64.7%)  e_src: 5.887e+00 | e_L: 5.886e+00 | e_R: 5.886e+00 | e_tgt: 4.112e-03
Processing Lang_L5.self_attn.k_proj...
Lang_L5.self_attn.k_proj  Base->Stage1    | Spec: 2.1e-05 | Baseline_RelErr: 8.1e-04 | InnerRel: 7.3e-04 | AmbRel: 2.1e-05
    Baseline MSE: 7.7e-10 | Inner MSE: 6.3e-10 | Ambient MSE: 5.4e-13 | Drift Ratio: 1171.81
    r_eff=215/256 (84.0%)  e_src: 2.452e+00 | e_L: 2.452e+00 | e_R: 2.452e+00 | e_tgt: 5.313e-04
Lang_L5.self_attn.k_proj  Stage1->Stage2  | Spec: 6.7e-05 | Baseline_RelErr: 2.4e-03 | InnerRel: 2.1e-03 | AmbRel: 6.7e-05
    Baseline MSE: 6.6e-09 | Inner MSE: 5.3e-09 | Ambient MSE: 5.3e-12 | Drift Ratio: 990.63
    r_eff=215/256 (84.0%)  e_src: 2.452e+00 | e_L: 2.452e+00 | e_R: 2.452e+00 | e_tgt: 1.671e-03
Lang_L5.self_attn.k_proj  Base->Stage2    | Spec: 7.3e-05 | Baseline_RelErr: 2.4e-03 | InnerRel: 2.2e-03 | AmbRel: 7.3e-05
    Baseline MSE: 7.0e-09 | Inner MSE: 5.6e-09 | Ambient MSE: 6.3e-12 | Drift Ratio: 889.01
    r_eff=215/256 (84.0%)  e_src: 2.452e+00 | e_L: 2.452e+00 | e_R: 2.452e+00 | e_tgt: 1.814e-03
Processing Lang_L5.self_attn.v_proj...
Lang_L5.self_attn.v_proj  Base->Stage1    | Spec: 2.9e-05 | Baseline_RelErr: 1.1e-03 | InnerRel: 1.0e-03 | AmbRel: 2.9e-05
    Baseline MSE: 7.2e-10 | Inner MSE: 6.1e-10 | Ambient MSE: 4.7e-13 | Drift Ratio: 1294.58
    r_eff=247/256 (96.5%)  e_src: 1.652e+00 | e_L: 1.652e+00 | e_R: 1.652e+00 | e_tgt: 4.957e-04
Lang_L5.self_attn.v_proj  Stage1->Stage2  | Spec: 7.9e-05 | Baseline_RelErr: 3.2e-03 | InnerRel: 2.9e-03 | AmbRel: 7.9e-05
    Baseline MSE: 5.8e-09 | Inner MSE: 4.8e-09 | Ambient MSE: 3.6e-12 | Drift Ratio: 1345.32
    r_eff=247/256 (96.5%)  e_src: 1.653e+00 | e_L: 1.652e+00 | e_R: 1.653e+00 | e_tgt: 1.370e-03
Lang_L5.self_attn.v_proj  Base->Stage2    | Spec: 8.4e-05 | Baseline_RelErr: 3.3e-03 | InnerRel: 3.0e-03 | AmbRel: 8.4e-05
    Baseline MSE: 6.3e-09 | Inner MSE: 5.1e-09 | Ambient MSE: 4.1e-12 | Drift Ratio: 1265.53
    r_eff=247/256 (96.5%)  e_src: 1.653e+00 | e_L: 1.652e+00 | e_R: 1.653e+00 | e_tgt: 1.459e-03
Processing Lang_L5.self_attn.o_proj...
Lang_L5.self_attn.o_proj  Base->Stage1    | Spec: 2.8e-05 | Baseline_RelErr: 1.3e-03 | InnerRel: 2.8e-05 | AmbRel: 2.8e-05
    Baseline MSE: 8.5e-10 | Inner MSE: 4.2e-13 | Ambient MSE: 4.2e-13 | Drift Ratio: 1.00
    r_eff=1439/2048 (70.3%)  e_src: 4.714e+00 | e_L: 4.713e+00 | e_R: 4.713e+00 | e_tgt: 1.324e-03
Lang_L5.self_attn.o_proj  Stage1->Stage2  | Spec: 7.6e-05 | Baseline_RelErr: 3.4e-03 | InnerRel: 7.6e-05 | AmbRel: 7.6e-05
    Baseline MSE: 6.2e-09 | Inner MSE: 3.0e-12 | Ambient MSE: 3.0e-12 | Drift Ratio: 1.00
    r_eff=1439/2048 (70.3%)  e_src: 4.715e+00 | e_L: 4.714e+00 | e_R: 4.714e+00 | e_tgt: 3.577e-03
Lang_L5.self_attn.o_proj  Base->Stage2    | Spec: 7.9e-05 | Baseline_RelErr: 3.5e-03 | InnerRel: 7.9e-05 | AmbRel: 7.9e-05
    Baseline MSE: 6.7e-09 | Inner MSE: 3.3e-12 | Ambient MSE: 3.3e-12 | Drift Ratio: 1.00
    r_eff=1439/2048 (70.3%)  e_src: 4.715e+00 | e_L: 4.714e+00 | e_R: 4.714e+00 | e_tgt: 3.728e-03
Processing Lang_L5.mlp.gate_proj...
Lang_L5.mlp.gate_proj  Base->Stage1    | Spec: 1.2e-05 | Baseline_RelErr: 1.0e-03 | InnerRel: 8.6e-04 | AmbRel: 1.2e-05
    Baseline MSE: 6.2e-10 | Inner MSE: 4.6e-10 | Ambient MSE: 9.3e-14 | Drift Ratio: 4904.10
    r_eff=1930/2048 (94.2%)  e_src: 1.175e+01 | e_L: 1.175e+01 | e_R: 1.175e+01 | e_tgt: 1.448e-03
Lang_L5.mlp.gate_proj  Stage1->Stage2  | Spec: 3.8e-05 | Baseline_RelErr: 3.0e-03 | InnerRel: 2.6e-03 | AmbRel: 3.8e-05
    Baseline MSE: 5.4e-09 | Inner MSE: 4.0e-09 | Ambient MSE: 8.7e-13 | Drift Ratio: 4575.28
    r_eff=1930/2048 (94.2%)  e_src: 1.176e+01 | e_L: 1.176e+01 | e_R: 1.175e+01 | e_tgt: 4.437e-03
Lang_L5.mlp.gate_proj  Base->Stage2    | Spec: 4.1e-05 | Baseline_RelErr: 3.1e-03 | InnerRel: 2.6e-03 | AmbRel: 4.1e-05
    Baseline MSE: 5.8e-09 | Inner MSE: 4.2e-09 | Ambient MSE: 1.0e-12 | Drift Ratio: 4049.20
    r_eff=1930/2048 (94.2%)  e_src: 1.176e+01 | e_L: 1.176e+01 | e_R: 1.175e+01 | e_tgt: 4.863e-03
Processing Lang_L5.mlp.up_proj...
Lang_L5.mlp.up_proj  Base->Stage1    | Spec: 1.2e-05 | Baseline_RelErr: 1.0e-03 | InnerRel: 8.9e-04 | AmbRel: 1.2e-05
    Baseline MSE: 6.2e-10 | Inner MSE: 4.6e-10 | Ambient MSE: 8.0e-14 | Drift Ratio: 5726.50
    r_eff=1931/2048 (94.3%)  e_src: 1.142e+01 | e_L: 1.142e+01 | e_R: 1.142e+01 | e_tgt: 1.345e-03
Lang_L5.mlp.up_proj  Stage1->Stage2  | Spec: 3.6e-05 | Baseline_RelErr: 2.9e-03 | InnerRel: 2.5e-03 | AmbRel: 3.6e-05
    Baseline MSE: 4.9e-09 | Inner MSE: 3.6e-09 | Ambient MSE: 7.4e-13 | Drift Ratio: 4860.67
    r_eff=1931/2048 (94.3%)  e_src: 1.142e+01 | e_L: 1.142e+01 | e_R: 1.142e+01 | e_tgt: 4.097e-03
Lang_L5.mlp.up_proj  Base->Stage2    | Spec: 3.8e-05 | Baseline_RelErr: 3.0e-03 | InnerRel: 2.6e-03 | AmbRel: 3.8e-05
    Baseline MSE: 5.3e-09 | Inner MSE: 3.9e-09 | Ambient MSE: 8.2e-13 | Drift Ratio: 4715.27
    r_eff=1931/2048 (94.3%)  e_src: 1.142e+01 | e_L: 1.142e+01 | e_R: 1.142e+01 | e_tgt: 4.299e-03
Processing Lang_L5.mlp.down_proj...
Lang_L5.mlp.down_proj  Base->Stage1    | Spec: 1.5e-05 | Baseline_RelErr: 1.1e-03 | InnerRel: 9.4e-04 | AmbRel: 1.5e-05
    Baseline MSE: 6.9e-10 | Inner MSE: 4.9e-10 | Ambient MSE: 1.2e-13 | Drift Ratio: 4044.99
    r_eff=1964/2048 (95.9%)  e_src: 1.117e+01 | e_L: 1.117e+01 | e_R: 1.117e+01 | e_tgt: 1.652e-03
Lang_L5.mlp.down_proj  Stage1->Stage2  | Spec: 3.6e-05 | Baseline_RelErr: 3.1e-03 | InnerRel: 2.6e-03 | AmbRel: 3.6e-05
    Baseline MSE: 5.2e-09 | Inner MSE: 3.7e-09 | Ambient MSE: 7.1e-13 | Drift Ratio: 5168.12
    r_eff=1964/2048 (95.9%)  e_src: 1.118e+01 | e_L: 1.117e+01 | e_R: 1.118e+01 | e_tgt: 4.013e-03
Lang_L5.mlp.down_proj  Base->Stage2    | Spec: 3.7e-05 | Baseline_RelErr: 3.2e-03 | InnerRel: 2.7e-03 | AmbRel: 3.7e-05
    Baseline MSE: 5.6e-09 | Inner MSE: 3.9e-09 | Ambient MSE: 7.7e-13 | Drift Ratio: 5133.69
    r_eff=1964/2048 (95.9%)  e_src: 1.118e+01 | e_L: 1.117e+01 | e_R: 1.118e+01 | e_tgt: 4.162e-03
Processing Lang_L6.self_attn.q_proj...
Lang_L6.self_attn.q_proj  Base->Stage1    | Spec: 2.3e-05 | Baseline_RelErr: 1.0e-03 | InnerRel: 2.3e-05 | AmbRel: 2.3e-05
    Baseline MSE: 8.7e-10 | Inner MSE: 4.3e-13 | Ambient MSE: 4.3e-13 | Drift Ratio: 1.00
    r_eff=1424/2048 (69.5%)  e_src: 5.926e+00 | e_L: 5.925e+00 | e_R: 5.925e+00 | e_tgt: 1.336e-03
Lang_L6.self_attn.q_proj  Stage1->Stage2  | Spec: 6.4e-05 | Baseline_RelErr: 2.9e-03 | InnerRel: 6.4e-05 | AmbRel: 6.4e-05
    Baseline MSE: 7.0e-09 | Inner MSE: 3.5e-12 | Ambient MSE: 3.5e-12 | Drift Ratio: 1.00
    r_eff=1424/2048 (69.5%)  e_src: 5.926e+00 | e_L: 5.926e+00 | e_R: 5.926e+00 | e_tgt: 3.813e-03
Lang_L6.self_attn.q_proj  Base->Stage2    | Spec: 6.6e-05 | Baseline_RelErr: 3.0e-03 | InnerRel: 6.6e-05 | AmbRel: 6.6e-05
    Baseline MSE: 7.5e-09 | Inner MSE: 3.7e-12 | Ambient MSE: 3.7e-12 | Drift Ratio: 1.00
    r_eff=1424/2048 (69.5%)  e_src: 5.926e+00 | e_L: 5.926e+00 | e_R: 5.926e+00 | e_tgt: 3.926e-03
Processing Lang_L6.self_attn.k_proj...
Lang_L6.self_attn.k_proj  Base->Stage1    | Spec: 2.0e-05 | Baseline_RelErr: 8.3e-04 | InnerRel: 7.6e-04 | AmbRel: 2.0e-05
    Baseline MSE: 7.7e-10 | Inner MSE: 6.4e-10 | Ambient MSE: 4.5e-13 | Drift Ratio: 1417.09
    r_eff=229/256 (89.5%)  e_src: 2.397e+00 | e_L: 2.397e+00 | e_R: 2.397e+00 | e_tgt: 4.871e-04
Lang_L6.self_attn.k_proj  Stage1->Stage2  | Spec: 6.3e-05 | Baseline_RelErr: 2.4e-03 | InnerRel: 2.2e-03 | AmbRel: 6.3e-05
    Baseline MSE: 6.6e-09 | Inner MSE: 5.4e-09 | Ambient MSE: 4.4e-12 | Drift Ratio: 1227.69
    r_eff=229/256 (89.5%)  e_src: 2.397e+00 | e_L: 2.397e+00 | e_R: 2.397e+00 | e_tgt: 1.521e-03
Lang_L6.self_attn.k_proj  Base->Stage2    | Spec: 6.6e-05 | Baseline_RelErr: 2.5e-03 | InnerRel: 2.3e-03 | AmbRel: 6.6e-05
    Baseline MSE: 7.0e-09 | Inner MSE: 5.7e-09 | Ambient MSE: 4.9e-12 | Drift Ratio: 1160.67
    r_eff=229/256 (89.5%)  e_src: 2.397e+00 | e_L: 2.397e+00 | e_R: 2.397e+00 | e_tgt: 1.608e-03
Processing Lang_L6.self_attn.v_proj...
Lang_L6.self_attn.v_proj  Base->Stage1    | Spec: 3.1e-05 | Baseline_RelErr: 1.3e-03 | InnerRel: 1.2e-03 | AmbRel: 3.1e-05
    Baseline MSE: 8.5e-10 | Inner MSE: 7.2e-10 | Ambient MSE: 5.0e-13 | Drift Ratio: 1425.07
    r_eff=250/256 (97.7%)  e_src: 1.592e+00 | e_L: 1.592e+00 | e_R: 1.592e+00 | e_tgt: 5.131e-04
Lang_L6.self_attn.v_proj  Stage1->Stage2  | Spec: 8.5e-05 | Baseline_RelErr: 3.4e-03 | InnerRel: 3.1e-03 | AmbRel: 8.5e-05
    Baseline MSE: 6.0e-09 | Inner MSE: 5.1e-09 | Ambient MSE: 3.8e-12 | Drift Ratio: 1318.94
    r_eff=250/256 (97.7%)  e_src: 1.592e+00 | e_L: 1.592e+00 | e_R: 1.592e+00 | e_tgt: 1.420e-03
Lang_L6.self_attn.v_proj  Base->Stage2    | Spec: 8.9e-05 | Baseline_RelErr: 3.5e-03 | InnerRel: 3.2e-03 | AmbRel: 8.9e-05
    Baseline MSE: 6.6e-09 | Inner MSE: 5.5e-09 | Ambient MSE: 4.3e-12 | Drift Ratio: 1289.29
    r_eff=250/256 (97.7%)  e_src: 1.592e+00 | e_L: 1.592e+00 | e_R: 1.592e+00 | e_tgt: 1.494e-03
Processing Lang_L6.self_attn.o_proj...
Lang_L6.self_attn.o_proj  Base->Stage1    | Spec: 2.6e-05 | Baseline_RelErr: 1.2e-03 | InnerRel: 2.6e-05 | AmbRel: 2.6e-05
    Baseline MSE: 8.8e-10 | Inner MSE: 4.3e-13 | Ambient MSE: 4.3e-13 | Drift Ratio: 1.00
    r_eff=1508/2048 (73.6%)  e_src: 5.121e+00 | e_L: 5.121e+00 | e_R: 5.121e+00 | e_tgt: 1.343e-03
Lang_L6.self_attn.o_proj  Stage1->Stage2  | Spec: 7.2e-05 | Baseline_RelErr: 3.2e-03 | InnerRel: 7.2e-05 | AmbRel: 7.2e-05
    Baseline MSE: 6.5e-09 | Inner MSE: 3.2e-12 | Ambient MSE: 3.2e-12 | Drift Ratio: 1.00
    r_eff=1508/2048 (73.6%)  e_src: 5.122e+00 | e_L: 5.121e+00 | e_R: 5.121e+00 | e_tgt: 3.691e-03
Lang_L6.self_attn.o_proj  Base->Stage2    | Spec: 7.6e-05 | Baseline_RelErr: 3.3e-03 | InnerRel: 7.6e-05 | AmbRel: 7.6e-05
    Baseline MSE: 7.0e-09 | Inner MSE: 3.7e-12 | Ambient MSE: 3.7e-12 | Drift Ratio: 1.00
    r_eff=1508/2048 (73.6%)  e_src: 5.122e+00 | e_L: 5.121e+00 | e_R: 5.121e+00 | e_tgt: 3.915e-03
Processing Lang_L6.mlp.gate_proj...
Lang_L6.mlp.gate_proj  Base->Stage1    | Spec: 1.1e-05 | Baseline_RelErr: 1.1e-03 | InnerRel: 9.0e-04 | AmbRel: 1.1e-05
    Baseline MSE: 7.8e-10 | Inner MSE: 5.6e-10 | Ambient MSE: 9.2e-14 | Drift Ratio: 6093.79
    r_eff=1943/2048 (94.9%)  e_src: 1.253e+01 | e_L: 1.253e+01 | e_R: 1.253e+01 | e_tgt: 1.444e-03
Lang_L6.mlp.gate_proj  Stage1->Stage2  | Spec: 4.2e-05 | Baseline_RelErr: 3.0e-03 | InnerRel: 2.6e-03 | AmbRel: 4.2e-05
    Baseline MSE: 6.2e-09 | Inner MSE: 4.7e-09 | Ambient MSE: 1.2e-12 | Drift Ratio: 3870.72
    r_eff=1943/2048 (94.9%)  e_src: 1.253e+01 | e_L: 1.253e+01 | e_R: 1.253e+01 | e_tgt: 5.235e-03
Lang_L6.mlp.gate_proj  Base->Stage2    | Spec: 4.1e-05 | Baseline_RelErr: 3.1e-03 | InnerRel: 2.7e-03 | AmbRel: 4.1e-05
    Baseline MSE: 6.7e-09 | Inner MSE: 5.0e-09 | Ambient MSE: 1.2e-12 | Drift Ratio: 4176.35
    r_eff=1943/2048 (94.9%)  e_src: 1.253e+01 | e_L: 1.253e+01 | e_R: 1.253e+01 | e_tgt: 5.198e-03
Processing Lang_L6.mlp.up_proj...
Lang_L6.mlp.up_proj  Base->Stage1    | Spec: 1.2e-05 | Baseline_RelErr: 1.1e-03 | InnerRel: 9.2e-04 | AmbRel: 1.2e-05
    Baseline MSE: 7.3e-10 | Inner MSE: 5.5e-10 | Ambient MSE: 9.0e-14 | Drift Ratio: 6077.95
    r_eff=1945/2048 (95.0%)  e_src: 1.206e+01 | e_L: 1.206e+01 | e_R: 1.206e+01 | e_tgt: 1.426e-03
Lang_L6.mlp.up_proj  Stage1->Stage2  | Spec: 3.2e-05 | Baseline_RelErr: 2.9e-03 | InnerRel: 2.5e-03 | AmbRel: 3.2e-05
    Baseline MSE: 5.5e-09 | Inner MSE: 4.2e-09 | Ambient MSE: 6.8e-13 | Drift Ratio: 6106.27
    r_eff=1945/2048 (95.0%)  e_src: 1.206e+01 | e_L: 1.206e+01 | e_R: 1.206e+01 | e_tgt: 3.923e-03
Lang_L6.mlp.up_proj  Base->Stage2    | Spec: 3.4e-05 | Baseline_RelErr: 3.0e-03 | InnerRel: 2.6e-03 | AmbRel: 3.4e-05
    Baseline MSE: 5.9e-09 | Inner MSE: 4.5e-09 | Ambient MSE: 7.4e-13 | Drift Ratio: 6052.73
    r_eff=1945/2048 (95.0%)  e_src: 1.206e+01 | e_L: 1.206e+01 | e_R: 1.206e+01 | e_tgt: 4.074e-03
Processing Lang_L6.mlp.down_proj...
Lang_L6.mlp.down_proj  Base->Stage1    | Spec: 1.6e-05 | Baseline_RelErr: 1.1e-03 | InnerRel: 9.5e-04 | AmbRel: 1.6e-05
    Baseline MSE: 7.9e-10 | Inner MSE: 5.7e-10 | Ambient MSE: 1.6e-13 | Drift Ratio: 3560.78
    r_eff=1966/2048 (96.0%)  e_src: 1.190e+01 | e_L: 1.190e+01 | e_R: 1.190e+01 | e_tgt: 1.905e-03
Lang_L6.mlp.down_proj  Stage1->Stage2  | Spec: 4.3e-05 | Baseline_RelErr: 3.0e-03 | InnerRel: 2.6e-03 | AmbRel: 4.3e-05
    Baseline MSE: 5.8e-09 | Inner MSE: 4.3e-09 | Ambient MSE: 1.2e-12 | Drift Ratio: 3736.01
    r_eff=1966/2048 (96.0%)  e_src: 1.191e+01 | e_L: 1.190e+01 | e_R: 1.191e+01 | e_tgt: 5.096e-03
Lang_L6.mlp.down_proj  Base->Stage2    | Spec: 3.7e-05 | Baseline_RelErr: 3.1e-03 | InnerRel: 2.7e-03 | AmbRel: 3.7e-05
    Baseline MSE: 6.2e-09 | Inner MSE: 4.6e-09 | Ambient MSE: 8.8e-13 | Drift Ratio: 5215.56
    r_eff=1966/2048 (96.0%)  e_src: 1.191e+01 | e_L: 1.190e+01 | e_R: 1.191e+01 | e_tgt: 4.461e-03
Processing Lang_L7.self_attn.q_proj...
Lang_L7.self_attn.q_proj  Base->Stage1    | Spec: 2.4e-05 | Baseline_RelErr: 1.0e-03 | InnerRel: 2.4e-05 | AmbRel: 2.4e-05
    Baseline MSE: 8.0e-10 | Inner MSE: 4.2e-13 | Ambient MSE: 4.2e-13 | Drift Ratio: 1.00
    r_eff=1450/2048 (70.8%)  e_src: 5.607e+00 | e_L: 5.607e+00 | e_R: 5.607e+00 | e_tgt: 1.322e-03
Lang_L7.self_attn.q_proj  Stage1->Stage2  | Spec: 6.7e-05 | Baseline_RelErr: 3.0e-03 | InnerRel: 6.7e-05 | AmbRel: 6.7e-05
    Baseline MSE: 6.8e-09 | Inner MSE: 3.3e-12 | Ambient MSE: 3.3e-12 | Drift Ratio: 1.00
    r_eff=1450/2048 (70.8%)  e_src: 5.608e+00 | e_L: 5.607e+00 | e_R: 5.607e+00 | e_tgt: 3.743e-03
Lang_L7.self_attn.q_proj  Base->Stage2    | Spec: 6.9e-05 | Baseline_RelErr: 3.1e-03 | InnerRel: 6.9e-05 | AmbRel: 6.9e-05
    Baseline MSE: 7.3e-09 | Inner MSE: 3.6e-12 | Ambient MSE: 3.6e-12 | Drift Ratio: 1.00
    r_eff=1450/2048 (70.8%)  e_src: 5.608e+00 | e_L: 5.607e+00 | e_R: 5.607e+00 | e_tgt: 3.887e-03
Processing Lang_L7.self_attn.k_proj...
Lang_L7.self_attn.k_proj  Base->Stage1    | Spec: 2.6e-05 | Baseline_RelErr: 9.3e-04 | InnerRel: 8.5e-04 | AmbRel: 2.6e-05
    Baseline MSE: 7.4e-10 | Inner MSE: 6.2e-10 | Ambient MSE: 5.6e-13 | Drift Ratio: 1099.42
    r_eff=236/256 (92.2%)  e_src: 2.046e+00 | e_L: 2.046e+00 | e_R: 2.046e+00 | e_tgt: 5.442e-04
Lang_L7.self_attn.k_proj  Stage1->Stage2  | Spec: 6.7e-05 | Baseline_RelErr: 2.7e-03 | InnerRel: 2.5e-03 | AmbRel: 6.7e-05
    Baseline MSE: 6.3e-09 | Inner MSE: 5.3e-09 | Ambient MSE: 3.8e-12 | Drift Ratio: 1382.66
    r_eff=236/256 (92.2%)  e_src: 2.047e+00 | e_L: 2.046e+00 | e_R: 2.047e+00 | e_tgt: 1.415e-03
Lang_L7.self_attn.k_proj  Base->Stage2    | Spec: 7.1e-05 | Baseline_RelErr: 2.8e-03 | InnerRel: 2.6e-03 | AmbRel: 7.1e-05
    Baseline MSE: 6.8e-09 | Inner MSE: 5.6e-09 | Ambient MSE: 4.3e-12 | Drift Ratio: 1297.48
    r_eff=236/256 (92.2%)  e_src: 2.047e+00 | e_L: 2.046e+00 | e_R: 2.047e+00 | e_tgt: 1.507e-03
Processing Lang_L7.self_attn.v_proj...
Lang_L7.self_attn.v_proj  Base->Stage1    | Spec: 2.5e-05 | Baseline_RelErr: 1.1e-03 | InnerRel: 1.0e-03 | AmbRel: 2.5e-05
    Baseline MSE: 7.1e-10 | Inner MSE: 6.1e-10 | Ambient MSE: 3.8e-13 | Drift Ratio: 1589.77
    r_eff=247/256 (96.5%)  e_src: 1.742e+00 | e_L: 1.742e+00 | e_R: 1.742e+00 | e_tgt: 4.471e-04
Lang_L7.self_attn.v_proj  Stage1->Stage2  | Spec: 7.4e-05 | Baseline_RelErr: 3.0e-03 | InnerRel: 2.8e-03 | AmbRel: 7.4e-05
    Baseline MSE: 5.5e-09 | Inner MSE: 4.7e-09 | Ambient MSE: 3.4e-12 | Drift Ratio: 1400.74
    r_eff=247/256 (96.5%)  e_src: 1.743e+00 | e_L: 1.742e+00 | e_R: 1.743e+00 | e_tgt: 1.326e-03
Lang_L7.self_attn.v_proj  Base->Stage2    | Spec: 7.6e-05 | Baseline_RelErr: 3.1e-03 | InnerRel: 2.9e-03 | AmbRel: 7.6e-05
    Baseline MSE: 6.0e-09 | Inner MSE: 5.0e-09 | Ambient MSE: 3.6e-12 | Drift Ratio: 1410.13
    r_eff=247/256 (96.5%)  e_src: 1.743e+00 | e_L: 1.742e+00 | e_R: 1.743e+00 | e_tgt: 1.370e-03
Processing Lang_L7.self_attn.o_proj...
Lang_L7.self_attn.o_proj  Base->Stage1    | Spec: 2.5e-05 | Baseline_RelErr: 1.1e-03 | InnerRel: 2.5e-05 | AmbRel: 2.5e-05
    Baseline MSE: 8.0e-10 | Inner MSE: 3.9e-13 | Ambient MSE: 3.9e-13 | Drift Ratio: 1.00
    r_eff=1480/2048 (72.3%)  e_src: 5.064e+00 | e_L: 5.064e+00 | e_R: 5.064e+00 | e_tgt: 1.287e-03
Lang_L7.self_attn.o_proj  Stage1->Stage2  | Spec: 6.7e-05 | Baseline_RelErr: 3.1e-03 | InnerRel: 6.7e-05 | AmbRel: 6.7e-05
    Baseline MSE: 5.9e-09 | Inner MSE: 2.8e-12 | Ambient MSE: 2.8e-12 | Drift Ratio: 1.00
    r_eff=1480/2048 (72.3%)  e_src: 5.065e+00 | e_L: 5.065e+00 | e_R: 5.065e+00 | e_tgt: 3.396e-03
Lang_L7.self_attn.o_proj  Base->Stage2    | Spec: 7.0e-05 | Baseline_RelErr: 3.2e-03 | InnerRel: 7.0e-05 | AmbRel: 7.0e-05
    Baseline MSE: 6.4e-09 | Inner MSE: 3.0e-12 | Ambient MSE: 3.0e-12 | Drift Ratio: 1.00
    r_eff=1480/2048 (72.3%)  e_src: 5.065e+00 | e_L: 5.065e+00 | e_R: 5.065e+00 | e_tgt: 3.543e-03
Processing Lang_L7.mlp.gate_proj...
Lang_L7.mlp.gate_proj  Base->Stage1    | Spec: 1.1e-05 | Baseline_RelErr: 1.0e-03 | InnerRel: 9.0e-04 | AmbRel: 1.1e-05
    Baseline MSE: 7.5e-10 | Inner MSE: 5.7e-10 | Ambient MSE: 8.6e-14 | Drift Ratio: 6547.04
    r_eff=1946/2048 (95.0%)  e_src: 1.243e+01 | e_L: 1.243e+01 | e_R: 1.243e+01 | e_tgt: 1.396e-03
Lang_L7.mlp.gate_proj  Stage1->Stage2  | Spec: 3.5e-05 | Baseline_RelErr: 3.1e-03 | InnerRel: 2.7e-03 | AmbRel: 3.5e-05
    Baseline MSE: 6.5e-09 | Inner MSE: 4.9e-09 | Ambient MSE: 8.3e-13 | Drift Ratio: 5904.91
    r_eff=1946/2048 (95.0%)  e_src: 1.243e+01 | e_L: 1.243e+01 | e_R: 1.243e+01 | e_tgt: 4.327e-03
Lang_L7.mlp.gate_proj  Base->Stage2    | Spec: 3.7e-05 | Baseline_RelErr: 3.1e-03 | InnerRel: 2.7e-03 | AmbRel: 3.7e-05
    Baseline MSE: 6.9e-09 | Inner MSE: 5.2e-09 | Ambient MSE: 9.4e-13 | Drift Ratio: 5574.14
    r_eff=1946/2048 (95.0%)  e_src: 1.243e+01 | e_L: 1.243e+01 | e_R: 1.243e+01 | e_tgt: 4.591e-03
Processing Lang_L7.mlp.up_proj...
Lang_L7.mlp.up_proj  Base->Stage1    | Spec: 1.1e-05 | Baseline_RelErr: 1.1e-03 | InnerRel: 9.6e-04 | AmbRel: 1.1e-05
    Baseline MSE: 7.3e-10 | Inner MSE: 5.6e-10 | Ambient MSE: 8.0e-14 | Drift Ratio: 6976.66
    r_eff=1952/2048 (95.3%)  e_src: 1.167e+01 | e_L: 1.167e+01 | e_R: 1.167e+01 | e_tgt: 1.344e-03
Lang_L7.mlp.up_proj  Stage1->Stage2  | Spec: 3.4e-05 | Baseline_RelErr: 3.1e-03 | InnerRel: 2.7e-03 | AmbRel: 3.4e-05
    Baseline MSE: 5.8e-09 | Inner MSE: 4.3e-09 | Ambient MSE: 7.1e-13 | Drift Ratio: 6080.21
    r_eff=1952/2048 (95.3%)  e_src: 1.168e+01 | e_L: 1.168e+01 | e_R: 1.167e+01 | e_tgt: 4.009e-03
Lang_L7.mlp.up_proj  Base->Stage2    | Spec: 3.5e-05 | Baseline_RelErr: 3.2e-03 | InnerRel: 2.8e-03 | AmbRel: 3.5e-05
    Baseline MSE: 6.2e-09 | Inner MSE: 4.6e-09 | Ambient MSE: 7.5e-13 | Drift Ratio: 6192.39
    r_eff=1952/2048 (95.3%)  e_src: 1.168e+01 | e_L: 1.168e+01 | e_R: 1.167e+01 | e_tgt: 4.108e-03
Processing Lang_L7.mlp.down_proj...
Lang_L7.mlp.down_proj  Base->Stage1    | Spec: 1.2e-05 | Baseline_RelErr: 1.2e-03 | InnerRel: 9.9e-04 | AmbRel: 1.2e-05
    Baseline MSE: 8.1e-10 | Inner MSE: 5.9e-10 | Ambient MSE: 9.1e-14 | Drift Ratio: 6464.10
    r_eff=1965/2048 (95.9%)  e_src: 1.157e+01 | e_L: 1.157e+01 | e_R: 1.157e+01 | e_tgt: 1.433e-03
Lang_L7.mlp.down_proj  Stage1->Stage2  | Spec: 3.6e-05 | Baseline_RelErr: 3.2e-03 | InnerRel: 2.7e-03 | AmbRel: 3.6e-05
    Baseline MSE: 6.0e-09 | Inner MSE: 4.5e-09 | Ambient MSE: 7.7e-13 | Drift Ratio: 5788.18
    r_eff=1965/2048 (95.9%)  e_src: 1.158e+01 | e_L: 1.157e+01 | e_R: 1.158e+01 | e_tgt: 4.164e-03
Lang_L7.mlp.down_proj  Base->Stage2    | Spec: 3.8e-05 | Baseline_RelErr: 3.3e-03 | InnerRel: 2.8e-03 | AmbRel: 3.8e-05
    Baseline MSE: 6.5e-09 | Inner MSE: 4.8e-09 | Ambient MSE: 8.6e-13 | Drift Ratio: 5519.05
    r_eff=1965/2048 (95.9%)  e_src: 1.158e+01 | e_L: 1.157e+01 | e_R: 1.158e+01 | e_tgt: 4.408e-03
Processing Lang_L8.self_attn.q_proj...
Lang_L8.self_attn.q_proj  Base->Stage1    | Spec: 2.3e-05 | Baseline_RelErr: 1.1e-03 | InnerRel: 2.3e-05 | AmbRel: 2.3e-05
    Baseline MSE: 8.7e-10 | Inner MSE: 4.1e-13 | Ambient MSE: 4.1e-13 | Drift Ratio: 1.00
    r_eff=1478/2048 (72.2%)  e_src: 5.626e+00 | e_L: 5.626e+00 | e_R: 5.626e+00 | e_tgt: 1.319e-03
Lang_L8.self_attn.q_proj  Stage1->Stage2  | Spec: 6.7e-05 | Baseline_RelErr: 3.0e-03 | InnerRel: 6.7e-05 | AmbRel: 6.7e-05
    Baseline MSE: 7.0e-09 | Inner MSE: 3.4e-12 | Ambient MSE: 3.4e-12 | Drift Ratio: 1.00
    r_eff=1478/2048 (72.2%)  e_src: 5.627e+00 | e_L: 5.627e+00 | e_R: 5.627e+00 | e_tgt: 3.783e-03
Lang_L8.self_attn.q_proj  Base->Stage2    | Spec: 6.9e-05 | Baseline_RelErr: 3.1e-03 | InnerRel: 6.9e-05 | AmbRel: 6.9e-05
    Baseline MSE: 7.5e-09 | Inner MSE: 3.6e-12 | Ambient MSE: 3.6e-12 | Drift Ratio: 1.00
    r_eff=1478/2048 (72.2%)  e_src: 5.627e+00 | e_L: 5.627e+00 | e_R: 5.627e+00 | e_tgt: 3.905e-03
Processing Lang_L8.self_attn.k_proj...
Lang_L8.self_attn.k_proj  Base->Stage1    | Spec: 2.1e-05 | Baseline_RelErr: 8.7e-04 | InnerRel: 8.0e-04 | AmbRel: 2.1e-05
    Baseline MSE: 7.1e-10 | Inner MSE: 6.0e-10 | Ambient MSE: 4.1e-13 | Drift Ratio: 1486.78
    r_eff=235/256 (91.8%)  e_src: 2.166e+00 | e_L: 2.166e+00 | e_R: 2.166e+00 | e_tgt: 4.609e-04
Lang_L8.self_attn.k_proj  Stage1->Stage2  | Spec: 6.8e-05 | Baseline_RelErr: 2.6e-03 | InnerRel: 2.3e-03 | AmbRel: 6.8e-05
    Baseline MSE: 6.1e-09 | Inner MSE: 5.1e-09 | Ambient MSE: 4.3e-12 | Drift Ratio: 1178.68
    r_eff=235/256 (91.8%)  e_src: 2.166e+00 | e_L: 2.166e+00 | e_R: 2.166e+00 | e_tgt: 1.504e-03
Lang_L8.self_attn.k_proj  Base->Stage2    | Spec: 7.2e-05 | Baseline_RelErr: 2.6e-03 | InnerRel: 2.4e-03 | AmbRel: 7.2e-05
    Baseline MSE: 6.5e-09 | Inner MSE: 5.4e-09 | Ambient MSE: 4.9e-12 | Drift Ratio: 1100.33
    r_eff=235/256 (91.8%)  e_src: 2.166e+00 | e_L: 2.166e+00 | e_R: 2.166e+00 | e_tgt: 1.602e-03
Processing Lang_L8.self_attn.v_proj...
Lang_L8.self_attn.v_proj  Base->Stage1    | Spec: 2.3e-05 | Baseline_RelErr: 1.1e-03 | InnerRel: 9.8e-04 | AmbRel: 2.3e-05
    Baseline MSE: 7.1e-10 | Inner MSE: 6.1e-10 | Ambient MSE: 3.5e-13 | Drift Ratio: 1735.94
    r_eff=250/256 (97.7%)  e_src: 1.721e+00 | e_L: 1.721e+00 | e_R: 1.721e+00 | e_tgt: 4.280e-04
Lang_L8.self_attn.v_proj  Stage1->Stage2  | Spec: 7.2e-05 | Baseline_RelErr: 2.9e-03 | InnerRel: 2.7e-03 | AmbRel: 7.2e-05
    Baseline MSE: 5.5e-09 | Inner MSE: 4.6e-09 | Ambient MSE: 3.3e-12 | Drift Ratio: 1414.76
    r_eff=250/256 (97.7%)  e_src: 1.722e+00 | e_L: 1.721e+00 | e_R: 1.722e+00 | e_tgt: 1.307e-03
Lang_L8.self_attn.v_proj  Base->Stage2    | Spec: 7.7e-05 | Baseline_RelErr: 3.1e-03 | InnerRel: 2.8e-03 | AmbRel: 7.7e-05
    Baseline MSE: 5.9e-09 | Inner MSE: 5.0e-09 | Ambient MSE: 3.8e-12 | Drift Ratio: 1314.22
    r_eff=250/256 (97.7%)  e_src: 1.722e+00 | e_L: 1.721e+00 | e_R: 1.722e+00 | e_tgt: 1.407e-03
Processing Lang_L8.self_attn.o_proj...
Lang_L8.self_attn.o_proj  Base->Stage1    | Spec: 2.5e-05 | Baseline_RelErr: 1.2e-03 | InnerRel: 2.5e-05 | AmbRel: 2.5e-05
    Baseline MSE: 8.7e-10 | Inner MSE: 4.2e-13 | Ambient MSE: 4.2e-13 | Drift Ratio: 1.00
    r_eff=1505/2048 (73.5%)  e_src: 5.185e+00 | e_L: 5.185e+00 | e_R: 5.185e+00 | e_tgt: 1.321e-03
Lang_L8.self_attn.o_proj  Stage1->Stage2  | Spec: 6.6e-05 | Baseline_RelErr: 3.0e-03 | InnerRel: 6.6e-05 | AmbRel: 6.6e-05
    Baseline MSE: 5.9e-09 | Inner MSE: 2.8e-12 | Ambient MSE: 2.8e-12 | Drift Ratio: 1.00
    r_eff=1505/2048 (73.5%)  e_src: 5.185e+00 | e_L: 5.185e+00 | e_R: 5.185e+00 | e_tgt: 3.446e-03
Lang_L8.self_attn.o_proj  Base->Stage2    | Spec: 6.9e-05 | Baseline_RelErr: 3.2e-03 | InnerRel: 6.9e-05 | AmbRel: 6.9e-05
    Baseline MSE: 6.4e-09 | Inner MSE: 3.1e-12 | Ambient MSE: 3.1e-12 | Drift Ratio: 1.00
    r_eff=1505/2048 (73.5%)  e_src: 5.185e+00 | e_L: 5.185e+00 | e_R: 5.185e+00 | e_tgt: 3.580e-03
Processing Lang_L8.mlp.gate_proj...
Lang_L8.mlp.gate_proj  Base->Stage1    | Spec: 9.8e-06 | Baseline_RelErr: 9.9e-04 | InnerRel: 8.9e-04 | AmbRel: 9.8e-06
    Baseline MSE: 8.5e-10 | Inner MSE: 6.9e-10 | Ambient MSE: 8.3e-14 | Drift Ratio: 8373.72
    r_eff=1950/2048 (95.2%)  e_src: 1.393e+01 | e_L: 1.393e+01 | e_R: 1.392e+01 | e_tgt: 1.367e-03
Lang_L8.mlp.gate_proj  Stage1->Stage2  | Spec: 2.8e-05 | Baseline_RelErr: 2.9e-03 | InnerRel: 2.6e-03 | AmbRel: 2.8e-05
    Baseline MSE: 7.4e-09 | Inner MSE: 6.0e-09 | Ambient MSE: 6.8e-13 | Drift Ratio: 8901.55
    r_eff=1950/2048 (95.2%)  e_src: 1.393e+01 | e_L: 1.393e+01 | e_R: 1.392e+01 | e_tgt: 3.902e-03
Lang_L8.mlp.gate_proj  Base->Stage2    | Spec: 2.9e-05 | Baseline_RelErr: 3.0e-03 | InnerRel: 2.7e-03 | AmbRel: 2.9e-05
    Baseline MSE: 7.9e-09 | Inner MSE: 6.4e-09 | Ambient MSE: 7.2e-13 | Drift Ratio: 8911.41
    r_eff=1950/2048 (95.2%)  e_src: 1.393e+01 | e_L: 1.393e+01 | e_R: 1.392e+01 | e_tgt: 4.022e-03
Processing Lang_L8.mlp.up_proj...
Lang_L8.mlp.up_proj  Base->Stage1    | Spec: 1.2e-05 | Baseline_RelErr: 1.2e-03 | InnerRel: 1.1e-03 | AmbRel: 1.2e-05
    Baseline MSE: 9.3e-10 | Inner MSE: 7.4e-10 | Ambient MSE: 9.1e-14 | Drift Ratio: 8119.29
    r_eff=1956/2048 (95.5%)  e_src: 1.202e+01 | e_L: 1.202e+01 | e_R: 1.202e+01 | e_tgt: 1.435e-03
Lang_L8.mlp.up_proj  Stage1->Stage2  | Spec: 3.3e-05 | Baseline_RelErr: 3.2e-03 | InnerRel: 2.9e-03 | AmbRel: 3.3e-05
    Baseline MSE: 6.9e-09 | Inner MSE: 5.4e-09 | Ambient MSE: 7.1e-13 | Drift Ratio: 7699.90
    r_eff=1956/2048 (95.5%)  e_src: 1.202e+01 | e_L: 1.202e+01 | e_R: 1.202e+01 | e_tgt: 3.989e-03
Lang_L8.mlp.up_proj  Base->Stage2    | Spec: 3.4e-05 | Baseline_RelErr: 3.4e-03 | InnerRel: 3.0e-03 | AmbRel: 3.4e-05
    Baseline MSE: 7.4e-09 | Inner MSE: 5.8e-09 | Ambient MSE: 7.6e-13 | Drift Ratio: 7704.70
    r_eff=1956/2048 (95.5%)  e_src: 1.202e+01 | e_L: 1.202e+01 | e_R: 1.202e+01 | e_tgt: 4.132e-03
Processing Lang_L8.mlp.down_proj...
Lang_L8.mlp.down_proj  Base->Stage1    | Spec: 1.2e-05 | Baseline_RelErr: 1.2e-03 | InnerRel: 1.1e-03 | AmbRel: 1.2e-05
    Baseline MSE: 9.5e-10 | Inner MSE: 7.6e-10 | Ambient MSE: 9.5e-14 | Drift Ratio: 7989.76
    r_eff=1958/2048 (95.6%)  e_src: 1.183e+01 | e_L: 1.183e+01 | e_R: 1.183e+01 | e_tgt: 1.467e-03
Lang_L8.mlp.down_proj  Stage1->Stage2  | Spec: 3.3e-05 | Baseline_RelErr: 3.3e-03 | InnerRel: 3.0e-03 | AmbRel: 3.3e-05
    Baseline MSE: 7.0e-09 | Inner MSE: 5.5e-09 | Ambient MSE: 6.8e-13 | Drift Ratio: 8093.01
    r_eff=1958/2048 (95.6%)  e_src: 1.184e+01 | e_L: 1.183e+01 | e_R: 1.184e+01 | e_tgt: 3.922e-03
Lang_L8.mlp.down_proj  Base->Stage2    | Spec: 3.4e-05 | Baseline_RelErr: 3.5e-03 | InnerRel: 3.1e-03 | AmbRel: 3.4e-05
    Baseline MSE: 7.5e-09 | Inner MSE: 5.9e-09 | Ambient MSE: 7.5e-13 | Drift Ratio: 7968.51
    r_eff=1958/2048 (95.6%)  e_src: 1.184e+01 | e_L: 1.183e+01 | e_R: 1.184e+01 | e_tgt: 4.100e-03
Processing Lang_L9.self_attn.q_proj...
Lang_L9.self_attn.q_proj  Base->Stage1    | Spec: 2.3e-05 | Baseline_RelErr: 1.1e-03 | InnerRel: 2.3e-05 | AmbRel: 2.3e-05
    Baseline MSE: 9.6e-10 | Inner MSE: 4.4e-13 | Ambient MSE: 4.4e-13 | Drift Ratio: 1.00
    r_eff=1473/2048 (71.9%)  e_src: 5.791e+00 | e_L: 5.791e+00 | e_R: 5.791e+00 | e_tgt: 1.361e-03
Lang_L9.self_attn.q_proj  Stage1->Stage2  | Spec: 6.8e-05 | Baseline_RelErr: 3.0e-03 | InnerRel: 6.8e-05 | AmbRel: 6.8e-05
    Baseline MSE: 7.1e-09 | Inner MSE: 3.7e-12 | Ambient MSE: 3.7e-12 | Drift Ratio: 1.00
    r_eff=1473/2048 (71.9%)  e_src: 5.792e+00 | e_L: 5.791e+00 | e_R: 5.791e+00 | e_tgt: 3.961e-03
Lang_L9.self_attn.q_proj  Base->Stage2    | Spec: 7.1e-05 | Baseline_RelErr: 3.1e-03 | InnerRel: 7.1e-05 | AmbRel: 7.1e-05
    Baseline MSE: 7.7e-09 | Inner MSE: 4.0e-12 | Ambient MSE: 4.0e-12 | Drift Ratio: 1.00
    r_eff=1473/2048 (71.9%)  e_src: 5.792e+00 | e_L: 5.791e+00 | e_R: 5.791e+00 | e_tgt: 4.090e-03
Processing Lang_L9.self_attn.k_proj...
Lang_L9.self_attn.k_proj  Base->Stage1    | Spec: 2.2e-05 | Baseline_RelErr: 8.8e-04 | InnerRel: 8.1e-04 | AmbRel: 2.2e-05
    Baseline MSE: 8.6e-10 | Inner MSE: 7.3e-10 | Ambient MSE: 5.6e-13 | Drift Ratio: 1296.62
    r_eff=233/256 (91.0%)  e_src: 2.358e+00 | e_L: 2.358e+00 | e_R: 2.358e+00 | e_tgt: 5.419e-04
Lang_L9.self_attn.k_proj  Stage1->Stage2  | Spec: 6.6e-05 | Baseline_RelErr: 2.5e-03 | InnerRel: 2.3e-03 | AmbRel: 6.6e-05
    Baseline MSE: 7.0e-09 | Inner MSE: 5.9e-09 | Ambient MSE: 4.9e-12 | Drift Ratio: 1190.27
    r_eff=233/256 (91.0%)  e_src: 2.359e+00 | e_L: 2.358e+00 | e_R: 2.359e+00 | e_tgt: 1.606e-03
Lang_L9.self_attn.k_proj  Base->Stage2    | Spec: 7.0e-05 | Baseline_RelErr: 2.6e-03 | InnerRel: 2.4e-03 | AmbRel: 7.0e-05
    Baseline MSE: 7.4e-09 | Inner MSE: 6.2e-09 | Ambient MSE: 5.5e-12 | Drift Ratio: 1118.75
    r_eff=233/256 (91.0%)  e_src: 2.359e+00 | e_L: 2.358e+00 | e_R: 2.359e+00 | e_tgt: 1.703e-03
Processing Lang_L9.self_attn.v_proj...
Lang_L9.self_attn.v_proj  Base->Stage1    | Spec: 2.7e-05 | Baseline_RelErr: 1.2e-03 | InnerRel: 1.1e-03 | AmbRel: 2.7e-05
    Baseline MSE: 9.4e-10 | Inner MSE: 8.1e-10 | Ambient MSE: 5.0e-13 | Drift Ratio: 1615.75
    r_eff=250/256 (97.7%)  e_src: 1.809e+00 | e_L: 1.809e+00 | e_R: 1.809e+00 | e_tgt: 5.123e-04
Lang_L9.self_attn.v_proj  Stage1->Stage2  | Spec: 8.4e-05 | Baseline_RelErr: 3.1e-03 | InnerRel: 2.9e-03 | AmbRel: 8.4e-05
    Baseline MSE: 6.6e-09 | Inner MSE: 5.6e-09 | Ambient MSE: 4.8e-12 | Drift Ratio: 1155.68
    r_eff=250/256 (97.7%)  e_src: 1.810e+00 | e_L: 1.809e+00 | e_R: 1.810e+00 | e_tgt: 1.592e-03
Lang_L9.self_attn.v_proj  Base->Stage2    | Spec: 8.9e-05 | Baseline_RelErr: 3.3e-03 | InnerRel: 3.0e-03 | AmbRel: 8.9e-05
    Baseline MSE: 7.2e-09 | Inner MSE: 6.0e-09 | Ambient MSE: 5.3e-12 | Drift Ratio: 1128.97
    r_eff=250/256 (97.7%)  e_src: 1.810e+00 | e_L: 1.809e+00 | e_R: 1.810e+00 | e_tgt: 1.673e-03
Processing Lang_L9.self_attn.o_proj...
Lang_L9.self_attn.o_proj  Base->Stage1    | Spec: 2.8e-05 | Baseline_RelErr: 1.2e-03 | InnerRel: 2.8e-05 | AmbRel: 2.8e-05
    Baseline MSE: 1.0e-09 | Inner MSE: 5.0e-13 | Ambient MSE: 5.0e-13 | Drift Ratio: 1.00
    r_eff=1476/2048 (72.1%)  e_src: 5.201e+00 | e_L: 5.201e+00 | e_R: 5.201e+00 | e_tgt: 1.443e-03
Lang_L9.self_attn.o_proj  Stage1->Stage2  | Spec: 6.8e-05 | Baseline_RelErr: 3.2e-03 | InnerRel: 6.8e-05 | AmbRel: 6.8e-05
    Baseline MSE: 6.5e-09 | Inner MSE: 3.0e-12 | Ambient MSE: 3.0e-12 | Drift Ratio: 1.00
    r_eff=1476/2048 (72.1%)  e_src: 5.202e+00 | e_L: 5.202e+00 | e_R: 5.202e+00 | e_tgt: 3.554e-03
Lang_L9.self_attn.o_proj  Base->Stage2    | Spec: 7.2e-05 | Baseline_RelErr: 3.3e-03 | InnerRel: 7.2e-05 | AmbRel: 7.2e-05
    Baseline MSE: 7.1e-09 | Inner MSE: 3.3e-12 | Ambient MSE: 3.3e-12 | Drift Ratio: 1.00
    r_eff=1476/2048 (72.1%)  e_src: 5.202e+00 | e_L: 5.202e+00 | e_R: 5.202e+00 | e_tgt: 3.742e-03
Processing Lang_L9.mlp.gate_proj...
Lang_L9.mlp.gate_proj  Base->Stage1    | Spec: 9.3e-06 | Baseline_RelErr: 1.0e-03 | InnerRel: 9.0e-04 | AmbRel: 9.3e-06
    Baseline MSE: 8.9e-10 | Inner MSE: 7.2e-10 | Ambient MSE: 7.7e-14 | Drift Ratio: 9376.44
    r_eff=1954/2048 (95.4%)  e_src: 1.419e+01 | e_L: 1.419e+01 | e_R: 1.418e+01 | e_tgt: 1.318e-03
Lang_L9.mlp.gate_proj  Stage1->Stage2  | Spec: 3.0e-05 | Baseline_RelErr: 2.9e-03 | InnerRel: 2.6e-03 | AmbRel: 3.0e-05
    Baseline MSE: 7.8e-09 | Inner MSE: 6.3e-09 | Ambient MSE: 8.2e-13 | Drift Ratio: 7607.34
    r_eff=1954/2048 (95.4%)  e_src: 1.419e+01 | e_L: 1.419e+01 | e_R: 1.418e+01 | e_tgt: 4.308e-03
Lang_L9.mlp.gate_proj  Base->Stage2    | Spec: 3.1e-05 | Baseline_RelErr: 3.0e-03 | InnerRel: 2.7e-03 | AmbRel: 3.1e-05
    Baseline MSE: 8.3e-09 | Inner MSE: 6.7e-09 | Ambient MSE: 8.7e-13 | Drift Ratio: 7678.85
    r_eff=1954/2048 (95.4%)  e_src: 1.419e+01 | e_L: 1.419e+01 | e_R: 1.419e+01 | e_tgt: 4.421e-03
Processing Lang_L9.mlp.up_proj...
Lang_L9.mlp.up_proj  Base->Stage1    | Spec: 1.2e-05 | Baseline_RelErr: 1.2e-03 | InnerRel: 1.1e-03 | AmbRel: 1.2e-05
    Baseline MSE: 9.7e-10 | Inner MSE: 7.7e-10 | Ambient MSE: 9.8e-14 | Drift Ratio: 7893.61
    r_eff=1959/2048 (95.7%)  e_src: 1.180e+01 | e_L: 1.180e+01 | e_R: 1.180e+01 | e_tgt: 1.484e-03
Lang_L9.mlp.up_proj  Stage1->Stage2  | Spec: 3.4e-05 | Baseline_RelErr: 3.4e-03 | InnerRel: 3.0e-03 | AmbRel: 3.4e-05
    Baseline MSE: 7.1e-09 | Inner MSE: 5.6e-09 | Ambient MSE: 7.4e-13 | Drift Ratio: 7599.35
    r_eff=1959/2048 (95.7%)  e_src: 1.181e+01 | e_L: 1.181e+01 | e_R: 1.180e+01 | e_tgt: 4.073e-03
Lang_L9.mlp.up_proj  Base->Stage2    | Spec: 3.6e-05 | Baseline_RelErr: 3.5e-03 | InnerRel: 3.1e-03 | AmbRel: 3.6e-05
    Baseline MSE: 7.7e-09 | Inner MSE: 6.0e-09 | Ambient MSE: 8.1e-13 | Drift Ratio: 7466.00
    r_eff=1959/2048 (95.7%)  e_src: 1.181e+01 | e_L: 1.181e+01 | e_R: 1.180e+01 | e_tgt: 4.260e-03
Processing Lang_L9.mlp.down_proj...
Lang_L9.mlp.down_proj  Base->Stage1    | Spec: 1.3e-05 | Baseline_RelErr: 1.3e-03 | InnerRel: 1.2e-03 | AmbRel: 1.3e-05
    Baseline MSE: 1.0e-09 | Inner MSE: 8.0e-10 | Ambient MSE: 9.5e-14 | Drift Ratio: 8474.08
    r_eff=1959/2048 (95.7%)  e_src: 1.160e+01 | e_L: 1.160e+01 | e_R: 1.160e+01 | e_tgt: 1.463e-03
Lang_L9.mlp.down_proj  Stage1->Stage2  | Spec: 3.6e-05 | Baseline_RelErr: 3.5e-03 | InnerRel: 3.1e-03 | AmbRel: 3.6e-05
    Baseline MSE: 7.2e-09 | Inner MSE: 5.7e-09 | Ambient MSE: 8.0e-13 | Drift Ratio: 7096.83
    r_eff=1959/2048 (95.7%)  e_src: 1.160e+01 | e_L: 1.160e+01 | e_R: 1.160e+01 | e_tgt: 4.237e-03
Lang_L9.mlp.down_proj  Base->Stage2    | Spec: 3.8e-05 | Baseline_RelErr: 3.6e-03 | InnerRel: 3.2e-03 | AmbRel: 3.8e-05
    Baseline MSE: 7.8e-09 | Inner MSE: 6.1e-09 | Ambient MSE: 8.8e-13 | Drift Ratio: 6955.17
    r_eff=1959/2048 (95.7%)  e_src: 1.160e+01 | e_L: 1.160e+01 | e_R: 1.160e+01 | e_tgt: 4.443e-03
Processing Lang_L10.self_attn.q_proj...
Lang_L10.self_attn.q_proj  Base->Stage1    | Spec: 2.7e-05 | Baseline_RelErr: 1.2e-03 | InnerRel: 2.7e-05 | AmbRel: 2.7e-05
    Baseline MSE: 1.0e-09 | Inner MSE: 5.1e-13 | Ambient MSE: 5.1e-13 | Drift Ratio: 1.00
    r_eff=1443/2048 (70.5%)  e_src: 5.478e+00 | e_L: 5.478e+00 | e_R: 5.478e+00 | e_tgt: 1.460e-03
Lang_L10.self_attn.q_proj  Stage1->Stage2  | Spec: 7.3e-05 | Baseline_RelErr: 3.3e-03 | InnerRel: 7.3e-05 | AmbRel: 7.3e-05
    Baseline MSE: 8.0e-09 | Inner MSE: 3.8e-12 | Ambient MSE: 3.8e-12 | Drift Ratio: 1.00
    r_eff=1443/2048 (70.5%)  e_src: 5.479e+00 | e_L: 5.478e+00 | e_R: 5.478e+00 | e_tgt: 4.000e-03
Lang_L10.self_attn.q_proj  Base->Stage2    | Spec: 7.6e-05 | Baseline_RelErr: 3.5e-03 | InnerRel: 7.6e-05 | AmbRel: 7.6e-05
    Baseline MSE: 8.6e-09 | Inner MSE: 4.2e-12 | Ambient MSE: 4.2e-12 | Drift Ratio: 1.00
    r_eff=1443/2048 (70.5%)  e_src: 5.479e+00 | e_L: 5.478e+00 | e_R: 5.478e+00 | e_tgt: 4.177e-03
Processing Lang_L10.self_attn.k_proj...
Lang_L10.self_attn.k_proj  Base->Stage1    | Spec: 2.6e-05 | Baseline_RelErr: 1.1e-03 | InnerRel: 9.8e-04 | AmbRel: 2.6e-05
    Baseline MSE: 9.2e-10 | Inner MSE: 7.8e-10 | Ambient MSE: 5.3e-13 | Drift Ratio: 1473.59
    r_eff=232/256 (90.6%)  e_src: 1.998e+00 | e_L: 1.998e+00 | e_R: 1.998e+00 | e_tgt: 5.277e-04
Lang_L10.self_attn.k_proj  Stage1->Stage2  | Spec: 8.3e-05 | Baseline_RelErr: 3.1e-03 | InnerRel: 2.8e-03 | AmbRel: 8.3e-05
    Baseline MSE: 7.6e-09 | Inner MSE: 6.3e-09 | Ambient MSE: 5.6e-12 | Drift Ratio: 1111.32
    r_eff=232/256 (90.6%)  e_src: 1.998e+00 | e_L: 1.998e+00 | e_R: 1.998e+00 | e_tgt: 1.721e-03
Lang_L10.self_attn.k_proj  Base->Stage2    | Spec: 8.6e-05 | Baseline_RelErr: 3.2e-03 | InnerRel: 2.9e-03 | AmbRel: 8.6e-05
    Baseline MSE: 8.1e-09 | Inner MSE: 6.7e-09 | Ambient MSE: 6.0e-12 | Drift Ratio: 1104.90
    r_eff=232/256 (90.6%)  e_src: 1.999e+00 | e_L: 1.998e+00 | e_R: 1.999e+00 | e_tgt: 1.781e-03
Processing Lang_L10.self_attn.v_proj...
Lang_L10.self_attn.v_proj  Base->Stage1    | Spec: 2.6e-05 | Baseline_RelErr: 1.1e-03 | InnerRel: 1.0e-03 | AmbRel: 2.6e-05
    Baseline MSE: 8.3e-10 | Inner MSE: 7.1e-10 | Ambient MSE: 4.8e-13 | Drift Ratio: 1484.95
    r_eff=248/256 (96.9%)  e_src: 1.883e+00 | e_L: 1.883e+00 | e_R: 1.883e+00 | e_tgt: 5.019e-04
Lang_L10.self_attn.v_proj  Stage1->Stage2  | Spec: 7.0e-05 | Baseline_RelErr: 2.9e-03 | InnerRel: 2.7e-03 | AmbRel: 7.0e-05
    Baseline MSE: 5.9e-09 | Inner MSE: 5.0e-09 | Ambient MSE: 3.4e-12 | Drift Ratio: 1442.99
    r_eff=248/256 (96.9%)  e_src: 1.884e+00 | e_L: 1.883e+00 | e_R: 1.884e+00 | e_tgt: 1.344e-03
Lang_L10.self_attn.v_proj  Base->Stage2    | Spec: 7.4e-05 | Baseline_RelErr: 3.0e-03 | InnerRel: 2.8e-03 | AmbRel: 7.4e-05
    Baseline MSE: 6.4e-09 | Inner MSE: 5.4e-09 | Ambient MSE: 3.9e-12 | Drift Ratio: 1393.89
    r_eff=248/256 (96.9%)  e_src: 1.884e+00 | e_L: 1.883e+00 | e_R: 1.884e+00 | e_tgt: 1.422e-03
Processing Lang_L10.self_attn.o_proj...
Lang_L10.self_attn.o_proj  Base->Stage1    | Spec: 2.6e-05 | Baseline_RelErr: 1.2e-03 | InnerRel: 2.6e-05 | AmbRel: 2.6e-05
    Baseline MSE: 9.5e-10 | Inner MSE: 4.3e-13 | Ambient MSE: 4.3e-13 | Drift Ratio: 1.00
    r_eff=1450/2048 (70.8%)  e_src: 5.178e+00 | e_L: 5.178e+00 | e_R: 5.178e+00 | e_tgt: 1.350e-03
Lang_L10.self_attn.o_proj  Stage1->Stage2  | Spec: 6.9e-05 | Baseline_RelErr: 3.2e-03 | InnerRel: 6.9e-05 | AmbRel: 6.9e-05
    Baseline MSE: 6.4e-09 | Inner MSE: 3.0e-12 | Ambient MSE: 3.0e-12 | Drift Ratio: 1.00
    r_eff=1450/2048 (70.8%)  e_src: 5.179e+00 | e_L: 5.178e+00 | e_R: 5.178e+00 | e_tgt: 3.574e-03
Lang_L10.self_attn.o_proj  Base->Stage2    | Spec: 7.2e-05 | Baseline_RelErr: 3.3e-03 | InnerRel: 7.2e-05 | AmbRel: 7.2e-05
    Baseline MSE: 7.0e-09 | Inner MSE: 3.3e-12 | Ambient MSE: 3.3e-12 | Drift Ratio: 1.00
    r_eff=1450/2048 (70.8%)  e_src: 5.179e+00 | e_L: 5.178e+00 | e_R: 5.178e+00 | e_tgt: 3.735e-03
Processing Lang_L10.mlp.gate_proj...
Lang_L10.mlp.gate_proj  Base->Stage1    | Spec: 9.6e-06 | Baseline_RelErr: 1.0e-03 | InnerRel: 9.1e-04 | AmbRel: 9.6e-06
    Baseline MSE: 9.4e-10 | Inner MSE: 7.7e-10 | Ambient MSE: 8.5e-14 | Drift Ratio: 8977.06
    r_eff=1958/2048 (95.6%)  e_src: 1.430e+01 | e_L: 1.430e+01 | e_R: 1.430e+01 | e_tgt: 1.387e-03
Lang_L10.mlp.gate_proj  Stage1->Stage2  | Spec: 2.8e-05 | Baseline_RelErr: 3.0e-03 | InnerRel: 2.7e-03 | AmbRel: 2.8e-05
    Baseline MSE: 8.0e-09 | Inner MSE: 6.5e-09 | Ambient MSE: 7.3e-13 | Drift Ratio: 8979.56
    r_eff=1958/2048 (95.6%)  e_src: 1.431e+01 | e_L: 1.431e+01 | e_R: 1.430e+01 | e_tgt: 4.048e-03
Lang_L10.mlp.gate_proj  Base->Stage2    | Spec: 2.9e-05 | Baseline_RelErr: 3.0e-03 | InnerRel: 2.8e-03 | AmbRel: 2.9e-05
    Baseline MSE: 8.5e-09 | Inner MSE: 7.0e-09 | Ambient MSE: 7.7e-13 | Drift Ratio: 8988.79
    r_eff=1958/2048 (95.6%)  e_src: 1.431e+01 | e_L: 1.431e+01 | e_R: 1.430e+01 | e_tgt: 4.177e-03
Processing Lang_L10.mlp.up_proj...
Lang_L10.mlp.up_proj  Base->Stage1    | Spec: 1.3e-05 | Baseline_RelErr: 1.3e-03 | InnerRel: 1.1e-03 | AmbRel: 1.3e-05
    Baseline MSE: 1.0e-09 | Inner MSE: 8.0e-10 | Ambient MSE: 1.0e-13 | Drift Ratio: 7810.54
    r_eff=1961/2048 (95.8%)  e_src: 1.188e+01 | e_L: 1.188e+01 | e_R: 1.188e+01 | e_tgt: 1.517e-03
Lang_L10.mlp.up_proj  Stage1->Stage2  | Spec: 3.5e-05 | Baseline_RelErr: 3.4e-03 | InnerRel: 3.0e-03 | AmbRel: 3.5e-05
    Baseline MSE: 7.3e-09 | Inner MSE: 5.7e-09 | Ambient MSE: 7.8e-13 | Drift Ratio: 7231.27
    r_eff=1961/2048 (95.8%)  e_src: 1.188e+01 | e_L: 1.188e+01 | e_R: 1.188e+01 | e_tgt: 4.205e-03
Lang_L10.mlp.up_proj  Base->Stage2    | Spec: 3.7e-05 | Baseline_RelErr: 3.6e-03 | InnerRel: 3.1e-03 | AmbRel: 3.7e-05
    Baseline MSE: 7.9e-09 | Inner MSE: 6.1e-09 | Ambient MSE: 8.5e-13 | Drift Ratio: 7163.35
    r_eff=1961/2048 (95.8%)  e_src: 1.188e+01 | e_L: 1.188e+01 | e_R: 1.188e+01 | e_tgt: 4.379e-03
Processing Lang_L10.mlp.down_proj...
Lang_L10.mlp.down_proj  Base->Stage1    | Spec: 1.3e-05 | Baseline_RelErr: 1.3e-03 | InnerRel: 1.2e-03 | AmbRel: 1.3e-05
    Baseline MSE: 1.0e-09 | Inner MSE: 8.3e-10 | Ambient MSE: 1.0e-13 | Drift Ratio: 7962.02
    r_eff=1955/2048 (95.5%)  e_src: 1.156e+01 | e_L: 1.156e+01 | e_R: 1.156e+01 | e_tgt: 1.534e-03
Lang_L10.mlp.down_proj  Stage1->Stage2  | Spec: 3.7e-05 | Baseline_RelErr: 3.5e-03 | InnerRel: 3.1e-03 | AmbRel: 3.7e-05
    Baseline MSE: 7.3e-09 | Inner MSE: 5.7e-09 | Ambient MSE: 8.0e-13 | Drift Ratio: 7176.94
    r_eff=1955/2048 (95.5%)  e_src: 1.156e+01 | e_L: 1.156e+01 | e_R: 1.156e+01 | e_tgt: 4.244e-03
Lang_L10.mlp.down_proj  Base->Stage2    | Spec: 3.8e-05 | Baseline_RelErr: 3.6e-03 | InnerRel: 3.2e-03 | AmbRel: 3.8e-05
    Baseline MSE: 7.9e-09 | Inner MSE: 6.2e-09 | Ambient MSE: 8.7e-13 | Drift Ratio: 7080.37
    r_eff=1955/2048 (95.5%)  e_src: 1.156e+01 | e_L: 1.156e+01 | e_R: 1.156e+01 | e_tgt: 4.437e-03
Processing Lang_L11.self_attn.q_proj...
Lang_L11.self_attn.q_proj  Base->Stage1    | Spec: 2.7e-05 | Baseline_RelErr: 1.2e-03 | InnerRel: 2.7e-05 | AmbRel: 2.7e-05
    Baseline MSE: 1.1e-09 | Inner MSE: 5.5e-13 | Ambient MSE: 5.5e-13 | Drift Ratio: 1.00
    r_eff=1438/2048 (70.2%)  e_src: 5.608e+00 | e_L: 5.608e+00 | e_R: 5.608e+00 | e_tgt: 1.525e-03
Lang_L11.self_attn.q_proj  Stage1->Stage2  | Spec: 7.5e-05 | Baseline_RelErr: 3.3e-03 | InnerRel: 7.5e-05 | AmbRel: 7.5e-05
    Baseline MSE: 8.4e-09 | Inner MSE: 4.2e-12 | Ambient MSE: 4.2e-12 | Drift Ratio: 1.00
    r_eff=1438/2048 (70.2%)  e_src: 5.610e+00 | e_L: 5.609e+00 | e_R: 5.609e+00 | e_tgt: 4.220e-03
Lang_L11.self_attn.q_proj  Base->Stage2    | Spec: 7.7e-05 | Baseline_RelErr: 3.5e-03 | InnerRel: 7.7e-05 | AmbRel: 7.7e-05
    Baseline MSE: 9.0e-09 | Inner MSE: 4.5e-12 | Ambient MSE: 4.5e-12 | Drift Ratio: 1.00
    r_eff=1438/2048 (70.2%)  e_src: 5.610e+00 | e_L: 5.609e+00 | e_R: 5.609e+00 | e_tgt: 4.344e-03
Processing Lang_L11.self_attn.k_proj...
Lang_L11.self_attn.k_proj  Base->Stage1    | Spec: 2.8e-05 | Baseline_RelErr: 1.1e-03 | InnerRel: 1.0e-03 | AmbRel: 2.8e-05
    Baseline MSE: 1.0e-09 | Inner MSE: 8.7e-10 | Ambient MSE: 6.9e-13 | Drift Ratio: 1265.54
    r_eff=231/256 (90.2%)  e_src: 2.131e+00 | e_L: 2.131e+00 | e_R: 2.131e+00 | e_tgt: 6.001e-04
Lang_L11.self_attn.k_proj  Stage1->Stage2  | Spec: 7.6e-05 | Baseline_RelErr: 3.0e-03 | InnerRel: 2.7e-03 | AmbRel: 7.6e-05
    Baseline MSE: 7.9e-09 | Inner MSE: 6.5e-09 | Ambient MSE: 5.1e-12 | Drift Ratio: 1276.87
    r_eff=231/256 (90.2%)  e_src: 2.132e+00 | e_L: 2.131e+00 | e_R: 2.132e+00 | e_tgt: 1.631e-03
Lang_L11.self_attn.k_proj  Base->Stage2    | Spec: 8.3e-05 | Baseline_RelErr: 3.1e-03 | InnerRel: 2.8e-03 | AmbRel: 8.3e-05
    Baseline MSE: 8.6e-09 | Inner MSE: 7.0e-09 | Ambient MSE: 6.1e-12 | Drift Ratio: 1157.60
    r_eff=231/256 (90.2%)  e_src: 2.132e+00 | e_L: 2.131e+00 | e_R: 2.132e+00 | e_tgt: 1.782e-03
Processing Lang_L11.self_attn.v_proj...
Lang_L11.self_attn.v_proj  Base->Stage1    | Spec: 2.8e-05 | Baseline_RelErr: 1.2e-03 | InnerRel: 1.1e-03 | AmbRel: 2.8e-05
    Baseline MSE: 1.1e-09 | Inner MSE: 9.0e-10 | Ambient MSE: 5.5e-13 | Drift Ratio: 1624.90
    r_eff=249/256 (97.3%)  e_src: 1.857e+00 | e_L: 1.856e+00 | e_R: 1.857e+00 | e_tgt: 5.381e-04
Lang_L11.self_attn.v_proj  Stage1->Stage2  | Spec: 8.4e-05 | Baseline_RelErr: 3.2e-03 | InnerRel: 2.9e-03 | AmbRel: 8.4e-05
    Baseline MSE: 7.3e-09 | Inner MSE: 6.1e-09 | Ambient MSE: 5.0e-12 | Drift Ratio: 1208.11
    r_eff=249/256 (97.3%)  e_src: 1.857e+00 | e_L: 1.856e+00 | e_R: 1.857e+00 | e_tgt: 1.621e-03
Lang_L11.self_attn.v_proj  Base->Stage2    | Spec: 8.7e-05 | Baseline_RelErr: 3.3e-03 | InnerRel: 3.0e-03 | AmbRel: 8.7e-05
    Baseline MSE: 8.0e-09 | Inner MSE: 6.6e-09 | Ambient MSE: 5.4e-12 | Drift Ratio: 1210.61
    r_eff=249/256 (97.3%)  e_src: 1.857e+00 | e_L: 1.856e+00 | e_R: 1.857e+00 | e_tgt: 1.685e-03
Processing Lang_L11.self_attn.o_proj...
Lang_L11.self_attn.o_proj  Base->Stage1    | Spec: 2.8e-05 | Baseline_RelErr: 1.2e-03 | InnerRel: 2.8e-05 | AmbRel: 2.8e-05
    Baseline MSE: 1.0e-09 | Inner MSE: 5.2e-13 | Ambient MSE: 5.2e-13 | Drift Ratio: 1.00
    r_eff=1415/2048 (69.1%)  e_src: 5.315e+00 | e_L: 5.315e+00 | e_R: 5.315e+00 | e_tgt: 1.481e-03
Lang_L11.self_attn.o_proj  Stage1->Stage2  | Spec: 7.0e-05 | Baseline_RelErr: 3.2e-03 | InnerRel: 7.0e-05 | AmbRel: 7.0e-05
    Baseline MSE: 6.9e-09 | Inner MSE: 3.4e-12 | Ambient MSE: 3.4e-12 | Drift Ratio: 1.00
    r_eff=1415/2048 (69.1%)  e_src: 5.317e+00 | e_L: 5.316e+00 | e_R: 5.316e+00 | e_tgt: 3.750e-03
Lang_L11.self_attn.o_proj  Base->Stage2    | Spec: 7.3e-05 | Baseline_RelErr: 3.3e-03 | InnerRel: 7.3e-05 | AmbRel: 7.3e-05
    Baseline MSE: 7.5e-09 | Inner MSE: 3.6e-12 | Ambient MSE: 3.6e-12 | Drift Ratio: 1.00
    r_eff=1415/2048 (69.1%)  e_src: 5.317e+00 | e_L: 5.316e+00 | e_R: 5.316e+00 | e_tgt: 3.881e-03
Processing Lang_L11.mlp.gate_proj...
Lang_L11.mlp.gate_proj  Base->Stage1    | Spec: 1.0e-05 | Baseline_RelErr: 1.1e-03 | InnerRel: 9.8e-04 | AmbRel: 1.0e-05
    Baseline MSE: 1.0e-09 | Inner MSE: 8.3e-10 | Ambient MSE: 8.8e-14 | Drift Ratio: 9372.19
    r_eff=1957/2048 (95.6%)  e_src: 1.391e+01 | e_L: 1.391e+01 | e_R: 1.391e+01 | e_tgt: 1.410e-03
Lang_L11.mlp.gate_proj  Stage1->Stage2  | Spec: 3.0e-05 | Baseline_RelErr: 3.1e-03 | InnerRel: 2.8e-03 | AmbRel: 3.0e-05
    Baseline MSE: 8.4e-09 | Inner MSE: 6.8e-09 | Ambient MSE: 7.6e-13 | Drift Ratio: 8940.30
    r_eff=1957/2048 (95.6%)  e_src: 1.391e+01 | e_L: 1.391e+01 | e_R: 1.391e+01 | e_tgt: 4.143e-03
Lang_L11.mlp.gate_proj  Base->Stage2    | Spec: 3.0e-05 | Baseline_RelErr: 3.2e-03 | InnerRel: 2.9e-03 | AmbRel: 3.0e-05
    Baseline MSE: 8.9e-09 | Inner MSE: 7.3e-09 | Ambient MSE: 7.9e-13 | Drift Ratio: 9204.01
    r_eff=1957/2048 (95.6%)  e_src: 1.391e+01 | e_L: 1.391e+01 | e_R: 1.391e+01 | e_tgt: 4.220e-03
Processing Lang_L11.mlp.up_proj...
Lang_L11.mlp.up_proj  Base->Stage1    | Spec: 1.3e-05 | Baseline_RelErr: 1.2e-03 | InnerRel: 1.1e-03 | AmbRel: 1.3e-05
    Baseline MSE: 1.0e-09 | Inner MSE: 8.0e-10 | Ambient MSE: 1.0e-13 | Drift Ratio: 7735.01
    r_eff=1960/2048 (95.7%)  e_src: 1.212e+01 | e_L: 1.212e+01 | e_R: 1.212e+01 | e_tgt: 1.531e-03
Lang_L11.mlp.up_proj  Stage1->Stage2  | Spec: 3.6e-05 | Baseline_RelErr: 3.4e-03 | InnerRel: 3.0e-03 | AmbRel: 3.6e-05
    Baseline MSE: 7.5e-09 | Inner MSE: 5.8e-09 | Ambient MSE: 8.5e-13 | Drift Ratio: 6786.65
    r_eff=1960/2048 (95.7%)  e_src: 1.213e+01 | e_L: 1.213e+01 | e_R: 1.212e+01 | e_tgt: 4.373e-03
Lang_L11.mlp.up_proj  Base->Stage2    | Spec: 3.8e-05 | Baseline_RelErr: 3.5e-03 | InnerRel: 3.1e-03 | AmbRel: 3.8e-05
    Baseline MSE: 8.0e-09 | Inner MSE: 6.2e-09 | Ambient MSE: 9.3e-13 | Drift Ratio: 6616.26
    r_eff=1960/2048 (95.7%)  e_src: 1.213e+01 | e_L: 1.213e+01 | e_R: 1.212e+01 | e_tgt: 4.583e-03
Processing Lang_L11.mlp.down_proj...
Lang_L11.mlp.down_proj  Base->Stage1    | Spec: 1.3e-05 | Baseline_RelErr: 1.3e-03 | InnerRel: 1.2e-03 | AmbRel: 1.3e-05
    Baseline MSE: 1.1e-09 | Inner MSE: 8.5e-10 | Ambient MSE: 1.1e-13 | Drift Ratio: 7922.51
    r_eff=1954/2048 (95.4%)  e_src: 1.189e+01 | e_L: 1.189e+01 | e_R: 1.189e+01 | e_tgt: 1.554e-03
Lang_L11.mlp.down_proj  Stage1->Stage2  | Spec: 3.6e-05 | Baseline_RelErr: 3.5e-03 | InnerRel: 3.0e-03 | AmbRel: 3.6e-05
    Baseline MSE: 7.5e-09 | Inner MSE: 5.9e-09 | Ambient MSE: 8.2e-13 | Drift Ratio: 7134.68
    r_eff=1954/2048 (95.4%)  e_src: 1.189e+01 | e_L: 1.189e+01 | e_R: 1.189e+01 | e_tgt: 4.308e-03
Lang_L11.mlp.down_proj  Base->Stage2    | Spec: 3.8e-05 | Baseline_RelErr: 3.6e-03 | InnerRel: 3.2e-03 | AmbRel: 3.8e-05
    Baseline MSE: 8.1e-09 | Inner MSE: 6.3e-09 | Ambient MSE: 9.0e-13 | Drift Ratio: 7060.51
    r_eff=1954/2048 (95.4%)  e_src: 1.190e+01 | e_L: 1.189e+01 | e_R: 1.190e+01 | e_tgt: 4.494e-03
Processing Lang_L12.self_attn.q_proj...
Lang_L12.self_attn.q_proj  Base->Stage1    | Spec: 2.6e-05 | Baseline_RelErr: 1.2e-03 | InnerRel: 2.6e-05 | AmbRel: 2.6e-05
    Baseline MSE: 1.0e-09 | Inner MSE: 5.0e-13 | Ambient MSE: 5.0e-13 | Drift Ratio: 1.00
    r_eff=1428/2048 (69.7%)  e_src: 5.616e+00 | e_L: 5.616e+00 | e_R: 5.616e+00 | e_tgt: 1.447e-03
Lang_L12.self_attn.q_proj  Stage1->Stage2  | Spec: 7.4e-05 | Baseline_RelErr: 3.3e-03 | InnerRel: 7.4e-05 | AmbRel: 7.4e-05
    Baseline MSE: 8.2e-09 | Inner MSE: 4.2e-12 | Ambient MSE: 4.2e-12 | Drift Ratio: 1.00
    r_eff=1428/2048 (69.7%)  e_src: 5.617e+00 | e_L: 5.616e+00 | e_R: 5.616e+00 | e_tgt: 4.187e-03
Lang_L12.self_attn.q_proj  Base->Stage2    | Spec: 7.7e-05 | Baseline_RelErr: 3.4e-03 | InnerRel: 7.7e-05 | AmbRel: 7.7e-05
    Baseline MSE: 8.8e-09 | Inner MSE: 4.5e-12 | Ambient MSE: 4.5e-12 | Drift Ratio: 1.00
    r_eff=1428/2048 (69.7%)  e_src: 5.617e+00 | e_L: 5.616e+00 | e_R: 5.616e+00 | e_tgt: 4.332e-03
Processing Lang_L12.self_attn.k_proj...
Lang_L12.self_attn.k_proj  Base->Stage1    | Spec: 2.5e-05 | Baseline_RelErr: 9.9e-04 | InnerRel: 9.1e-04 | AmbRel: 2.5e-05
    Baseline MSE: 9.3e-10 | Inner MSE: 7.7e-10 | Ambient MSE: 6.0e-13 | Drift Ratio: 1280.75
    r_eff=227/256 (88.7%)  e_src: 2.218e+00 | e_L: 2.218e+00 | e_R: 2.218e+00 | e_tgt: 5.630e-04
Lang_L12.self_attn.k_proj  Stage1->Stage2  | Spec: 7.8e-05 | Baseline_RelErr: 2.8e-03 | InnerRel: 2.5e-03 | AmbRel: 7.8e-05
    Baseline MSE: 7.4e-09 | Inner MSE: 6.0e-09 | Ambient MSE: 5.8e-12 | Drift Ratio: 1028.98
    r_eff=227/256 (88.7%)  e_src: 2.219e+00 | e_L: 2.218e+00 | e_R: 2.219e+00 | e_tgt: 1.742e-03
Lang_L12.self_attn.k_proj  Base->Stage2    | Spec: 8.2e-05 | Baseline_RelErr: 2.9e-03 | InnerRel: 2.6e-03 | AmbRel: 8.2e-05
    Baseline MSE: 7.9e-09 | Inner MSE: 6.3e-09 | Ambient MSE: 6.3e-12 | Drift Ratio: 1008.78
    r_eff=227/256 (88.7%)  e_src: 2.219e+00 | e_L: 2.218e+00 | e_R: 2.219e+00 | e_tgt: 1.812e-03
Processing Lang_L12.self_attn.v_proj...
Lang_L12.self_attn.v_proj  Base->Stage1    | Spec: 3.1e-05 | Baseline_RelErr: 1.2e-03 | InnerRel: 1.1e-03 | AmbRel: 3.1e-05
    Baseline MSE: 1.0e-09 | Inner MSE: 8.4e-10 | Ambient MSE: 6.4e-13 | Drift Ratio: 1306.31
    r_eff=250/256 (97.7%)  e_src: 1.726e+00 | e_L: 1.726e+00 | e_R: 1.726e+00 | e_tgt: 5.791e-04
Lang_L12.self_attn.v_proj  Stage1->Stage2  | Spec: 8.0e-05 | Baseline_RelErr: 3.2e-03 | InnerRel: 2.9e-03 | AmbRel: 8.0e-05
    Baseline MSE: 7.0e-09 | Inner MSE: 5.7e-09 | Ambient MSE: 4.3e-12 | Drift Ratio: 1337.89
    r_eff=250/256 (97.7%)  e_src: 1.727e+00 | e_L: 1.726e+00 | e_R: 1.727e+00 | e_tgt: 1.493e-03
Lang_L12.self_attn.v_proj  Base->Stage2    | Spec: 8.4e-05 | Baseline_RelErr: 3.4e-03 | InnerRel: 3.0e-03 | AmbRel: 8.4e-05
    Baseline MSE: 7.5e-09 | Inner MSE: 6.1e-09 | Ambient MSE: 4.7e-12 | Drift Ratio: 1289.03
    r_eff=250/256 (97.7%)  e_src: 1.727e+00 | e_L: 1.726e+00 | e_R: 1.727e+00 | e_tgt: 1.577e-03
Processing Lang_L12.self_attn.o_proj...
Lang_L12.self_attn.o_proj  Base->Stage1    | Spec: 2.8e-05 | Baseline_RelErr: 1.3e-03 | InnerRel: 2.8e-05 | AmbRel: 2.8e-05
    Baseline MSE: 1.1e-09 | Inner MSE: 5.2e-13 | Ambient MSE: 5.2e-13 | Drift Ratio: 1.00
    r_eff=1406/2048 (68.7%)  e_src: 5.294e+00 | e_L: 5.294e+00 | e_R: 5.294e+00 | e_tgt: 1.478e-03
Lang_L12.self_attn.o_proj  Stage1->Stage2  | Spec: 7.2e-05 | Baseline_RelErr: 3.3e-03 | InnerRel: 7.2e-05 | AmbRel: 7.2e-05
    Baseline MSE: 7.3e-09 | Inner MSE: 3.5e-12 | Ambient MSE: 3.5e-12 | Drift Ratio: 1.00
    r_eff=1406/2048 (68.7%)  e_src: 5.295e+00 | e_L: 5.295e+00 | e_R: 5.295e+00 | e_tgt: 3.826e-03
Lang_L12.self_attn.o_proj  Base->Stage2    | Spec: 7.4e-05 | Baseline_RelErr: 3.4e-03 | InnerRel: 7.4e-05 | AmbRel: 7.4e-05
    Baseline MSE: 8.0e-09 | Inner MSE: 3.7e-12 | Ambient MSE: 3.7e-12 | Drift Ratio: 1.00
    r_eff=1406/2048 (68.7%)  e_src: 5.295e+00 | e_L: 5.295e+00 | e_R: 5.295e+00 | e_tgt: 3.948e-03
Processing Lang_L12.mlp.gate_proj...
Lang_L12.mlp.gate_proj  Base->Stage1    | Spec: 9.9e-06 | Baseline_RelErr: 1.1e-03 | InnerRel: 9.6e-04 | AmbRel: 9.9e-06
    Baseline MSE: 1.0e-09 | Inner MSE: 8.3e-10 | Ambient MSE: 8.8e-14 | Drift Ratio: 9408.71
    r_eff=1949/2048 (95.2%)  e_src: 1.429e+01 | e_L: 1.429e+01 | e_R: 1.429e+01 | e_tgt: 1.411e-03
Lang_L12.mlp.gate_proj  Stage1->Stage2  | Spec: 2.9e-05 | Baseline_RelErr: 3.1e-03 | InnerRel: 2.8e-03 | AmbRel: 2.9e-05
    Baseline MSE: 8.5e-09 | Inner MSE: 6.9e-09 | Ambient MSE: 7.4e-13 | Drift Ratio: 9391.98
    r_eff=1949/2048 (95.2%)  e_src: 1.429e+01 | e_L: 1.429e+01 | e_R: 1.429e+01 | e_tgt: 4.082e-03
Lang_L12.mlp.gate_proj  Base->Stage2    | Spec: 2.9e-05 | Baseline_RelErr: 3.2e-03 | InnerRel: 2.9e-03 | AmbRel: 2.9e-05
    Baseline MSE: 9.1e-09 | Inner MSE: 7.4e-09 | Ambient MSE: 7.7e-13 | Drift Ratio: 9554.63
    r_eff=1949/2048 (95.2%)  e_src: 1.429e+01 | e_L: 1.429e+01 | e_R: 1.429e+01 | e_tgt: 4.180e-03
Processing Lang_L12.mlp.up_proj...
Lang_L12.mlp.up_proj  Base->Stage1    | Spec: 1.4e-05 | Baseline_RelErr: 1.3e-03 | InnerRel: 1.1e-03 | AmbRel: 1.4e-05
    Baseline MSE: 1.1e-09 | Inner MSE: 8.0e-10 | Ambient MSE: 1.2e-13 | Drift Ratio: 6513.87
    r_eff=1959/2048 (95.7%)  e_src: 1.205e+01 | e_L: 1.205e+01 | e_R: 1.205e+01 | e_tgt: 1.667e-03
Lang_L12.mlp.up_proj  Stage1->Stage2  | Spec: 3.9e-05 | Baseline_RelErr: 3.4e-03 | InnerRel: 2.9e-03 | AmbRel: 3.9e-05
    Baseline MSE: 7.6e-09 | Inner MSE: 5.6e-09 | Ambient MSE: 9.9e-13 | Drift Ratio: 5684.89
    r_eff=1959/2048 (95.7%)  e_src: 1.206e+01 | e_L: 1.206e+01 | e_R: 1.205e+01 | e_tgt: 4.715e-03
Lang_L12.mlp.up_proj  Base->Stage2    | Spec: 4.1e-05 | Baseline_RelErr: 3.6e-03 | InnerRel: 3.0e-03 | AmbRel: 4.1e-05
    Baseline MSE: 8.2e-09 | Inner MSE: 6.0e-09 | Ambient MSE: 1.1e-12 | Drift Ratio: 5572.93
    r_eff=1959/2048 (95.7%)  e_src: 1.206e+01 | e_L: 1.206e+01 | e_R: 1.205e+01 | e_tgt: 4.923e-03
Processing Lang_L12.mlp.down_proj...
Lang_L12.mlp.down_proj  Base->Stage1    | Spec: 1.4e-05 | Baseline_RelErr: 1.3e-03 | InnerRel: 1.2e-03 | AmbRel: 1.4e-05
    Baseline MSE: 1.1e-09 | Inner MSE: 8.5e-10 | Ambient MSE: 1.2e-13 | Drift Ratio: 6937.55
    r_eff=1948/2048 (95.1%)  e_src: 1.177e+01 | e_L: 1.177e+01 | e_R: 1.177e+01 | e_tgt: 1.657e-03
Lang_L12.mlp.down_proj  Stage1->Stage2  | Spec: 3.7e-05 | Baseline_RelErr: 3.5e-03 | InnerRel: 3.0e-03 | AmbRel: 3.7e-05
    Baseline MSE: 7.5e-09 | Inner MSE: 5.7e-09 | Ambient MSE: 8.7e-13 | Drift Ratio: 6522.52
    r_eff=1948/2048 (95.1%)  e_src: 1.178e+01 | e_L: 1.177e+01 | e_R: 1.178e+01 | e_tgt: 4.431e-03
Lang_L12.mlp.down_proj  Base->Stage2    | Spec: 4.0e-05 | Baseline_RelErr: 3.6e-03 | InnerRel: 3.1e-03 | AmbRel: 4.0e-05
    Baseline MSE: 8.1e-09 | Inner MSE: 6.1e-09 | Ambient MSE: 9.8e-13 | Drift Ratio: 6240.43
    r_eff=1948/2048 (95.1%)  e_src: 1.178e+01 | e_L: 1.177e+01 | e_R: 1.178e+01 | e_tgt: 4.698e-03
Processing Lang_L13.self_attn.q_proj...
Lang_L13.self_attn.q_proj  Base->Stage1    | Spec: 2.8e-05 | Baseline_RelErr: 1.2e-03 | InnerRel: 2.8e-05 | AmbRel: 2.8e-05
    Baseline MSE: 1.3e-09 | Inner MSE: 6.2e-13 | Ambient MSE: 6.2e-13 | Drift Ratio: 1.00
    r_eff=1395/2048 (68.1%)  e_src: 5.858e+00 | e_L: 5.858e+00 | e_R: 5.858e+00 | e_tgt: 1.614e-03
Lang_L13.self_attn.q_proj  Stage1->Stage2  | Spec: 7.7e-05 | Baseline_RelErr: 3.3e-03 | InnerRel: 7.7e-05 | AmbRel: 7.7e-05
    Baseline MSE: 9.2e-09 | Inner MSE: 4.9e-12 | Ambient MSE: 4.9e-12 | Drift Ratio: 1.00
    r_eff=1395/2048 (68.1%)  e_src: 5.860e+00 | e_L: 5.859e+00 | e_R: 5.859e+00 | e_tgt: 4.545e-03
Lang_L13.self_attn.q_proj  Base->Stage2    | Spec: 8.2e-05 | Baseline_RelErr: 3.5e-03 | InnerRel: 8.2e-05 | AmbRel: 8.2e-05
    Baseline MSE: 9.9e-09 | Inner MSE: 5.6e-12 | Ambient MSE: 5.6e-12 | Drift Ratio: 1.00
    r_eff=1395/2048 (68.1%)  e_src: 5.860e+00 | e_L: 5.859e+00 | e_R: 5.859e+00 | e_tgt: 4.833e-03
Processing Lang_L13.self_attn.k_proj...
Lang_L13.self_attn.k_proj  Base->Stage1    | Spec: 2.8e-05 | Baseline_RelErr: 1.0e-03 | InnerRel: 9.3e-04 | AmbRel: 2.8e-05
    Baseline MSE: 1.2e-09 | Inner MSE: 9.9e-10 | Ambient MSE: 9.1e-13 | Drift Ratio: 1092.31
    r_eff=223/256 (87.1%)  e_src: 2.435e+00 | e_L: 2.435e+00 | e_R: 2.435e+00 | e_tgt: 6.900e-04
Lang_L13.self_attn.k_proj  Stage1->Stage2  | Spec: 7.3e-05 | Baseline_RelErr: 2.8e-03 | InnerRel: 2.5e-03 | AmbRel: 7.3e-05
    Baseline MSE: 9.2e-09 | Inner MSE: 7.5e-09 | Ambient MSE: 6.1e-12 | Drift Ratio: 1213.69
    r_eff=223/256 (87.1%)  e_src: 2.436e+00 | e_L: 2.435e+00 | e_R: 2.436e+00 | e_tgt: 1.795e-03
Lang_L13.self_attn.k_proj  Base->Stage2    | Spec: 8.1e-05 | Baseline_RelErr: 2.9e-03 | InnerRel: 2.6e-03 | AmbRel: 8.1e-05
    Baseline MSE: 9.9e-09 | Inner MSE: 8.0e-09 | Ambient MSE: 7.6e-12 | Drift Ratio: 1051.49
    r_eff=223/256 (87.1%)  e_src: 2.436e+00 | e_L: 2.435e+00 | e_R: 2.436e+00 | e_tgt: 1.991e-03
Processing Lang_L13.self_attn.v_proj...
Lang_L13.self_attn.v_proj  Base->Stage1    | Spec: 3.6e-05 | Baseline_RelErr: 1.5e-03 | InnerRel: 1.4e-03 | AmbRel: 3.6e-05
    Baseline MSE: 1.2e-09 | Inner MSE: 1.0e-09 | Ambient MSE: 6.4e-13 | Drift Ratio: 1551.43
    r_eff=244/256 (95.3%)  e_src: 1.587e+00 | e_L: 1.587e+00 | e_R: 1.587e+00 | e_tgt: 5.813e-04
Lang_L13.self_attn.v_proj  Stage1->Stage2  | Spec: 9.5e-05 | Baseline_RelErr: 3.9e-03 | InnerRel: 3.6e-03 | AmbRel: 9.5e-05
    Baseline MSE: 7.9e-09 | Inner MSE: 6.6e-09 | Ambient MSE: 4.6e-12 | Drift Ratio: 1424.76
    r_eff=244/256 (95.3%)  e_src: 1.588e+00 | e_L: 1.587e+00 | e_R: 1.588e+00 | e_tgt: 1.557e-03
Lang_L13.self_attn.v_proj  Base->Stage2    | Spec: 9.5e-05 | Baseline_RelErr: 4.1e-03 | InnerRel: 3.8e-03 | AmbRel: 9.5e-05
    Baseline MSE: 8.6e-09 | Inner MSE: 7.2e-09 | Ambient MSE: 4.6e-12 | Drift Ratio: 1553.08
    r_eff=244/256 (95.3%)  e_src: 1.588e+00 | e_L: 1.587e+00 | e_R: 1.588e+00 | e_tgt: 1.555e-03
Processing Lang_L13.self_attn.o_proj...
Lang_L13.self_attn.o_proj  Base->Stage1    | Spec: 3.1e-05 | Baseline_RelErr: 1.4e-03 | InnerRel: 3.1e-05 | AmbRel: 3.1e-05
    Baseline MSE: 1.2e-09 | Inner MSE: 5.6e-13 | Ambient MSE: 5.6e-13 | Drift Ratio: 1.00
    r_eff=1453/2048 (70.9%)  e_src: 4.881e+00 | e_L: 4.881e+00 | e_R: 4.881e+00 | e_tgt: 1.532e-03
Lang_L13.self_attn.o_proj  Stage1->Stage2  | Spec: 7.9e-05 | Baseline_RelErr: 3.7e-03 | InnerRel: 7.9e-05 | AmbRel: 7.9e-05
    Baseline MSE: 7.6e-09 | Inner MSE: 3.5e-12 | Ambient MSE: 3.5e-12 | Drift Ratio: 1.00
    r_eff=1453/2048 (70.9%)  e_src: 4.882e+00 | e_L: 4.882e+00 | e_R: 4.882e+00 | e_tgt: 3.846e-03
Lang_L13.self_attn.o_proj  Base->Stage2    | Spec: 8.3e-05 | Baseline_RelErr: 3.8e-03 | InnerRel: 8.3e-05 | AmbRel: 8.3e-05
    Baseline MSE: 8.3e-09 | Inner MSE: 3.9e-12 | Ambient MSE: 3.9e-12 | Drift Ratio: 1.00
    r_eff=1453/2048 (70.9%)  e_src: 4.882e+00 | e_L: 4.882e+00 | e_R: 4.882e+00 | e_tgt: 4.040e-03
Processing Lang_L13.mlp.gate_proj...
Lang_L13.mlp.gate_proj  Base->Stage1    | Spec: 1.2e-05 | Baseline_RelErr: 1.2e-03 | InnerRel: 1.1e-03 | AmbRel: 1.2e-05
    Baseline MSE: 1.2e-09 | Inner MSE: 9.4e-10 | Ambient MSE: 1.1e-13 | Drift Ratio: 8798.14
    r_eff=1962/2048 (95.8%)  e_src: 1.297e+01 | e_L: 1.297e+01 | e_R: 1.297e+01 | e_tgt: 1.551e-03
Lang_L13.mlp.gate_proj  Stage1->Stage2  | Spec: 3.4e-05 | Baseline_RelErr: 3.4e-03 | InnerRel: 3.1e-03 | AmbRel: 3.4e-05
    Baseline MSE: 8.7e-09 | Inner MSE: 7.1e-09 | Ambient MSE: 8.4e-13 | Drift Ratio: 8437.71
    r_eff=1962/2048 (95.8%)  e_src: 1.297e+01 | e_L: 1.297e+01 | e_R: 1.297e+01 | e_tgt: 4.345e-03
Lang_L13.mlp.gate_proj  Base->Stage2    | Spec: 3.5e-05 | Baseline_RelErr: 3.5e-03 | InnerRel: 3.2e-03 | AmbRel: 3.5e-05
    Baseline MSE: 9.4e-09 | Inner MSE: 7.6e-09 | Ambient MSE: 8.9e-13 | Drift Ratio: 8559.07
    r_eff=1962/2048 (95.8%)  e_src: 1.297e+01 | e_L: 1.297e+01 | e_R: 1.297e+01 | e_tgt: 4.477e-03
Processing Lang_L13.mlp.up_proj...
Lang_L13.mlp.up_proj  Base->Stage1    | Spec: 1.3e-05 | Baseline_RelErr: 1.2e-03 | InnerRel: 1.1e-03 | AmbRel: 1.3e-05
    Baseline MSE: 1.1e-09 | Inner MSE: 8.8e-10 | Ambient MSE: 1.1e-13 | Drift Ratio: 7651.96
    r_eff=1966/2048 (96.0%)  e_src: 1.268e+01 | e_L: 1.268e+01 | e_R: 1.268e+01 | e_tgt: 1.609e-03
Lang_L13.mlp.up_proj  Stage1->Stage2  | Spec: 3.4e-05 | Baseline_RelErr: 3.3e-03 | InnerRel: 2.9e-03 | AmbRel: 3.4e-05
    Baseline MSE: 8.0e-09 | Inner MSE: 6.2e-09 | Ambient MSE: 8.2e-13 | Drift Ratio: 7581.36
    r_eff=1966/2048 (96.0%)  e_src: 1.269e+01 | e_L: 1.269e+01 | e_R: 1.268e+01 | e_tgt: 4.303e-03
Lang_L13.mlp.up_proj  Base->Stage2    | Spec: 3.5e-05 | Baseline_RelErr: 3.5e-03 | InnerRel: 3.0e-03 | AmbRel: 3.5e-05
    Baseline MSE: 8.7e-09 | Inner MSE: 6.7e-09 | Ambient MSE: 9.0e-13 | Drift Ratio: 7461.25
    r_eff=1966/2048 (96.0%)  e_src: 1.269e+01 | e_L: 1.269e+01 | e_R: 1.268e+01 | e_tgt: 4.493e-03
Processing Lang_L13.mlp.down_proj...
Lang_L13.mlp.down_proj  Base->Stage1    | Spec: 1.3e-05 | Baseline_RelErr: 1.3e-03 | InnerRel: 1.1e-03 | AmbRel: 1.3e-05
    Baseline MSE: 1.1e-09 | Inner MSE: 9.0e-10 | Ambient MSE: 1.2e-13 | Drift Ratio: 7563.65
    r_eff=1955/2048 (95.5%)  e_src: 1.255e+01 | e_L: 1.255e+01 | e_R: 1.255e+01 | e_tgt: 1.640e-03
Lang_L13.mlp.down_proj  Stage1->Stage2  | Spec: 3.5e-05 | Baseline_RelErr: 3.4e-03 | InnerRel: 3.0e-03 | AmbRel: 3.5e-05
    Baseline MSE: 8.0e-09 | Inner MSE: 6.3e-09 | Ambient MSE: 8.4e-13 | Drift Ratio: 7476.17
    r_eff=1955/2048 (95.5%)  e_src: 1.256e+01 | e_L: 1.255e+01 | e_R: 1.256e+01 | e_tgt: 4.350e-03
Lang_L13.mlp.down_proj  Base->Stage2    | Spec: 3.6e-05 | Baseline_RelErr: 3.5e-03 | InnerRel: 3.1e-03 | AmbRel: 3.6e-05
    Baseline MSE: 8.7e-09 | Inner MSE: 6.8e-09 | Ambient MSE: 9.0e-13 | Drift Ratio: 7491.53
    r_eff=1955/2048 (95.5%)  e_src: 1.256e+01 | e_L: 1.255e+01 | e_R: 1.256e+01 | e_tgt: 4.509e-03
Processing Lang_L14.self_attn.q_proj...
Lang_L14.self_attn.q_proj  Base->Stage1    | Spec: 2.6e-05 | Baseline_RelErr: 1.2e-03 | InnerRel: 2.6e-05 | AmbRel: 2.6e-05
    Baseline MSE: 1.1e-09 | Inner MSE: 5.5e-13 | Ambient MSE: 5.5e-13 | Drift Ratio: 1.00
    r_eff=1433/2048 (70.0%)  e_src: 5.829e+00 | e_L: 5.829e+00 | e_R: 5.829e+00 | e_tgt: 1.514e-03
Lang_L14.self_attn.q_proj  Stage1->Stage2  | Spec: 7.2e-05 | Baseline_RelErr: 3.3e-03 | InnerRel: 7.2e-05 | AmbRel: 7.2e-05
    Baseline MSE: 8.7e-09 | Inner MSE: 4.2e-12 | Ambient MSE: 4.2e-12 | Drift Ratio: 1.00
    r_eff=1433/2048 (70.0%)  e_src: 5.830e+00 | e_L: 5.830e+00 | e_R: 5.830e+00 | e_tgt: 4.193e-03
Lang_L14.self_attn.q_proj  Base->Stage2    | Spec: 7.4e-05 | Baseline_RelErr: 3.4e-03 | InnerRel: 7.4e-05 | AmbRel: 7.4e-05
    Baseline MSE: 9.3e-09 | Inner MSE: 4.5e-12 | Ambient MSE: 4.5e-12 | Drift Ratio: 1.00
    r_eff=1433/2048 (70.0%)  e_src: 5.830e+00 | e_L: 5.830e+00 | e_R: 5.830e+00 | e_tgt: 4.337e-03
Processing Lang_L14.self_attn.k_proj...
Lang_L14.self_attn.k_proj  Base->Stage1    | Spec: 2.5e-05 | Baseline_RelErr: 1.0e-03 | InnerRel: 9.2e-04 | AmbRel: 2.5e-05
    Baseline MSE: 1.1e-09 | Inner MSE: 8.9e-10 | Ambient MSE: 6.6e-13 | Drift Ratio: 1346.02
    r_eff=232/256 (90.6%)  e_src: 2.306e+00 | e_L: 2.306e+00 | e_R: 2.306e+00 | e_tgt: 5.901e-04
Lang_L14.self_attn.k_proj  Stage1->Stage2  | Spec: 8.3e-05 | Baseline_RelErr: 2.8e-03 | InnerRel: 2.5e-03 | AmbRel: 8.3e-05
    Baseline MSE: 8.4e-09 | Inner MSE: 6.8e-09 | Ambient MSE: 7.2e-12 | Drift Ratio: 933.46
    r_eff=232/256 (90.6%)  e_src: 2.307e+00 | e_L: 2.306e+00 | e_R: 2.307e+00 | e_tgt: 1.949e-03
Lang_L14.self_attn.k_proj  Base->Stage2    | Spec: 8.5e-05 | Baseline_RelErr: 2.9e-03 | InnerRel: 2.6e-03 | AmbRel: 8.5e-05
    Baseline MSE: 9.0e-09 | Inner MSE: 7.2e-09 | Ambient MSE: 7.6e-12 | Drift Ratio: 949.78
    r_eff=232/256 (90.6%)  e_src: 2.307e+00 | e_L: 2.306e+00 | e_R: 2.307e+00 | e_tgt: 1.995e-03
Processing Lang_L14.self_attn.v_proj...
Lang_L14.self_attn.v_proj  Base->Stage1    | Spec: 3.5e-05 | Baseline_RelErr: 1.4e-03 | InnerRel: 1.3e-03 | AmbRel: 3.5e-05
    Baseline MSE: 1.2e-09 | Inner MSE: 1.0e-09 | Ambient MSE: 7.5e-13 | Drift Ratio: 1334.24
    r_eff=250/256 (97.7%)  e_src: 1.763e+00 | e_L: 1.763e+00 | e_R: 1.763e+00 | e_tgt: 6.259e-04
Lang_L14.self_attn.v_proj  Stage1->Stage2  | Spec: 9.5e-05 | Baseline_RelErr: 3.5e-03 | InnerRel: 3.1e-03 | AmbRel: 9.5e-05
    Baseline MSE: 7.6e-09 | Inner MSE: 6.1e-09 | Ambient MSE: 5.7e-12 | Drift Ratio: 1083.56
    r_eff=250/256 (97.7%)  e_src: 1.764e+00 | e_L: 1.763e+00 | e_R: 1.764e+00 | e_tgt: 1.724e-03
Lang_L14.self_attn.v_proj  Base->Stage2    | Spec: 1.0e-04 | Baseline_RelErr: 3.6e-03 | InnerRel: 3.3e-03 | AmbRel: 1.0e-04
    Baseline MSE: 8.3e-09 | Inner MSE: 6.7e-09 | Ambient MSE: 6.6e-12 | Drift Ratio: 1010.35
    r_eff=250/256 (97.7%)  e_src: 1.764e+00 | e_L: 1.763e+00 | e_R: 1.764e+00 | e_tgt: 1.859e-03
Processing Lang_L14.self_attn.o_proj...
Lang_L14.self_attn.o_proj  Base->Stage1    | Spec: 3.0e-05 | Baseline_RelErr: 1.4e-03 | InnerRel: 3.0e-05 | AmbRel: 3.0e-05
    Baseline MSE: 1.2e-09 | Inner MSE: 5.8e-13 | Ambient MSE: 5.8e-13 | Drift Ratio: 1.00
    r_eff=1427/2048 (69.7%)  e_src: 5.109e+00 | e_L: 5.109e+00 | e_R: 5.109e+00 | e_tgt: 1.559e-03
Lang_L14.self_attn.o_proj  Stage1->Stage2  | Spec: 7.5e-05 | Baseline_RelErr: 3.4e-03 | InnerRel: 7.5e-05 | AmbRel: 7.5e-05
    Baseline MSE: 7.4e-09 | Inner MSE: 3.5e-12 | Ambient MSE: 3.5e-12 | Drift Ratio: 1.00
    r_eff=1427/2048 (69.7%)  e_src: 5.110e+00 | e_L: 5.110e+00 | e_R: 5.110e+00 | e_tgt: 3.852e-03
Lang_L14.self_attn.o_proj  Base->Stage2    | Spec: 7.9e-05 | Baseline_RelErr: 3.6e-03 | InnerRel: 7.9e-05 | AmbRel: 7.9e-05
    Baseline MSE: 8.1e-09 | Inner MSE: 3.9e-12 | Ambient MSE: 3.9e-12 | Drift Ratio: 1.00
    r_eff=1427/2048 (69.7%)  e_src: 5.110e+00 | e_L: 5.110e+00 | e_R: 5.110e+00 | e_tgt: 4.042e-03
Processing Lang_L14.mlp.gate_proj...
Lang_L14.mlp.gate_proj  Base->Stage1    | Spec: 1.2e-05 | Baseline_RelErr: 1.3e-03 | InnerRel: 1.1e-03 | AmbRel: 1.2e-05
    Baseline MSE: 1.2e-09 | Inner MSE: 9.9e-10 | Ambient MSE: 1.1e-13 | Drift Ratio: 8947.20
    r_eff=1961/2048 (95.8%)  e_src: 1.301e+01 | e_L: 1.301e+01 | e_R: 1.301e+01 | e_tgt: 1.580e-03
Lang_L14.mlp.gate_proj  Stage1->Stage2  | Spec: 3.2e-05 | Baseline_RelErr: 3.4e-03 | InnerRel: 3.1e-03 | AmbRel: 3.2e-05
    Baseline MSE: 8.8e-09 | Inner MSE: 7.1e-09 | Ambient MSE: 7.9e-13 | Drift Ratio: 9040.19
    r_eff=1961/2048 (95.8%)  e_src: 1.302e+01 | e_L: 1.302e+01 | e_R: 1.301e+01 | e_tgt: 4.217e-03
Lang_L14.mlp.gate_proj  Base->Stage2    | Spec: 3.3e-05 | Baseline_RelErr: 3.5e-03 | InnerRel: 3.2e-03 | AmbRel: 3.3e-05
    Baseline MSE: 9.5e-09 | Inner MSE: 7.7e-09 | Ambient MSE: 8.4e-13 | Drift Ratio: 9155.06
    r_eff=1961/2048 (95.8%)  e_src: 1.302e+01 | e_L: 1.302e+01 | e_R: 1.301e+01 | e_tgt: 4.354e-03
Processing Lang_L14.mlp.up_proj...
Lang_L14.mlp.up_proj  Base->Stage1    | Spec: 1.3e-05 | Baseline_RelErr: 1.3e-03 | InnerRel: 1.1e-03 | AmbRel: 1.3e-05
    Baseline MSE: 1.2e-09 | Inner MSE: 9.3e-10 | Ambient MSE: 1.2e-13 | Drift Ratio: 7491.36
    r_eff=1965/2048 (95.9%)  e_src: 1.266e+01 | e_L: 1.266e+01 | e_R: 1.266e+01 | e_tgt: 1.669e-03
Lang_L14.mlp.up_proj  Stage1->Stage2  | Spec: 3.7e-05 | Baseline_RelErr: 3.4e-03 | InnerRel: 2.9e-03 | AmbRel: 3.7e-05
    Baseline MSE: 8.1e-09 | Inner MSE: 6.2e-09 | Ambient MSE: 9.6e-13 | Drift Ratio: 6480.73
    r_eff=1965/2048 (95.9%)  e_src: 1.267e+01 | e_L: 1.267e+01 | e_R: 1.266e+01 | e_tgt: 4.645e-03
Lang_L14.mlp.up_proj  Base->Stage2    | Spec: 3.8e-05 | Baseline_RelErr: 3.5e-03 | InnerRel: 3.1e-03 | AmbRel: 3.8e-05
    Baseline MSE: 8.8e-09 | Inner MSE: 6.7e-09 | Ambient MSE: 1.0e-12 | Drift Ratio: 6412.23
    r_eff=1965/2048 (95.9%)  e_src: 1.267e+01 | e_L: 1.267e+01 | e_R: 1.266e+01 | e_tgt: 4.843e-03
Processing Lang_L14.mlp.down_proj...
Lang_L14.mlp.down_proj  Base->Stage1    | Spec: 1.4e-05 | Baseline_RelErr: 1.3e-03 | InnerRel: 1.2e-03 | AmbRel: 1.4e-05
    Baseline MSE: 1.2e-09 | Inner MSE: 9.4e-10 | Ambient MSE: 1.3e-13 | Drift Ratio: 7408.53
    r_eff=1957/2048 (95.6%)  e_src: 1.241e+01 | e_L: 1.241e+01 | e_R: 1.241e+01 | e_tgt: 1.692e-03
Lang_L14.mlp.down_proj  Stage1->Stage2  | Spec: 3.6e-05 | Baseline_RelErr: 3.4e-03 | InnerRel: 3.0e-03 | AmbRel: 3.6e-05
    Baseline MSE: 8.0e-09 | Inner MSE: 6.2e-09 | Ambient MSE: 9.1e-13 | Drift Ratio: 6763.91
    r_eff=1957/2048 (95.6%)  e_src: 1.242e+01 | e_L: 1.241e+01 | e_R: 1.242e+01 | e_tgt: 4.536e-03
Lang_L14.mlp.down_proj  Base->Stage2    | Spec: 3.8e-05 | Baseline_RelErr: 3.6e-03 | InnerRel: 3.1e-03 | AmbRel: 3.8e-05
    Baseline MSE: 8.7e-09 | Inner MSE: 6.7e-09 | Ambient MSE: 9.8e-13 | Drift Ratio: 6775.08
    r_eff=1957/2048 (95.6%)  e_src: 1.242e+01 | e_L: 1.241e+01 | e_R: 1.242e+01 | e_tgt: 4.709e-03
Processing Lang_L15.self_attn.q_proj...
Lang_L15.self_attn.q_proj  Base->Stage1    | Spec: 2.9e-05 | Baseline_RelErr: 1.3e-03 | InnerRel: 2.9e-05 | AmbRel: 2.9e-05
    Baseline MSE: 1.3e-09 | Inner MSE: 6.5e-13 | Ambient MSE: 6.5e-13 | Drift Ratio: 1.00
    r_eff=1382/2048 (67.5%)  e_src: 5.776e+00 | e_L: 5.776e+00 | e_R: 5.776e+00 | e_tgt: 1.648e-03
Lang_L15.self_attn.q_proj  Stage1->Stage2  | Spec: 7.2e-05 | Baseline_RelErr: 3.3e-03 | InnerRel: 7.2e-05 | AmbRel: 7.2e-05
    Baseline MSE: 8.7e-09 | Inner MSE: 4.1e-12 | Ambient MSE: 4.1e-12 | Drift Ratio: 1.00
    r_eff=1382/2048 (67.5%)  e_src: 5.778e+00 | e_L: 5.777e+00 | e_R: 5.777e+00 | e_tgt: 4.140e-03
Lang_L15.self_attn.q_proj  Base->Stage2    | Spec: 7.5e-05 | Baseline_RelErr: 3.4e-03 | InnerRel: 7.5e-05 | AmbRel: 7.5e-05
    Baseline MSE: 9.5e-09 | Inner MSE: 4.5e-12 | Ambient MSE: 4.5e-12 | Drift Ratio: 1.00
    r_eff=1382/2048 (67.5%)  e_src: 5.778e+00 | e_L: 5.777e+00 | e_R: 5.777e+00 | e_tgt: 4.338e-03
Processing Lang_L15.self_attn.k_proj...
Lang_L15.self_attn.k_proj  Base->Stage1    | Spec: 3.2e-05 | Baseline_RelErr: 1.1e-03 | InnerRel: 1.0e-03 | AmbRel: 3.2e-05
    Baseline MSE: 1.3e-09 | Inner MSE: 1.0e-09 | Ambient MSE: 1.0e-12 | Drift Ratio: 1015.46
    r_eff=224/256 (87.5%)  e_src: 2.249e+00 | e_L: 2.249e+00 | e_R: 2.249e+00 | e_tgt: 7.239e-04
Lang_L15.self_attn.k_proj  Stage1->Stage2  | Spec: 7.6e-05 | Baseline_RelErr: 3.0e-03 | InnerRel: 2.6e-03 | AmbRel: 7.6e-05
    Baseline MSE: 8.5e-09 | Inner MSE: 6.8e-09 | Ambient MSE: 5.7e-12 | Drift Ratio: 1207.83
    r_eff=224/256 (87.5%)  e_src: 2.250e+00 | e_L: 2.249e+00 | e_R: 2.250e+00 | e_tgt: 1.722e-03
Lang_L15.self_attn.k_proj  Base->Stage2    | Spec: 8.1e-05 | Baseline_RelErr: 3.1e-03 | InnerRel: 2.7e-03 | AmbRel: 8.1e-05
    Baseline MSE: 9.2e-09 | Inner MSE: 7.3e-09 | Ambient MSE: 6.5e-12 | Drift Ratio: 1133.01
    r_eff=224/256 (87.5%)  e_src: 2.250e+00 | e_L: 2.249e+00 | e_R: 2.250e+00 | e_tgt: 1.839e-03
Processing Lang_L15.self_attn.v_proj...
Lang_L15.self_attn.v_proj  Base->Stage1    | Spec: 4.1e-05 | Baseline_RelErr: 1.5e-03 | InnerRel: 1.3e-03 | AmbRel: 4.1e-05
    Baseline MSE: 1.3e-09 | Inner MSE: 1.0e-09 | Ambient MSE: 1.0e-12 | Drift Ratio: 1029.80
    r_eff=247/256 (96.5%)  e_src: 1.698e+00 | e_L: 1.698e+00 | e_R: 1.698e+00 | e_tgt: 7.296e-04
Lang_L15.self_attn.v_proj  Stage1->Stage2  | Spec: 1.0e-04 | Baseline_RelErr: 3.6e-03 | InnerRel: 3.3e-03 | AmbRel: 1.0e-04
    Baseline MSE: 7.9e-09 | Inner MSE: 6.3e-09 | Ambient MSE: 6.1e-12 | Drift Ratio: 1027.44
    r_eff=247/256 (96.5%)  e_src: 1.699e+00 | e_L: 1.698e+00 | e_R: 1.699e+00 | e_tgt: 1.790e-03
Lang_L15.self_attn.v_proj  Base->Stage2    | Spec: 1.1e-04 | Baseline_RelErr: 3.8e-03 | InnerRel: 3.4e-03 | AmbRel: 1.1e-04
    Baseline MSE: 8.7e-09 | Inner MSE: 6.8e-09 | Ambient MSE: 6.9e-12 | Drift Ratio: 987.63
    r_eff=247/256 (96.5%)  e_src: 1.699e+00 | e_L: 1.698e+00 | e_R: 1.699e+00 | e_tgt: 1.903e-03
Processing Lang_L15.self_attn.o_proj...
Lang_L15.self_attn.o_proj  Base->Stage1    | Spec: 3.1e-05 | Baseline_RelErr: 1.4e-03 | InnerRel: 3.1e-05 | AmbRel: 3.1e-05
    Baseline MSE: 1.2e-09 | Inner MSE: 5.8e-13 | Ambient MSE: 5.8e-13 | Drift Ratio: 1.00
    r_eff=1427/2048 (69.7%)  e_src: 5.024e+00 | e_L: 5.024e+00 | e_R: 5.024e+00 | e_tgt: 1.559e-03
Lang_L15.self_attn.o_proj  Stage1->Stage2  | Spec: 7.5e-05 | Baseline_RelErr: 3.5e-03 | InnerRel: 7.5e-05 | AmbRel: 7.5e-05
    Baseline MSE: 7.4e-09 | Inner MSE: 3.4e-12 | Ambient MSE: 3.4e-12 | Drift Ratio: 1.00
    r_eff=1427/2048 (69.7%)  e_src: 5.025e+00 | e_L: 5.025e+00 | e_R: 5.025e+00 | e_tgt: 3.772e-03
Lang_L15.self_attn.o_proj  Base->Stage2    | Spec: 7.8e-05 | Baseline_RelErr: 3.7e-03 | InnerRel: 7.8e-05 | AmbRel: 7.8e-05
    Baseline MSE: 8.1e-09 | Inner MSE: 3.7e-12 | Ambient MSE: 3.7e-12 | Drift Ratio: 1.00
    r_eff=1427/2048 (69.7%)  e_src: 5.025e+00 | e_L: 5.025e+00 | e_R: 5.025e+00 | e_tgt: 3.936e-03
Processing Lang_L15.mlp.gate_proj...
Lang_L15.mlp.gate_proj  Base->Stage1    | Spec: 1.3e-05 | Baseline_RelErr: 1.4e-03 | InnerRel: 1.2e-03 | AmbRel: 1.3e-05
    Baseline MSE: 1.3e-09 | Inner MSE: 1.1e-09 | Ambient MSE: 1.2e-13 | Drift Ratio: 9174.98
    r_eff=1965/2048 (95.9%)  e_src: 1.257e+01 | e_L: 1.257e+01 | e_R: 1.257e+01 | e_tgt: 1.615e-03
Lang_L15.mlp.gate_proj  Stage1->Stage2  | Spec: 3.3e-05 | Baseline_RelErr: 3.6e-03 | InnerRel: 3.2e-03 | AmbRel: 3.3e-05
    Baseline MSE: 8.9e-09 | Inner MSE: 7.2e-09 | Ambient MSE: 7.8e-13 | Drift Ratio: 9322.23
    r_eff=1965/2048 (95.9%)  e_src: 1.257e+01 | e_L: 1.257e+01 | e_R: 1.257e+01 | e_tgt: 4.187e-03
Lang_L15.mlp.gate_proj  Base->Stage2    | Spec: 3.5e-05 | Baseline_RelErr: 3.7e-03 | InnerRel: 3.3e-03 | AmbRel: 3.5e-05
    Baseline MSE: 9.7e-09 | Inner MSE: 7.9e-09 | Ambient MSE: 8.5e-13 | Drift Ratio: 9246.35
    r_eff=1965/2048 (95.9%)  e_src: 1.257e+01 | e_L: 1.257e+01 | e_R: 1.257e+01 | e_tgt: 4.379e-03
Processing Lang_L15.mlp.up_proj...
Lang_L15.mlp.up_proj  Base->Stage1    | Spec: 1.3e-05 | Baseline_RelErr: 1.3e-03 | InnerRel: 1.1e-03 | AmbRel: 1.3e-05
    Baseline MSE: 1.2e-09 | Inner MSE: 9.7e-10 | Ambient MSE: 1.3e-13 | Drift Ratio: 7317.14
    r_eff=1964/2048 (95.9%)  e_src: 1.287e+01 | e_L: 1.287e+01 | e_R: 1.287e+01 | e_tgt: 1.725e-03
Lang_L15.mlp.up_proj  Stage1->Stage2  | Spec: 3.5e-05 | Baseline_RelErr: 3.4e-03 | InnerRel: 3.0e-03 | AmbRel: 3.5e-05
    Baseline MSE: 8.4e-09 | Inner MSE: 6.5e-09 | Ambient MSE: 9.2e-13 | Drift Ratio: 7094.18
    r_eff=1964/2048 (95.9%)  e_src: 1.288e+01 | e_L: 1.288e+01 | e_R: 1.287e+01 | e_tgt: 4.561e-03
Lang_L15.mlp.up_proj  Base->Stage2    | Spec: 3.7e-05 | Baseline_RelErr: 3.5e-03 | InnerRel: 3.1e-03 | AmbRel: 3.7e-05
    Baseline MSE: 9.1e-09 | Inner MSE: 7.1e-09 | Ambient MSE: 1.0e-12 | Drift Ratio: 6974.08
    r_eff=1964/2048 (95.9%)  e_src: 1.288e+01 | e_L: 1.288e+01 | e_R: 1.287e+01 | e_tgt: 4.779e-03
Processing Lang_L15.mlp.down_proj...
Lang_L15.mlp.down_proj  Base->Stage1    | Spec: 1.3e-05 | Baseline_RelErr: 1.3e-03 | InnerRel: 1.2e-03 | AmbRel: 1.3e-05
    Baseline MSE: 1.2e-09 | Inner MSE: 9.8e-10 | Ambient MSE: 1.2e-13 | Drift Ratio: 7984.98
    r_eff=1961/2048 (95.8%)  e_src: 1.258e+01 | e_L: 1.258e+01 | e_R: 1.258e+01 | e_tgt: 1.660e-03
Lang_L15.mlp.down_proj  Stage1->Stage2  | Spec: 3.5e-05 | Baseline_RelErr: 3.4e-03 | InnerRel: 3.0e-03 | AmbRel: 3.5e-05
    Baseline MSE: 8.2e-09 | Inner MSE: 6.4e-09 | Ambient MSE: 8.5e-13 | Drift Ratio: 7606.83
    r_eff=1961/2048 (95.8%)  e_src: 1.259e+01 | e_L: 1.258e+01 | e_R: 1.259e+01 | e_tgt: 4.365e-03
Lang_L15.mlp.down_proj  Base->Stage2    | Spec: 3.6e-05 | Baseline_RelErr: 3.6e-03 | InnerRel: 3.1e-03 | AmbRel: 3.6e-05
    Baseline MSE: 8.9e-09 | Inner MSE: 7.0e-09 | Ambient MSE: 9.4e-13 | Drift Ratio: 7394.63
    r_eff=1961/2048 (95.8%)  e_src: 1.259e+01 | e_L: 1.258e+01 | e_R: 1.259e+01 | e_tgt: 4.605e-03
Processing Lang_L16.self_attn.q_proj...
Lang_L16.self_attn.q_proj  Base->Stage1    | Spec: 2.9e-05 | Baseline_RelErr: 1.3e-03 | InnerRel: 2.9e-05 | AmbRel: 2.9e-05
    Baseline MSE: 1.3e-09 | Inner MSE: 6.7e-13 | Ambient MSE: 6.7e-13 | Drift Ratio: 1.00
    r_eff=1439/2048 (70.3%)  e_src: 5.795e+00 | e_L: 5.795e+00 | e_R: 5.795e+00 | e_tgt: 1.682e-03
Lang_L16.self_attn.q_proj  Stage1->Stage2  | Spec: 7.9e-05 | Baseline_RelErr: 3.5e-03 | InnerRel: 7.9e-05 | AmbRel: 7.9e-05
    Baseline MSE: 9.8e-09 | Inner MSE: 5.1e-12 | Ambient MSE: 5.1e-12 | Drift Ratio: 1.00
    r_eff=1439/2048 (70.3%)  e_src: 5.796e+00 | e_L: 5.796e+00 | e_R: 5.795e+00 | e_tgt: 4.603e-03
Lang_L16.self_attn.q_proj  Base->Stage2    | Spec: 8.1e-05 | Baseline_RelErr: 3.6e-03 | InnerRel: 8.1e-05 | AmbRel: 8.1e-05
    Baseline MSE: 1.1e-08 | Inner MSE: 5.3e-12 | Ambient MSE: 5.3e-12 | Drift Ratio: 1.00
    r_eff=1439/2048 (70.3%)  e_src: 5.796e+00 | e_L: 5.796e+00 | e_R: 5.795e+00 | e_tgt: 4.721e-03
Processing Lang_L16.self_attn.k_proj...
Lang_L16.self_attn.k_proj  Base->Stage1    | Spec: 2.8e-05 | Baseline_RelErr: 1.1e-03 | InnerRel: 1.0e-03 | AmbRel: 2.8e-05
    Baseline MSE: 1.3e-09 | Inner MSE: 1.1e-09 | Ambient MSE: 7.6e-13 | Drift Ratio: 1398.20
    r_eff=228/256 (89.1%)  e_src: 2.270e+00 | e_L: 2.270e+00 | e_R: 2.270e+00 | e_tgt: 6.331e-04
Lang_L16.self_attn.k_proj  Stage1->Stage2  | Spec: 8.4e-05 | Baseline_RelErr: 3.0e-03 | InnerRel: 2.7e-03 | AmbRel: 8.4e-05
    Baseline MSE: 9.1e-09 | Inner MSE: 7.4e-09 | Ambient MSE: 7.0e-12 | Drift Ratio: 1065.11
    r_eff=228/256 (89.1%)  e_src: 2.271e+00 | e_L: 2.270e+00 | e_R: 2.271e+00 | e_tgt: 1.912e-03
Lang_L16.self_attn.k_proj  Base->Stage2    | Spec: 8.9e-05 | Baseline_RelErr: 3.1e-03 | InnerRel: 2.8e-03 | AmbRel: 8.9e-05
    Baseline MSE: 9.7e-09 | Inner MSE: 7.9e-09 | Ambient MSE: 7.7e-12 | Drift Ratio: 1020.38
    r_eff=228/256 (89.1%)  e_src: 2.271e+00 | e_L: 2.270e+00 | e_R: 2.271e+00 | e_tgt: 2.016e-03
Processing Lang_L16.self_attn.v_proj...
Lang_L16.self_attn.v_proj  Base->Stage1    | Spec: 3.7e-05 | Baseline_RelErr: 1.4e-03 | InnerRel: 1.3e-03 | AmbRel: 3.7e-05
    Baseline MSE: 1.3e-09 | Inner MSE: 1.1e-09 | Ambient MSE: 8.8e-13 | Drift Ratio: 1220.02
    r_eff=251/256 (98.0%)  e_src: 1.693e+00 | e_L: 1.693e+00 | e_R: 1.693e+00 | e_tgt: 6.776e-04
Lang_L16.self_attn.v_proj  Stage1->Stage2  | Spec: 9.7e-05 | Baseline_RelErr: 3.6e-03 | InnerRel: 3.2e-03 | AmbRel: 9.7e-05
    Baseline MSE: 8.1e-09 | Inner MSE: 6.5e-09 | Ambient MSE: 5.9e-12 | Drift Ratio: 1089.99
    r_eff=251/256 (98.0%)  e_src: 1.694e+00 | e_L: 1.693e+00 | e_R: 1.694e+00 | e_tgt: 1.765e-03
Lang_L16.self_attn.v_proj  Base->Stage2    | Spec: 1.0e-04 | Baseline_RelErr: 3.8e-03 | InnerRel: 3.3e-03 | AmbRel: 1.0e-04
    Baseline MSE: 8.9e-09 | Inner MSE: 7.0e-09 | Ambient MSE: 6.9e-12 | Drift Ratio: 1020.22
    r_eff=251/256 (98.0%)  e_src: 1.694e+00 | e_L: 1.693e+00 | e_R: 1.694e+00 | e_tgt: 1.901e-03
Processing Lang_L16.self_attn.o_proj...
Lang_L16.self_attn.o_proj  Base->Stage1    | Spec: 3.1e-05 | Baseline_RelErr: 1.4e-03 | InnerRel: 3.1e-05 | AmbRel: 3.1e-05
    Baseline MSE: 1.3e-09 | Inner MSE: 6.1e-13 | Ambient MSE: 6.1e-13 | Drift Ratio: 1.00
    r_eff=1463/2048 (71.4%)  e_src: 5.127e+00 | e_L: 5.127e+00 | e_R: 5.127e+00 | e_tgt: 1.596e-03
Lang_L16.self_attn.o_proj  Stage1->Stage2  | Spec: 8.2e-05 | Baseline_RelErr: 3.6e-03 | InnerRel: 8.2e-05 | AmbRel: 8.2e-05
    Baseline MSE: 8.3e-09 | Inner MSE: 4.2e-12 | Ambient MSE: 4.2e-12 | Drift Ratio: 1.00
    r_eff=1463/2048 (71.4%)  e_src: 5.129e+00 | e_L: 5.128e+00 | e_R: 5.128e+00 | e_tgt: 4.184e-03
Lang_L16.self_attn.o_proj  Base->Stage2    | Spec: 8.5e-05 | Baseline_RelErr: 3.8e-03 | InnerRel: 8.5e-05 | AmbRel: 8.5e-05
    Baseline MSE: 9.1e-09 | Inner MSE: 4.5e-12 | Ambient MSE: 4.5e-12 | Drift Ratio: 1.00
    r_eff=1463/2048 (71.4%)  e_src: 5.129e+00 | e_L: 5.128e+00 | e_R: 5.128e+00 | e_tgt: 4.364e-03
Processing Lang_L16.mlp.gate_proj...
Lang_L16.mlp.gate_proj  Base->Stage1    | Spec: 1.3e-05 | Baseline_RelErr: 1.3e-03 | InnerRel: 1.2e-03 | AmbRel: 1.3e-05
    Baseline MSE: 1.3e-09 | Inner MSE: 1.1e-09 | Ambient MSE: 1.2e-13 | Drift Ratio: 9058.34
    r_eff=1963/2048 (95.8%)  e_src: 1.280e+01 | e_L: 1.280e+01 | e_R: 1.280e+01 | e_tgt: 1.641e-03
Lang_L16.mlp.gate_proj  Stage1->Stage2  | Spec: 3.3e-05 | Baseline_RelErr: 3.5e-03 | InnerRel: 3.2e-03 | AmbRel: 3.3e-05
    Baseline MSE: 9.2e-09 | Inner MSE: 7.5e-09 | Ambient MSE: 8.2e-13 | Drift Ratio: 9131.41
    r_eff=1963/2048 (95.8%)  e_src: 1.281e+01 | e_L: 1.280e+01 | e_R: 1.280e+01 | e_tgt: 4.291e-03
Lang_L16.mlp.gate_proj  Base->Stage2    | Spec: 3.5e-05 | Baseline_RelErr: 3.7e-03 | InnerRel: 3.3e-03 | AmbRel: 3.5e-05
    Baseline MSE: 1.0e-08 | Inner MSE: 8.1e-09 | Ambient MSE: 9.0e-13 | Drift Ratio: 8959.50
    r_eff=1963/2048 (95.8%)  e_src: 1.281e+01 | e_L: 1.281e+01 | e_R: 1.280e+01 | e_tgt: 4.511e-03
Processing Lang_L16.mlp.up_proj...
Lang_L16.mlp.up_proj  Base->Stage1    | Spec: 1.4e-05 | Baseline_RelErr: 1.4e-03 | InnerRel: 1.2e-03 | AmbRel: 1.4e-05
    Baseline MSE: 1.3e-09 | Inner MSE: 1.0e-09 | Ambient MSE: 1.3e-13 | Drift Ratio: 7813.90
    r_eff=1962/2048 (95.8%)  e_src: 1.260e+01 | e_L: 1.260e+01 | e_R: 1.260e+01 | e_tgt: 1.709e-03
Lang_L16.mlp.up_proj  Stage1->Stage2  | Spec: 3.7e-05 | Baseline_RelErr: 3.5e-03 | InnerRel: 3.1e-03 | AmbRel: 3.7e-05
    Baseline MSE: 8.6e-09 | Inner MSE: 6.6e-09 | Ambient MSE: 9.6e-13 | Drift Ratio: 6926.68
    r_eff=1962/2048 (95.8%)  e_src: 1.260e+01 | e_L: 1.260e+01 | e_R: 1.260e+01 | e_tgt: 4.652e-03
Lang_L16.mlp.up_proj  Base->Stage2    | Spec: 3.9e-05 | Baseline_RelErr: 3.6e-03 | InnerRel: 3.2e-03 | AmbRel: 3.9e-05
    Baseline MSE: 9.3e-09 | Inner MSE: 7.2e-09 | Ambient MSE: 1.1e-12 | Drift Ratio: 6681.85
    r_eff=1962/2048 (95.8%)  e_src: 1.260e+01 | e_L: 1.260e+01 | e_R: 1.260e+01 | e_tgt: 4.926e-03
Processing Lang_L16.mlp.down_proj...
Lang_L16.mlp.down_proj  Base->Stage1    | Spec: 1.4e-05 | Baseline_RelErr: 1.4e-03 | InnerRel: 1.2e-03 | AmbRel: 1.4e-05
    Baseline MSE: 1.3e-09 | Inner MSE: 1.0e-09 | Ambient MSE: 1.4e-13 | Drift Ratio: 7545.86
    r_eff=1955/2048 (95.5%)  e_src: 1.229e+01 | e_L: 1.229e+01 | e_R: 1.229e+01 | e_tgt: 1.749e-03
Lang_L16.mlp.down_proj  Stage1->Stage2  | Spec: 3.8e-05 | Baseline_RelErr: 3.5e-03 | InnerRel: 3.1e-03 | AmbRel: 3.8e-05
    Baseline MSE: 8.4e-09 | Inner MSE: 6.6e-09 | Ambient MSE: 9.5e-13 | Drift Ratio: 6872.67
    r_eff=1955/2048 (95.5%)  e_src: 1.230e+01 | e_L: 1.229e+01 | e_R: 1.230e+01 | e_tgt: 4.638e-03
Lang_L16.mlp.down_proj  Base->Stage2    | Spec: 3.9e-05 | Baseline_RelErr: 3.7e-03 | InnerRel: 3.3e-03 | AmbRel: 3.9e-05
    Baseline MSE: 9.2e-09 | Inner MSE: 7.1e-09 | Ambient MSE: 1.0e-12 | Drift Ratio: 6838.05
    r_eff=1955/2048 (95.5%)  e_src: 1.230e+01 | e_L: 1.229e+01 | e_R: 1.230e+01 | e_tgt: 4.843e-03
Processing Lang_L17.self_attn.q_proj...
Lang_L17.self_attn.q_proj  Base->Stage1    | Spec: 3.2e-05 | Baseline_RelErr: 1.4e-03 | InnerRel: 3.2e-05 | AmbRel: 3.2e-05
    Baseline MSE: 1.5e-09 | Inner MSE: 7.5e-13 | Ambient MSE: 7.5e-13 | Drift Ratio: 1.00
    r_eff=1379/2048 (67.3%)  e_src: 5.544e+00 | e_L: 5.544e+00 | e_R: 5.544e+00 | e_tgt: 1.772e-03
Lang_L17.self_attn.q_proj  Stage1->Stage2  | Spec: 8.2e-05 | Baseline_RelErr: 3.7e-03 | InnerRel: 8.2e-05 | AmbRel: 8.2e-05
    Baseline MSE: 1.0e-08 | Inner MSE: 5.0e-12 | Ambient MSE: 5.0e-12 | Drift Ratio: 1.00
    r_eff=1379/2048 (67.3%)  e_src: 5.545e+00 | e_L: 5.544e+00 | e_R: 5.544e+00 | e_tgt: 4.557e-03
Lang_L17.self_attn.q_proj  Base->Stage2    | Spec: 8.6e-05 | Baseline_RelErr: 3.9e-03 | InnerRel: 8.6e-05 | AmbRel: 8.6e-05
    Baseline MSE: 1.1e-08 | Inner MSE: 5.5e-12 | Ambient MSE: 5.5e-12 | Drift Ratio: 1.00
    r_eff=1379/2048 (67.3%)  e_src: 5.545e+00 | e_L: 5.544e+00 | e_R: 5.544e+00 | e_tgt: 4.795e-03
Processing Lang_L17.self_attn.k_proj...
Lang_L17.self_attn.k_proj  Base->Stage1    | Spec: 3.7e-05 | Baseline_RelErr: 1.4e-03 | InnerRel: 1.2e-03 | AmbRel: 3.7e-05
    Baseline MSE: 1.6e-09 | Inner MSE: 1.3e-09 | Ambient MSE: 1.2e-12 | Drift Ratio: 1077.11
    r_eff=224/256 (87.5%)  e_src: 2.081e+00 | e_L: 2.080e+00 | e_R: 2.080e+00 | e_tgt: 7.812e-04
Lang_L17.self_attn.k_proj  Stage1->Stage2  | Spec: 1.1e-04 | Baseline_RelErr: 3.5e-03 | InnerRel: 3.1e-03 | AmbRel: 1.1e-04
    Baseline MSE: 1.0e-08 | Inner MSE: 7.9e-09 | Ambient MSE: 1.0e-11 | Drift Ratio: 780.11
    r_eff=224/256 (87.5%)  e_src: 2.081e+00 | e_L: 2.080e+00 | e_R: 2.081e+00 | e_tgt: 2.303e-03
Lang_L17.self_attn.k_proj  Base->Stage2    | Spec: 1.2e-04 | Baseline_RelErr: 3.6e-03 | InnerRel: 3.2e-03 | AmbRel: 1.2e-04
    Baseline MSE: 1.1e-08 | Inner MSE: 8.6e-09 | Ambient MSE: 1.2e-11 | Drift Ratio: 694.70
    r_eff=224/256 (87.5%)  e_src: 2.081e+00 | e_L: 2.080e+00 | e_R: 2.081e+00 | e_tgt: 2.543e-03
Processing Lang_L17.self_attn.v_proj...
Lang_L17.self_attn.v_proj  Base->Stage1    | Spec: 3.7e-05 | Baseline_RelErr: 1.6e-03 | InnerRel: 1.4e-03 | AmbRel: 3.7e-05
    Baseline MSE: 1.3e-09 | Inner MSE: 1.1e-09 | Ambient MSE: 7.6e-13 | Drift Ratio: 1446.51
    r_eff=247/256 (96.5%)  e_src: 1.624e+00 | e_L: 1.624e+00 | e_R: 1.624e+00 | e_tgt: 6.293e-04
Lang_L17.self_attn.v_proj  Stage1->Stage2  | Spec: 1.1e-04 | Baseline_RelErr: 4.0e-03 | InnerRel: 3.6e-03 | AmbRel: 1.1e-04
    Baseline MSE: 8.7e-09 | Inner MSE: 7.0e-09 | Ambient MSE: 6.6e-12 | Drift Ratio: 1060.36
    r_eff=247/256 (96.5%)  e_src: 1.625e+00 | e_L: 1.624e+00 | e_R: 1.625e+00 | e_tgt: 1.864e-03
Lang_L17.self_attn.v_proj  Base->Stage2    | Spec: 1.2e-04 | Baseline_RelErr: 4.2e-03 | InnerRel: 3.8e-03 | AmbRel: 1.2e-04
    Baseline MSE: 9.5e-09 | Inner MSE: 7.7e-09 | Ambient MSE: 7.3e-12 | Drift Ratio: 1051.74
    r_eff=247/256 (96.5%)  e_src: 1.625e+00 | e_L: 1.624e+00 | e_R: 1.625e+00 | e_tgt: 1.955e-03
Processing Lang_L17.self_attn.o_proj...
Lang_L17.self_attn.o_proj  Base->Stage1    | Spec: 3.1e-05 | Baseline_RelErr: 1.5e-03 | InnerRel: 3.1e-05 | AmbRel: 3.1e-05
    Baseline MSE: 1.2e-09 | Inner MSE: 5.6e-13 | Ambient MSE: 5.6e-13 | Drift Ratio: 1.00
    r_eff=1408/2048 (68.8%)  e_src: 4.905e+00 | e_L: 4.905e+00 | e_R: 4.905e+00 | e_tgt: 1.533e-03
Lang_L17.self_attn.o_proj  Stage1->Stage2  | Spec: 8.5e-05 | Baseline_RelErr: 3.8e-03 | InnerRel: 8.5e-05 | AmbRel: 8.5e-05
    Baseline MSE: 8.1e-09 | Inner MSE: 4.2e-12 | Ambient MSE: 4.2e-12 | Drift Ratio: 1.00
    r_eff=1408/2048 (68.8%)  e_src: 4.907e+00 | e_L: 4.906e+00 | e_R: 4.906e+00 | e_tgt: 4.177e-03
Lang_L17.self_attn.o_proj  Base->Stage2    | Spec: 8.8e-05 | Baseline_RelErr: 3.9e-03 | InnerRel: 8.8e-05 | AmbRel: 8.8e-05
    Baseline MSE: 8.9e-09 | Inner MSE: 4.5e-12 | Ambient MSE: 4.5e-12 | Drift Ratio: 1.00
    r_eff=1408/2048 (68.8%)  e_src: 4.907e+00 | e_L: 4.906e+00 | e_R: 4.906e+00 | e_tgt: 4.347e-03
Processing Lang_L17.mlp.gate_proj...
Lang_L17.mlp.gate_proj  Base->Stage1    | Spec: 1.3e-05 | Baseline_RelErr: 1.4e-03 | InnerRel: 1.3e-03 | AmbRel: 1.3e-05
    Baseline MSE: 1.4e-09 | Inner MSE: 1.1e-09 | Ambient MSE: 1.2e-13 | Drift Ratio: 9154.23
    r_eff=1965/2048 (95.9%)  e_src: 1.246e+01 | e_L: 1.246e+01 | e_R: 1.246e+01 | e_tgt: 1.666e-03
Lang_L17.mlp.gate_proj  Stage1->Stage2  | Spec: 3.6e-05 | Baseline_RelErr: 3.7e-03 | InnerRel: 3.3e-03 | AmbRel: 3.6e-05
    Baseline MSE: 9.3e-09 | Inner MSE: 7.6e-09 | Ambient MSE: 8.9e-13 | Drift Ratio: 8534.62
    r_eff=1965/2048 (95.9%)  e_src: 1.246e+01 | e_L: 1.246e+01 | e_R: 1.246e+01 | e_tgt: 4.473e-03
Lang_L17.mlp.gate_proj  Base->Stage2    | Spec: 3.7e-05 | Baseline_RelErr: 3.8e-03 | InnerRel: 3.4e-03 | AmbRel: 3.7e-05
    Baseline MSE: 1.0e-08 | Inner MSE: 8.2e-09 | Ambient MSE: 9.6e-13 | Drift Ratio: 8607.21
    r_eff=1965/2048 (95.9%)  e_src: 1.247e+01 | e_L: 1.247e+01 | e_R: 1.246e+01 | e_tgt: 4.646e-03
Processing Lang_L17.mlp.up_proj...
Lang_L17.mlp.up_proj  Base->Stage1    | Spec: 1.4e-05 | Baseline_RelErr: 1.4e-03 | InnerRel: 1.2e-03 | AmbRel: 1.4e-05
    Baseline MSE: 1.3e-09 | Inner MSE: 1.1e-09 | Ambient MSE: 1.3e-13 | Drift Ratio: 8113.28
    r_eff=1965/2048 (95.9%)  e_src: 1.258e+01 | e_L: 1.258e+01 | e_R: 1.258e+01 | e_tgt: 1.709e-03
Lang_L17.mlp.up_proj  Stage1->Stage2  | Spec: 3.7e-05 | Baseline_RelErr: 3.5e-03 | InnerRel: 3.1e-03 | AmbRel: 3.7e-05
    Baseline MSE: 8.8e-09 | Inner MSE: 6.9e-09 | Ambient MSE: 9.6e-13 | Drift Ratio: 7219.41
    r_eff=1965/2048 (95.9%)  e_src: 1.259e+01 | e_L: 1.259e+01 | e_R: 1.258e+01 | e_tgt: 4.647e-03
Lang_L17.mlp.up_proj  Base->Stage2    | Spec: 3.8e-05 | Baseline_RelErr: 3.7e-03 | InnerRel: 3.3e-03 | AmbRel: 3.8e-05
    Baseline MSE: 9.6e-09 | Inner MSE: 7.5e-09 | Ambient MSE: 1.0e-12 | Drift Ratio: 7180.90
    r_eff=1965/2048 (95.9%)  e_src: 1.259e+01 | e_L: 1.259e+01 | e_R: 1.258e+01 | e_tgt: 4.854e-03
Processing Lang_L17.mlp.down_proj...
Lang_L17.mlp.down_proj  Base->Stage1    | Spec: 1.4e-05 | Baseline_RelErr: 1.4e-03 | InnerRel: 1.2e-03 | AmbRel: 1.4e-05
    Baseline MSE: 1.3e-09 | Inner MSE: 1.0e-09 | Ambient MSE: 1.2e-13 | Drift Ratio: 8300.68
    r_eff=1958/2048 (95.6%)  e_src: 1.231e+01 | e_L: 1.231e+01 | e_R: 1.231e+01 | e_tgt: 1.671e-03
Lang_L17.mlp.down_proj  Stage1->Stage2  | Spec: 3.7e-05 | Baseline_RelErr: 3.5e-03 | InnerRel: 3.1e-03 | AmbRel: 3.7e-05
    Baseline MSE: 8.4e-09 | Inner MSE: 6.6e-09 | Ambient MSE: 9.1e-13 | Drift Ratio: 7261.87
    r_eff=1958/2048 (95.6%)  e_src: 1.232e+01 | e_L: 1.231e+01 | e_R: 1.232e+01 | e_tgt: 4.537e-03
Lang_L17.mlp.down_proj  Base->Stage2    | Spec: 3.9e-05 | Baseline_RelErr: 3.7e-03 | InnerRel: 3.3e-03 | AmbRel: 3.9e-05
    Baseline MSE: 9.2e-09 | Inner MSE: 7.2e-09 | Ambient MSE: 1.0e-12 | Drift Ratio: 7131.25
    r_eff=1958/2048 (95.6%)  e_src: 1.232e+01 | e_L: 1.231e+01 | e_R: 1.232e+01 | e_tgt: 4.770e-03
Processing Lang_L18.self_attn.q_proj...
Lang_L18.self_attn.q_proj  Base->Stage1    | Spec: 3.2e-05 | Baseline_RelErr: 1.4e-03 | InnerRel: 3.2e-05 | AmbRel: 3.2e-05
    Baseline MSE: 1.6e-09 | Inner MSE: 7.8e-13 | Ambient MSE: 7.8e-13 | Drift Ratio: 1.00
    r_eff=1426/2048 (69.6%)  e_src: 5.637e+00 | e_L: 5.637e+00 | e_R: 5.637e+00 | e_tgt: 1.808e-03
Lang_L18.self_attn.q_proj  Stage1->Stage2  | Spec: 8.2e-05 | Baseline_RelErr: 3.7e-03 | InnerRel: 8.2e-05 | AmbRel: 8.2e-05
    Baseline MSE: 1.0e-08 | Inner MSE: 5.1e-12 | Ambient MSE: 5.1e-12 | Drift Ratio: 1.00
    r_eff=1426/2048 (69.6%)  e_src: 5.639e+00 | e_L: 5.638e+00 | e_R: 5.638e+00 | e_tgt: 4.609e-03
Lang_L18.self_attn.q_proj  Base->Stage2    | Spec: 8.6e-05 | Baseline_RelErr: 3.8e-03 | InnerRel: 8.6e-05 | AmbRel: 8.6e-05
    Baseline MSE: 1.1e-08 | Inner MSE: 5.5e-12 | Ambient MSE: 5.5e-12 | Drift Ratio: 1.00
    r_eff=1426/2048 (69.6%)  e_src: 5.639e+00 | e_L: 5.638e+00 | e_R: 5.638e+00 | e_tgt: 4.821e-03
Processing Lang_L18.self_attn.k_proj...
Lang_L18.self_attn.k_proj  Base->Stage1    | Spec: 3.6e-05 | Baseline_RelErr: 1.3e-03 | InnerRel: 1.2e-03 | AmbRel: 3.6e-05
    Baseline MSE: 1.6e-09 | Inner MSE: 1.3e-09 | Ambient MSE: 1.1e-12 | Drift Ratio: 1144.00
    r_eff=232/256 (90.6%)  e_src: 2.115e+00 | e_L: 2.115e+00 | e_R: 2.115e+00 | e_tgt: 7.711e-04
Lang_L18.self_attn.k_proj  Stage1->Stage2  | Spec: 9.1e-05 | Baseline_RelErr: 3.4e-03 | InnerRel: 3.0e-03 | AmbRel: 9.1e-05
    Baseline MSE: 1.0e-08 | Inner MSE: 8.3e-09 | Ambient MSE: 7.4e-12 | Drift Ratio: 1122.29
    r_eff=232/256 (90.6%)  e_src: 2.116e+00 | e_L: 2.115e+00 | e_R: 2.116e+00 | e_tgt: 1.965e-03
Lang_L18.self_attn.k_proj  Base->Stage2    | Spec: 9.7e-05 | Baseline_RelErr: 3.5e-03 | InnerRel: 3.2e-03 | AmbRel: 9.7e-05
    Baseline MSE: 1.1e-08 | Inner MSE: 8.9e-09 | Ambient MSE: 8.4e-12 | Drift Ratio: 1063.46
    r_eff=232/256 (90.6%)  e_src: 2.116e+00 | e_L: 2.115e+00 | e_R: 2.116e+00 | e_tgt: 2.095e-03
Processing Lang_L18.self_attn.v_proj...
Lang_L18.self_attn.v_proj  Base->Stage1    | Spec: 4.0e-05 | Baseline_RelErr: 1.6e-03 | InnerRel: 1.4e-03 | AmbRel: 4.0e-05
    Baseline MSE: 1.5e-09 | Inner MSE: 1.2e-09 | Ambient MSE: 9.5e-13 | Drift Ratio: 1304.58
    r_eff=250/256 (97.7%)  e_src: 1.648e+00 | e_L: 1.648e+00 | e_R: 1.648e+00 | e_tgt: 7.070e-04
Lang_L18.self_attn.v_proj  Stage1->Stage2  | Spec: 1.1e-04 | Baseline_RelErr: 3.8e-03 | InnerRel: 3.4e-03 | AmbRel: 1.1e-04
    Baseline MSE: 8.4e-09 | Inner MSE: 6.8e-09 | Ambient MSE: 6.8e-12 | Drift Ratio: 1009.02
    r_eff=250/256 (97.7%)  e_src: 1.649e+00 | e_L: 1.648e+00 | e_R: 1.649e+00 | e_tgt: 1.883e-03
Lang_L18.self_attn.v_proj  Base->Stage2    | Spec: 1.1e-04 | Baseline_RelErr: 3.9e-03 | InnerRel: 3.5e-03 | AmbRel: 1.1e-04
    Baseline MSE: 9.2e-09 | Inner MSE: 7.5e-09 | Ambient MSE: 7.2e-12 | Drift Ratio: 1043.05
    r_eff=250/256 (97.7%)  e_src: 1.649e+00 | e_L: 1.648e+00 | e_R: 1.649e+00 | e_tgt: 1.938e-03
Processing Lang_L18.self_attn.o_proj...
Lang_L18.self_attn.o_proj  Base->Stage1    | Spec: 3.3e-05 | Baseline_RelErr: 1.5e-03 | InnerRel: 3.3e-05 | AmbRel: 3.3e-05
    Baseline MSE: 1.3e-09 | Inner MSE: 6.2e-13 | Ambient MSE: 6.2e-13 | Drift Ratio: 1.00
    r_eff=1438/2048 (70.2%)  e_src: 4.968e+00 | e_L: 4.968e+00 | e_R: 4.968e+00 | e_tgt: 1.617e-03
Lang_L18.self_attn.o_proj  Stage1->Stage2  | Spec: 8.0e-05 | Baseline_RelErr: 3.7e-03 | InnerRel: 8.0e-05 | AmbRel: 8.0e-05
    Baseline MSE: 8.1e-09 | Inner MSE: 3.7e-12 | Ambient MSE: 3.7e-12 | Drift Ratio: 1.00
    r_eff=1438/2048 (70.2%)  e_src: 4.970e+00 | e_L: 4.969e+00 | e_R: 4.969e+00 | e_tgt: 3.964e-03
Lang_L18.self_attn.o_proj  Base->Stage2    | Spec: 8.3e-05 | Baseline_RelErr: 3.9e-03 | InnerRel: 8.3e-05 | AmbRel: 8.3e-05
    Baseline MSE: 8.8e-09 | Inner MSE: 4.1e-12 | Ambient MSE: 4.1e-12 | Drift Ratio: 1.00
    r_eff=1438/2048 (70.2%)  e_src: 4.970e+00 | e_L: 4.969e+00 | e_R: 4.969e+00 | e_tgt: 4.137e-03
Processing Lang_L18.mlp.gate_proj...
Lang_L18.mlp.gate_proj  Base->Stage1    | Spec: 1.3e-05 | Baseline_RelErr: 1.4e-03 | InnerRel: 1.3e-03 | AmbRel: 1.3e-05
    Baseline MSE: 1.4e-09 | Inner MSE: 1.1e-09 | Ambient MSE: 1.2e-13 | Drift Ratio: 9620.53
    r_eff=1963/2048 (95.8%)  e_src: 1.259e+01 | e_L: 1.259e+01 | e_R: 1.259e+01 | e_tgt: 1.629e-03
Lang_L18.mlp.gate_proj  Stage1->Stage2  | Spec: 3.5e-05 | Baseline_RelErr: 3.6e-03 | InnerRel: 3.3e-03 | AmbRel: 3.5e-05
    Baseline MSE: 9.5e-09 | Inner MSE: 7.7e-09 | Ambient MSE: 8.7e-13 | Drift Ratio: 8870.87
    r_eff=1963/2048 (95.8%)  e_src: 1.260e+01 | e_L: 1.260e+01 | e_R: 1.259e+01 | e_tgt: 4.428e-03
Lang_L18.mlp.gate_proj  Base->Stage2    | Spec: 3.6e-05 | Baseline_RelErr: 3.8e-03 | InnerRel: 3.4e-03 | AmbRel: 3.6e-05
    Baseline MSE: 1.0e-08 | Inner MSE: 8.4e-09 | Ambient MSE: 9.4e-13 | Drift Ratio: 8927.47
    r_eff=1963/2048 (95.8%)  e_src: 1.260e+01 | e_L: 1.260e+01 | e_R: 1.259e+01 | e_tgt: 4.601e-03
Processing Lang_L18.mlp.up_proj...
Lang_L18.mlp.up_proj  Base->Stage1    | Spec: 1.4e-05 | Baseline_RelErr: 1.4e-03 | InnerRel: 1.2e-03 | AmbRel: 1.4e-05
    Baseline MSE: 1.3e-09 | Inner MSE: 1.1e-09 | Ambient MSE: 1.3e-13 | Drift Ratio: 7866.54
    r_eff=1963/2048 (95.8%)  e_src: 1.246e+01 | e_L: 1.246e+01 | e_R: 1.246e+01 | e_tgt: 1.742e-03
Lang_L18.mlp.up_proj  Stage1->Stage2  | Spec: 3.8e-05 | Baseline_RelErr: 3.6e-03 | InnerRel: 3.2e-03 | AmbRel: 3.8e-05
    Baseline MSE: 8.9e-09 | Inner MSE: 7.0e-09 | Ambient MSE: 1.0e-12 | Drift Ratio: 6828.87
    r_eff=1963/2048 (95.8%)  e_src: 1.246e+01 | e_L: 1.246e+01 | e_R: 1.246e+01 | e_tgt: 4.795e-03
Lang_L18.mlp.up_proj  Base->Stage2    | Spec: 4.0e-05 | Baseline_RelErr: 3.7e-03 | InnerRel: 3.3e-03 | AmbRel: 4.0e-05
    Baseline MSE: 9.7e-09 | Inner MSE: 7.5e-09 | Ambient MSE: 1.1e-12 | Drift Ratio: 6671.06
    r_eff=1963/2048 (95.8%)  e_src: 1.246e+01 | e_L: 1.246e+01 | e_R: 1.246e+01 | e_tgt: 5.049e-03
Processing Lang_L18.mlp.down_proj...
Lang_L18.mlp.down_proj  Base->Stage1    | Spec: 1.4e-05 | Baseline_RelErr: 1.4e-03 | InnerRel: 1.3e-03 | AmbRel: 1.4e-05
    Baseline MSE: 1.3e-09 | Inner MSE: 1.0e-09 | Ambient MSE: 1.3e-13 | Drift Ratio: 7896.81
    r_eff=1960/2048 (95.7%)  e_src: 1.216e+01 | e_L: 1.215e+01 | e_R: 1.216e+01 | e_tgt: 1.721e-03
Lang_L18.mlp.down_proj  Stage1->Stage2  | Spec: 3.6e-05 | Baseline_RelErr: 3.6e-03 | InnerRel: 3.2e-03 | AmbRel: 3.6e-05
    Baseline MSE: 8.5e-09 | Inner MSE: 6.6e-09 | Ambient MSE: 8.8e-13 | Drift Ratio: 7570.23
    r_eff=1960/2048 (95.7%)  e_src: 1.216e+01 | e_L: 1.215e+01 | e_R: 1.216e+01 | e_tgt: 4.446e-03
Lang_L18.mlp.down_proj  Base->Stage2    | Spec: 3.8e-05 | Baseline_RelErr: 3.7e-03 | InnerRel: 3.3e-03 | AmbRel: 3.8e-05
    Baseline MSE: 9.2e-09 | Inner MSE: 7.2e-09 | Ambient MSE: 9.3e-13 | Drift Ratio: 7731.32
    r_eff=1960/2048 (95.7%)  e_src: 1.216e+01 | e_L: 1.215e+01 | e_R: 1.216e+01 | e_tgt: 4.586e-03
Processing Lang_L19.self_attn.q_proj...
Lang_L19.self_attn.q_proj  Base->Stage1    | Spec: 3.3e-05 | Baseline_RelErr: 1.4e-03 | InnerRel: 3.3e-05 | AmbRel: 3.3e-05
    Baseline MSE: 1.6e-09 | Inner MSE: 8.3e-13 | Ambient MSE: 8.3e-13 | Drift Ratio: 1.00
    r_eff=1328/2048 (64.8%)  e_src: 5.711e+00 | e_L: 5.711e+00 | e_R: 5.711e+00 | e_tgt: 1.868e-03
Lang_L19.self_attn.q_proj  Stage1->Stage2  | Spec: 8.1e-05 | Baseline_RelErr: 3.7e-03 | InnerRel: 8.1e-05 | AmbRel: 8.1e-05
    Baseline MSE: 1.0e-08 | Inner MSE: 5.1e-12 | Ambient MSE: 5.1e-12 | Drift Ratio: 1.00
    r_eff=1328/2048 (64.8%)  e_src: 5.712e+00 | e_L: 5.712e+00 | e_R: 5.712e+00 | e_tgt: 4.638e-03
Lang_L19.self_attn.q_proj  Base->Stage2    | Spec: 8.4e-05 | Baseline_RelErr: 3.8e-03 | InnerRel: 8.4e-05 | AmbRel: 8.4e-05
    Baseline MSE: 1.2e-08 | Inner MSE: 5.5e-12 | Ambient MSE: 5.5e-12 | Drift Ratio: 1.00
    r_eff=1328/2048 (64.8%)  e_src: 5.713e+00 | e_L: 5.712e+00 | e_R: 5.712e+00 | e_tgt: 4.821e-03
Processing Lang_L19.self_attn.k_proj...
Lang_L19.self_attn.k_proj  Base->Stage1    | Spec: 3.5e-05 | Baseline_RelErr: 1.3e-03 | InnerRel: 1.2e-03 | AmbRel: 3.5e-05
    Baseline MSE: 1.8e-09 | Inner MSE: 1.4e-09 | Ambient MSE: 1.2e-12 | Drift Ratio: 1142.10
    r_eff=219/256 (85.5%)  e_src: 2.235e+00 | e_L: 2.234e+00 | e_R: 2.235e+00 | e_tgt: 8.040e-04
Lang_L19.self_attn.k_proj  Stage1->Stage2  | Spec: 9.7e-05 | Baseline_RelErr: 3.4e-03 | InnerRel: 3.0e-03 | AmbRel: 9.7e-05
    Baseline MSE: 1.1e-08 | Inner MSE: 8.7e-09 | Ambient MSE: 9.3e-12 | Drift Ratio: 931.97
    r_eff=219/256 (85.5%)  e_src: 2.236e+00 | e_L: 2.235e+00 | e_R: 2.235e+00 | e_tgt: 2.212e-03
Lang_L19.self_attn.k_proj  Base->Stage2    | Spec: 1.0e-04 | Baseline_RelErr: 3.6e-03 | InnerRel: 3.1e-03 | AmbRel: 1.0e-04
    Baseline MSE: 1.2e-08 | Inner MSE: 9.4e-09 | Ambient MSE: 1.1e-11 | Drift Ratio: 876.89
    r_eff=219/256 (85.5%)  e_src: 2.236e+00 | e_L: 2.235e+00 | e_R: 2.236e+00 | e_tgt: 2.376e-03
Processing Lang_L19.self_attn.v_proj...
Lang_L19.self_attn.v_proj  Base->Stage1    | Spec: 5.3e-05 | Baseline_RelErr: 1.9e-03 | InnerRel: 1.7e-03 | AmbRel: 5.3e-05
    Baseline MSE: 1.6e-09 | Inner MSE: 1.3e-09 | Ambient MSE: 1.3e-12 | Drift Ratio: 1003.77
    r_eff=238/256 (93.0%)  e_src: 1.503e+00 | e_L: 1.503e+00 | e_R: 1.503e+00 | e_tgt: 8.254e-04
Lang_L19.self_attn.v_proj  Stage1->Stage2  | Spec: 1.3e-04 | Baseline_RelErr: 4.4e-03 | InnerRel: 3.9e-03 | AmbRel: 1.3e-04
    Baseline MSE: 8.8e-09 | Inner MSE: 7.0e-09 | Ambient MSE: 7.8e-12 | Drift Ratio: 899.92
    r_eff=238/256 (93.0%)  e_src: 1.504e+00 | e_L: 1.503e+00 | e_R: 1.504e+00 | e_tgt: 2.016e-03
Lang_L19.self_attn.v_proj  Base->Stage2    | Spec: 1.4e-04 | Baseline_RelErr: 4.6e-03 | InnerRel: 4.1e-03 | AmbRel: 1.4e-04
    Baseline MSE: 9.8e-09 | Inner MSE: 7.7e-09 | Ambient MSE: 9.1e-12 | Drift Ratio: 841.81
    r_eff=238/256 (93.0%)  e_src: 1.504e+00 | e_L: 1.503e+00 | e_R: 1.504e+00 | e_tgt: 2.190e-03
Processing Lang_L19.self_attn.o_proj...
Lang_L19.self_attn.o_proj  Base->Stage1    | Spec: 3.4e-05 | Baseline_RelErr: 1.5e-03 | InnerRel: 3.4e-05 | AmbRel: 3.4e-05
    Baseline MSE: 1.3e-09 | Inner MSE: 6.3e-13 | Ambient MSE: 6.3e-13 | Drift Ratio: 1.00
    r_eff=1369/2048 (66.8%)  e_src: 4.802e+00 | e_L: 4.802e+00 | e_R: 4.802e+00 | e_tgt: 1.624e-03
Lang_L19.self_attn.o_proj  Stage1->Stage2  | Spec: 8.5e-05 | Baseline_RelErr: 3.9e-03 | InnerRel: 8.5e-05 | AmbRel: 8.5e-05
    Baseline MSE: 8.4e-09 | Inner MSE: 4.0e-12 | Ambient MSE: 4.0e-12 | Drift Ratio: 1.00
    r_eff=1369/2048 (66.8%)  e_src: 4.804e+00 | e_L: 4.803e+00 | e_R: 4.803e+00 | e_tgt: 4.077e-03
Lang_L19.self_attn.o_proj  Base->Stage2    | Spec: 8.8e-05 | Baseline_RelErr: 4.1e-03 | InnerRel: 8.8e-05 | AmbRel: 8.8e-05
    Baseline MSE: 9.2e-09 | Inner MSE: 4.3e-12 | Ambient MSE: 4.3e-12 | Drift Ratio: 1.00
    r_eff=1369/2048 (66.8%)  e_src: 4.804e+00 | e_L: 4.803e+00 | e_R: 4.803e+00 | e_tgt: 4.257e-03
Processing Lang_L19.mlp.gate_proj...
Lang_L19.mlp.gate_proj  Base->Stage1    | Spec: 1.3e-05 | Baseline_RelErr: 1.4e-03 | InnerRel: 1.3e-03 | AmbRel: 1.3e-05
    Baseline MSE: 1.4e-09 | Inner MSE: 1.1e-09 | Ambient MSE: 1.2e-13 | Drift Ratio: 9215.71
    r_eff=1964/2048 (95.9%)  e_src: 1.222e+01 | e_L: 1.222e+01 | e_R: 1.222e+01 | e_tgt: 1.651e-03
Lang_L19.mlp.gate_proj  Stage1->Stage2  | Spec: 3.8e-05 | Baseline_RelErr: 3.8e-03 | InnerRel: 3.4e-03 | AmbRel: 3.8e-05
    Baseline MSE: 9.4e-09 | Inner MSE: 7.6e-09 | Ambient MSE: 9.5e-13 | Drift Ratio: 8005.32
    r_eff=1964/2048 (95.9%)  e_src: 1.222e+01 | e_L: 1.222e+01 | e_R: 1.222e+01 | e_tgt: 4.623e-03
Lang_L19.mlp.gate_proj  Base->Stage2    | Spec: 3.9e-05 | Baseline_RelErr: 3.9e-03 | InnerRel: 3.5e-03 | AmbRel: 3.9e-05
    Baseline MSE: 1.0e-08 | Inner MSE: 8.3e-09 | Ambient MSE: 1.0e-12 | Drift Ratio: 8246.20
    r_eff=1964/2048 (95.9%)  e_src: 1.222e+01 | e_L: 1.222e+01 | e_R: 1.222e+01 | e_tgt: 4.749e-03
Processing Lang_L19.mlp.up_proj...
Lang_L19.mlp.up_proj  Base->Stage1    | Spec: 1.4e-05 | Baseline_RelErr: 1.4e-03 | InnerRel: 1.2e-03 | AmbRel: 1.4e-05
    Baseline MSE: 1.3e-09 | Inner MSE: 1.0e-09 | Ambient MSE: 1.3e-13 | Drift Ratio: 8049.08
    r_eff=1964/2048 (95.9%)  e_src: 1.248e+01 | e_L: 1.248e+01 | e_R: 1.248e+01 | e_tgt: 1.701e-03
Lang_L19.mlp.up_proj  Stage1->Stage2  | Spec: 3.6e-05 | Baseline_RelErr: 3.6e-03 | InnerRel: 3.2e-03 | AmbRel: 3.6e-05
    Baseline MSE: 8.8e-09 | Inner MSE: 7.0e-09 | Ambient MSE: 9.0e-13 | Drift Ratio: 7799.24
    r_eff=1964/2048 (95.9%)  e_src: 1.248e+01 | e_L: 1.248e+01 | e_R: 1.248e+01 | e_tgt: 4.492e-03
Lang_L19.mlp.up_proj  Base->Stage2    | Spec: 3.8e-05 | Baseline_RelErr: 3.7e-03 | InnerRel: 3.3e-03 | AmbRel: 3.8e-05
    Baseline MSE: 9.6e-09 | Inner MSE: 7.6e-09 | Ambient MSE: 9.8e-13 | Drift Ratio: 7742.03
    r_eff=1964/2048 (95.9%)  e_src: 1.248e+01 | e_L: 1.248e+01 | e_R: 1.248e+01 | e_tgt: 4.694e-03
Processing Lang_L19.mlp.down_proj...
Lang_L19.mlp.down_proj  Base->Stage1    | Spec: 1.4e-05 | Baseline_RelErr: 1.4e-03 | InnerRel: 1.2e-03 | AmbRel: 1.4e-05
    Baseline MSE: 1.3e-09 | Inner MSE: 1.0e-09 | Ambient MSE: 1.2e-13 | Drift Ratio: 8222.60
    r_eff=1942/2048 (94.8%)  e_src: 1.232e+01 | e_L: 1.232e+01 | e_R: 1.232e+01 | e_tgt: 1.664e-03
Lang_L19.mlp.down_proj  Stage1->Stage2  | Spec: 3.6e-05 | Baseline_RelErr: 3.6e-03 | InnerRel: 3.2e-03 | AmbRel: 3.6e-05
    Baseline MSE: 8.6e-09 | Inner MSE: 6.8e-09 | Ambient MSE: 8.7e-13 | Drift Ratio: 7871.82
    r_eff=1942/2048 (94.8%)  e_src: 1.232e+01 | e_L: 1.232e+01 | e_R: 1.232e+01 | e_tgt: 4.427e-03
Lang_L19.mlp.down_proj  Base->Stage2    | Spec: 3.8e-05 | Baseline_RelErr: 3.7e-03 | InnerRel: 3.3e-03 | AmbRel: 3.8e-05
    Baseline MSE: 9.4e-09 | Inner MSE: 7.4e-09 | Ambient MSE: 9.6e-13 | Drift Ratio: 7741.89
    r_eff=1942/2048 (94.8%)  e_src: 1.233e+01 | e_L: 1.232e+01 | e_R: 1.232e+01 | e_tgt: 4.646e-03
Processing Lang_L20.self_attn.q_proj...
Lang_L20.self_attn.q_proj  Base->Stage1    | Spec: 3.1e-05 | Baseline_RelErr: 1.4e-03 | InnerRel: 3.1e-05 | AmbRel: 3.1e-05
    Baseline MSE: 1.4e-09 | Inner MSE: 7.0e-13 | Ambient MSE: 7.0e-13 | Drift Ratio: 1.00
    r_eff=1360/2048 (66.4%)  e_src: 5.444e+00 | e_L: 5.444e+00 | e_R: 5.444e+00 | e_tgt: 1.717e-03
Lang_L20.self_attn.q_proj  Stage1->Stage2  | Spec: 8.3e-05 | Baseline_RelErr: 3.8e-03 | InnerRel: 8.3e-05 | AmbRel: 8.3e-05
    Baseline MSE: 1.0e-08 | Inner MSE: 4.8e-12 | Ambient MSE: 4.8e-12 | Drift Ratio: 1.00
    r_eff=1360/2048 (66.4%)  e_src: 5.446e+00 | e_L: 5.445e+00 | e_R: 5.445e+00 | e_tgt: 4.504e-03
Lang_L20.self_attn.q_proj  Base->Stage2    | Spec: 8.6e-05 | Baseline_RelErr: 3.9e-03 | InnerRel: 8.6e-05 | AmbRel: 8.6e-05
    Baseline MSE: 1.1e-08 | Inner MSE: 5.2e-12 | Ambient MSE: 5.2e-12 | Drift Ratio: 1.00
    r_eff=1360/2048 (66.4%)  e_src: 5.446e+00 | e_L: 5.445e+00 | e_R: 5.445e+00 | e_tgt: 4.688e-03
Processing Lang_L20.self_attn.k_proj...
Lang_L20.self_attn.k_proj  Base->Stage1    | Spec: 3.7e-05 | Baseline_RelErr: 1.5e-03 | InnerRel: 1.4e-03 | AmbRel: 3.7e-05
    Baseline MSE: 1.6e-09 | Inner MSE: 1.3e-09 | Ambient MSE: 9.9e-13 | Drift Ratio: 1334.60
    r_eff=225/256 (87.9%)  e_src: 1.884e+00 | e_L: 1.884e+00 | e_R: 1.884e+00 | e_tgt: 7.200e-04
Lang_L20.self_attn.k_proj  Stage1->Stage2  | Spec: 1.1e-04 | Baseline_RelErr: 3.8e-03 | InnerRel: 3.3e-03 | AmbRel: 1.1e-04
    Baseline MSE: 1.0e-08 | Inner MSE: 7.9e-09 | Ambient MSE: 9.0e-12 | Drift Ratio: 879.29
    r_eff=225/256 (87.9%)  e_src: 1.885e+00 | e_L: 1.884e+00 | e_R: 1.885e+00 | e_tgt: 2.168e-03
Lang_L20.self_attn.k_proj  Base->Stage2    | Spec: 1.2e-04 | Baseline_RelErr: 4.0e-03 | InnerRel: 3.5e-03 | AmbRel: 1.2e-04
    Baseline MSE: 1.1e-08 | Inner MSE: 8.7e-09 | Ambient MSE: 9.7e-12 | Drift Ratio: 893.44
    r_eff=225/256 (87.9%)  e_src: 1.886e+00 | e_L: 1.884e+00 | e_R: 1.885e+00 | e_tgt: 2.256e-03
Processing Lang_L20.self_attn.v_proj...
Lang_L20.self_attn.v_proj  Base->Stage1    | Spec: 3.4e-05 | Baseline_RelErr: 1.5e-03 | InnerRel: 1.4e-03 | AmbRel: 3.4e-05
    Baseline MSE: 1.3e-09 | Inner MSE: 1.1e-09 | Ambient MSE: 6.7e-13 | Drift Ratio: 1663.43
    r_eff=247/256 (96.5%)  e_src: 1.683e+00 | e_L: 1.683e+00 | e_R: 1.683e+00 | e_tgt: 5.910e-04
Lang_L20.self_attn.v_proj  Stage1->Stage2  | Spec: 1.0e-04 | Baseline_RelErr: 3.7e-03 | InnerRel: 3.4e-03 | AmbRel: 1.0e-04
    Baseline MSE: 7.7e-09 | Inner MSE: 6.3e-09 | Ambient MSE: 5.8e-12 | Drift Ratio: 1095.71
    r_eff=247/256 (96.5%)  e_src: 1.684e+00 | e_L: 1.683e+00 | e_R: 1.684e+00 | e_tgt: 1.742e-03
Lang_L20.self_attn.v_proj  Base->Stage2    | Spec: 1.1e-04 | Baseline_RelErr: 3.9e-03 | InnerRel: 3.5e-03 | AmbRel: 1.1e-04
    Baseline MSE: 8.5e-09 | Inner MSE: 7.0e-09 | Ambient MSE: 6.9e-12 | Drift Ratio: 1013.36
    r_eff=247/256 (96.5%)  e_src: 1.684e+00 | e_L: 1.683e+00 | e_R: 1.684e+00 | e_tgt: 1.899e-03
Processing Lang_L20.self_attn.o_proj...
Lang_L20.self_attn.o_proj  Base->Stage1    | Spec: 2.9e-05 | Baseline_RelErr: 1.3e-03 | InnerRel: 2.9e-05 | AmbRel: 2.9e-05
    Baseline MSE: 1.2e-09 | Inner MSE: 5.6e-13 | Ambient MSE: 5.6e-13 | Drift Ratio: 1.00
    r_eff=1372/2048 (67.0%)  e_src: 5.176e+00 | e_L: 5.176e+00 | e_R: 5.176e+00 | e_tgt: 1.527e-03
Lang_L20.self_attn.o_proj  Stage1->Stage2  | Spec: 7.5e-05 | Baseline_RelErr: 3.5e-03 | InnerRel: 7.5e-05 | AmbRel: 7.5e-05
    Baseline MSE: 7.7e-09 | Inner MSE: 3.6e-12 | Ambient MSE: 3.6e-12 | Drift Ratio: 1.00
    r_eff=1372/2048 (67.0%)  e_src: 5.178e+00 | e_L: 5.177e+00 | e_R: 5.177e+00 | e_tgt: 3.865e-03
Lang_L20.self_attn.o_proj  Base->Stage2    | Spec: 7.8e-05 | Baseline_RelErr: 3.6e-03 | InnerRel: 7.8e-05 | AmbRel: 7.8e-05
    Baseline MSE: 8.4e-09 | Inner MSE: 3.9e-12 | Ambient MSE: 3.9e-12 | Drift Ratio: 1.00
    r_eff=1372/2048 (67.0%)  e_src: 5.178e+00 | e_L: 5.177e+00 | e_R: 5.177e+00 | e_tgt: 4.030e-03
Processing Lang_L20.mlp.gate_proj...
Lang_L20.mlp.gate_proj  Base->Stage1    | Spec: 1.3e-05 | Baseline_RelErr: 1.4e-03 | InnerRel: 1.3e-03 | AmbRel: 1.3e-05
    Baseline MSE: 1.4e-09 | Inner MSE: 1.1e-09 | Ambient MSE: 1.2e-13 | Drift Ratio: 9103.08
    r_eff=1959/2048 (95.7%)  e_src: 1.244e+01 | e_L: 1.244e+01 | e_R: 1.244e+01 | e_tgt: 1.665e-03
Lang_L20.mlp.gate_proj  Stage1->Stage2  | Spec: 3.6e-05 | Baseline_RelErr: 3.7e-03 | InnerRel: 3.4e-03 | AmbRel: 3.6e-05
    Baseline MSE: 9.6e-09 | Inner MSE: 7.8e-09 | Ambient MSE: 8.9e-13 | Drift Ratio: 8768.31
    r_eff=1959/2048 (95.7%)  e_src: 1.245e+01 | e_L: 1.245e+01 | e_R: 1.244e+01 | e_tgt: 4.482e-03
Lang_L20.mlp.gate_proj  Base->Stage2    | Spec: 3.8e-05 | Baseline_RelErr: 3.9e-03 | InnerRel: 3.5e-03 | AmbRel: 3.8e-05
    Baseline MSE: 1.0e-08 | Inner MSE: 8.5e-09 | Ambient MSE: 9.8e-13 | Drift Ratio: 8606.97
    r_eff=1959/2048 (95.7%)  e_src: 1.245e+01 | e_L: 1.245e+01 | e_R: 1.244e+01 | e_tgt: 4.710e-03
Processing Lang_L20.mlp.up_proj...
Lang_L20.mlp.up_proj  Base->Stage1    | Spec: 1.4e-05 | Baseline_RelErr: 1.3e-03 | InnerRel: 1.2e-03 | AmbRel: 1.4e-05
    Baseline MSE: 1.3e-09 | Inner MSE: 1.0e-09 | Ambient MSE: 1.4e-13 | Drift Ratio: 7315.39
    r_eff=1963/2048 (95.8%)  e_src: 1.269e+01 | e_L: 1.269e+01 | e_R: 1.269e+01 | e_tgt: 1.769e-03
Lang_L20.mlp.up_proj  Stage1->Stage2  | Spec: 3.7e-05 | Baseline_RelErr: 3.5e-03 | InnerRel: 3.1e-03 | AmbRel: 3.7e-05
    Baseline MSE: 8.8e-09 | Inner MSE: 6.9e-09 | Ambient MSE: 9.7e-13 | Drift Ratio: 7091.72
    r_eff=1963/2048 (95.8%)  e_src: 1.270e+01 | e_L: 1.270e+01 | e_R: 1.269e+01 | e_tgt: 4.673e-03
Lang_L20.mlp.up_proj  Base->Stage2    | Spec: 3.9e-05 | Baseline_RelErr: 3.6e-03 | InnerRel: 3.2e-03 | AmbRel: 3.9e-05
    Baseline MSE: 9.5e-09 | Inner MSE: 7.4e-09 | Ambient MSE: 1.1e-12 | Drift Ratio: 6911.65
    r_eff=1963/2048 (95.8%)  e_src: 1.270e+01 | e_L: 1.270e+01 | e_R: 1.269e+01 | e_tgt: 4.919e-03
Processing Lang_L20.mlp.down_proj...
Lang_L20.mlp.down_proj  Base->Stage1    | Spec: 1.4e-05 | Baseline_RelErr: 1.3e-03 | InnerRel: 1.2e-03 | AmbRel: 1.4e-05
    Baseline MSE: 1.2e-09 | Inner MSE: 9.8e-10 | Ambient MSE: 1.3e-13 | Drift Ratio: 7607.50
    r_eff=1969/2048 (96.1%)  e_src: 1.239e+01 | e_L: 1.239e+01 | e_R: 1.239e+01 | e_tgt: 1.704e-03
Lang_L20.mlp.down_proj  Stage1->Stage2  | Spec: 3.6e-05 | Baseline_RelErr: 3.5e-03 | InnerRel: 3.1e-03 | AmbRel: 3.6e-05
    Baseline MSE: 8.3e-09 | Inner MSE: 6.5e-09 | Ambient MSE: 8.8e-13 | Drift Ratio: 7394.55
    r_eff=1969/2048 (96.1%)  e_src: 1.239e+01 | e_L: 1.239e+01 | e_R: 1.239e+01 | e_tgt: 4.453e-03
Lang_L20.mlp.down_proj  Base->Stage2    | Spec: 3.8e-05 | Baseline_RelErr: 3.6e-03 | InnerRel: 3.2e-03 | AmbRel: 3.8e-05
    Baseline MSE: 9.0e-09 | Inner MSE: 7.0e-09 | Ambient MSE: 9.7e-13 | Drift Ratio: 7272.16
    r_eff=1969/2048 (96.1%)  e_src: 1.239e+01 | e_L: 1.239e+01 | e_R: 1.239e+01 | e_tgt: 4.669e-03
Processing Lang_L21.self_attn.q_proj...
Lang_L21.self_attn.q_proj  Base->Stage1    | Spec: 3.5e-05 | Baseline_RelErr: 1.5e-03 | InnerRel: 3.5e-05 | AmbRel: 3.5e-05
    Baseline MSE: 1.7e-09 | Inner MSE: 8.7e-13 | Ambient MSE: 8.7e-13 | Drift Ratio: 1.00
    r_eff=1394/2048 (68.1%)  e_src: 5.414e+00 | e_L: 5.414e+00 | e_R: 5.414e+00 | e_tgt: 1.905e-03
Lang_L21.self_attn.q_proj  Stage1->Stage2  | Spec: 8.7e-05 | Baseline_RelErr: 3.9e-03 | InnerRel: 8.7e-05 | AmbRel: 8.7e-05
    Baseline MSE: 1.1e-08 | Inner MSE: 5.3e-12 | Ambient MSE: 5.3e-12 | Drift Ratio: 1.00
    r_eff=1394/2048 (68.1%)  e_src: 5.416e+00 | e_L: 5.415e+00 | e_R: 5.415e+00 | e_tgt: 4.719e-03
Lang_L21.self_attn.q_proj  Base->Stage2    | Spec: 9.1e-05 | Baseline_RelErr: 4.1e-03 | InnerRel: 9.1e-05 | AmbRel: 9.1e-05
    Baseline MSE: 1.2e-08 | Inner MSE: 5.8e-12 | Ambient MSE: 5.8e-12 | Drift Ratio: 1.00
    r_eff=1394/2048 (68.1%)  e_src: 5.416e+00 | e_L: 5.415e+00 | e_R: 5.415e+00 | e_tgt: 4.936e-03
Processing Lang_L21.self_attn.k_proj...
Lang_L21.self_attn.k_proj  Base->Stage1    | Spec: 4.7e-05 | Baseline_RelErr: 1.6e-03 | InnerRel: 1.4e-03 | AmbRel: 4.7e-05
    Baseline MSE: 2.0e-09 | Inner MSE: 1.6e-09 | Ambient MSE: 1.7e-12 | Drift Ratio: 936.72
    r_eff=221/256 (86.3%)  e_src: 1.978e+00 | e_L: 1.978e+00 | e_R: 1.978e+00 | e_tgt: 9.359e-04
Lang_L21.self_attn.k_proj  Stage1->Stage2  | Spec: 1.2e-04 | Baseline_RelErr: 3.9e-03 | InnerRel: 3.4e-03 | AmbRel: 1.2e-04
    Baseline MSE: 1.2e-08 | Inner MSE: 8.8e-09 | Ambient MSE: 1.0e-11 | Drift Ratio: 862.79
    r_eff=221/256 (86.3%)  e_src: 1.979e+00 | e_L: 1.978e+00 | e_R: 1.979e+00 | e_tgt: 2.315e-03
Lang_L21.self_attn.k_proj  Base->Stage2    | Spec: 1.2e-04 | Baseline_RelErr: 4.1e-03 | InnerRel: 3.6e-03 | AmbRel: 1.2e-04
    Baseline MSE: 1.3e-08 | Inner MSE: 9.6e-09 | Ambient MSE: 1.2e-11 | Drift Ratio: 822.60
    r_eff=221/256 (86.3%)  e_src: 1.980e+00 | e_L: 1.978e+00 | e_R: 1.979e+00 | e_tgt: 2.478e-03
Processing Lang_L21.self_attn.v_proj...
Lang_L21.self_attn.v_proj  Base->Stage1    | Spec: 4.0e-05 | Baseline_RelErr: 1.6e-03 | InnerRel: 1.4e-03 | AmbRel: 4.0e-05
    Baseline MSE: 1.4e-09 | Inner MSE: 1.2e-09 | Ambient MSE: 9.0e-13 | Drift Ratio: 1282.67
    r_eff=246/256 (96.1%)  e_src: 1.640e+00 | e_L: 1.640e+00 | e_R: 1.640e+00 | e_tgt: 6.880e-04
Lang_L21.self_attn.v_proj  Stage1->Stage2  | Spec: 1.0e-04 | Baseline_RelErr: 3.9e-03 | InnerRel: 3.4e-03 | AmbRel: 1.0e-04
    Baseline MSE: 8.3e-09 | Inner MSE: 6.6e-09 | Ambient MSE: 6.1e-12 | Drift Ratio: 1079.10
    r_eff=246/256 (96.1%)  e_src: 1.641e+00 | e_L: 1.640e+00 | e_R: 1.641e+00 | e_tgt: 1.792e-03
Lang_L21.self_attn.v_proj  Base->Stage2    | Spec: 1.1e-04 | Baseline_RelErr: 4.0e-03 | InnerRel: 3.6e-03 | AmbRel: 1.1e-04
    Baseline MSE: 9.2e-09 | Inner MSE: 7.2e-09 | Ambient MSE: 6.9e-12 | Drift Ratio: 1038.43
    r_eff=246/256 (96.1%)  e_src: 1.641e+00 | e_L: 1.640e+00 | e_R: 1.641e+00 | e_tgt: 1.906e-03
Processing Lang_L21.self_attn.o_proj...
Lang_L21.self_attn.o_proj  Base->Stage1    | Spec: 3.1e-05 | Baseline_RelErr: 1.4e-03 | InnerRel: 3.1e-05 | AmbRel: 3.1e-05
    Baseline MSE: 1.1e-09 | Inner MSE: 5.7e-13 | Ambient MSE: 5.7e-13 | Drift Ratio: 1.00
    r_eff=1393/2048 (68.0%)  e_src: 5.035e+00 | e_L: 5.035e+00 | e_R: 5.035e+00 | e_tgt: 1.546e-03
Lang_L21.self_attn.o_proj  Stage1->Stage2  | Spec: 8.0e-05 | Baseline_RelErr: 3.8e-03 | InnerRel: 8.0e-05 | AmbRel: 8.0e-05
    Baseline MSE: 8.7e-09 | Inner MSE: 3.9e-12 | Ambient MSE: 3.9e-12 | Drift Ratio: 1.00
    r_eff=1393/2048 (68.0%)  e_src: 5.037e+00 | e_L: 5.036e+00 | e_R: 5.037e+00 | e_tgt: 4.027e-03
Lang_L21.self_attn.o_proj  Base->Stage2    | Spec: 8.4e-05 | Baseline_RelErr: 3.9e-03 | InnerRel: 8.4e-05 | AmbRel: 8.4e-05
    Baseline MSE: 9.3e-09 | Inner MSE: 4.2e-12 | Ambient MSE: 4.2e-12 | Drift Ratio: 1.00
    r_eff=1393/2048 (68.0%)  e_src: 5.037e+00 | e_L: 5.036e+00 | e_R: 5.037e+00 | e_tgt: 4.211e-03
Processing Lang_L21.mlp.gate_proj...
Lang_L21.mlp.gate_proj  Base->Stage1    | Spec: 1.2e-05 | Baseline_RelErr: 1.3e-03 | InnerRel: 1.2e-03 | AmbRel: 1.2e-05
    Baseline MSE: 1.3e-09 | Inner MSE: 1.0e-09 | Ambient MSE: 1.1e-13 | Drift Ratio: 9141.68
    r_eff=1957/2048 (95.6%)  e_src: 1.273e+01 | e_L: 1.273e+01 | e_R: 1.273e+01 | e_tgt: 1.594e-03
Lang_L21.mlp.gate_proj  Stage1->Stage2  | Spec: 3.5e-05 | Baseline_RelErr: 3.6e-03 | InnerRel: 3.2e-03 | AmbRel: 3.5e-05
    Baseline MSE: 9.4e-09 | Inner MSE: 7.6e-09 | Ambient MSE: 8.8e-13 | Drift Ratio: 8634.38
    r_eff=1957/2048 (95.6%)  e_src: 1.274e+01 | e_L: 1.274e+01 | e_R: 1.273e+01 | e_tgt: 4.465e-03
Lang_L21.mlp.gate_proj  Base->Stage2    | Spec: 3.6e-05 | Baseline_RelErr: 3.7e-03 | InnerRel: 3.4e-03 | AmbRel: 3.6e-05
    Baseline MSE: 1.0e-08 | Inner MSE: 8.2e-09 | Ambient MSE: 9.6e-13 | Drift Ratio: 8564.81
    r_eff=1957/2048 (95.6%)  e_src: 1.274e+01 | e_L: 1.274e+01 | e_R: 1.273e+01 | e_tgt: 4.657e-03
Processing Lang_L21.mlp.up_proj...
Lang_L21.mlp.up_proj  Base->Stage1    | Spec: 1.3e-05 | Baseline_RelErr: 1.3e-03 | InnerRel: 1.2e-03 | AmbRel: 1.3e-05
    Baseline MSE: 1.2e-09 | Inner MSE: 9.4e-10 | Ambient MSE: 1.2e-13 | Drift Ratio: 7586.11
    r_eff=1961/2048 (95.8%)  e_src: 1.252e+01 | e_L: 1.252e+01 | e_R: 1.252e+01 | e_tgt: 1.671e-03
Lang_L21.mlp.up_proj  Stage1->Stage2  | Spec: 3.7e-05 | Baseline_RelErr: 3.5e-03 | InnerRel: 3.1e-03 | AmbRel: 3.7e-05
    Baseline MSE: 8.6e-09 | Inner MSE: 6.7e-09 | Ambient MSE: 9.5e-13 | Drift Ratio: 7100.15
    r_eff=1961/2048 (95.8%)  e_src: 1.253e+01 | e_L: 1.253e+01 | e_R: 1.252e+01 | e_tgt: 4.623e-03
Lang_L21.mlp.up_proj  Base->Stage2    | Spec: 3.9e-05 | Baseline_RelErr: 3.6e-03 | InnerRel: 3.2e-03 | AmbRel: 3.9e-05
    Baseline MSE: 9.3e-09 | Inner MSE: 7.2e-09 | Ambient MSE: 1.1e-12 | Drift Ratio: 6865.04
    r_eff=1961/2048 (95.8%)  e_src: 1.253e+01 | e_L: 1.253e+01 | e_R: 1.252e+01 | e_tgt: 4.879e-03
Processing Lang_L21.mlp.down_proj...
Lang_L21.mlp.down_proj  Base->Stage1    | Spec: 1.3e-05 | Baseline_RelErr: 1.3e-03 | InnerRel: 1.2e-03 | AmbRel: 1.3e-05
    Baseline MSE: 1.1e-09 | Inner MSE: 9.0e-10 | Ambient MSE: 1.1e-13 | Drift Ratio: 8281.95
    r_eff=1965/2048 (95.9%)  e_src: 1.219e+01 | e_L: 1.219e+01 | e_R: 1.219e+01 | e_tgt: 1.568e-03
Lang_L21.mlp.down_proj  Stage1->Stage2  | Spec: 3.5e-05 | Baseline_RelErr: 3.5e-03 | InnerRel: 3.1e-03 | AmbRel: 3.5e-05
    Baseline MSE: 8.1e-09 | Inner MSE: 6.4e-09 | Ambient MSE: 8.2e-13 | Drift Ratio: 7814.51
    r_eff=1965/2048 (95.9%)  e_src: 1.220e+01 | e_L: 1.219e+01 | e_R: 1.220e+01 | e_tgt: 4.290e-03
Lang_L21.mlp.down_proj  Base->Stage2    | Spec: 3.7e-05 | Baseline_RelErr: 3.6e-03 | InnerRel: 3.2e-03 | AmbRel: 3.7e-05
    Baseline MSE: 8.8e-09 | Inner MSE: 6.9e-09 | Ambient MSE: 9.0e-13 | Drift Ratio: 7597.57
    r_eff=1965/2048 (95.9%)  e_src: 1.220e+01 | e_L: 1.219e+01 | e_R: 1.220e+01 | e_tgt: 4.516e-03
Processing Lang_L22.self_attn.q_proj...
Lang_L22.self_attn.q_proj  Base->Stage1    | Spec: 3.4e-05 | Baseline_RelErr: 1.5e-03 | InnerRel: 3.4e-05 | AmbRel: 3.4e-05
    Baseline MSE: 1.6e-09 | Inner MSE: 8.0e-13 | Ambient MSE: 8.0e-13 | Drift Ratio: 1.00
    r_eff=1404/2048 (68.6%)  e_src: 5.427e+00 | e_L: 5.427e+00 | e_R: 5.427e+00 | e_tgt: 1.833e-03
Lang_L22.self_attn.q_proj  Stage1->Stage2  | Spec: 8.8e-05 | Baseline_RelErr: 3.9e-03 | InnerRel: 8.8e-05 | AmbRel: 8.8e-05
    Baseline MSE: 1.1e-08 | Inner MSE: 5.5e-12 | Ambient MSE: 5.5e-12 | Drift Ratio: 1.00
    r_eff=1404/2048 (68.6%)  e_src: 5.429e+00 | e_L: 5.428e+00 | e_R: 5.428e+00 | e_tgt: 4.791e-03
Lang_L22.self_attn.q_proj  Base->Stage2    | Spec: 9.2e-05 | Baseline_RelErr: 4.1e-03 | InnerRel: 9.2e-05 | AmbRel: 9.2e-05
    Baseline MSE: 1.2e-08 | Inner MSE: 6.0e-12 | Ambient MSE: 6.0e-12 | Drift Ratio: 1.00
    r_eff=1404/2048 (68.6%)  e_src: 5.429e+00 | e_L: 5.428e+00 | e_R: 5.428e+00 | e_tgt: 4.999e-03
Processing Lang_L22.self_attn.k_proj...
Lang_L22.self_attn.k_proj  Base->Stage1    | Spec: 4.1e-05 | Baseline_RelErr: 1.6e-03 | InnerRel: 1.4e-03 | AmbRel: 4.1e-05
    Baseline MSE: 1.7e-09 | Inner MSE: 1.4e-09 | Ambient MSE: 1.2e-12 | Drift Ratio: 1205.85
    r_eff=228/256 (89.1%)  e_src: 1.847e+00 | e_L: 1.847e+00 | e_R: 1.847e+00 | e_tgt: 7.787e-04
Lang_L22.self_attn.k_proj  Stage1->Stage2  | Spec: 1.2e-04 | Baseline_RelErr: 4.1e-03 | InnerRel: 3.7e-03 | AmbRel: 1.2e-04
    Baseline MSE: 1.1e-08 | Inner MSE: 9.1e-09 | Ambient MSE: 9.4e-12 | Drift Ratio: 970.32
    r_eff=228/256 (89.1%)  e_src: 1.849e+00 | e_L: 1.847e+00 | e_R: 1.849e+00 | e_tgt: 2.215e-03
Lang_L22.self_attn.k_proj  Base->Stage2    | Spec: 1.2e-04 | Baseline_RelErr: 4.3e-03 | InnerRel: 3.8e-03 | AmbRel: 1.2e-04
    Baseline MSE: 1.2e-08 | Inner MSE: 9.9e-09 | Ambient MSE: 1.0e-11 | Drift Ratio: 940.80
    r_eff=228/256 (89.1%)  e_src: 1.849e+00 | e_L: 1.847e+00 | e_R: 1.849e+00 | e_tgt: 2.343e-03
Processing Lang_L22.self_attn.v_proj...
Lang_L22.self_attn.v_proj  Base->Stage1    | Spec: 3.7e-05 | Baseline_RelErr: 1.4e-03 | InnerRel: 1.3e-03 | AmbRel: 3.7e-05
    Baseline MSE: 1.2e-09 | Inner MSE: 1.0e-09 | Ambient MSE: 8.8e-13 | Drift Ratio: 1146.61
    r_eff=248/256 (96.9%)  e_src: 1.771e+00 | e_L: 1.770e+00 | e_R: 1.771e+00 | e_tgt: 6.781e-04
Lang_L22.self_attn.v_proj  Stage1->Stage2  | Spec: 9.5e-05 | Baseline_RelErr: 3.8e-03 | InnerRel: 3.4e-03 | AmbRel: 9.5e-05
    Baseline MSE: 8.9e-09 | Inner MSE: 7.2e-09 | Ambient MSE: 5.6e-12 | Drift Ratio: 1275.27
    r_eff=248/256 (96.9%)  e_src: 1.771e+00 | e_L: 1.770e+00 | e_R: 1.771e+00 | e_tgt: 1.719e-03
Lang_L22.self_attn.v_proj  Base->Stage2    | Spec: 1.0e-04 | Baseline_RelErr: 3.9e-03 | InnerRel: 3.5e-03 | AmbRel: 1.0e-04
    Baseline MSE: 9.6e-09 | Inner MSE: 7.7e-09 | Ambient MSE: 6.4e-12 | Drift Ratio: 1204.73
    r_eff=248/256 (96.9%)  e_src: 1.772e+00 | e_L: 1.770e+00 | e_R: 1.772e+00 | e_tgt: 1.831e-03
Processing Lang_L22.self_attn.o_proj...
Lang_L22.self_attn.o_proj  Base->Stage1    | Spec: 2.9e-05 | Baseline_RelErr: 1.3e-03 | InnerRel: 2.9e-05 | AmbRel: 2.9e-05
    Baseline MSE: 1.1e-09 | Inner MSE: 5.3e-13 | Ambient MSE: 5.3e-13 | Drift Ratio: 1.00
    r_eff=1413/2048 (69.0%)  e_src: 5.161e+00 | e_L: 5.161e+00 | e_R: 5.161e+00 | e_tgt: 1.487e-03
Lang_L22.self_attn.o_proj  Stage1->Stage2  | Spec: 8.0e-05 | Baseline_RelErr: 3.7e-03 | InnerRel: 8.0e-05 | AmbRel: 8.0e-05
    Baseline MSE: 8.7e-09 | Inner MSE: 4.1e-12 | Ambient MSE: 4.1e-12 | Drift Ratio: 1.00
    r_eff=1413/2048 (69.0%)  e_src: 5.163e+00 | e_L: 5.162e+00 | e_R: 5.163e+00 | e_tgt: 4.149e-03
Lang_L22.self_attn.o_proj  Base->Stage2    | Spec: 8.2e-05 | Baseline_RelErr: 3.8e-03 | InnerRel: 8.2e-05 | AmbRel: 8.2e-05
    Baseline MSE: 9.3e-09 | Inner MSE: 4.3e-12 | Ambient MSE: 4.3e-12 | Drift Ratio: 1.00
    r_eff=1413/2048 (69.0%)  e_src: 5.163e+00 | e_L: 5.162e+00 | e_R: 5.163e+00 | e_tgt: 4.257e-03
Processing Lang_L22.mlp.gate_proj...
Lang_L22.mlp.gate_proj  Base->Stage1    | Spec: 1.3e-05 | Baseline_RelErr: 1.3e-03 | InnerRel: 1.2e-03 | AmbRel: 1.3e-05
    Baseline MSE: 1.2e-09 | Inner MSE: 1.0e-09 | Ambient MSE: 1.1e-13 | Drift Ratio: 8927.65
    r_eff=1956/2048 (95.5%)  e_src: 1.259e+01 | e_L: 1.259e+01 | e_R: 1.259e+01 | e_tgt: 1.592e-03
Lang_L22.mlp.gate_proj  Stage1->Stage2  | Spec: 3.5e-05 | Baseline_RelErr: 3.6e-03 | InnerRel: 3.3e-03 | AmbRel: 3.5e-05
    Baseline MSE: 9.4e-09 | Inner MSE: 7.6e-09 | Ambient MSE: 8.7e-13 | Drift Ratio: 8772.84
    r_eff=1956/2048 (95.5%)  e_src: 1.260e+01 | e_L: 1.260e+01 | e_R: 1.259e+01 | e_tgt: 4.427e-03
Lang_L22.mlp.gate_proj  Base->Stage2    | Spec: 3.6e-05 | Baseline_RelErr: 3.8e-03 | InnerRel: 3.4e-03 | AmbRel: 3.6e-05
    Baseline MSE: 1.0e-08 | Inner MSE: 8.2e-09 | Ambient MSE: 9.4e-13 | Drift Ratio: 8757.72
    r_eff=1956/2048 (95.5%)  e_src: 1.260e+01 | e_L: 1.260e+01 | e_R: 1.259e+01 | e_tgt: 4.599e-03
Processing Lang_L22.mlp.up_proj...
Lang_L22.mlp.up_proj  Base->Stage1    | Spec: 1.2e-05 | Baseline_RelErr: 1.3e-03 | InnerRel: 1.2e-03 | AmbRel: 1.2e-05
    Baseline MSE: 1.2e-09 | Inner MSE: 9.3e-10 | Ambient MSE: 1.1e-13 | Drift Ratio: 8490.14
    r_eff=1962/2048 (95.8%)  e_src: 1.259e+01 | e_L: 1.259e+01 | e_R: 1.259e+01 | e_tgt: 1.575e-03
Lang_L22.mlp.up_proj  Stage1->Stage2  | Spec: 3.5e-05 | Baseline_RelErr: 3.5e-03 | InnerRel: 3.1e-03 | AmbRel: 3.5e-05
    Baseline MSE: 8.5e-09 | Inner MSE: 6.7e-09 | Ambient MSE: 8.5e-13 | Drift Ratio: 7928.96
    r_eff=1962/2048 (95.8%)  e_src: 1.260e+01 | e_L: 1.260e+01 | e_R: 1.259e+01 | e_tgt: 4.380e-03
Lang_L22.mlp.up_proj  Base->Stage2    | Spec: 3.6e-05 | Baseline_RelErr: 3.6e-03 | InnerRel: 3.2e-03 | AmbRel: 3.6e-05
    Baseline MSE: 9.2e-09 | Inner MSE: 7.3e-09 | Ambient MSE: 9.1e-13 | Drift Ratio: 7965.82
    r_eff=1962/2048 (95.8%)  e_src: 1.260e+01 | e_L: 1.260e+01 | e_R: 1.259e+01 | e_tgt: 4.532e-03
Processing Lang_L22.mlp.down_proj...
Lang_L22.mlp.down_proj  Base->Stage1    | Spec: 1.3e-05 | Baseline_RelErr: 1.3e-03 | InnerRel: 1.2e-03 | AmbRel: 1.3e-05
    Baseline MSE: 1.1e-09 | Inner MSE: 8.9e-10 | Ambient MSE: 1.2e-13 | Drift Ratio: 7717.19
    r_eff=1963/2048 (95.8%)  e_src: 1.221e+01 | e_L: 1.220e+01 | e_R: 1.221e+01 | e_tgt: 1.616e-03
Lang_L22.mlp.down_proj  Stage1->Stage2  | Spec: 3.6e-05 | Baseline_RelErr: 3.5e-03 | InnerRel: 3.1e-03 | AmbRel: 3.6e-05
    Baseline MSE: 8.2e-09 | Inner MSE: 6.4e-09 | Ambient MSE: 8.8e-13 | Drift Ratio: 7324.44
    r_eff=1963/2048 (95.8%)  e_src: 1.221e+01 | e_L: 1.221e+01 | e_R: 1.221e+01 | e_tgt: 4.449e-03
Lang_L22.mlp.down_proj  Base->Stage2    | Spec: 3.8e-05 | Baseline_RelErr: 3.6e-03 | InnerRel: 3.2e-03 | AmbRel: 3.8e-05
    Baseline MSE: 8.8e-09 | Inner MSE: 6.9e-09 | Ambient MSE: 9.4e-13 | Drift Ratio: 7329.53
    r_eff=1963/2048 (95.8%)  e_src: 1.221e+01 | e_L: 1.221e+01 | e_R: 1.221e+01 | e_tgt: 4.612e-03
Processing Lang_L23.self_attn.q_proj...
Lang_L23.self_attn.q_proj  Base->Stage1    | Spec: 3.1e-05 | Baseline_RelErr: 1.4e-03 | InnerRel: 3.1e-05 | AmbRel: 3.1e-05
    Baseline MSE: 1.5e-09 | Inner MSE: 7.3e-13 | Ambient MSE: 7.3e-13 | Drift Ratio: 1.00
    r_eff=1398/2048 (68.3%)  e_src: 5.550e+00 | e_L: 5.550e+00 | e_R: 5.550e+00 | e_tgt: 1.747e-03
Lang_L23.self_attn.q_proj  Stage1->Stage2  | Spec: 8.0e-05 | Baseline_RelErr: 3.7e-03 | InnerRel: 8.0e-05 | AmbRel: 8.0e-05
    Baseline MSE: 9.8e-09 | Inner MSE: 4.7e-12 | Ambient MSE: 4.7e-12 | Drift Ratio: 1.00
    r_eff=1398/2048 (68.3%)  e_src: 5.552e+00 | e_L: 5.551e+00 | e_R: 5.551e+00 | e_tgt: 4.457e-03
Lang_L23.self_attn.q_proj  Base->Stage2    | Spec: 8.4e-05 | Baseline_RelErr: 3.8e-03 | InnerRel: 8.4e-05 | AmbRel: 8.4e-05
    Baseline MSE: 1.1e-08 | Inner MSE: 5.2e-12 | Ambient MSE: 5.2e-12 | Drift Ratio: 1.00
    r_eff=1398/2048 (68.3%)  e_src: 5.552e+00 | e_L: 5.551e+00 | e_R: 5.551e+00 | e_tgt: 4.653e-03
Processing Lang_L23.self_attn.k_proj...
Lang_L23.self_attn.k_proj  Base->Stage1    | Spec: 3.9e-05 | Baseline_RelErr: 1.4e-03 | InnerRel: 1.2e-03 | AmbRel: 3.9e-05
    Baseline MSE: 1.8e-09 | Inner MSE: 1.4e-09 | Ambient MSE: 1.4e-12 | Drift Ratio: 1053.12
    r_eff=226/256 (88.3%)  e_src: 2.157e+00 | e_L: 2.157e+00 | e_R: 2.157e+00 | e_tgt: 8.423e-04
Lang_L23.self_attn.k_proj  Stage1->Stage2  | Spec: 9.7e-05 | Baseline_RelErr: 3.3e-03 | InnerRel: 3.0e-03 | AmbRel: 9.7e-05
    Baseline MSE: 9.9e-09 | Inner MSE: 8.0e-09 | Ambient MSE: 8.6e-12 | Drift Ratio: 925.53
    r_eff=226/256 (88.3%)  e_src: 2.158e+00 | e_L: 2.157e+00 | e_R: 2.158e+00 | e_tgt: 2.126e-03
Lang_L23.self_attn.k_proj  Base->Stage2    | Spec: 1.1e-04 | Baseline_RelErr: 3.5e-03 | InnerRel: 3.1e-03 | AmbRel: 1.1e-04
    Baseline MSE: 1.1e-08 | Inner MSE: 8.8e-09 | Ambient MSE: 1.0e-11 | Drift Ratio: 865.69
    r_eff=226/256 (88.3%)  e_src: 2.158e+00 | e_L: 2.157e+00 | e_R: 2.158e+00 | e_tgt: 2.305e-03
Processing Lang_L23.self_attn.v_proj...
Lang_L23.self_attn.v_proj  Base->Stage1    | Spec: 4.9e-05 | Baseline_RelErr: 1.7e-03 | InnerRel: 1.6e-03 | AmbRel: 4.9e-05
    Baseline MSE: 1.6e-09 | Inner MSE: 1.3e-09 | Ambient MSE: 1.3e-12 | Drift Ratio: 1013.55
    r_eff=247/256 (96.5%)  e_src: 1.637e+00 | e_L: 1.637e+00 | e_R: 1.637e+00 | e_tgt: 8.109e-04
Lang_L23.self_attn.v_proj  Stage1->Stage2  | Spec: 1.1e-04 | Baseline_RelErr: 4.0e-03 | InnerRel: 3.6e-03 | AmbRel: 1.1e-04
    Baseline MSE: 8.4e-09 | Inner MSE: 6.8e-09 | Ambient MSE: 6.4e-12 | Drift Ratio: 1065.70
    r_eff=247/256 (96.5%)  e_src: 1.638e+00 | e_L: 1.637e+00 | e_R: 1.638e+00 | e_tgt: 1.831e-03
Lang_L23.self_attn.v_proj  Base->Stage2    | Spec: 1.2e-04 | Baseline_RelErr: 4.3e-03 | InnerRel: 3.8e-03 | AmbRel: 1.2e-04
    Baseline MSE: 9.4e-09 | Inner MSE: 7.5e-09 | Ambient MSE: 6.9e-12 | Drift Ratio: 1085.99
    r_eff=247/256 (96.5%)  e_src: 1.638e+00 | e_L: 1.637e+00 | e_R: 1.638e+00 | e_tgt: 1.906e-03
Processing Lang_L23.self_attn.o_proj...
Lang_L23.self_attn.o_proj  Base->Stage1    | Spec: 3.2e-05 | Baseline_RelErr: 1.4e-03 | InnerRel: 3.2e-05 | AmbRel: 3.2e-05
    Baseline MSE: 1.2e-09 | Inner MSE: 5.5e-13 | Ambient MSE: 5.5e-13 | Drift Ratio: 1.00
    r_eff=1400/2048 (68.4%)  e_src: 4.804e+00 | e_L: 4.804e+00 | e_R: 4.804e+00 | e_tgt: 1.526e-03
Lang_L23.self_attn.o_proj  Stage1->Stage2  | Spec: 8.0e-05 | Baseline_RelErr: 3.8e-03 | InnerRel: 8.0e-05 | AmbRel: 8.0e-05
    Baseline MSE: 7.8e-09 | Inner MSE: 3.5e-12 | Ambient MSE: 3.5e-12 | Drift Ratio: 1.00
    r_eff=1400/2048 (68.4%)  e_src: 4.806e+00 | e_L: 4.805e+00 | e_R: 4.805e+00 | e_tgt: 3.840e-03
Lang_L23.self_attn.o_proj  Base->Stage2    | Spec: 8.4e-05 | Baseline_RelErr: 3.9e-03 | InnerRel: 8.4e-05 | AmbRel: 8.4e-05
    Baseline MSE: 8.5e-09 | Inner MSE: 3.8e-12 | Ambient MSE: 3.8e-12 | Drift Ratio: 1.00
    r_eff=1400/2048 (68.4%)  e_src: 4.806e+00 | e_L: 4.805e+00 | e_R: 4.805e+00 | e_tgt: 4.017e-03
Processing Lang_L23.mlp.gate_proj...
Lang_L23.mlp.gate_proj  Base->Stage1    | Spec: 1.2e-05 | Baseline_RelErr: 1.3e-03 | InnerRel: 1.2e-03 | AmbRel: 1.2e-05
    Baseline MSE: 1.1e-09 | Inner MSE: 9.1e-10 | Ambient MSE: 9.9e-14 | Drift Ratio: 9241.27
    r_eff=1961/2048 (95.8%)  e_src: 1.227e+01 | e_L: 1.227e+01 | e_R: 1.227e+01 | e_tgt: 1.493e-03
Lang_L23.mlp.gate_proj  Stage1->Stage2  | Spec: 3.6e-05 | Baseline_RelErr: 3.7e-03 | InnerRel: 3.3e-03 | AmbRel: 3.6e-05
    Baseline MSE: 9.2e-09 | Inner MSE: 7.5e-09 | Ambient MSE: 8.6e-13 | Drift Ratio: 8691.74
    r_eff=1961/2048 (95.8%)  e_src: 1.228e+01 | e_L: 1.228e+01 | e_R: 1.227e+01 | e_tgt: 4.401e-03
Lang_L23.mlp.gate_proj  Base->Stage2    | Spec: 3.7e-05 | Baseline_RelErr: 3.8e-03 | InnerRel: 3.5e-03 | AmbRel: 3.7e-05
    Baseline MSE: 9.9e-09 | Inner MSE: 8.0e-09 | Ambient MSE: 9.1e-13 | Drift Ratio: 8806.20
    r_eff=1961/2048 (95.8%)  e_src: 1.228e+01 | e_L: 1.228e+01 | e_R: 1.227e+01 | e_tgt: 4.525e-03
Processing Lang_L23.mlp.up_proj...
Lang_L23.mlp.up_proj  Base->Stage1    | Spec: 1.2e-05 | Baseline_RelErr: 1.2e-03 | InnerRel: 1.1e-03 | AmbRel: 1.2e-05
    Baseline MSE: 1.0e-09 | Inner MSE: 8.3e-10 | Ambient MSE: 9.7e-14 | Drift Ratio: 8558.95
    r_eff=1961/2048 (95.8%)  e_src: 1.271e+01 | e_L: 1.271e+01 | e_R: 1.271e+01 | e_tgt: 1.478e-03
Lang_L23.mlp.up_proj  Stage1->Stage2  | Spec: 3.4e-05 | Baseline_RelErr: 3.4e-03 | InnerRel: 3.0e-03 | AmbRel: 3.4e-05
    Baseline MSE: 8.3e-09 | Inner MSE: 6.6e-09 | Ambient MSE: 8.5e-13 | Drift Ratio: 7823.13
    r_eff=1961/2048 (95.8%)  e_src: 1.271e+01 | e_L: 1.271e+01 | e_R: 1.271e+01 | e_tgt: 4.371e-03
Lang_L23.mlp.up_proj  Base->Stage2    | Spec: 3.6e-05 | Baseline_RelErr: 3.5e-03 | InnerRel: 3.1e-03 | AmbRel: 3.6e-05
    Baseline MSE: 8.9e-09 | Inner MSE: 7.1e-09 | Ambient MSE: 9.1e-13 | Drift Ratio: 7754.20
    r_eff=1961/2048 (95.8%)  e_src: 1.271e+01 | e_L: 1.271e+01 | e_R: 1.271e+01 | e_tgt: 4.539e-03
Processing Lang_L23.mlp.down_proj...
Lang_L23.mlp.down_proj  Base->Stage1    | Spec: 1.2e-05 | Baseline_RelErr: 1.2e-03 | InnerRel: 1.1e-03 | AmbRel: 1.2e-05
    Baseline MSE: 9.8e-10 | Inner MSE: 7.8e-10 | Ambient MSE: 9.2e-14 | Drift Ratio: 8532.35
    r_eff=1966/2048 (96.0%)  e_src: 1.231e+01 | e_L: 1.231e+01 | e_R: 1.231e+01 | e_tgt: 1.438e-03
Lang_L23.mlp.down_proj  Stage1->Stage2  | Spec: 3.5e-05 | Baseline_RelErr: 3.4e-03 | InnerRel: 3.1e-03 | AmbRel: 3.5e-05
    Baseline MSE: 8.0e-09 | Inner MSE: 6.3e-09 | Ambient MSE: 8.4e-13 | Drift Ratio: 7559.63
    r_eff=1966/2048 (96.0%)  e_src: 1.231e+01 | e_L: 1.231e+01 | e_R: 1.231e+01 | e_tgt: 4.344e-03
Lang_L23.mlp.down_proj  Base->Stage2    | Spec: 3.7e-05 | Baseline_RelErr: 3.5e-03 | InnerRel: 3.2e-03 | AmbRel: 3.7e-05
    Baseline MSE: 8.5e-09 | Inner MSE: 6.8e-09 | Ambient MSE: 9.2e-13 | Drift Ratio: 7366.16
    r_eff=1966/2048 (96.0%)  e_src: 1.231e+01 | e_L: 1.231e+01 | e_R: 1.231e+01 | e_tgt: 4.548e-03
Processing Lang_L24.self_attn.q_proj...
Lang_L24.self_attn.q_proj  Base->Stage1    | Spec: 2.8e-05 | Baseline_RelErr: 1.2e-03 | InnerRel: 2.8e-05 | AmbRel: 2.8e-05
    Baseline MSE: 1.1e-09 | Inner MSE: 5.5e-13 | Ambient MSE: 5.5e-13 | Drift Ratio: 1.00
    r_eff=1416/2048 (69.1%)  e_src: 5.479e+00 | e_L: 5.479e+00 | e_R: 5.479e+00 | e_tgt: 1.518e-03
Lang_L24.self_attn.q_proj  Stage1->Stage2  | Spec: 8.0e-05 | Baseline_RelErr: 3.6e-03 | InnerRel: 8.0e-05 | AmbRel: 8.0e-05
    Baseline MSE: 9.4e-09 | Inner MSE: 4.6e-12 | Ambient MSE: 4.6e-12 | Drift Ratio: 1.00
    r_eff=1416/2048 (69.1%)  e_src: 5.480e+00 | e_L: 5.480e+00 | e_R: 5.479e+00 | e_tgt: 4.388e-03
Lang_L24.self_attn.q_proj  Base->Stage2    | Spec: 8.3e-05 | Baseline_RelErr: 3.8e-03 | InnerRel: 8.3e-05 | AmbRel: 8.3e-05
    Baseline MSE: 1.0e-08 | Inner MSE: 5.0e-12 | Ambient MSE: 5.0e-12 | Drift Ratio: 1.00
    r_eff=1416/2048 (69.1%)  e_src: 5.480e+00 | e_L: 5.480e+00 | e_R: 5.480e+00 | e_tgt: 4.570e-03
Processing Lang_L24.self_attn.k_proj...
Lang_L24.self_attn.k_proj  Base->Stage1    | Spec: 3.0e-05 | Baseline_RelErr: 1.2e-03 | InnerRel: 1.1e-03 | AmbRel: 3.0e-05
    Baseline MSE: 1.1e-09 | Inner MSE: 9.4e-10 | Ambient MSE: 7.2e-13 | Drift Ratio: 1314.44
    r_eff=228/256 (89.1%)  e_src: 1.959e+00 | e_L: 1.959e+00 | e_R: 1.959e+00 | e_tgt: 6.131e-04
Lang_L24.self_attn.k_proj  Stage1->Stage2  | Spec: 9.3e-05 | Baseline_RelErr: 3.4e-03 | InnerRel: 3.1e-03 | AmbRel: 9.3e-05
    Baseline MSE: 8.7e-09 | Inner MSE: 7.3e-09 | Ambient MSE: 6.7e-12 | Drift Ratio: 1092.20
    r_eff=228/256 (89.1%)  e_src: 1.960e+00 | e_L: 1.959e+00 | e_R: 1.960e+00 | e_tgt: 1.869e-03
Lang_L24.self_attn.k_proj  Base->Stage2    | Spec: 1.0e-04 | Baseline_RelErr: 3.5e-03 | InnerRel: 3.2e-03 | AmbRel: 1.0e-04
    Baseline MSE: 9.4e-09 | Inner MSE: 7.8e-09 | Ambient MSE: 7.8e-12 | Drift Ratio: 1000.37
    r_eff=228/256 (89.1%)  e_src: 1.960e+00 | e_L: 1.959e+00 | e_R: 1.960e+00 | e_tgt: 2.019e-03
Processing Lang_L24.self_attn.v_proj...
Lang_L24.self_attn.v_proj  Base->Stage1    | Spec: 3.3e-05 | Baseline_RelErr: 1.2e-03 | InnerRel: 1.1e-03 | AmbRel: 3.3e-05
    Baseline MSE: 1.0e-09 | Inner MSE: 8.5e-10 | Ambient MSE: 7.1e-13 | Drift Ratio: 1190.81
    r_eff=251/256 (98.0%)  e_src: 1.799e+00 | e_L: 1.798e+00 | e_R: 1.799e+00 | e_tgt: 6.103e-04
Lang_L24.self_attn.v_proj  Stage1->Stage2  | Spec: 8.0e-05 | Baseline_RelErr: 3.3e-03 | InnerRel: 3.0e-03 | AmbRel: 8.0e-05
    Baseline MSE: 7.2e-09 | Inner MSE: 6.0e-09 | Ambient MSE: 4.2e-12 | Drift Ratio: 1436.85
    r_eff=251/256 (98.0%)  e_src: 1.799e+00 | e_L: 1.799e+00 | e_R: 1.799e+00 | e_tgt: 1.478e-03
Lang_L24.self_attn.v_proj  Base->Stage2    | Spec: 8.9e-05 | Baseline_RelErr: 3.5e-03 | InnerRel: 3.2e-03 | AmbRel: 8.9e-05
    Baseline MSE: 7.7e-09 | Inner MSE: 6.4e-09 | Ambient MSE: 5.1e-12 | Drift Ratio: 1261.03
    r_eff=251/256 (98.0%)  e_src: 1.799e+00 | e_L: 1.799e+00 | e_R: 1.799e+00 | e_tgt: 1.633e-03
Processing Lang_L24.self_attn.o_proj...
Lang_L24.self_attn.o_proj  Base->Stage1    | Spec: 2.9e-05 | Baseline_RelErr: 1.3e-03 | InnerRel: 2.9e-05 | AmbRel: 2.9e-05
    Baseline MSE: 1.0e-09 | Inner MSE: 5.2e-13 | Ambient MSE: 5.2e-13 | Drift Ratio: 1.00
    r_eff=1423/2048 (69.5%)  e_src: 5.065e+00 | e_L: 5.064e+00 | e_R: 5.065e+00 | e_tgt: 1.476e-03
Lang_L24.self_attn.o_proj  Stage1->Stage2  | Spec: 7.7e-05 | Baseline_RelErr: 3.5e-03 | InnerRel: 7.7e-05 | AmbRel: 7.7e-05
    Baseline MSE: 7.6e-09 | Inner MSE: 3.7e-12 | Ambient MSE: 3.7e-12 | Drift Ratio: 1.00
    r_eff=1423/2048 (69.5%)  e_src: 5.066e+00 | e_L: 5.065e+00 | e_R: 5.065e+00 | e_tgt: 3.915e-03
Lang_L24.self_attn.o_proj  Base->Stage2    | Spec: 8.0e-05 | Baseline_RelErr: 3.7e-03 | InnerRel: 8.0e-05 | AmbRel: 8.0e-05
    Baseline MSE: 8.2e-09 | Inner MSE: 3.9e-12 | Ambient MSE: 3.9e-12 | Drift Ratio: 1.00
    r_eff=1423/2048 (69.5%)  e_src: 5.066e+00 | e_L: 5.065e+00 | e_R: 5.066e+00 | e_tgt: 4.053e-03
Processing Lang_L24.mlp.gate_proj...
Lang_L24.mlp.gate_proj  Base->Stage1    | Spec: 1.2e-05 | Baseline_RelErr: 1.2e-03 | InnerRel: 1.1e-03 | AmbRel: 1.2e-05
    Baseline MSE: 1.0e-09 | Inner MSE: 8.3e-10 | Ambient MSE: 9.0e-14 | Drift Ratio: 9191.45
    r_eff=1959/2048 (95.7%)  e_src: 1.226e+01 | e_L: 1.226e+01 | e_R: 1.226e+01 | e_tgt: 1.426e-03
Lang_L24.mlp.gate_proj  Stage1->Stage2  | Spec: 3.5e-05 | Baseline_RelErr: 3.7e-03 | InnerRel: 3.3e-03 | AmbRel: 3.5e-05
    Baseline MSE: 9.0e-09 | Inner MSE: 7.3e-09 | Ambient MSE: 8.1e-13 | Drift Ratio: 8950.29
    r_eff=1959/2048 (95.7%)  e_src: 1.227e+01 | e_L: 1.227e+01 | e_R: 1.226e+01 | e_tgt: 4.281e-03
Lang_L24.mlp.gate_proj  Base->Stage2    | Spec: 3.6e-05 | Baseline_RelErr: 3.8e-03 | InnerRel: 3.4e-03 | AmbRel: 3.6e-05
    Baseline MSE: 9.5e-09 | Inner MSE: 7.8e-09 | Ambient MSE: 8.6e-13 | Drift Ratio: 9027.25
    r_eff=1959/2048 (95.7%)  e_src: 1.227e+01 | e_L: 1.227e+01 | e_R: 1.226e+01 | e_tgt: 4.401e-03
Processing Lang_L24.mlp.up_proj...
Lang_L24.mlp.up_proj  Base->Stage1    | Spec: 1.1e-05 | Baseline_RelErr: 1.2e-03 | InnerRel: 1.0e-03 | AmbRel: 1.1e-05
    Baseline MSE: 9.5e-10 | Inner MSE: 7.7e-10 | Ambient MSE: 9.4e-14 | Drift Ratio: 8177.70
    r_eff=1960/2048 (95.7%)  e_src: 1.264e+01 | e_L: 1.264e+01 | e_R: 1.263e+01 | e_tgt: 1.454e-03
Lang_L24.mlp.up_proj  Stage1->Stage2  | Spec: 3.4e-05 | Baseline_RelErr: 3.4e-03 | InnerRel: 3.0e-03 | AmbRel: 3.4e-05
    Baseline MSE: 8.1e-09 | Inner MSE: 6.5e-09 | Ambient MSE: 8.1e-13 | Drift Ratio: 8012.41
    r_eff=1960/2048 (95.7%)  e_src: 1.264e+01 | e_L: 1.264e+01 | e_R: 1.264e+01 | e_tgt: 4.266e-03
Lang_L24.mlp.up_proj  Base->Stage2    | Spec: 3.5e-05 | Baseline_RelErr: 3.5e-03 | InnerRel: 3.1e-03 | AmbRel: 3.5e-05
    Baseline MSE: 8.6e-09 | Inner MSE: 6.9e-09 | Ambient MSE: 8.5e-13 | Drift Ratio: 8133.93
    r_eff=1960/2048 (95.7%)  e_src: 1.264e+01 | e_L: 1.264e+01 | e_R: 1.264e+01 | e_tgt: 4.368e-03
Processing Lang_L24.mlp.down_proj...
Lang_L24.mlp.down_proj  Base->Stage1    | Spec: 1.2e-05 | Baseline_RelErr: 1.2e-03 | InnerRel: 1.1e-03 | AmbRel: 1.2e-05
    Baseline MSE: 9.2e-10 | Inner MSE: 7.4e-10 | Ambient MSE: 9.4e-14 | Drift Ratio: 7834.71
    r_eff=1960/2048 (95.7%)  e_src: 1.229e+01 | e_L: 1.229e+01 | e_R: 1.229e+01 | e_tgt: 1.459e-03
Lang_L24.mlp.down_proj  Stage1->Stage2  | Spec: 3.5e-05 | Baseline_RelErr: 3.4e-03 | InnerRel: 3.1e-03 | AmbRel: 3.5e-05
    Baseline MSE: 7.9e-09 | Inner MSE: 6.3e-09 | Ambient MSE: 8.4e-13 | Drift Ratio: 7553.02
    r_eff=1960/2048 (95.7%)  e_src: 1.230e+01 | e_L: 1.229e+01 | e_R: 1.230e+01 | e_tgt: 4.340e-03
Lang_L24.mlp.down_proj  Base->Stage2    | Spec: 3.7e-05 | Baseline_RelErr: 3.5e-03 | InnerRel: 3.2e-03 | AmbRel: 3.7e-05
    Baseline MSE: 8.4e-09 | Inner MSE: 6.7e-09 | Ambient MSE: 8.9e-13 | Drift Ratio: 7504.99
    r_eff=1960/2048 (95.7%)  e_src: 1.230e+01 | e_L: 1.229e+01 | e_R: 1.230e+01 | e_tgt: 4.491e-03
Processing Lang_L25.self_attn.q_proj...
Lang_L25.self_attn.q_proj  Base->Stage1    | Spec: 2.6e-05 | Baseline_RelErr: 1.2e-03 | InnerRel: 2.6e-05 | AmbRel: 2.6e-05
    Baseline MSE: 9.3e-10 | Inner MSE: 4.3e-13 | Ambient MSE: 4.3e-13 | Drift Ratio: 1.00
    r_eff=1387/2048 (67.7%)  e_src: 5.267e+00 | e_L: 5.267e+00 | e_R: 5.267e+00 | e_tgt: 1.348e-03
Lang_L25.self_attn.q_proj  Stage1->Stage2  | Spec: 7.7e-05 | Baseline_RelErr: 3.5e-03 | InnerRel: 7.7e-05 | AmbRel: 7.7e-05
    Baseline MSE: 8.3e-09 | Inner MSE: 3.9e-12 | Ambient MSE: 3.9e-12 | Drift Ratio: 1.00
    r_eff=1387/2048 (67.7%)  e_src: 5.269e+00 | e_L: 5.268e+00 | e_R: 5.268e+00 | e_tgt: 4.035e-03
Lang_L25.self_attn.q_proj  Base->Stage2    | Spec: 7.9e-05 | Baseline_RelErr: 3.7e-03 | InnerRel: 7.9e-05 | AmbRel: 7.9e-05
    Baseline MSE: 8.9e-09 | Inner MSE: 4.1e-12 | Ambient MSE: 4.1e-12 | Drift Ratio: 1.00
    r_eff=1387/2048 (67.7%)  e_src: 5.269e+00 | e_L: 5.268e+00 | e_R: 5.268e+00 | e_tgt: 4.163e-03
Processing Lang_L25.self_attn.k_proj...
Lang_L25.self_attn.k_proj  Base->Stage1    | Spec: 3.6e-05 | Baseline_RelErr: 1.4e-03 | InnerRel: 1.3e-03 | AmbRel: 3.6e-05
    Baseline MSE: 9.7e-10 | Inner MSE: 8.1e-10 | Ambient MSE: 6.5e-13 | Drift Ratio: 1248.14
    r_eff=229/256 (89.5%)  e_src: 1.630e+00 | e_L: 1.630e+00 | e_R: 1.630e+00 | e_tgt: 5.817e-04
Lang_L25.self_attn.k_proj  Stage1->Stage2  | Spec: 1.0e-04 | Baseline_RelErr: 3.9e-03 | InnerRel: 3.6e-03 | AmbRel: 1.0e-04
    Baseline MSE: 7.8e-09 | Inner MSE: 6.5e-09 | Ambient MSE: 5.3e-12 | Drift Ratio: 1227.99
    r_eff=229/256 (89.5%)  e_src: 1.631e+00 | e_L: 1.630e+00 | e_R: 1.631e+00 | e_tgt: 1.661e-03
Lang_L25.self_attn.k_proj  Base->Stage2    | Spec: 1.1e-04 | Baseline_RelErr: 4.0e-03 | InnerRel: 3.7e-03 | AmbRel: 1.1e-04
    Baseline MSE: 8.3e-09 | Inner MSE: 6.9e-09 | Ambient MSE: 5.8e-12 | Drift Ratio: 1181.33
    r_eff=229/256 (89.5%)  e_src: 1.631e+00 | e_L: 1.630e+00 | e_R: 1.631e+00 | e_tgt: 1.744e-03
Processing Lang_L25.self_attn.v_proj...
Lang_L25.self_attn.v_proj  Base->Stage1    | Spec: 3.1e-05 | Baseline_RelErr: 1.2e-03 | InnerRel: 1.1e-03 | AmbRel: 3.1e-05
    Baseline MSE: 9.6e-10 | Inner MSE: 8.2e-10 | Ambient MSE: 6.3e-13 | Drift Ratio: 1311.57
    r_eff=248/256 (96.9%)  e_src: 1.828e+00 | e_L: 1.828e+00 | e_R: 1.828e+00 | e_tgt: 5.725e-04
Lang_L25.self_attn.v_proj  Stage1->Stage2  | Spec: 8.2e-05 | Baseline_RelErr: 3.2e-03 | InnerRel: 3.0e-03 | AmbRel: 8.2e-05
    Baseline MSE: 6.9e-09 | Inner MSE: 5.9e-09 | Ambient MSE: 4.5e-12 | Drift Ratio: 1294.40
    r_eff=248/256 (96.9%)  e_src: 1.829e+00 | e_L: 1.828e+00 | e_R: 1.829e+00 | e_tgt: 1.541e-03
Lang_L25.self_attn.v_proj  Base->Stage2    | Spec: 8.5e-05 | Baseline_RelErr: 3.3e-03 | InnerRel: 3.1e-03 | AmbRel: 8.5e-05
    Baseline MSE: 7.5e-09 | Inner MSE: 6.3e-09 | Ambient MSE: 4.9e-12 | Drift Ratio: 1297.24
    r_eff=248/256 (96.9%)  e_src: 1.829e+00 | e_L: 1.828e+00 | e_R: 1.829e+00 | e_tgt: 1.598e-03
Processing Lang_L25.self_attn.o_proj...
Lang_L25.self_attn.o_proj  Base->Stage1    | Spec: 3.1e-05 | Baseline_RelErr: 1.4e-03 | InnerRel: 3.1e-05 | AmbRel: 3.1e-05
    Baseline MSE: 1.2e-09 | Inner MSE: 6.1e-13 | Ambient MSE: 6.1e-13 | Drift Ratio: 1.00
    r_eff=1407/2048 (68.7%)  e_src: 5.201e+00 | e_L: 5.201e+00 | e_R: 5.201e+00 | e_tgt: 1.599e-03
Lang_L25.self_attn.o_proj  Stage1->Stage2  | Spec: 7.3e-05 | Baseline_RelErr: 3.4e-03 | InnerRel: 7.3e-05 | AmbRel: 7.3e-05
    Baseline MSE: 7.4e-09 | Inner MSE: 3.4e-12 | Ambient MSE: 3.4e-12 | Drift Ratio: 1.00
    r_eff=1407/2048 (68.7%)  e_src: 5.203e+00 | e_L: 5.202e+00 | e_R: 5.202e+00 | e_tgt: 3.793e-03
Lang_L25.self_attn.o_proj  Base->Stage2    | Spec: 7.6e-05 | Baseline_RelErr: 3.5e-03 | InnerRel: 7.6e-05 | AmbRel: 7.6e-05
    Baseline MSE: 8.1e-09 | Inner MSE: 3.7e-12 | Ambient MSE: 3.7e-12 | Drift Ratio: 1.00
    r_eff=1407/2048 (68.7%)  e_src: 5.203e+00 | e_L: 5.202e+00 | e_R: 5.202e+00 | e_tgt: 3.938e-03
Processing Lang_L25.mlp.gate_proj...
Lang_L25.mlp.gate_proj  Base->Stage1    | Spec: 1.1e-05 | Baseline_RelErr: 1.2e-03 | InnerRel: 1.1e-03 | AmbRel: 1.1e-05
    Baseline MSE: 9.7e-10 | Inner MSE: 7.9e-10 | Ambient MSE: 8.5e-14 | Drift Ratio: 9284.18
    r_eff=1958/2048 (95.6%)  e_src: 1.243e+01 | e_L: 1.243e+01 | e_R: 1.243e+01 | e_tgt: 1.382e-03
Lang_L25.mlp.gate_proj  Stage1->Stage2  | Spec: 3.6e-05 | Baseline_RelErr: 3.6e-03 | InnerRel: 3.3e-03 | AmbRel: 3.6e-05
    Baseline MSE: 9.0e-09 | Inner MSE: 7.3e-09 | Ambient MSE: 8.7e-13 | Drift Ratio: 8307.59
    r_eff=1958/2048 (95.6%)  e_src: 1.244e+01 | e_L: 1.244e+01 | e_R: 1.243e+01 | e_tgt: 4.436e-03
Lang_L25.mlp.gate_proj  Base->Stage2    | Spec: 3.6e-05 | Baseline_RelErr: 3.7e-03 | InnerRel: 3.4e-03 | AmbRel: 3.6e-05
    Baseline MSE: 9.5e-09 | Inner MSE: 7.7e-09 | Ambient MSE: 9.0e-13 | Drift Ratio: 8528.66
    r_eff=1958/2048 (95.6%)  e_src: 1.244e+01 | e_L: 1.244e+01 | e_R: 1.243e+01 | e_tgt: 4.515e-03
Processing Lang_L25.mlp.up_proj...
Lang_L25.mlp.up_proj  Base->Stage1    | Spec: 1.1e-05 | Baseline_RelErr: 1.1e-03 | InnerRel: 1.0e-03 | AmbRel: 1.1e-05
    Baseline MSE: 9.2e-10 | Inner MSE: 7.4e-10 | Ambient MSE: 8.8e-14 | Drift Ratio: 8457.14
    r_eff=1961/2048 (95.8%)  e_src: 1.270e+01 | e_L: 1.270e+01 | e_R: 1.270e+01 | e_tgt: 1.405e-03
Lang_L25.mlp.up_proj  Stage1->Stage2  | Spec: 3.3e-05 | Baseline_RelErr: 3.3e-03 | InnerRel: 3.0e-03 | AmbRel: 3.3e-05
    Baseline MSE: 8.0e-09 | Inner MSE: 6.4e-09 | Ambient MSE: 8.1e-13 | Drift Ratio: 7951.76
    r_eff=1961/2048 (95.8%)  e_src: 1.271e+01 | e_L: 1.271e+01 | e_R: 1.270e+01 | e_tgt: 4.267e-03
Lang_L25.mlp.up_proj  Base->Stage2    | Spec: 3.5e-05 | Baseline_RelErr: 3.4e-03 | InnerRel: 3.1e-03 | AmbRel: 3.5e-05
    Baseline MSE: 8.6e-09 | Inner MSE: 6.8e-09 | Ambient MSE: 8.6e-13 | Drift Ratio: 7904.77
    r_eff=1961/2048 (95.8%)  e_src: 1.271e+01 | e_L: 1.271e+01 | e_R: 1.270e+01 | e_tgt: 4.415e-03
Processing Lang_L25.mlp.down_proj...
Lang_L25.mlp.down_proj  Base->Stage1    | Spec: 1.1e-05 | Baseline_RelErr: 1.2e-03 | InnerRel: 1.0e-03 | AmbRel: 1.1e-05
    Baseline MSE: 9.1e-10 | Inner MSE: 7.3e-10 | Ambient MSE: 9.0e-14 | Drift Ratio: 8134.19
    r_eff=1964/2048 (95.9%)  e_src: 1.237e+01 | e_L: 1.237e+01 | e_R: 1.237e+01 | e_tgt: 1.425e-03
Lang_L25.mlp.down_proj  Stage1->Stage2  | Spec: 3.3e-05 | Baseline_RelErr: 3.4e-03 | InnerRel: 3.0e-03 | AmbRel: 3.3e-05
    Baseline MSE: 7.8e-09 | Inner MSE: 6.2e-09 | Ambient MSE: 7.3e-13 | Drift Ratio: 8495.01
    r_eff=1964/2048 (95.9%)  e_src: 1.237e+01 | e_L: 1.237e+01 | e_R: 1.237e+01 | e_tgt: 4.054e-03
Lang_L25.mlp.down_proj  Base->Stage2    | Spec: 3.4e-05 | Baseline_RelErr: 3.5e-03 | InnerRel: 3.1e-03 | AmbRel: 3.4e-05
    Baseline MSE: 8.3e-09 | Inner MSE: 6.6e-09 | Ambient MSE: 7.9e-13 | Drift Ratio: 8304.08
    r_eff=1964/2048 (95.9%)  e_src: 1.237e+01 | e_L: 1.237e+01 | e_R: 1.237e+01 | e_tgt: 4.231e-03
Processing Lang_L26.self_attn.q_proj...
Lang_L26.self_attn.q_proj  Base->Stage1    | Spec: 3.6e-05 | Baseline_RelErr: 1.6e-03 | InnerRel: 3.6e-05 | AmbRel: 3.6e-05
    Baseline MSE: 1.7e-09 | Inner MSE: 8.9e-13 | Ambient MSE: 8.9e-13 | Drift Ratio: 1.00
    r_eff=1410/2048 (68.8%)  e_src: 5.349e+00 | e_L: 5.349e+00 | e_R: 5.349e+00 | e_tgt: 1.933e-03
Lang_L26.self_attn.q_proj  Stage1->Stage2  | Spec: 8.2e-05 | Baseline_RelErr: 3.7e-03 | InnerRel: 8.2e-05 | AmbRel: 8.2e-05
    Baseline MSE: 9.5e-09 | Inner MSE: 4.6e-12 | Ambient MSE: 4.6e-12 | Drift Ratio: 1.00
    r_eff=1410/2048 (68.8%)  e_src: 5.350e+00 | e_L: 5.349e+00 | e_R: 5.349e+00 | e_tgt: 4.404e-03
Lang_L26.self_attn.q_proj  Base->Stage2    | Spec: 8.4e-05 | Baseline_RelErr: 3.9e-03 | InnerRel: 8.4e-05 | AmbRel: 8.4e-05
    Baseline MSE: 1.1e-08 | Inner MSE: 4.8e-12 | Ambient MSE: 4.8e-12 | Drift Ratio: 1.00
    r_eff=1410/2048 (68.8%)  e_src: 5.350e+00 | e_L: 5.350e+00 | e_R: 5.349e+00 | e_tgt: 4.504e-03
Processing Lang_L26.self_attn.k_proj...
Lang_L26.self_attn.k_proj  Base->Stage1    | Spec: 4.6e-05 | Baseline_RelErr: 1.6e-03 | InnerRel: 1.5e-03 | AmbRel: 4.6e-05
    Baseline MSE: 1.9e-09 | Inner MSE: 1.5e-09 | Ambient MSE: 1.4e-12 | Drift Ratio: 1043.29
    r_eff=228/256 (89.1%)  e_src: 1.862e+00 | e_L: 1.861e+00 | e_R: 1.862e+00 | e_tgt: 8.700e-04
Lang_L26.self_attn.k_proj  Stage1->Stage2  | Spec: 8.8e-05 | Baseline_RelErr: 3.7e-03 | InnerRel: 3.3e-03 | AmbRel: 8.8e-05
    Baseline MSE: 9.4e-09 | Inner MSE: 7.7e-09 | Ambient MSE: 5.3e-12 | Drift Ratio: 1457.55
    r_eff=228/256 (89.1%)  e_src: 1.862e+00 | e_L: 1.861e+00 | e_R: 1.862e+00 | e_tgt: 1.667e-03
Lang_L26.self_attn.k_proj  Base->Stage2    | Spec: 9.8e-05 | Baseline_RelErr: 3.9e-03 | InnerRel: 3.5e-03 | AmbRel: 9.8e-05
    Baseline MSE: 1.1e-08 | Inner MSE: 8.6e-09 | Ambient MSE: 6.6e-12 | Drift Ratio: 1307.60
    r_eff=228/256 (89.1%)  e_src: 1.863e+00 | e_L: 1.861e+00 | e_R: 1.862e+00 | e_tgt: 1.861e-03
Processing Lang_L26.self_attn.v_proj...
Lang_L26.self_attn.v_proj  Base->Stage1    | Spec: 3.1e-05 | Baseline_RelErr: 1.2e-03 | InnerRel: 1.1e-03 | AmbRel: 3.1e-05
    Baseline MSE: 1.1e-09 | Inner MSE: 9.2e-10 | Ambient MSE: 7.8e-13 | Drift Ratio: 1170.79
    r_eff=249/256 (97.3%)  e_src: 1.934e+00 | e_L: 1.934e+00 | e_R: 1.934e+00 | e_tgt: 6.414e-04
Lang_L26.self_attn.v_proj  Stage1->Stage2  | Spec: 8.7e-05 | Baseline_RelErr: 3.1e-03 | InnerRel: 2.9e-03 | AmbRel: 8.7e-05
    Baseline MSE: 8.0e-09 | Inner MSE: 6.7e-09 | Ambient MSE: 6.1e-12 | Drift Ratio: 1084.80
    r_eff=249/256 (97.3%)  e_src: 1.935e+00 | e_L: 1.934e+00 | e_R: 1.935e+00 | e_tgt: 1.794e-03
Lang_L26.self_attn.v_proj  Base->Stage2    | Spec: 8.9e-05 | Baseline_RelErr: 3.3e-03 | InnerRel: 3.0e-03 | AmbRel: 8.9e-05
    Baseline MSE: 8.6e-09 | Inner MSE: 7.1e-09 | Ambient MSE: 6.4e-12 | Drift Ratio: 1117.53
    r_eff=249/256 (97.3%)  e_src: 1.935e+00 | e_L: 1.934e+00 | e_R: 1.935e+00 | e_tgt: 1.826e-03
Processing Lang_L26.self_attn.o_proj...
Lang_L26.self_attn.o_proj  Base->Stage1    | Spec: 2.6e-05 | Baseline_RelErr: 1.2e-03 | InnerRel: 2.6e-05 | AmbRel: 2.6e-05
    Baseline MSE: 9.0e-10 | Inner MSE: 4.4e-13 | Ambient MSE: 4.4e-13 | Drift Ratio: 1.00
    r_eff=1409/2048 (68.8%)  e_src: 5.311e+00 | e_L: 5.311e+00 | e_R: 5.311e+00 | e_tgt: 1.360e-03
Lang_L26.self_attn.o_proj  Stage1->Stage2  | Spec: 7.3e-05 | Baseline_RelErr: 3.4e-03 | InnerRel: 7.3e-05 | AmbRel: 7.3e-05
    Baseline MSE: 7.6e-09 | Inner MSE: 3.6e-12 | Ambient MSE: 3.6e-12 | Drift Ratio: 1.00
    r_eff=1409/2048 (68.8%)  e_src: 5.313e+00 | e_L: 5.312e+00 | e_R: 5.312e+00 | e_tgt: 3.868e-03
Lang_L26.self_attn.o_proj  Base->Stage2    | Spec: 7.6e-05 | Baseline_RelErr: 3.5e-03 | InnerRel: 7.6e-05 | AmbRel: 7.6e-05
    Baseline MSE: 8.1e-09 | Inner MSE: 3.9e-12 | Ambient MSE: 3.9e-12 | Drift Ratio: 1.00
    r_eff=1409/2048 (68.8%)  e_src: 5.313e+00 | e_L: 5.312e+00 | e_R: 5.312e+00 | e_tgt: 4.059e-03
Processing Lang_L26.mlp.gate_proj...
Lang_L26.mlp.gate_proj  Base->Stage1    | Spec: 1.1e-05 | Baseline_RelErr: 1.1e-03 | InnerRel: 1.0e-03 | AmbRel: 1.1e-05
    Baseline MSE: 8.8e-10 | Inner MSE: 7.1e-10 | Ambient MSE: 7.8e-14 | Drift Ratio: 9133.85
    r_eff=1965/2048 (95.9%)  e_src: 1.229e+01 | e_L: 1.229e+01 | e_R: 1.229e+01 | e_tgt: 1.328e-03
Lang_L26.mlp.gate_proj  Stage1->Stage2  | Spec: 3.4e-05 | Baseline_RelErr: 3.6e-03 | InnerRel: 3.2e-03 | AmbRel: 3.4e-05
    Baseline MSE: 8.5e-09 | Inner MSE: 6.9e-09 | Ambient MSE: 7.7e-13 | Drift Ratio: 8934.80
    r_eff=1965/2048 (95.9%)  e_src: 1.230e+01 | e_L: 1.230e+01 | e_R: 1.229e+01 | e_tgt: 4.180e-03
Lang_L26.mlp.gate_proj  Base->Stage2    | Spec: 3.4e-05 | Baseline_RelErr: 3.7e-03 | InnerRel: 3.3e-03 | AmbRel: 3.4e-05
    Baseline MSE: 9.0e-09 | Inner MSE: 7.3e-09 | Ambient MSE: 7.9e-13 | Drift Ratio: 9282.65
    r_eff=1965/2048 (95.9%)  e_src: 1.230e+01 | e_L: 1.230e+01 | e_R: 1.229e+01 | e_tgt: 4.221e-03
Processing Lang_L26.mlp.up_proj...
Lang_L26.mlp.up_proj  Base->Stage1    | Spec: 1.0e-05 | Baseline_RelErr: 1.1e-03 | InnerRel: 9.4e-04 | AmbRel: 1.0e-05
    Baseline MSE: 8.3e-10 | Inner MSE: 6.7e-10 | Ambient MSE: 8.1e-14 | Drift Ratio: 8261.37
    r_eff=1966/2048 (96.0%)  e_src: 1.297e+01 | e_L: 1.297e+01 | e_R: 1.297e+01 | e_tgt: 1.351e-03
Lang_L26.mlp.up_proj  Stage1->Stage2  | Spec: 3.2e-05 | Baseline_RelErr: 3.2e-03 | InnerRel: 2.8e-03 | AmbRel: 3.2e-05
    Baseline MSE: 7.6e-09 | Inner MSE: 6.0e-09 | Ambient MSE: 7.8e-13 | Drift Ratio: 7680.36
    r_eff=1966/2048 (96.0%)  e_src: 1.298e+01 | e_L: 1.298e+01 | e_R: 1.297e+01 | e_tgt: 4.203e-03
Lang_L26.mlp.up_proj  Base->Stage2    | Spec: 3.4e-05 | Baseline_RelErr: 3.3e-03 | InnerRel: 2.9e-03 | AmbRel: 3.4e-05
    Baseline MSE: 8.0e-09 | Inner MSE: 6.4e-09 | Ambient MSE: 8.5e-13 | Drift Ratio: 7510.36
    r_eff=1966/2048 (96.0%)  e_src: 1.298e+01 | e_L: 1.298e+01 | e_R: 1.297e+01 | e_tgt: 4.376e-03
Processing Lang_L26.mlp.down_proj...
Lang_L26.mlp.down_proj  Base->Stage1    | Spec: 1.1e-05 | Baseline_RelErr: 1.1e-03 | InnerRel: 9.7e-04 | AmbRel: 1.1e-05
    Baseline MSE: 8.2e-10 | Inner MSE: 6.6e-10 | Ambient MSE: 7.9e-14 | Drift Ratio: 8301.80
    r_eff=1970/2048 (96.2%)  e_src: 1.256e+01 | e_L: 1.256e+01 | e_R: 1.256e+01 | e_tgt: 1.338e-03
Lang_L26.mlp.down_proj  Stage1->Stage2  | Spec: 3.3e-05 | Baseline_RelErr: 3.2e-03 | InnerRel: 2.8e-03 | AmbRel: 3.3e-05
    Baseline MSE: 7.2e-09 | Inner MSE: 5.7e-09 | Ambient MSE: 7.8e-13 | Drift Ratio: 7315.56
    r_eff=1970/2048 (96.2%)  e_src: 1.256e+01 | e_L: 1.256e+01 | e_R: 1.256e+01 | e_tgt: 4.182e-03
Lang_L26.mlp.down_proj  Base->Stage2    | Spec: 3.4e-05 | Baseline_RelErr: 3.3e-03 | InnerRel: 2.9e-03 | AmbRel: 3.4e-05
    Baseline MSE: 7.7e-09 | Inner MSE: 6.0e-09 | Ambient MSE: 8.2e-13 | Drift Ratio: 7345.12
    r_eff=1970/2048 (96.2%)  e_src: 1.256e+01 | e_L: 1.256e+01 | e_R: 1.256e+01 | e_tgt: 4.301e-03
Processing Lang_L27.self_attn.q_proj...
Lang_L27.self_attn.q_proj  Base->Stage1    | Spec: 2.7e-05 | Baseline_RelErr: 1.2e-03 | InnerRel: 2.7e-05 | AmbRel: 2.7e-05
    Baseline MSE: 9.5e-10 | Inner MSE: 4.7e-13 | Ambient MSE: 4.7e-13 | Drift Ratio: 1.00
    r_eff=1392/2048 (68.0%)  e_src: 5.272e+00 | e_L: 5.272e+00 | e_R: 5.272e+00 | e_tgt: 1.408e-03
Lang_L27.self_attn.q_proj  Stage1->Stage2  | Spec: 8.1e-05 | Baseline_RelErr: 3.7e-03 | InnerRel: 8.1e-05 | AmbRel: 8.1e-05
    Baseline MSE: 8.9e-09 | Inner MSE: 4.3e-12 | Ambient MSE: 4.3e-12 | Drift Ratio: 1.00
    r_eff=1392/2048 (68.0%)  e_src: 5.274e+00 | e_L: 5.273e+00 | e_R: 5.273e+00 | e_tgt: 4.254e-03
Lang_L27.self_attn.q_proj  Base->Stage2    | Spec: 8.4e-05 | Baseline_RelErr: 3.8e-03 | InnerRel: 8.4e-05 | AmbRel: 8.4e-05
    Baseline MSE: 9.5e-09 | Inner MSE: 4.7e-12 | Ambient MSE: 4.7e-12 | Drift Ratio: 1.00
    r_eff=1392/2048 (68.0%)  e_src: 5.274e+00 | e_L: 5.273e+00 | e_R: 5.273e+00 | e_tgt: 4.425e-03
Processing Lang_L27.self_attn.k_proj...
Lang_L27.self_attn.k_proj  Base->Stage1    | Spec: 3.7e-05 | Baseline_RelErr: 1.5e-03 | InnerRel: 1.4e-03 | AmbRel: 3.7e-05
    Baseline MSE: 1.1e-09 | Inner MSE: 9.6e-10 | Ambient MSE: 6.7e-13 | Drift Ratio: 1440.04
    r_eff=224/256 (87.5%)  e_src: 1.580e+00 | e_L: 1.580e+00 | e_R: 1.580e+00 | e_tgt: 5.905e-04
Lang_L27.self_attn.k_proj  Stage1->Stage2  | Spec: 1.3e-04 | Baseline_RelErr: 4.7e-03 | InnerRel: 4.2e-03 | AmbRel: 1.3e-04
    Baseline MSE: 1.1e-08 | Inner MSE: 8.7e-09 | Ambient MSE: 8.3e-12 | Drift Ratio: 1049.08
    r_eff=224/256 (87.5%)  e_src: 1.582e+00 | e_L: 1.580e+00 | e_R: 1.582e+00 | e_tgt: 2.086e-03
Lang_L27.self_attn.k_proj  Base->Stage2    | Spec: 1.4e-04 | Baseline_RelErr: 4.8e-03 | InnerRel: 4.4e-03 | AmbRel: 1.4e-04
    Baseline MSE: 1.1e-08 | Inner MSE: 9.3e-09 | Ambient MSE: 8.9e-12 | Drift Ratio: 1046.26
    r_eff=224/256 (87.5%)  e_src: 1.582e+00 | e_L: 1.580e+00 | e_R: 1.582e+00 | e_tgt: 2.154e-03
Processing Lang_L27.self_attn.v_proj...
Lang_L27.self_attn.v_proj  Base->Stage1    | Spec: 2.7e-05 | Baseline_RelErr: 1.1e-03 | InnerRel: 1.0e-03 | AmbRel: 2.7e-05
    Baseline MSE: 9.1e-10 | Inner MSE: 7.8e-10 | Ambient MSE: 5.5e-13 | Drift Ratio: 1429.28
    r_eff=249/256 (97.3%)  e_src: 1.870e+00 | e_L: 1.870e+00 | e_R: 1.870e+00 | e_tgt: 5.351e-04
Lang_L27.self_attn.v_proj  Stage1->Stage2  | Spec: 7.0e-05 | Baseline_RelErr: 2.8e-03 | InnerRel: 2.5e-03 | AmbRel: 7.0e-05
    Baseline MSE: 5.7e-09 | Inner MSE: 4.8e-09 | Ambient MSE: 3.6e-12 | Drift Ratio: 1324.93
    r_eff=249/256 (97.3%)  e_src: 1.871e+00 | e_L: 1.870e+00 | e_R: 1.871e+00 | e_tgt: 1.381e-03
Lang_L27.self_attn.v_proj  Base->Stage2    | Spec: 7.5e-05 | Baseline_RelErr: 2.9e-03 | InnerRel: 2.6e-03 | AmbRel: 7.5e-05
    Baseline MSE: 6.3e-09 | Inner MSE: 5.2e-09 | Ambient MSE: 4.2e-12 | Drift Ratio: 1255.63
    r_eff=249/256 (97.3%)  e_src: 1.871e+00 | e_L: 1.870e+00 | e_R: 1.871e+00 | e_tgt: 1.480e-03
Processing Lang_L27.self_attn.o_proj...
Lang_L27.self_attn.o_proj  Base->Stage1    | Spec: 2.5e-05 | Baseline_RelErr: 1.1e-03 | InnerRel: 2.5e-05 | AmbRel: 2.5e-05
    Baseline MSE: 8.4e-10 | Inner MSE: 4.1e-13 | Ambient MSE: 4.1e-13 | Drift Ratio: 1.00
    r_eff=1369/2048 (66.8%)  e_src: 5.212e+00 | e_L: 5.211e+00 | e_R: 5.212e+00 | e_tgt: 1.306e-03
Lang_L27.self_attn.o_proj  Stage1->Stage2  | Spec: 6.7e-05 | Baseline_RelErr: 3.1e-03 | InnerRel: 6.7e-05 | AmbRel: 6.7e-05
    Baseline MSE: 6.1e-09 | Inner MSE: 2.9e-12 | Ambient MSE: 2.9e-12 | Drift Ratio: 1.00
    r_eff=1369/2048 (66.8%)  e_src: 5.213e+00 | e_L: 5.212e+00 | e_R: 5.212e+00 | e_tgt: 3.504e-03
Lang_L27.self_attn.o_proj  Base->Stage2    | Spec: 7.0e-05 | Baseline_RelErr: 3.2e-03 | InnerRel: 7.0e-05 | AmbRel: 7.0e-05
    Baseline MSE: 6.6e-09 | Inner MSE: 3.2e-12 | Ambient MSE: 3.2e-12 | Drift Ratio: 1.00
    r_eff=1369/2048 (66.8%)  e_src: 5.213e+00 | e_L: 5.212e+00 | e_R: 5.212e+00 | e_tgt: 3.642e-03
Processing Lang_L27.mlp.gate_proj...
Lang_L27.mlp.gate_proj  Base->Stage1    | Spec: 1.0e-05 | Baseline_RelErr: 1.1e-03 | InnerRel: 9.6e-04 | AmbRel: 1.0e-05
    Baseline MSE: 7.9e-10 | Inner MSE: 6.4e-10 | Ambient MSE: 7.1e-14 | Drift Ratio: 9010.68
    r_eff=1958/2048 (95.6%)  e_src: 1.247e+01 | e_L: 1.247e+01 | e_R: 1.247e+01 | e_tgt: 1.269e-03
Lang_L27.mlp.gate_proj  Stage1->Stage2  | Spec: 3.1e-05 | Baseline_RelErr: 3.2e-03 | InnerRel: 2.9e-03 | AmbRel: 3.1e-05
    Baseline MSE: 7.3e-09 | Inner MSE: 5.9e-09 | Ambient MSE: 6.8e-13 | Drift Ratio: 8711.75
    r_eff=1958/2048 (95.6%)  e_src: 1.247e+01 | e_L: 1.247e+01 | e_R: 1.247e+01 | e_tgt: 3.910e-03
Lang_L27.mlp.gate_proj  Base->Stage2    | Spec: 3.2e-05 | Baseline_RelErr: 3.3e-03 | InnerRel: 3.0e-03 | AmbRel: 3.2e-05
    Baseline MSE: 7.7e-09 | Inner MSE: 6.3e-09 | Ambient MSE: 7.3e-13 | Drift Ratio: 8584.66
    r_eff=1958/2048 (95.6%)  e_src: 1.247e+01 | e_L: 1.247e+01 | e_R: 1.247e+01 | e_tgt: 4.058e-03
Processing Lang_L27.mlp.up_proj...
Lang_L27.mlp.up_proj  Base->Stage1    | Spec: 9.5e-06 | Baseline_RelErr: 9.9e-04 | InnerRel: 8.9e-04 | AmbRel: 9.5e-06
    Baseline MSE: 7.3e-10 | Inner MSE: 5.9e-10 | Ambient MSE: 6.7e-14 | Drift Ratio: 8829.90
    r_eff=1957/2048 (95.6%)  e_src: 1.295e+01 | e_L: 1.295e+01 | e_R: 1.295e+01 | e_tgt: 1.231e-03
Lang_L27.mlp.up_proj  Stage1->Stage2  | Spec: 3.0e-05 | Baseline_RelErr: 2.9e-03 | InnerRel: 2.6e-03 | AmbRel: 3.0e-05
    Baseline MSE: 6.3e-09 | Inner MSE: 5.1e-09 | Ambient MSE: 6.6e-13 | Drift Ratio: 7761.59
    r_eff=1957/2048 (95.6%)  e_src: 1.295e+01 | e_L: 1.295e+01 | e_R: 1.295e+01 | e_tgt: 3.847e-03
Lang_L27.mlp.up_proj  Base->Stage2    | Spec: 3.1e-05 | Baseline_RelErr: 3.0e-03 | InnerRel: 2.7e-03 | AmbRel: 3.1e-05
    Baseline MSE: 6.7e-09 | Inner MSE: 5.4e-09 | Ambient MSE: 7.1e-13 | Drift Ratio: 7627.09
    r_eff=1957/2048 (95.6%)  e_src: 1.295e+01 | e_L: 1.295e+01 | e_R: 1.295e+01 | e_tgt: 4.001e-03
Processing Lang_L27.mlp.down_proj...
Lang_L27.mlp.down_proj  Base->Stage1    | Spec: 1.0e-05 | Baseline_RelErr: 1.0e-03 | InnerRel: 9.1e-04 | AmbRel: 1.0e-05
    Baseline MSE: 7.1e-10 | Inner MSE: 5.7e-10 | Ambient MSE: 7.0e-14 | Drift Ratio: 8221.67
    r_eff=1966/2048 (96.0%)  e_src: 1.249e+01 | e_L: 1.249e+01 | e_R: 1.249e+01 | e_tgt: 1.254e-03
Lang_L27.mlp.down_proj  Stage1->Stage2  | Spec: 3.0e-05 | Baseline_RelErr: 2.9e-03 | InnerRel: 2.6e-03 | AmbRel: 3.0e-05
    Baseline MSE: 6.0e-09 | Inner MSE: 4.8e-09 | Ambient MSE: 6.2e-13 | Drift Ratio: 7727.77
    r_eff=1966/2048 (96.0%)  e_src: 1.249e+01 | e_L: 1.249e+01 | e_R: 1.249e+01 | e_tgt: 3.729e-03
Lang_L27.mlp.down_proj  Base->Stage2    | Spec: 3.1e-05 | Baseline_RelErr: 3.0e-03 | InnerRel: 2.7e-03 | AmbRel: 3.1e-05
    Baseline MSE: 6.4e-09 | Inner MSE: 5.1e-09 | Ambient MSE: 6.6e-13 | Drift Ratio: 7727.70
    r_eff=1966/2048 (96.0%)  e_src: 1.249e+01 | e_L: 1.249e+01 | e_R: 1.249e+01 | e_tgt: 3.845e-03
Processing Lang_L28.self_attn.q_proj...
Lang_L28.self_attn.q_proj  Base->Stage1    | Spec: 2.9e-05 | Baseline_RelErr: 1.3e-03 | InnerRel: 2.9e-05 | AmbRel: 2.9e-05
    Baseline MSE: 1.1e-09 | Inner MSE: 5.5e-13 | Ambient MSE: 5.5e-13 | Drift Ratio: 1.00
    r_eff=1421/2048 (69.4%)  e_src: 5.294e+00 | e_L: 5.294e+00 | e_R: 5.294e+00 | e_tgt: 1.520e-03
Lang_L28.self_attn.q_proj  Stage1->Stage2  | Spec: 8.4e-05 | Baseline_RelErr: 3.8e-03 | InnerRel: 8.4e-05 | AmbRel: 8.4e-05
    Baseline MSE: 9.7e-09 | Inner MSE: 4.7e-12 | Ambient MSE: 4.7e-12 | Drift Ratio: 1.00
    r_eff=1421/2048 (69.4%)  e_src: 5.296e+00 | e_L: 5.295e+00 | e_R: 5.295e+00 | e_tgt: 4.436e-03
Lang_L28.self_attn.q_proj  Base->Stage2    | Spec: 8.7e-05 | Baseline_RelErr: 3.9e-03 | InnerRel: 8.7e-05 | AmbRel: 8.7e-05
    Baseline MSE: 1.0e-08 | Inner MSE: 5.1e-12 | Ambient MSE: 5.1e-12 | Drift Ratio: 1.00
    r_eff=1421/2048 (69.4%)  e_src: 5.296e+00 | e_L: 5.295e+00 | e_R: 5.295e+00 | e_tgt: 4.604e-03
Processing Lang_L28.self_attn.k_proj...
Lang_L28.self_attn.k_proj  Base->Stage1    | Spec: 4.2e-05 | Baseline_RelErr: 1.5e-03 | InnerRel: 1.4e-03 | AmbRel: 4.2e-05
    Baseline MSE: 1.3e-09 | Inner MSE: 1.1e-09 | Ambient MSE: 1.0e-12 | Drift Ratio: 1054.40
    r_eff=232/256 (90.6%)  e_src: 1.685e+00 | e_L: 1.685e+00 | e_R: 1.685e+00 | e_tgt: 7.265e-04
Lang_L28.self_attn.k_proj  Stage1->Stage2  | Spec: 1.2e-04 | Baseline_RelErr: 4.1e-03 | InnerRel: 3.7e-03 | AmbRel: 1.2e-04
    Baseline MSE: 9.6e-09 | Inner MSE: 7.9e-09 | Ambient MSE: 8.2e-12 | Drift Ratio: 958.83
    r_eff=232/256 (90.6%)  e_src: 1.686e+00 | e_L: 1.685e+00 | e_R: 1.686e+00 | e_tgt: 2.074e-03
Lang_L28.self_attn.k_proj  Base->Stage2    | Spec: 1.3e-04 | Baseline_RelErr: 4.3e-03 | InnerRel: 3.9e-03 | AmbRel: 1.3e-04
    Baseline MSE: 1.0e-08 | Inner MSE: 8.5e-09 | Ambient MSE: 9.3e-12 | Drift Ratio: 919.62
    r_eff=232/256 (90.6%)  e_src: 1.686e+00 | e_L: 1.685e+00 | e_R: 1.686e+00 | e_tgt: 2.202e-03
Processing Lang_L28.self_attn.v_proj...
Lang_L28.self_attn.v_proj  Base->Stage1    | Spec: 2.4e-05 | Baseline_RelErr: 9.5e-04 | InnerRel: 8.8e-04 | AmbRel: 2.4e-05
    Baseline MSE: 7.8e-10 | Inner MSE: 6.7e-10 | Ambient MSE: 4.8e-13 | Drift Ratio: 1392.40
    r_eff=250/256 (97.7%)  e_src: 1.989e+00 | e_L: 1.989e+00 | e_R: 1.989e+00 | e_tgt: 5.038e-04
Lang_L28.self_attn.v_proj  Stage1->Stage2  | Spec: 7.0e-05 | Baseline_RelErr: 2.6e-03 | InnerRel: 2.3e-03 | AmbRel: 7.0e-05
    Baseline MSE: 5.7e-09 | Inner MSE: 4.8e-09 | Ambient MSE: 4.2e-12 | Drift Ratio: 1135.82
    r_eff=250/256 (97.7%)  e_src: 1.990e+00 | e_L: 1.989e+00 | e_R: 1.990e+00 | e_tgt: 1.486e-03
Lang_L28.self_attn.v_proj  Base->Stage2    | Spec: 7.4e-05 | Baseline_RelErr: 2.7e-03 | InnerRel: 2.4e-03 | AmbRel: 7.4e-05
    Baseline MSE: 6.2e-09 | Inner MSE: 5.2e-09 | Ambient MSE: 4.7e-12 | Drift Ratio: 1091.62
    r_eff=250/256 (97.7%)  e_src: 1.990e+00 | e_L: 1.989e+00 | e_R: 1.990e+00 | e_tgt: 1.574e-03
Processing Lang_L28.self_attn.o_proj...
Lang_L28.self_attn.o_proj  Base->Stage1    | Spec: 2.3e-05 | Baseline_RelErr: 1.0e-03 | InnerRel: 2.3e-05 | AmbRel: 2.3e-05
    Baseline MSE: 7.2e-10 | Inner MSE: 3.5e-13 | Ambient MSE: 3.5e-13 | Drift Ratio: 1.00
    r_eff=1395/2048 (68.1%)  e_src: 5.356e+00 | e_L: 5.356e+00 | e_R: 5.356e+00 | e_tgt: 1.218e-03
Lang_L28.self_attn.o_proj  Stage1->Stage2  | Spec: 6.6e-05 | Baseline_RelErr: 3.0e-03 | InnerRel: 6.6e-05 | AmbRel: 6.6e-05
    Baseline MSE: 6.1e-09 | Inner MSE: 3.0e-12 | Ambient MSE: 3.0e-12 | Drift Ratio: 1.00
    r_eff=1395/2048 (68.1%)  e_src: 5.357e+00 | e_L: 5.356e+00 | e_R: 5.357e+00 | e_tgt: 3.550e-03
Lang_L28.self_attn.o_proj  Base->Stage2    | Spec: 6.8e-05 | Baseline_RelErr: 3.1e-03 | InnerRel: 6.8e-05 | AmbRel: 6.8e-05
    Baseline MSE: 6.4e-09 | Inner MSE: 3.2e-12 | Ambient MSE: 3.2e-12 | Drift Ratio: 1.00
    r_eff=1395/2048 (68.1%)  e_src: 5.357e+00 | e_L: 5.356e+00 | e_R: 5.357e+00 | e_tgt: 3.643e-03
Processing Lang_L28.mlp.gate_proj...
Lang_L28.mlp.gate_proj  Base->Stage1    | Spec: 9.1e-06 | Baseline_RelErr: 1.0e-03 | InnerRel: 9.1e-04 | AmbRel: 9.1e-06
    Baseline MSE: 7.2e-10 | Inner MSE: 5.9e-10 | Ambient MSE: 5.9e-14 | Drift Ratio: 9997.88
    r_eff=1950/2048 (95.2%)  e_src: 1.269e+01 | e_L: 1.269e+01 | e_R: 1.269e+01 | e_tgt: 1.154e-03
Lang_L28.mlp.gate_proj  Stage1->Stage2  | Spec: 3.1e-05 | Baseline_RelErr: 3.1e-03 | InnerRel: 2.8e-03 | AmbRel: 3.1e-05
    Baseline MSE: 7.0e-09 | Inner MSE: 5.7e-09 | Ambient MSE: 6.7e-13 | Drift Ratio: 8573.67
    r_eff=1950/2048 (95.2%)  e_src: 1.270e+01 | e_L: 1.269e+01 | e_R: 1.269e+01 | e_tgt: 3.877e-03
Lang_L28.mlp.gate_proj  Base->Stage2    | Spec: 3.1e-05 | Baseline_RelErr: 3.2e-03 | InnerRel: 2.9e-03 | AmbRel: 3.1e-05
    Baseline MSE: 7.4e-09 | Inner MSE: 6.0e-09 | Ambient MSE: 6.9e-13 | Drift Ratio: 8734.70
    r_eff=1950/2048 (95.2%)  e_src: 1.270e+01 | e_L: 1.270e+01 | e_R: 1.269e+01 | e_tgt: 3.948e-03
Processing Lang_L28.mlp.up_proj...
Lang_L28.mlp.up_proj  Base->Stage1    | Spec: 9.0e-06 | Baseline_RelErr: 9.4e-04 | InnerRel: 8.5e-04 | AmbRel: 9.0e-06
    Baseline MSE: 6.6e-10 | Inner MSE: 5.4e-10 | Ambient MSE: 6.1e-14 | Drift Ratio: 8809.13
    r_eff=1953/2048 (95.4%)  e_src: 1.290e+01 | e_L: 1.290e+01 | e_R: 1.290e+01 | e_tgt: 1.172e-03
Lang_L28.mlp.up_proj  Stage1->Stage2  | Spec: 2.8e-05 | Baseline_RelErr: 2.9e-03 | InnerRel: 2.6e-03 | AmbRel: 2.8e-05
    Baseline MSE: 6.1e-09 | Inner MSE: 4.9e-09 | Ambient MSE: 5.8e-13 | Drift Ratio: 8484.31
    r_eff=1953/2048 (95.4%)  e_src: 1.290e+01 | e_L: 1.290e+01 | e_R: 1.290e+01 | e_tgt: 3.617e-03
Lang_L28.mlp.up_proj  Base->Stage2    | Spec: 2.9e-05 | Baseline_RelErr: 2.9e-03 | InnerRel: 2.6e-03 | AmbRel: 2.9e-05
    Baseline MSE: 6.5e-09 | Inner MSE: 5.2e-09 | Ambient MSE: 6.1e-13 | Drift Ratio: 8552.78
    r_eff=1953/2048 (95.4%)  e_src: 1.290e+01 | e_L: 1.290e+01 | e_R: 1.290e+01 | e_tgt: 3.705e-03
Processing Lang_L28.mlp.down_proj...
Lang_L28.mlp.down_proj  Base->Stage1    | Spec: 9.2e-06 | Baseline_RelErr: 9.6e-04 | InnerRel: 8.6e-04 | AmbRel: 9.2e-06
    Baseline MSE: 6.5e-10 | Inner MSE: 5.2e-10 | Ambient MSE: 5.9e-14 | Drift Ratio: 8851.99
    r_eff=1948/2048 (95.1%)  e_src: 1.252e+01 | e_L: 1.252e+01 | e_R: 1.252e+01 | e_tgt: 1.153e-03
Lang_L28.mlp.down_proj  Stage1->Stage2  | Spec: 2.8e-05 | Baseline_RelErr: 2.9e-03 | InnerRel: 2.6e-03 | AmbRel: 2.8e-05
    Baseline MSE: 5.7e-09 | Inner MSE: 4.6e-09 | Ambient MSE: 5.6e-13 | Drift Ratio: 8170.72
    r_eff=1948/2048 (95.1%)  e_src: 1.252e+01 | e_L: 1.252e+01 | e_R: 1.252e+01 | e_tgt: 3.559e-03
Lang_L28.mlp.down_proj  Base->Stage2    | Spec: 2.9e-05 | Baseline_RelErr: 2.9e-03 | InnerRel: 2.6e-03 | AmbRel: 2.9e-05
    Baseline MSE: 6.1e-09 | Inner MSE: 4.9e-09 | Ambient MSE: 5.9e-13 | Drift Ratio: 8178.70
    r_eff=1948/2048 (95.1%)  e_src: 1.252e+01 | e_L: 1.252e+01 | e_R: 1.252e+01 | e_tgt: 3.661e-03
Processing Lang_L29.self_attn.q_proj...
Lang_L29.self_attn.q_proj  Base->Stage1    | Spec: 2.3e-05 | Baseline_RelErr: 1.0e-03 | InnerRel: 2.3e-05 | AmbRel: 2.3e-05
    Baseline MSE: 6.7e-10 | Inner MSE: 3.4e-13 | Ambient MSE: 3.4e-13 | Drift Ratio: 1.00
    r_eff=1428/2048 (69.7%)  e_src: 5.258e+00 | e_L: 5.258e+00 | e_R: 5.258e+00 | e_tgt: 1.201e-03
Lang_L29.self_attn.q_proj  Stage1->Stage2  | Spec: 6.9e-05 | Baseline_RelErr: 3.2e-03 | InnerRel: 6.9e-05 | AmbRel: 6.9e-05
    Baseline MSE: 6.7e-09 | Inner MSE: 3.1e-12 | Ambient MSE: 3.1e-12 | Drift Ratio: 1.00
    r_eff=1428/2048 (69.7%)  e_src: 5.259e+00 | e_L: 5.258e+00 | e_R: 5.258e+00 | e_tgt: 3.614e-03
Lang_L29.self_attn.q_proj  Base->Stage2    | Spec: 7.0e-05 | Baseline_RelErr: 3.3e-03 | InnerRel: 7.0e-05 | AmbRel: 7.0e-05
    Baseline MSE: 7.1e-09 | Inner MSE: 3.3e-12 | Ambient MSE: 3.3e-12 | Drift Ratio: 1.00
    r_eff=1428/2048 (69.7%)  e_src: 5.259e+00 | e_L: 5.258e+00 | e_R: 5.258e+00 | e_tgt: 3.699e-03
Processing Lang_L29.self_attn.k_proj...
Lang_L29.self_attn.k_proj  Base->Stage1    | Spec: 2.3e-05 | Baseline_RelErr: 1.0e-03 | InnerRel: 9.4e-04 | AmbRel: 2.3e-05
    Baseline MSE: 6.1e-10 | Inner MSE: 5.2e-10 | Ambient MSE: 3.1e-13 | Drift Ratio: 1678.28
    r_eff=230/256 (89.8%)  e_src: 1.709e+00 | e_L: 1.709e+00 | e_R: 1.709e+00 | e_tgt: 4.039e-04
Lang_L29.self_attn.k_proj  Stage1->Stage2  | Spec: 8.4e-05 | Baseline_RelErr: 3.3e-03 | InnerRel: 3.0e-03 | AmbRel: 8.4e-05
    Baseline MSE: 6.3e-09 | Inner MSE: 5.2e-09 | Ambient MSE: 4.2e-12 | Drift Ratio: 1260.11
    r_eff=230/256 (89.8%)  e_src: 1.709e+00 | e_L: 1.709e+00 | e_R: 1.709e+00 | e_tgt: 1.477e-03
Lang_L29.self_attn.k_proj  Base->Stage2    | Spec: 8.7e-05 | Baseline_RelErr: 3.4e-03 | InnerRel: 3.1e-03 | AmbRel: 8.7e-05
    Baseline MSE: 6.6e-09 | Inner MSE: 5.5e-09 | Ambient MSE: 4.5e-12 | Drift Ratio: 1236.42
    r_eff=230/256 (89.8%)  e_src: 1.709e+00 | e_L: 1.709e+00 | e_R: 1.709e+00 | e_tgt: 1.531e-03
Processing Lang_L29.self_attn.v_proj...
Lang_L29.self_attn.v_proj  Base->Stage1    | Spec: 1.6e-05 | Baseline_RelErr: 7.5e-04 | InnerRel: 7.0e-04 | AmbRel: 1.6e-05
    Baseline MSE: 5.0e-10 | Inner MSE: 4.4e-10 | Ambient MSE: 2.1e-13 | Drift Ratio: 2040.70
    r_eff=249/256 (97.3%)  e_src: 2.053e+00 | e_L: 2.053e+00 | e_R: 2.053e+00 | e_tgt: 3.348e-04
Lang_L29.self_attn.v_proj  Stage1->Stage2  | Spec: 5.5e-05 | Baseline_RelErr: 2.4e-03 | InnerRel: 2.2e-03 | AmbRel: 5.5e-05
    Baseline MSE: 4.9e-09 | Inner MSE: 4.2e-09 | Ambient MSE: 2.7e-12 | Drift Ratio: 1571.59
    r_eff=249/256 (97.3%)  e_src: 2.053e+00 | e_L: 2.053e+00 | e_R: 2.053e+00 | e_tgt: 1.189e-03
Lang_L29.self_attn.v_proj  Base->Stage2    | Spec: 5.8e-05 | Baseline_RelErr: 2.4e-03 | InnerRel: 2.2e-03 | AmbRel: 5.8e-05
    Baseline MSE: 5.2e-09 | Inner MSE: 4.5e-09 | Ambient MSE: 3.0e-12 | Drift Ratio: 1497.89
    r_eff=249/256 (97.3%)  e_src: 2.053e+00 | e_L: 2.053e+00 | e_R: 2.053e+00 | e_tgt: 1.249e-03
Processing Lang_L29.self_attn.o_proj...
Lang_L29.self_attn.o_proj  Base->Stage1    | Spec: 2.1e-05 | Baseline_RelErr: 9.6e-04 | InnerRel: 2.1e-05 | AmbRel: 2.1e-05
    Baseline MSE: 6.4e-10 | Inner MSE: 3.0e-13 | Ambient MSE: 3.0e-13 | Drift Ratio: 1.00
    r_eff=1427/2048 (69.7%)  e_src: 5.377e+00 | e_L: 5.377e+00 | e_R: 5.377e+00 | e_tgt: 1.128e-03
Lang_L29.self_attn.o_proj  Stage1->Stage2  | Spec: 6.3e-05 | Baseline_RelErr: 2.9e-03 | InnerRel: 6.3e-05 | AmbRel: 6.3e-05
    Baseline MSE: 5.7e-09 | Inner MSE: 2.8e-12 | Ambient MSE: 2.8e-12 | Drift Ratio: 1.00
    r_eff=1427/2048 (69.7%)  e_src: 5.378e+00 | e_L: 5.377e+00 | e_R: 5.378e+00 | e_tgt: 3.399e-03
Lang_L29.self_attn.o_proj  Base->Stage2    | Spec: 6.5e-05 | Baseline_RelErr: 2.9e-03 | InnerRel: 6.5e-05 | AmbRel: 6.5e-05
    Baseline MSE: 6.0e-09 | Inner MSE: 2.9e-12 | Ambient MSE: 2.9e-12 | Drift Ratio: 1.00
    r_eff=1427/2048 (69.7%)  e_src: 5.378e+00 | e_L: 5.378e+00 | e_R: 5.378e+00 | e_tgt: 3.497e-03
Processing Lang_L29.mlp.gate_proj...
Lang_L29.mlp.gate_proj  Base->Stage1    | Spec: 9.5e-06 | Baseline_RelErr: 1.0e-03 | InnerRel: 9.0e-04 | AmbRel: 9.5e-06
    Baseline MSE: 7.2e-10 | Inner MSE: 5.8e-10 | Ambient MSE: 6.5e-14 | Drift Ratio: 8945.46
    r_eff=1950/2048 (95.2%)  e_src: 1.271e+01 | e_L: 1.271e+01 | e_R: 1.271e+01 | e_tgt: 1.213e-03
Lang_L29.mlp.gate_proj  Stage1->Stage2  | Spec: 2.9e-05 | Baseline_RelErr: 3.1e-03 | InnerRel: 2.8e-03 | AmbRel: 2.9e-05
    Baseline MSE: 6.8e-09 | Inner MSE: 5.5e-09 | Ambient MSE: 6.1e-13 | Drift Ratio: 8963.88
    r_eff=1950/2048 (95.2%)  e_src: 1.271e+01 | e_L: 1.271e+01 | e_R: 1.271e+01 | e_tgt: 3.719e-03
Lang_L29.mlp.gate_proj  Base->Stage2    | Spec: 3.0e-05 | Baseline_RelErr: 3.2e-03 | InnerRel: 2.8e-03 | AmbRel: 3.0e-05
    Baseline MSE: 7.2e-09 | Inner MSE: 5.8e-09 | Ambient MSE: 6.6e-13 | Drift Ratio: 8834.83
    r_eff=1950/2048 (95.2%)  e_src: 1.271e+01 | e_L: 1.271e+01 | e_R: 1.271e+01 | e_tgt: 3.855e-03
Processing Lang_L29.mlp.up_proj...
Lang_L29.mlp.up_proj  Base->Stage1    | Spec: 9.1e-06 | Baseline_RelErr: 9.3e-04 | InnerRel: 8.4e-04 | AmbRel: 9.1e-06
    Baseline MSE: 6.5e-10 | Inner MSE: 5.3e-10 | Ambient MSE: 6.2e-14 | Drift Ratio: 8631.45
    r_eff=1956/2048 (95.5%)  e_src: 1.298e+01 | e_L: 1.298e+01 | e_R: 1.298e+01 | e_tgt: 1.178e-03
Lang_L29.mlp.up_proj  Stage1->Stage2  | Spec: 2.7e-05 | Baseline_RelErr: 2.8e-03 | InnerRel: 2.5e-03 | AmbRel: 2.7e-05
    Baseline MSE: 5.9e-09 | Inner MSE: 4.8e-09 | Ambient MSE: 5.5e-13 | Drift Ratio: 8616.56
    r_eff=1956/2048 (95.5%)  e_src: 1.298e+01 | e_L: 1.298e+01 | e_R: 1.298e+01 | e_tgt: 3.536e-03
Lang_L29.mlp.up_proj  Base->Stage2    | Spec: 2.8e-05 | Baseline_RelErr: 2.9e-03 | InnerRel: 2.6e-03 | AmbRel: 2.8e-05
    Baseline MSE: 6.3e-09 | Inner MSE: 5.1e-09 | Ambient MSE: 5.9e-13 | Drift Ratio: 8551.49
    r_eff=1956/2048 (95.5%)  e_src: 1.298e+01 | e_L: 1.298e+01 | e_R: 1.298e+01 | e_tgt: 3.650e-03
Processing Lang_L29.mlp.down_proj...
Lang_L29.mlp.down_proj  Base->Stage1    | Spec: 9.2e-06 | Baseline_RelErr: 9.6e-04 | InnerRel: 8.6e-04 | AmbRel: 9.2e-06
    Baseline MSE: 6.5e-10 | Inner MSE: 5.2e-10 | Ambient MSE: 6.0e-14 | Drift Ratio: 8778.76
    r_eff=1941/2048 (94.8%)  e_src: 1.264e+01 | e_L: 1.264e+01 | e_R: 1.264e+01 | e_tgt: 1.160e-03
Lang_L29.mlp.down_proj  Stage1->Stage2  | Spec: 2.9e-05 | Baseline_RelErr: 2.8e-03 | InnerRel: 2.5e-03 | AmbRel: 2.9e-05
    Baseline MSE: 5.7e-09 | Inner MSE: 4.6e-09 | Ambient MSE: 5.8e-13 | Drift Ratio: 7847.47
    r_eff=1941/2048 (94.8%)  e_src: 1.264e+01 | e_L: 1.264e+01 | e_R: 1.264e+01 | e_tgt: 3.623e-03
Lang_L29.mlp.down_proj  Base->Stage2    | Spec: 3.0e-05 | Baseline_RelErr: 2.9e-03 | InnerRel: 2.6e-03 | AmbRel: 3.0e-05
    Baseline MSE: 6.0e-09 | Inner MSE: 4.8e-09 | Ambient MSE: 6.3e-13 | Drift Ratio: 7690.18
    r_eff=1941/2048 (94.8%)  e_src: 1.264e+01 | e_L: 1.264e+01 | e_R: 1.264e+01 | e_tgt: 3.768e-03
Processing Lang_L30.self_attn.q_proj...
Lang_L30.self_attn.q_proj  Base->Stage1    | Spec: 2.4e-05 | Baseline_RelErr: 1.1e-03 | InnerRel: 2.4e-05 | AmbRel: 2.4e-05
    Baseline MSE: 8.1e-10 | Inner MSE: 3.9e-13 | Ambient MSE: 3.9e-13 | Drift Ratio: 1.00
    r_eff=1418/2048 (69.2%)  e_src: 5.388e+00 | e_L: 5.388e+00 | e_R: 5.388e+00 | e_tgt: 1.275e-03
Lang_L30.self_attn.q_proj  Stage1->Stage2  | Spec: 7.2e-05 | Baseline_RelErr: 3.2e-03 | InnerRel: 7.2e-05 | AmbRel: 7.2e-05
    Baseline MSE: 7.2e-09 | Inner MSE: 3.6e-12 | Ambient MSE: 3.6e-12 | Drift Ratio: 1.00
    r_eff=1418/2048 (69.2%)  e_src: 5.389e+00 | e_L: 5.389e+00 | e_R: 5.389e+00 | e_tgt: 3.907e-03
Lang_L30.self_attn.q_proj  Base->Stage2    | Spec: 7.4e-05 | Baseline_RelErr: 3.3e-03 | InnerRel: 7.4e-05 | AmbRel: 7.4e-05
    Baseline MSE: 7.7e-09 | Inner MSE: 3.8e-12 | Ambient MSE: 3.8e-12 | Drift Ratio: 1.00
    r_eff=1418/2048 (69.2%)  e_src: 5.389e+00 | e_L: 5.389e+00 | e_R: 5.389e+00 | e_tgt: 4.010e-03
Processing Lang_L30.self_attn.k_proj...
Lang_L30.self_attn.k_proj  Base->Stage1    | Spec: 3.3e-05 | Baseline_RelErr: 1.3e-03 | InnerRel: 1.2e-03 | AmbRel: 3.3e-05
    Baseline MSE: 8.8e-10 | Inner MSE: 7.5e-10 | Ambient MSE: 5.6e-13 | Drift Ratio: 1346.03
    r_eff=236/256 (92.2%)  e_src: 1.564e+00 | e_L: 1.563e+00 | e_R: 1.564e+00 | e_tgt: 5.400e-04
Lang_L30.self_attn.k_proj  Stage1->Stage2  | Spec: 8.3e-05 | Baseline_RelErr: 3.5e-03 | InnerRel: 3.2e-03 | AmbRel: 8.3e-05
    Baseline MSE: 6.2e-09 | Inner MSE: 5.2e-09 | Ambient MSE: 3.4e-12 | Drift Ratio: 1522.01
    r_eff=236/256 (92.2%)  e_src: 1.564e+00 | e_L: 1.564e+00 | e_R: 1.564e+00 | e_tgt: 1.345e-03
Lang_L30.self_attn.k_proj  Base->Stage2    | Spec: 8.6e-05 | Baseline_RelErr: 3.7e-03 | InnerRel: 3.4e-03 | AmbRel: 8.6e-05
    Baseline MSE: 6.8e-09 | Inner MSE: 5.7e-09 | Ambient MSE: 3.7e-12 | Drift Ratio: 1556.38
    r_eff=236/256 (92.2%)  e_src: 1.564e+00 | e_L: 1.564e+00 | e_R: 1.564e+00 | e_tgt: 1.385e-03
Processing Lang_L30.self_attn.v_proj...
Lang_L30.self_attn.v_proj  Base->Stage1    | Spec: 1.7e-05 | Baseline_RelErr: 8.3e-04 | InnerRel: 7.7e-04 | AmbRel: 1.7e-05
    Baseline MSE: 6.3e-10 | Inner MSE: 5.4e-10 | Ambient MSE: 2.6e-13 | Drift Ratio: 2092.00
    r_eff=246/256 (96.1%)  e_src: 2.173e+00 | e_L: 2.173e+00 | e_R: 2.173e+00 | e_tgt: 3.686e-04
Lang_L30.self_attn.v_proj  Stage1->Stage2  | Spec: 5.5e-05 | Baseline_RelErr: 2.4e-03 | InnerRel: 2.2e-03 | AmbRel: 5.5e-05
    Baseline MSE: 5.1e-09 | Inner MSE: 4.4e-09 | Ambient MSE: 2.7e-12 | Drift Ratio: 1595.13
    r_eff=246/256 (96.1%)  e_src: 2.173e+00 | e_L: 2.173e+00 | e_R: 2.173e+00 | e_tgt: 1.200e-03
Lang_L30.self_attn.v_proj  Base->Stage2    | Spec: 5.7e-05 | Baseline_RelErr: 2.4e-03 | InnerRel: 2.3e-03 | AmbRel: 5.7e-05
    Baseline MSE: 5.5e-09 | Inner MSE: 4.7e-09 | Ambient MSE: 3.0e-12 | Drift Ratio: 1581.17
    r_eff=246/256 (96.1%)  e_src: 2.173e+00 | e_L: 2.173e+00 | e_R: 2.173e+00 | e_tgt: 1.248e-03
Processing Lang_L30.self_attn.o_proj...
Lang_L30.self_attn.o_proj  Base->Stage1    | Spec: 2.1e-05 | Baseline_RelErr: 9.7e-04 | InnerRel: 2.1e-05 | AmbRel: 2.1e-05
    Baseline MSE: 6.8e-10 | Inner MSE: 3.3e-13 | Ambient MSE: 3.3e-13 | Drift Ratio: 1.00
    r_eff=1454/2048 (71.0%)  e_src: 5.537e+00 | e_L: 5.537e+00 | e_R: 5.537e+00 | e_tgt: 1.171e-03
Lang_L30.self_attn.o_proj  Stage1->Stage2  | Spec: 5.9e-05 | Baseline_RelErr: 2.7e-03 | InnerRel: 5.9e-05 | AmbRel: 5.9e-05
    Baseline MSE: 5.4e-09 | Inner MSE: 2.5e-12 | Ambient MSE: 2.5e-12 | Drift Ratio: 1.00
    r_eff=1454/2048 (71.0%)  e_src: 5.538e+00 | e_L: 5.538e+00 | e_R: 5.538e+00 | e_tgt: 3.266e-03
Lang_L30.self_attn.o_proj  Base->Stage2    | Spec: 6.1e-05 | Baseline_RelErr: 2.8e-03 | InnerRel: 6.1e-05 | AmbRel: 6.1e-05
    Baseline MSE: 5.8e-09 | Inner MSE: 2.7e-12 | Ambient MSE: 2.7e-12 | Drift Ratio: 1.00
    r_eff=1454/2048 (71.0%)  e_src: 5.538e+00 | e_L: 5.538e+00 | e_R: 5.538e+00 | e_tgt: 3.378e-03
Processing Lang_L30.mlp.gate_proj...
Lang_L30.mlp.gate_proj  Base->Stage1    | Spec: 9.5e-06 | Baseline_RelErr: 1.0e-03 | InnerRel: 9.1e-04 | AmbRel: 9.5e-06
    Baseline MSE: 7.1e-10 | Inner MSE: 5.8e-10 | Ambient MSE: 6.4e-14 | Drift Ratio: 9038.63
    r_eff=1957/2048 (95.6%)  e_src: 1.260e+01 | e_L: 1.260e+01 | e_R: 1.260e+01 | e_tgt: 1.204e-03
Lang_L30.mlp.gate_proj  Stage1->Stage2  | Spec: 3.0e-05 | Baseline_RelErr: 3.1e-03 | InnerRel: 2.8e-03 | AmbRel: 3.0e-05
    Baseline MSE: 6.7e-09 | Inner MSE: 5.4e-09 | Ambient MSE: 6.4e-13 | Drift Ratio: 8475.80
    r_eff=1957/2048 (95.6%)  e_src: 1.261e+01 | e_L: 1.261e+01 | e_R: 1.260e+01 | e_tgt: 3.804e-03
Lang_L30.mlp.gate_proj  Base->Stage2    | Spec: 3.1e-05 | Baseline_RelErr: 3.2e-03 | InnerRel: 2.9e-03 | AmbRel: 3.1e-05
    Baseline MSE: 7.1e-09 | Inner MSE: 5.8e-09 | Ambient MSE: 6.7e-13 | Drift Ratio: 8622.23
    r_eff=1957/2048 (95.6%)  e_src: 1.261e+01 | e_L: 1.261e+01 | e_R: 1.260e+01 | e_tgt: 3.881e-03
Processing Lang_L30.mlp.up_proj...
Lang_L30.mlp.up_proj  Base->Stage1    | Spec: 8.7e-06 | Baseline_RelErr: 9.2e-04 | InnerRel: 8.3e-04 | AmbRel: 8.7e-06
    Baseline MSE: 6.5e-10 | Inner MSE: 5.3e-10 | Ambient MSE: 5.8e-14 | Drift Ratio: 9105.67
    r_eff=1962/2048 (95.8%)  e_src: 1.311e+01 | e_L: 1.311e+01 | e_R: 1.311e+01 | e_tgt: 1.144e-03
Lang_L30.mlp.up_proj  Stage1->Stage2  | Spec: 2.7e-05 | Baseline_RelErr: 2.8e-03 | InnerRel: 2.5e-03 | AmbRel: 2.7e-05
    Baseline MSE: 5.9e-09 | Inner MSE: 4.8e-09 | Ambient MSE: 5.4e-13 | Drift Ratio: 8847.76
    r_eff=1962/2048 (95.8%)  e_src: 1.312e+01 | e_L: 1.312e+01 | e_R: 1.311e+01 | e_tgt: 3.483e-03
Lang_L30.mlp.up_proj  Base->Stage2    | Spec: 2.7e-05 | Baseline_RelErr: 2.9e-03 | InnerRel: 2.6e-03 | AmbRel: 2.7e-05
    Baseline MSE: 6.2e-09 | Inner MSE: 5.0e-09 | Ambient MSE: 5.7e-13 | Drift Ratio: 8765.41
    r_eff=1962/2048 (95.8%)  e_src: 1.312e+01 | e_L: 1.312e+01 | e_R: 1.311e+01 | e_tgt: 3.599e-03
Processing Lang_L30.mlp.down_proj...
Lang_L30.mlp.down_proj  Base->Stage1    | Spec: 9.2e-06 | Baseline_RelErr: 9.4e-04 | InnerRel: 8.4e-04 | AmbRel: 9.2e-06
    Baseline MSE: 6.4e-10 | Inner MSE: 5.1e-10 | Ambient MSE: 6.1e-14 | Drift Ratio: 8409.13
    r_eff=1949/2048 (95.2%)  e_src: 1.267e+01 | e_L: 1.267e+01 | e_R: 1.267e+01 | e_tgt: 1.171e-03
Lang_L30.mlp.down_proj  Stage1->Stage2  | Spec: 2.8e-05 | Baseline_RelErr: 2.8e-03 | InnerRel: 2.5e-03 | AmbRel: 2.8e-05
    Baseline MSE: 5.7e-09 | Inner MSE: 4.5e-09 | Ambient MSE: 5.5e-13 | Drift Ratio: 8218.06
    r_eff=1949/2048 (95.2%)  e_src: 1.268e+01 | e_L: 1.267e+01 | e_R: 1.268e+01 | e_tgt: 3.521e-03
Lang_L30.mlp.down_proj  Base->Stage2    | Spec: 2.8e-05 | Baseline_RelErr: 2.9e-03 | InnerRel: 2.6e-03 | AmbRel: 2.8e-05
    Baseline MSE: 6.0e-09 | Inner MSE: 4.8e-09 | Ambient MSE: 5.8e-13 | Drift Ratio: 8244.28
    r_eff=1949/2048 (95.2%)  e_src: 1.268e+01 | e_L: 1.267e+01 | e_R: 1.268e+01 | e_tgt: 3.616e-03
Processing Lang_L31.self_attn.q_proj...
Lang_L31.self_attn.q_proj  Base->Stage1    | Spec: 2.5e-05 | Baseline_RelErr: 1.1e-03 | InnerRel: 2.5e-05 | AmbRel: 2.5e-05
    Baseline MSE: 8.8e-10 | Inner MSE: 4.4e-13 | Ambient MSE: 4.4e-13 | Drift Ratio: 1.00
    r_eff=1383/2048 (67.5%)  e_src: 5.458e+00 | e_L: 5.458e+00 | e_R: 5.458e+00 | e_tgt: 1.366e-03
Lang_L31.self_attn.q_proj  Stage1->Stage2  | Spec: 7.0e-05 | Baseline_RelErr: 3.1e-03 | InnerRel: 7.0e-05 | AmbRel: 7.0e-05
    Baseline MSE: 6.9e-09 | Inner MSE: 3.5e-12 | Ambient MSE: 3.5e-12 | Drift Ratio: 1.00
    r_eff=1383/2048 (67.5%)  e_src: 5.459e+00 | e_L: 5.458e+00 | e_R: 5.458e+00 | e_tgt: 3.843e-03
Lang_L31.self_attn.q_proj  Base->Stage2    | Spec: 7.3e-05 | Baseline_RelErr: 3.2e-03 | InnerRel: 7.3e-05 | AmbRel: 7.3e-05
    Baseline MSE: 7.4e-09 | Inner MSE: 3.8e-12 | Ambient MSE: 3.8e-12 | Drift Ratio: 1.00
    r_eff=1383/2048 (67.5%)  e_src: 5.459e+00 | e_L: 5.458e+00 | e_R: 5.458e+00 | e_tgt: 3.984e-03
Processing Lang_L31.self_attn.k_proj...
Lang_L31.self_attn.k_proj  Base->Stage1    | Spec: 3.3e-05 | Baseline_RelErr: 1.5e-03 | InnerRel: 1.4e-03 | AmbRel: 3.3e-05
    Baseline MSE: 1.1e-09 | Inner MSE: 9.2e-10 | Ambient MSE: 5.5e-13 | Drift Ratio: 1670.84
    r_eff=230/256 (89.8%)  e_src: 1.622e+00 | e_L: 1.622e+00 | e_R: 1.622e+00 | e_tgt: 5.377e-04
Lang_L31.self_attn.k_proj  Stage1->Stage2  | Spec: 8.5e-05 | Baseline_RelErr: 3.5e-03 | InnerRel: 3.2e-03 | AmbRel: 8.5e-05
    Baseline MSE: 6.1e-09 | Inner MSE: 5.1e-09 | Ambient MSE: 3.6e-12 | Drift Ratio: 1417.47
    r_eff=230/256 (89.8%)  e_src: 1.622e+00 | e_L: 1.622e+00 | e_R: 1.622e+00 | e_tgt: 1.373e-03
Lang_L31.self_attn.k_proj  Base->Stage2    | Spec: 8.9e-05 | Baseline_RelErr: 3.7e-03 | InnerRel: 3.4e-03 | AmbRel: 8.9e-05
    Baseline MSE: 6.8e-09 | Inner MSE: 5.7e-09 | Ambient MSE: 4.0e-12 | Drift Ratio: 1429.28
    r_eff=230/256 (89.8%)  e_src: 1.622e+00 | e_L: 1.622e+00 | e_R: 1.622e+00 | e_tgt: 1.441e-03
Processing Lang_L31.self_attn.v_proj...
Lang_L31.self_attn.v_proj  Base->Stage1    | Spec: 1.9e-05 | Baseline_RelErr: 9.3e-04 | InnerRel: 8.6e-04 | AmbRel: 1.9e-05
    Baseline MSE: 7.0e-10 | Inner MSE: 6.0e-10 | Ambient MSE: 2.9e-13 | Drift Ratio: 2051.03
    r_eff=246/256 (96.1%)  e_src: 1.985e+00 | e_L: 1.985e+00 | e_R: 1.985e+00 | e_tgt: 3.930e-04
Lang_L31.self_attn.v_proj  Stage1->Stage2  | Spec: 6.0e-05 | Baseline_RelErr: 2.6e-03 | InnerRel: 2.4e-03 | AmbRel: 6.0e-05
    Baseline MSE: 5.4e-09 | Inner MSE: 4.6e-09 | Ambient MSE: 2.9e-12 | Drift Ratio: 1573.34
    r_eff=246/256 (96.1%)  e_src: 1.985e+00 | e_L: 1.985e+00 | e_R: 1.985e+00 | e_tgt: 1.238e-03
Lang_L31.self_attn.v_proj  Base->Stage2    | Spec: 6.3e-05 | Baseline_RelErr: 2.7e-03 | InnerRel: 2.5e-03 | AmbRel: 6.3e-05
    Baseline MSE: 5.8e-09 | Inner MSE: 4.9e-09 | Ambient MSE: 3.2e-12 | Drift Ratio: 1521.69
    r_eff=246/256 (96.1%)  e_src: 1.985e+00 | e_L: 1.985e+00 | e_R: 1.985e+00 | e_tgt: 1.304e-03
Processing Lang_L31.self_attn.o_proj...
Lang_L31.self_attn.o_proj  Base->Stage1    | Spec: 2.1e-05 | Baseline_RelErr: 9.6e-04 | InnerRel: 2.1e-05 | AmbRel: 2.1e-05
    Baseline MSE: 6.8e-10 | Inner MSE: 3.3e-13 | Ambient MSE: 3.3e-13 | Drift Ratio: 1.00
    r_eff=1407/2048 (68.7%)  e_src: 5.583e+00 | e_L: 5.583e+00 | e_R: 5.583e+00 | e_tgt: 1.180e-03
Lang_L31.self_attn.o_proj  Stage1->Stage2  | Spec: 6.1e-05 | Baseline_RelErr: 2.8e-03 | InnerRel: 6.1e-05 | AmbRel: 6.1e-05
    Baseline MSE: 5.6e-09 | Inner MSE: 2.8e-12 | Ambient MSE: 2.8e-12 | Drift Ratio: 1.00
    r_eff=1407/2048 (68.7%)  e_src: 5.584e+00 | e_L: 5.583e+00 | e_R: 5.583e+00 | e_tgt: 3.401e-03
Lang_L31.self_attn.o_proj  Base->Stage2    | Spec: 6.2e-05 | Baseline_RelErr: 2.8e-03 | InnerRel: 6.2e-05 | AmbRel: 6.2e-05
    Baseline MSE: 6.0e-09 | Inner MSE: 2.9e-12 | Ambient MSE: 2.9e-12 | Drift Ratio: 1.00
    r_eff=1407/2048 (68.7%)  e_src: 5.584e+00 | e_L: 5.583e+00 | e_R: 5.583e+00 | e_tgt: 3.482e-03
Processing Lang_L31.mlp.gate_proj...
Lang_L31.mlp.gate_proj  Base->Stage1    | Spec: 9.5e-06 | Baseline_RelErr: 1.0e-03 | InnerRel: 9.4e-04 | AmbRel: 9.5e-06
    Baseline MSE: 7.4e-10 | Inner MSE: 6.0e-10 | Ambient MSE: 6.2e-14 | Drift Ratio: 9660.21
    r_eff=1948/2048 (95.1%)  e_src: 1.239e+01 | e_L: 1.239e+01 | e_R: 1.239e+01 | e_tgt: 1.184e-03
Lang_L31.mlp.gate_proj  Stage1->Stage2  | Spec: 3.0e-05 | Baseline_RelErr: 3.1e-03 | InnerRel: 2.8e-03 | AmbRel: 3.0e-05
    Baseline MSE: 6.8e-09 | Inner MSE: 5.5e-09 | Ambient MSE: 6.2e-13 | Drift Ratio: 8866.23
    r_eff=1948/2048 (95.1%)  e_src: 1.240e+01 | e_L: 1.240e+01 | e_R: 1.239e+01 | e_tgt: 3.732e-03
Lang_L31.mlp.gate_proj  Base->Stage2    | Spec: 3.1e-05 | Baseline_RelErr: 3.2e-03 | InnerRel: 2.9e-03 | AmbRel: 3.1e-05
    Baseline MSE: 7.2e-09 | Inner MSE: 5.8e-09 | Ambient MSE: 6.6e-13 | Drift Ratio: 8780.07
    r_eff=1948/2048 (95.1%)  e_src: 1.240e+01 | e_L: 1.240e+01 | e_R: 1.239e+01 | e_tgt: 3.863e-03
Processing Lang_L31.mlp.up_proj...
Lang_L31.mlp.up_proj  Base->Stage1    | Spec: 8.8e-06 | Baseline_RelErr: 9.0e-04 | InnerRel: 8.1e-04 | AmbRel: 8.8e-06
    Baseline MSE: 6.4e-10 | Inner MSE: 5.2e-10 | Ambient MSE: 6.1e-14 | Drift Ratio: 8448.35
    r_eff=1955/2048 (95.5%)  e_src: 1.327e+01 | e_L: 1.327e+01 | e_R: 1.327e+01 | e_tgt: 1.176e-03
Lang_L31.mlp.up_proj  Stage1->Stage2  | Spec: 2.6e-05 | Baseline_RelErr: 2.7e-03 | InnerRel: 2.4e-03 | AmbRel: 2.6e-05
    Baseline MSE: 5.8e-09 | Inner MSE: 4.7e-09 | Ambient MSE: 5.4e-13 | Drift Ratio: 8703.69
    r_eff=1955/2048 (95.5%)  e_src: 1.328e+01 | e_L: 1.328e+01 | e_R: 1.327e+01 | e_tgt: 3.482e-03
Lang_L31.mlp.up_proj  Base->Stage2    | Spec: 2.7e-05 | Baseline_RelErr: 2.8e-03 | InnerRel: 2.5e-03 | AmbRel: 2.7e-05
    Baseline MSE: 6.1e-09 | Inner MSE: 4.9e-09 | Ambient MSE: 5.6e-13 | Drift Ratio: 8834.10
    r_eff=1955/2048 (95.5%)  e_src: 1.328e+01 | e_L: 1.328e+01 | e_R: 1.327e+01 | e_tgt: 3.554e-03
Processing Lang_L31.mlp.down_proj...
Lang_L31.mlp.down_proj  Base->Stage1    | Spec: 8.8e-06 | Baseline_RelErr: 9.1e-04 | InnerRel: 8.2e-04 | AmbRel: 8.8e-06
    Baseline MSE: 6.2e-10 | Inner MSE: 5.0e-10 | Ambient MSE: 5.7e-14 | Drift Ratio: 8666.92
    r_eff=1937/2048 (94.6%)  e_src: 1.291e+01 | e_L: 1.291e+01 | e_R: 1.291e+01 | e_tgt: 1.136e-03
Lang_L31.mlp.down_proj  Stage1->Stage2  | Spec: 2.7e-05 | Baseline_RelErr: 2.7e-03 | InnerRel: 2.4e-03 | AmbRel: 2.7e-05
    Baseline MSE: 5.5e-09 | Inner MSE: 4.4e-09 | Ambient MSE: 5.6e-13 | Drift Ratio: 7785.07
    r_eff=1937/2048 (94.6%)  e_src: 1.291e+01 | e_L: 1.291e+01 | e_R: 1.291e+01 | e_tgt: 3.559e-03
Lang_L31.mlp.down_proj  Base->Stage2    | Spec: 2.8e-05 | Baseline_RelErr: 2.8e-03 | InnerRel: 2.5e-03 | AmbRel: 2.8e-05
    Baseline MSE: 5.8e-09 | Inner MSE: 4.6e-09 | Ambient MSE: 5.9e-13 | Drift Ratio: 7783.54
    r_eff=1937/2048 (94.6%)  e_src: 1.291e+01 | e_L: 1.291e+01 | e_R: 1.291e+01 | e_tgt: 3.660e-03
Processing Lang_L32.self_attn.q_proj...
Lang_L32.self_attn.q_proj  Base->Stage1    | Spec: 2.3e-05 | Baseline_RelErr: 1.1e-03 | InnerRel: 2.3e-05 | AmbRel: 2.3e-05
    Baseline MSE: 7.9e-10 | Inner MSE: 3.8e-13 | Ambient MSE: 3.8e-13 | Drift Ratio: 1.00
    r_eff=1352/2048 (66.0%)  e_src: 5.383e+00 | e_L: 5.383e+00 | e_R: 5.383e+00 | e_tgt: 1.257e-03
Lang_L32.self_attn.q_proj  Stage1->Stage2  | Spec: 7.3e-05 | Baseline_RelErr: 3.3e-03 | InnerRel: 7.3e-05 | AmbRel: 7.3e-05
    Baseline MSE: 7.5e-09 | Inner MSE: 3.7e-12 | Ambient MSE: 3.7e-12 | Drift Ratio: 1.00
    r_eff=1352/2048 (66.0%)  e_src: 5.384e+00 | e_L: 5.384e+00 | e_R: 5.384e+00 | e_tgt: 3.916e-03
Lang_L32.self_attn.q_proj  Base->Stage2    | Spec: 7.4e-05 | Baseline_RelErr: 3.4e-03 | InnerRel: 7.4e-05 | AmbRel: 7.4e-05
    Baseline MSE: 8.0e-09 | Inner MSE: 3.8e-12 | Ambient MSE: 3.8e-12 | Drift Ratio: 1.00
    r_eff=1352/2048 (66.0%)  e_src: 5.385e+00 | e_L: 5.384e+00 | e_R: 5.384e+00 | e_tgt: 4.010e-03
Processing Lang_L32.self_attn.k_proj...
Lang_L32.self_attn.k_proj  Base->Stage1    | Spec: 3.3e-05 | Baseline_RelErr: 1.3e-03 | InnerRel: 1.2e-03 | AmbRel: 3.3e-05
    Baseline MSE: 7.8e-10 | Inner MSE: 6.8e-10 | Ambient MSE: 4.8e-13 | Drift Ratio: 1421.49
    r_eff=228/256 (89.1%)  e_src: 1.494e+00 | e_L: 1.494e+00 | e_R: 1.494e+00 | e_tgt: 4.993e-04
Lang_L32.self_attn.k_proj  Stage1->Stage2  | Spec: 1.0e-04 | Baseline_RelErr: 4.0e-03 | InnerRel: 3.6e-03 | AmbRel: 1.0e-04
    Baseline MSE: 6.9e-09 | Inner MSE: 5.7e-09 | Ambient MSE: 4.8e-12 | Drift Ratio: 1192.44
    r_eff=228/256 (89.1%)  e_src: 1.495e+00 | e_L: 1.494e+00 | e_R: 1.495e+00 | e_tgt: 1.588e-03
Lang_L32.self_attn.k_proj  Base->Stage2    | Spec: 1.1e-04 | Baseline_RelErr: 4.1e-03 | InnerRel: 3.7e-03 | AmbRel: 1.1e-04
    Baseline MSE: 7.4e-09 | Inner MSE: 6.1e-09 | Ambient MSE: 5.3e-12 | Drift Ratio: 1159.19
    r_eff=228/256 (89.1%)  e_src: 1.495e+00 | e_L: 1.494e+00 | e_R: 1.495e+00 | e_tgt: 1.667e-03
Processing Lang_L32.self_attn.v_proj...
Lang_L32.self_attn.v_proj  Base->Stage1    | Spec: 1.6e-05 | Baseline_RelErr: 7.0e-04 | InnerRel: 6.6e-04 | AmbRel: 1.6e-05
    Baseline MSE: 4.9e-10 | Inner MSE: 4.3e-10 | Ambient MSE: 2.5e-13 | Drift Ratio: 1765.29
    r_eff=244/256 (95.3%)  e_src: 2.297e+00 | e_L: 2.297e+00 | e_R: 2.297e+00 | e_tgt: 3.591e-04
Lang_L32.self_attn.v_proj  Stage1->Stage2  | Spec: 4.1e-05 | Baseline_RelErr: 1.9e-03 | InnerRel: 1.8e-03 | AmbRel: 4.1e-05
    Baseline MSE: 3.7e-09 | Inner MSE: 3.2e-09 | Ambient MSE: 1.7e-12 | Drift Ratio: 1905.12
    r_eff=244/256 (95.3%)  e_src: 2.298e+00 | e_L: 2.297e+00 | e_R: 2.298e+00 | e_tgt: 9.430e-04
Lang_L32.self_attn.v_proj  Base->Stage2    | Spec: 4.5e-05 | Baseline_RelErr: 2.0e-03 | InnerRel: 1.9e-03 | AmbRel: 4.5e-05
    Baseline MSE: 4.0e-09 | Inner MSE: 3.5e-09 | Ambient MSE: 2.0e-12 | Drift Ratio: 1725.50
    r_eff=244/256 (95.3%)  e_src: 2.298e+00 | e_L: 2.297e+00 | e_R: 2.298e+00 | e_tgt: 1.029e-03
Processing Lang_L32.self_attn.o_proj...
Lang_L32.self_attn.o_proj  Base->Stage1    | Spec: 1.7e-05 | Baseline_RelErr: 7.9e-04 | InnerRel: 1.7e-05 | AmbRel: 1.7e-05
    Baseline MSE: 5.6e-10 | Inner MSE: 2.7e-13 | Ambient MSE: 2.7e-13 | Drift Ratio: 1.00
    r_eff=1488/2048 (72.7%)  e_src: 6.097e+00 | e_L: 6.097e+00 | e_R: 6.097e+00 | e_tgt: 1.067e-03
Lang_L32.self_attn.o_proj  Stage1->Stage2  | Spec: 5.3e-05 | Baseline_RelErr: 2.4e-03 | InnerRel: 5.3e-05 | AmbRel: 5.3e-05
    Baseline MSE: 5.3e-09 | Inner MSE: 2.5e-12 | Ambient MSE: 2.5e-12 | Drift Ratio: 1.00
    r_eff=1488/2048 (72.7%)  e_src: 6.098e+00 | e_L: 6.098e+00 | e_R: 6.098e+00 | e_tgt: 3.248e-03
Lang_L32.self_attn.o_proj  Base->Stage2    | Spec: 5.5e-05 | Baseline_RelErr: 2.5e-03 | InnerRel: 5.5e-05 | AmbRel: 5.5e-05
    Baseline MSE: 5.7e-09 | Inner MSE: 2.7e-12 | Ambient MSE: 2.7e-12 | Drift Ratio: 1.00
    r_eff=1488/2048 (72.7%)  e_src: 6.098e+00 | e_L: 6.098e+00 | e_R: 6.098e+00 | e_tgt: 3.341e-03
Processing Lang_L32.mlp.gate_proj...
Lang_L32.mlp.gate_proj  Base->Stage1    | Spec: 1.0e-05 | Baseline_RelErr: 1.1e-03 | InnerRel: 9.6e-04 | AmbRel: 1.0e-05
    Baseline MSE: 7.7e-10 | Inner MSE: 6.3e-10 | Ambient MSE: 6.9e-14 | Drift Ratio: 9111.44
    r_eff=1942/2048 (94.8%)  e_src: 1.239e+01 | e_L: 1.239e+01 | e_R: 1.239e+01 | e_tgt: 1.244e-03
Lang_L32.mlp.gate_proj  Stage1->Stage2  | Spec: 3.1e-05 | Baseline_RelErr: 3.2e-03 | InnerRel: 2.9e-03 | AmbRel: 3.1e-05
    Baseline MSE: 7.0e-09 | Inner MSE: 5.7e-09 | Ambient MSE: 6.4e-13 | Drift Ratio: 8813.75
    r_eff=1942/2048 (94.8%)  e_src: 1.239e+01 | e_L: 1.239e+01 | e_R: 1.239e+01 | e_tgt: 3.810e-03
Lang_L32.mlp.gate_proj  Base->Stage2    | Spec: 3.1e-05 | Baseline_RelErr: 3.3e-03 | InnerRel: 3.0e-03 | AmbRel: 3.1e-05
    Baseline MSE: 7.4e-09 | Inner MSE: 6.0e-09 | Ambient MSE: 6.7e-13 | Drift Ratio: 8964.98
    r_eff=1942/2048 (94.8%)  e_src: 1.239e+01 | e_L: 1.239e+01 | e_R: 1.239e+01 | e_tgt: 3.890e-03
Processing Lang_L32.mlp.up_proj...
Lang_L32.mlp.up_proj  Base->Stage1    | Spec: 8.8e-06 | Baseline_RelErr: 9.1e-04 | InnerRel: 8.2e-04 | AmbRel: 8.8e-06
    Baseline MSE: 6.5e-10 | Inner MSE: 5.3e-10 | Ambient MSE: 6.1e-14 | Drift Ratio: 8677.70
    r_eff=1944/2048 (94.9%)  e_src: 1.330e+01 | e_L: 1.330e+01 | e_R: 1.330e+01 | e_tgt: 1.172e-03
Lang_L32.mlp.up_proj  Stage1->Stage2  | Spec: 2.7e-05 | Baseline_RelErr: 2.8e-03 | InnerRel: 2.5e-03 | AmbRel: 2.7e-05
    Baseline MSE: 6.2e-09 | Inner MSE: 5.0e-09 | Ambient MSE: 5.8e-13 | Drift Ratio: 8668.77
    r_eff=1944/2048 (94.9%)  e_src: 1.331e+01 | e_L: 1.331e+01 | e_R: 1.330e+01 | e_tgt: 3.614e-03
Lang_L32.mlp.up_proj  Base->Stage2    | Spec: 2.8e-05 | Baseline_RelErr: 2.9e-03 | InnerRel: 2.6e-03 | AmbRel: 2.8e-05
    Baseline MSE: 6.5e-09 | Inner MSE: 5.3e-09 | Ambient MSE: 6.1e-13 | Drift Ratio: 8695.06
    r_eff=1944/2048 (94.9%)  e_src: 1.331e+01 | e_L: 1.331e+01 | e_R: 1.330e+01 | e_tgt: 3.707e-03
Processing Lang_L32.mlp.down_proj...
Lang_L32.mlp.down_proj  Base->Stage1    | Spec: 8.9e-06 | Baseline_RelErr: 9.1e-04 | InnerRel: 8.1e-04 | AmbRel: 8.9e-06
    Baseline MSE: 6.2e-10 | Inner MSE: 5.0e-10 | Ambient MSE: 6.0e-14 | Drift Ratio: 8313.98
    r_eff=1917/2048 (93.6%)  e_src: 1.301e+01 | e_L: 1.301e+01 | e_R: 1.301e+01 | e_tgt: 1.166e-03
Lang_L32.mlp.down_proj  Stage1->Stage2  | Spec: 2.8e-05 | Baseline_RelErr: 2.8e-03 | InnerRel: 2.5e-03 | AmbRel: 2.8e-05
    Baseline MSE: 6.0e-09 | Inner MSE: 4.8e-09 | Ambient MSE: 5.9e-13 | Drift Ratio: 8078.93
    r_eff=1917/2048 (93.6%)  e_src: 1.301e+01 | e_L: 1.301e+01 | e_R: 1.301e+01 | e_tgt: 3.651e-03
Lang_L32.mlp.down_proj  Base->Stage2    | Spec: 2.9e-05 | Baseline_RelErr: 2.9e-03 | InnerRel: 2.6e-03 | AmbRel: 2.9e-05
    Baseline MSE: 6.3e-09 | Inner MSE: 5.0e-09 | Ambient MSE: 6.3e-13 | Drift Ratio: 8011.41
    r_eff=1917/2048 (93.6%)  e_src: 1.301e+01 | e_L: 1.301e+01 | e_R: 1.301e+01 | e_tgt: 3.764e-03
Processing Lang_L33.self_attn.q_proj...
Lang_L33.self_attn.q_proj  Base->Stage1    | Spec: 2.4e-05 | Baseline_RelErr: 1.1e-03 | InnerRel: 2.4e-05 | AmbRel: 2.4e-05
    Baseline MSE: 7.5e-10 | Inner MSE: 3.6e-13 | Ambient MSE: 3.6e-13 | Drift Ratio: 1.00
    r_eff=1299/2048 (63.4%)  e_src: 5.056e+00 | e_L: 5.056e+00 | e_R: 5.056e+00 | e_tgt: 1.222e-03
Lang_L33.self_attn.q_proj  Stage1->Stage2  | Spec: 6.8e-05 | Baseline_RelErr: 3.2e-03 | InnerRel: 6.8e-05 | AmbRel: 6.8e-05
    Baseline MSE: 6.3e-09 | Inner MSE: 2.8e-12 | Ambient MSE: 2.8e-12 | Drift Ratio: 1.00
    r_eff=1299/2048 (63.4%)  e_src: 5.057e+00 | e_L: 5.057e+00 | e_R: 5.057e+00 | e_tgt: 3.433e-03
Lang_L33.self_attn.q_proj  Base->Stage2    | Spec: 7.0e-05 | Baseline_RelErr: 3.3e-03 | InnerRel: 7.0e-05 | AmbRel: 7.0e-05
    Baseline MSE: 6.7e-09 | Inner MSE: 3.0e-12 | Ambient MSE: 3.0e-12 | Drift Ratio: 1.00
    r_eff=1299/2048 (63.4%)  e_src: 5.058e+00 | e_L: 5.057e+00 | e_R: 5.057e+00 | e_tgt: 3.564e-03
Processing Lang_L33.self_attn.k_proj...
Lang_L33.self_attn.k_proj  Base->Stage1    | Spec: 3.3e-05 | Baseline_RelErr: 1.4e-03 | InnerRel: 1.3e-03 | AmbRel: 3.3e-05
    Baseline MSE: 7.6e-10 | Inner MSE: 6.5e-10 | Ambient MSE: 4.3e-13 | Drift Ratio: 1527.07
    r_eff=216/256 (84.4%)  e_src: 1.429e+00 | e_L: 1.429e+00 | e_R: 1.429e+00 | e_tgt: 4.737e-04
Lang_L33.self_attn.k_proj  Stage1->Stage2  | Spec: 9.0e-05 | Baseline_RelErr: 4.0e-03 | InnerRel: 3.7e-03 | AmbRel: 9.0e-05
    Baseline MSE: 6.2e-09 | Inner MSE: 5.3e-09 | Ambient MSE: 3.2e-12 | Drift Ratio: 1682.20
    r_eff=216/256 (84.4%)  e_src: 1.430e+00 | e_L: 1.429e+00 | e_R: 1.430e+00 | e_tgt: 1.290e-03
Lang_L33.self_attn.k_proj  Base->Stage2    | Spec: 9.5e-05 | Baseline_RelErr: 4.1e-03 | InnerRel: 3.8e-03 | AmbRel: 9.5e-05
    Baseline MSE: 6.6e-09 | Inner MSE: 5.7e-09 | Ambient MSE: 3.5e-12 | Drift Ratio: 1602.12
    r_eff=216/256 (84.4%)  e_src: 1.430e+00 | e_L: 1.429e+00 | e_R: 1.430e+00 | e_tgt: 1.364e-03
Processing Lang_L33.self_attn.v_proj...
Lang_L33.self_attn.v_proj  Base->Stage1    | Spec: 9.3e-06 | Baseline_RelErr: 4.4e-04 | InnerRel: 4.2e-04 | AmbRel: 9.3e-06
    Baseline MSE: 4.2e-10 | Inner MSE: 3.7e-10 | Ambient MSE: 1.8e-13 | Drift Ratio: 2054.82
    r_eff=245/256 (95.7%)  e_src: 3.180e+00 | e_L: 3.180e+00 | e_R: 3.180e+00 | e_tgt: 3.077e-04
Lang_L33.self_attn.v_proj  Stage1->Stage2  | Spec: 3.4e-05 | Baseline_RelErr: 1.5e-03 | InnerRel: 1.4e-03 | AmbRel: 3.4e-05
    Baseline MSE: 4.6e-09 | Inner MSE: 4.0e-09 | Ambient MSE: 2.4e-12 | Drift Ratio: 1670.36
    r_eff=245/256 (95.7%)  e_src: 3.181e+00 | e_L: 3.180e+00 | e_R: 3.181e+00 | e_tgt: 1.125e-03
Lang_L33.self_attn.v_proj  Base->Stage2    | Spec: 3.4e-05 | Baseline_RelErr: 1.5e-03 | InnerRel: 1.4e-03 | AmbRel: 3.4e-05
    Baseline MSE: 4.8e-09 | Inner MSE: 4.2e-09 | Ambient MSE: 2.5e-12 | Drift Ratio: 1697.49
    r_eff=245/256 (95.7%)  e_src: 3.181e+00 | e_L: 3.180e+00 | e_R: 3.181e+00 | e_tgt: 1.144e-03
Processing Lang_L33.self_attn.o_proj...
Lang_L33.self_attn.o_proj  Base->Stage1    | Spec: 1.6e-05 | Baseline_RelErr: 7.3e-04 | InnerRel: 1.6e-05 | AmbRel: 1.6e-05
    Baseline MSE: 5.2e-10 | Inner MSE: 2.5e-13 | Ambient MSE: 2.5e-13 | Drift Ratio: 1.00
    r_eff=1508/2048 (73.6%)  e_src: 6.378e+00 | e_L: 6.378e+00 | e_R: 6.378e+00 | e_tgt: 1.024e-03
Lang_L33.self_attn.o_proj  Stage1->Stage2  | Spec: 5.6e-05 | Baseline_RelErr: 2.5e-03 | InnerRel: 5.6e-05 | AmbRel: 5.6e-05
    Baseline MSE: 6.0e-09 | Inner MSE: 3.0e-12 | Ambient MSE: 3.0e-12 | Drift Ratio: 1.00
    r_eff=1508/2048 (73.6%)  e_src: 6.379e+00 | e_L: 6.379e+00 | e_R: 6.379e+00 | e_tgt: 3.552e-03
Lang_L33.self_attn.o_proj  Base->Stage2    | Spec: 5.7e-05 | Baseline_RelErr: 2.5e-03 | InnerRel: 5.7e-05 | AmbRel: 5.7e-05
    Baseline MSE: 6.3e-09 | Inner MSE: 3.1e-12 | Ambient MSE: 3.1e-12 | Drift Ratio: 1.00
    r_eff=1508/2048 (73.6%)  e_src: 6.379e+00 | e_L: 6.379e+00 | e_R: 6.379e+00 | e_tgt: 3.632e-03
Processing Lang_L33.mlp.gate_proj...
Lang_L33.mlp.gate_proj  Base->Stage1    | Spec: 1.0e-05 | Baseline_RelErr: 1.1e-03 | InnerRel: 9.7e-04 | AmbRel: 1.0e-05
    Baseline MSE: 7.7e-10 | Inner MSE: 6.3e-10 | Ambient MSE: 7.2e-14 | Drift Ratio: 8697.16
    r_eff=1942/2048 (94.8%)  e_src: 1.220e+01 | e_L: 1.220e+01 | e_R: 1.220e+01 | e_tgt: 1.274e-03
Lang_L33.mlp.gate_proj  Stage1->Stage2  | Spec: 3.1e-05 | Baseline_RelErr: 3.2e-03 | InnerRel: 2.9e-03 | AmbRel: 3.1e-05
    Baseline MSE: 6.8e-09 | Inner MSE: 5.5e-09 | Ambient MSE: 6.4e-13 | Drift Ratio: 8705.49
    r_eff=1942/2048 (94.8%)  e_src: 1.221e+01 | e_L: 1.221e+01 | e_R: 1.220e+01 | e_tgt: 3.784e-03
Lang_L33.mlp.gate_proj  Base->Stage2    | Spec: 3.2e-05 | Baseline_RelErr: 3.3e-03 | InnerRel: 3.0e-03 | AmbRel: 3.2e-05
    Baseline MSE: 7.2e-09 | Inner MSE: 5.9e-09 | Ambient MSE: 6.7e-13 | Drift Ratio: 8778.75
    r_eff=1942/2048 (94.8%)  e_src: 1.221e+01 | e_L: 1.221e+01 | e_R: 1.220e+01 | e_tgt: 3.884e-03
Processing Lang_L33.mlp.up_proj...
Lang_L33.mlp.up_proj  Base->Stage1    | Spec: 8.5e-06 | Baseline_RelErr: 9.0e-04 | InnerRel: 8.1e-04 | AmbRel: 8.5e-06
    Baseline MSE: 6.5e-10 | Inner MSE: 5.3e-10 | Ambient MSE: 5.8e-14 | Drift Ratio: 9157.05
    r_eff=1962/2048 (95.8%)  e_src: 1.343e+01 | e_L: 1.343e+01 | e_R: 1.343e+01 | e_tgt: 1.143e-03
Lang_L33.mlp.up_proj  Stage1->Stage2  | Spec: 2.6e-05 | Baseline_RelErr: 2.8e-03 | InnerRel: 2.5e-03 | AmbRel: 2.6e-05
    Baseline MSE: 6.2e-09 | Inner MSE: 5.0e-09 | Ambient MSE: 5.4e-13 | Drift Ratio: 9412.82
    r_eff=1962/2048 (95.8%)  e_src: 1.344e+01 | e_L: 1.344e+01 | e_R: 1.343e+01 | e_tgt: 3.477e-03
Lang_L33.mlp.up_proj  Base->Stage2    | Spec: 2.7e-05 | Baseline_RelErr: 2.8e-03 | InnerRel: 2.6e-03 | AmbRel: 2.7e-05
    Baseline MSE: 6.6e-09 | Inner MSE: 5.3e-09 | Ambient MSE: 5.7e-13 | Drift Ratio: 9344.62
    r_eff=1962/2048 (95.8%)  e_src: 1.344e+01 | e_L: 1.344e+01 | e_R: 1.343e+01 | e_tgt: 3.586e-03
Processing Lang_L33.mlp.down_proj...
Lang_L33.mlp.down_proj  Base->Stage1    | Spec: 8.6e-06 | Baseline_RelErr: 8.9e-04 | InnerRel: 8.0e-04 | AmbRel: 8.6e-06
    Baseline MSE: 6.1e-10 | Inner MSE: 5.0e-10 | Ambient MSE: 5.8e-14 | Drift Ratio: 8564.76
    r_eff=1964/2048 (95.9%)  e_src: 1.315e+01 | e_L: 1.315e+01 | e_R: 1.315e+01 | e_tgt: 1.142e-03
Lang_L33.mlp.down_proj  Stage1->Stage2  | Spec: 2.8e-05 | Baseline_RelErr: 2.8e-03 | InnerRel: 2.5e-03 | AmbRel: 2.8e-05
    Baseline MSE: 6.1e-09 | Inner MSE: 4.9e-09 | Ambient MSE: 6.0e-13 | Drift Ratio: 8108.62
    r_eff=1964/2048 (95.9%)  e_src: 1.315e+01 | e_L: 1.315e+01 | e_R: 1.315e+01 | e_tgt: 3.680e-03
Lang_L33.mlp.down_proj  Base->Stage2    | Spec: 2.9e-05 | Baseline_RelErr: 2.9e-03 | InnerRel: 2.6e-03 | AmbRel: 2.9e-05
    Baseline MSE: 6.4e-09 | Inner MSE: 5.1e-09 | Ambient MSE: 6.4e-13 | Drift Ratio: 7954.60
    r_eff=1964/2048 (95.9%)  e_src: 1.315e+01 | e_L: 1.315e+01 | e_R: 1.315e+01 | e_tgt: 3.810e-03
Processing Lang_L34.self_attn.q_proj...
Lang_L34.self_attn.q_proj  Base->Stage1    | Spec: 2.7e-05 | Baseline_RelErr: 1.2e-03 | InnerRel: 2.7e-05 | AmbRel: 2.7e-05
    Baseline MSE: 7.8e-10 | Inner MSE: 3.9e-13 | Ambient MSE: 3.9e-13 | Drift Ratio: 1.00
    r_eff=1483/2048 (72.4%)  e_src: 4.765e+00 | e_L: 4.765e+00 | e_R: 4.765e+00 | e_tgt: 1.273e-03
Lang_L34.self_attn.q_proj  Stage1->Stage2  | Spec: 8.7e-05 | Baseline_RelErr: 4.0e-03 | InnerRel: 8.7e-05 | AmbRel: 8.7e-05
    Baseline MSE: 8.6e-09 | Inner MSE: 4.1e-12 | Ambient MSE: 4.1e-12 | Drift Ratio: 1.00
    r_eff=1483/2048 (72.4%)  e_src: 4.767e+00 | e_L: 4.766e+00 | e_R: 4.766e+00 | e_tgt: 4.171e-03
Lang_L34.self_attn.q_proj  Base->Stage2    | Spec: 8.9e-05 | Baseline_RelErr: 4.1e-03 | InnerRel: 8.9e-05 | AmbRel: 8.9e-05
    Baseline MSE: 9.0e-09 | Inner MSE: 4.3e-12 | Ambient MSE: 4.3e-12 | Drift Ratio: 1.00
    r_eff=1483/2048 (72.4%)  e_src: 4.767e+00 | e_L: 4.766e+00 | e_R: 4.766e+00 | e_tgt: 4.266e-03
Processing Lang_L34.self_attn.k_proj...
Lang_L34.self_attn.k_proj  Base->Stage1    | Spec: 3.8e-05 | Baseline_RelErr: 1.4e-03 | InnerRel: 1.3e-03 | AmbRel: 3.8e-05
    Baseline MSE: 8.3e-10 | Inner MSE: 6.9e-10 | Ambient MSE: 5.7e-13 | Drift Ratio: 1219.71
    r_eff=240/256 (93.8%)  e_src: 1.407e+00 | e_L: 1.407e+00 | e_R: 1.407e+00 | e_tgt: 5.457e-04
Lang_L34.self_attn.k_proj  Stage1->Stage2  | Spec: 1.5e-04 | Baseline_RelErr: 4.5e-03 | InnerRel: 4.1e-03 | AmbRel: 1.5e-04
    Baseline MSE: 8.2e-09 | Inner MSE: 6.6e-09 | Ambient MSE: 9.2e-12 | Drift Ratio: 712.33
    r_eff=240/256 (93.8%)  e_src: 1.408e+00 | e_L: 1.407e+00 | e_R: 1.408e+00 | e_tgt: 2.198e-03
Lang_L34.self_attn.k_proj  Base->Stage2    | Spec: 1.6e-04 | Baseline_RelErr: 4.7e-03 | InnerRel: 4.2e-03 | AmbRel: 1.6e-04
    Baseline MSE: 8.8e-09 | Inner MSE: 7.0e-09 | Ambient MSE: 1.0e-11 | Drift Ratio: 684.06
    r_eff=240/256 (93.8%)  e_src: 1.408e+00 | e_L: 1.407e+00 | e_R: 1.408e+00 | e_tgt: 2.314e-03
Processing Lang_L34.self_attn.v_proj...
Lang_L34.self_attn.v_proj  Base->Stage1    | Spec: 1.5e-05 | Baseline_RelErr: 6.2e-04 | InnerRel: 5.8e-04 | AmbRel: 1.5e-05
    Baseline MSE: 5.1e-10 | Inner MSE: 4.4e-10 | Ambient MSE: 3.1e-13 | Drift Ratio: 1428.05
    r_eff=248/256 (96.9%)  e_src: 2.510e+00 | e_L: 2.510e+00 | e_R: 2.510e+00 | e_tgt: 4.038e-04
Lang_L34.self_attn.v_proj  Stage1->Stage2  | Spec: 5.6e-05 | Baseline_RelErr: 2.1e-03 | InnerRel: 2.0e-03 | AmbRel: 5.6e-05
    Baseline MSE: 6.0e-09 | Inner MSE: 5.0e-09 | Ambient MSE: 4.1e-12 | Drift Ratio: 1229.45
    r_eff=248/256 (96.9%)  e_src: 2.511e+00 | e_L: 2.510e+00 | e_R: 2.511e+00 | e_tgt: 1.467e-03
Lang_L34.self_attn.v_proj  Base->Stage2    | Spec: 5.9e-05 | Baseline_RelErr: 2.2e-03 | InnerRel: 2.0e-03 | AmbRel: 5.9e-05
    Baseline MSE: 6.3e-09 | Inner MSE: 5.3e-09 | Ambient MSE: 4.7e-12 | Drift Ratio: 1135.12
    r_eff=248/256 (96.9%)  e_src: 2.511e+00 | e_L: 2.510e+00 | e_R: 2.511e+00 | e_tgt: 1.562e-03
Processing Lang_L34.self_attn.o_proj...
Lang_L34.self_attn.o_proj  Base->Stage1    | Spec: 1.8e-05 | Baseline_RelErr: 8.5e-04 | InnerRel: 1.8e-05 | AmbRel: 1.8e-05
    Baseline MSE: 5.6e-10 | Inner MSE: 2.6e-13 | Ambient MSE: 2.6e-13 | Drift Ratio: 1.00
    r_eff=1440/2048 (70.3%)  e_src: 5.675e+00 | e_L: 5.675e+00 | e_R: 5.675e+00 | e_tgt: 1.044e-03
Lang_L34.self_attn.o_proj  Stage1->Stage2  | Spec: 5.7e-05 | Baseline_RelErr: 2.6e-03 | InnerRel: 5.7e-05 | AmbRel: 5.7e-05
    Baseline MSE: 5.4e-09 | Inner MSE: 2.5e-12 | Ambient MSE: 2.5e-12 | Drift Ratio: 1.00
    r_eff=1440/2048 (70.3%)  e_src: 5.676e+00 | e_L: 5.676e+00 | e_R: 5.676e+00 | e_tgt: 3.235e-03
Lang_L34.self_attn.o_proj  Base->Stage2    | Spec: 5.9e-05 | Baseline_RelErr: 2.7e-03 | InnerRel: 5.9e-05 | AmbRel: 5.9e-05
    Baseline MSE: 5.7e-09 | Inner MSE: 2.7e-12 | Ambient MSE: 2.7e-12 | Drift Ratio: 1.00
    r_eff=1440/2048 (70.3%)  e_src: 5.676e+00 | e_L: 5.676e+00 | e_R: 5.676e+00 | e_tgt: 3.342e-03
Processing Lang_L34.mlp.gate_proj...
Lang_L34.mlp.gate_proj  Base->Stage1    | Spec: 1.0e-05 | Baseline_RelErr: 1.0e-03 | InnerRel: 9.5e-04 | AmbRel: 1.0e-05
    Baseline MSE: 7.4e-10 | Inner MSE: 6.0e-10 | Ambient MSE: 7.0e-14 | Drift Ratio: 8669.27
    r_eff=1969/2048 (96.1%)  e_src: 1.224e+01 | e_L: 1.224e+01 | e_R: 1.224e+01 | e_tgt: 1.252e-03
Lang_L34.mlp.gate_proj  Stage1->Stage2  | Spec: 3.1e-05 | Baseline_RelErr: 3.2e-03 | InnerRel: 2.9e-03 | AmbRel: 3.1e-05
    Baseline MSE: 6.8e-09 | Inner MSE: 5.6e-09 | Ambient MSE: 6.3e-13 | Drift Ratio: 8809.08
    r_eff=1969/2048 (96.1%)  e_src: 1.225e+01 | e_L: 1.225e+01 | e_R: 1.224e+01 | e_tgt: 3.770e-03
Lang_L34.mlp.gate_proj  Base->Stage2    | Spec: 3.2e-05 | Baseline_RelErr: 3.3e-03 | InnerRel: 3.0e-03 | AmbRel: 3.2e-05
    Baseline MSE: 7.2e-09 | Inner MSE: 5.9e-09 | Ambient MSE: 7.0e-13 | Drift Ratio: 8437.88
    r_eff=1969/2048 (96.1%)  e_src: 1.225e+01 | e_L: 1.225e+01 | e_R: 1.224e+01 | e_tgt: 3.966e-03
Processing Lang_L34.mlp.up_proj...
Lang_L34.mlp.up_proj  Base->Stage1    | Spec: 8.9e-06 | Baseline_RelErr: 8.8e-04 | InnerRel: 8.0e-04 | AmbRel: 8.9e-06
    Baseline MSE: 6.3e-10 | Inner MSE: 5.1e-10 | Ambient MSE: 6.3e-14 | Drift Ratio: 8071.99
    r_eff=1968/2048 (96.1%)  e_src: 1.338e+01 | e_L: 1.338e+01 | e_R: 1.338e+01 | e_tgt: 1.194e-03
Lang_L34.mlp.up_proj  Stage1->Stage2  | Spec: 2.6e-05 | Baseline_RelErr: 2.8e-03 | InnerRel: 2.5e-03 | AmbRel: 2.6e-05
    Baseline MSE: 6.2e-09 | Inner MSE: 5.0e-09 | Ambient MSE: 5.4e-13 | Drift Ratio: 9403.00
    r_eff=1968/2048 (96.1%)  e_src: 1.338e+01 | e_L: 1.338e+01 | e_R: 1.338e+01 | e_tgt: 3.477e-03
Lang_L34.mlp.up_proj  Base->Stage2    | Spec: 2.7e-05 | Baseline_RelErr: 2.9e-03 | InnerRel: 2.6e-03 | AmbRel: 2.7e-05
    Baseline MSE: 6.5e-09 | Inner MSE: 5.3e-09 | Ambient MSE: 5.6e-13 | Drift Ratio: 9410.34
    r_eff=1968/2048 (96.1%)  e_src: 1.338e+01 | e_L: 1.338e+01 | e_R: 1.338e+01 | e_tgt: 3.566e-03
Processing Lang_L34.mlp.down_proj...
Lang_L34.mlp.down_proj  Base->Stage1    | Spec: 8.7e-06 | Baseline_RelErr: 8.7e-04 | InnerRel: 7.7e-04 | AmbRel: 8.7e-06
    Baseline MSE: 5.7e-10 | Inner MSE: 4.6e-10 | Ambient MSE: 5.8e-14 | Drift Ratio: 7883.98
    r_eff=1967/2048 (96.0%)  e_src: 1.303e+01 | e_L: 1.303e+01 | e_R: 1.303e+01 | e_tgt: 1.141e-03
Lang_L34.mlp.down_proj  Stage1->Stage2  | Spec: 2.8e-05 | Baseline_RelErr: 2.8e-03 | InnerRel: 2.5e-03 | AmbRel: 2.8e-05
    Baseline MSE: 5.9e-09 | Inner MSE: 4.7e-09 | Ambient MSE: 6.0e-13 | Drift Ratio: 7760.77
    r_eff=1967/2048 (96.0%)  e_src: 1.304e+01 | e_L: 1.303e+01 | e_R: 1.304e+01 | e_tgt: 3.681e-03
Lang_L34.mlp.down_proj  Base->Stage2    | Spec: 2.9e-05 | Baseline_RelErr: 2.8e-03 | InnerRel: 2.5e-03 | AmbRel: 2.9e-05
    Baseline MSE: 6.2e-09 | Inner MSE: 4.9e-09 | Ambient MSE: 6.4e-13 | Drift Ratio: 7657.97
    r_eff=1967/2048 (96.0%)  e_src: 1.304e+01 | e_L: 1.303e+01 | e_R: 1.304e+01 | e_tgt: 3.792e-03
Processing Lang_L35.self_attn.q_proj...
Lang_L35.self_attn.q_proj  Base->Stage1    | Spec: 3.1e-05 | Baseline_RelErr: 1.4e-03 | InnerRel: 3.1e-05 | AmbRel: 3.1e-05
    Baseline MSE: 1.1e-09 | Inner MSE: 5.2e-13 | Ambient MSE: 5.2e-13 | Drift Ratio: 1.00
    r_eff=1504/2048 (73.4%)  e_src: 4.763e+00 | e_L: 4.763e+00 | e_R: 4.763e+00 | e_tgt: 1.479e-03
Lang_L35.self_attn.q_proj  Stage1->Stage2  | Spec: 8.5e-05 | Baseline_RelErr: 3.8e-03 | InnerRel: 8.5e-05 | AmbRel: 8.5e-05
    Baseline MSE: 8.0e-09 | Inner MSE: 4.0e-12 | Ambient MSE: 4.0e-12 | Drift Ratio: 1.00
    r_eff=1504/2048 (73.4%)  e_src: 4.764e+00 | e_L: 4.764e+00 | e_R: 4.763e+00 | e_tgt: 4.073e-03
Lang_L35.self_attn.q_proj  Base->Stage2    | Spec: 9.0e-05 | Baseline_RelErr: 4.0e-03 | InnerRel: 9.0e-05 | AmbRel: 9.0e-05
    Baseline MSE: 8.7e-09 | Inner MSE: 4.4e-12 | Ambient MSE: 4.4e-12 | Drift Ratio: 1.00
    r_eff=1504/2048 (73.4%)  e_src: 4.764e+00 | e_L: 4.764e+00 | e_R: 4.763e+00 | e_tgt: 4.301e-03
Processing Lang_L35.self_attn.k_proj...
Lang_L35.self_attn.k_proj  Base->Stage1    | Spec: 4.3e-05 | Baseline_RelErr: 1.6e-03 | InnerRel: 1.5e-03 | AmbRel: 4.3e-05
    Baseline MSE: 1.1e-09 | Inner MSE: 9.1e-10 | Ambient MSE: 7.4e-13 | Drift Ratio: 1219.36
    r_eff=240/256 (93.8%)  e_src: 1.437e+00 | e_L: 1.437e+00 | e_R: 1.437e+00 | e_tgt: 6.243e-04
Lang_L35.self_attn.k_proj  Stage1->Stage2  | Spec: 1.5e-04 | Baseline_RelErr: 4.6e-03 | InnerRel: 4.0e-03 | AmbRel: 1.5e-04
    Baseline MSE: 8.6e-09 | Inner MSE: 6.5e-09 | Ambient MSE: 9.0e-12 | Drift Ratio: 721.79
    r_eff=240/256 (93.8%)  e_src: 1.438e+00 | e_L: 1.437e+00 | e_R: 1.438e+00 | e_tgt: 2.178e-03
Lang_L35.self_attn.k_proj  Base->Stage2    | Spec: 1.6e-04 | Baseline_RelErr: 4.8e-03 | InnerRel: 4.2e-03 | AmbRel: 1.6e-04
    Baseline MSE: 9.3e-09 | Inner MSE: 7.1e-09 | Ambient MSE: 9.8e-12 | Drift Ratio: 718.63
    r_eff=240/256 (93.8%)  e_src: 1.438e+00 | e_L: 1.437e+00 | e_R: 1.438e+00 | e_tgt: 2.272e-03
Processing Lang_L35.self_attn.v_proj...
Lang_L35.self_attn.v_proj  Base->Stage1    | Spec: 4.1e-05 | Baseline_RelErr: 6.4e-04 | InnerRel: 6.0e-04 | AmbRel: 4.1e-05
    Baseline MSE: 5.2e-10 | Inner MSE: 4.5e-10 | Ambient MSE: 2.1e-12 | Drift Ratio: 214.09
    r_eff=249/256 (97.3%)  e_src: 2.467e+00 | e_L: 2.467e+00 | e_R: 2.467e+00 | e_tgt: 1.045e-03
Lang_L35.self_attn.v_proj  Stage1->Stage2  | Spec: 2.3e-04 | Baseline_RelErr: 2.4e-03 | InnerRel: 2.1e-03 | AmbRel: 2.3e-04
    Baseline MSE: 7.0e-09 | Inner MSE: 5.6e-09 | Ambient MSE: 6.8e-11 | Drift Ratio: 81.84
    r_eff=249/256 (97.3%)  e_src: 2.468e+00 | e_L: 2.467e+00 | e_R: 2.468e+00 | e_tgt: 5.984e-03
Lang_L35.self_attn.v_proj  Base->Stage2    | Spec: 2.4e-04 | Baseline_RelErr: 2.4e-03 | InnerRel: 2.2e-03 | AmbRel: 2.4e-04
    Baseline MSE: 7.3e-09 | Inner MSE: 5.8e-09 | Ambient MSE: 7.2e-11 | Drift Ratio: 81.17
    r_eff=249/256 (97.3%)  e_src: 2.468e+00 | e_L: 2.467e+00 | e_R: 2.468e+00 | e_tgt: 6.138e-03
Processing Lang_L35.self_attn.o_proj...
Lang_L35.self_attn.o_proj  Base->Stage1    | Spec: 1.8e-05 | Baseline_RelErr: 8.3e-04 | InnerRel: 1.8e-05 | AmbRel: 1.8e-05
    Baseline MSE: 5.4e-10 | Inner MSE: 2.7e-13 | Ambient MSE: 2.7e-13 | Drift Ratio: 1.00
    r_eff=1496/2048 (73.0%)  e_src: 5.746e+00 | e_L: 5.746e+00 | e_R: 5.746e+00 | e_tgt: 1.058e-03
Lang_L35.self_attn.o_proj  Stage1->Stage2  | Spec: 2.0e-04 | Baseline_RelErr: 2.8e-03 | InnerRel: 2.0e-04 | AmbRel: 2.0e-04
    Baseline MSE: 6.3e-09 | Inner MSE: 3.2e-11 | Ambient MSE: 3.2e-11 | Drift Ratio: 1.00
    r_eff=1496/2048 (73.0%)  e_src: 5.747e+00 | e_L: 5.747e+00 | e_R: 5.747e+00 | e_tgt: 1.167e-02
Lang_L35.self_attn.o_proj  Base->Stage2    | Spec: 2.0e-04 | Baseline_RelErr: 2.9e-03 | InnerRel: 2.0e-04 | AmbRel: 2.0e-04
    Baseline MSE: 6.6e-09 | Inner MSE: 3.3e-11 | Ambient MSE: 3.3e-11 | Drift Ratio: 1.00
    r_eff=1496/2048 (73.0%)  e_src: 5.748e+00 | e_L: 5.747e+00 | e_R: 5.747e+00 | e_tgt: 1.177e-02
Processing Lang_L35.mlp.gate_proj...
Lang_L35.mlp.gate_proj  Base->Stage1    | Spec: 9.7e-06 | Baseline_RelErr: 1.0e-03 | InnerRel: 9.1e-04 | AmbRel: 9.7e-06
    Baseline MSE: 7.1e-10 | Inner MSE: 5.8e-10 | Ambient MSE: 6.5e-14 | Drift Ratio: 8917.79
    r_eff=1969/2048 (96.1%)  e_src: 1.247e+01 | e_L: 1.247e+01 | e_R: 1.247e+01 | e_tgt: 1.210e-03
Lang_L35.mlp.gate_proj  Stage1->Stage2  | Spec: 3.3e-05 | Baseline_RelErr: 3.1e-03 | InnerRel: 2.8e-03 | AmbRel: 3.3e-05
    Baseline MSE: 6.7e-09 | Inner MSE: 5.4e-09 | Ambient MSE: 7.6e-13 | Drift Ratio: 7145.35
    r_eff=1969/2048 (96.1%)  e_src: 1.247e+01 | e_L: 1.247e+01 | e_R: 1.247e+01 | e_tgt: 4.128e-03
Lang_L35.mlp.gate_proj  Base->Stage2    | Spec: 3.4e-05 | Baseline_RelErr: 3.2e-03 | InnerRel: 2.9e-03 | AmbRel: 3.4e-05
    Baseline MSE: 7.1e-09 | Inner MSE: 5.7e-09 | Ambient MSE: 8.2e-13 | Drift Ratio: 6950.71
    r_eff=1969/2048 (96.1%)  e_src: 1.247e+01 | e_L: 1.247e+01 | e_R: 1.247e+01 | e_tgt: 4.304e-03
Processing Lang_L35.mlp.up_proj...
Lang_L35.mlp.up_proj  Base->Stage1    | Spec: 8.8e-06 | Baseline_RelErr: 8.8e-04 | InnerRel: 8.0e-04 | AmbRel: 8.8e-06
    Baseline MSE: 6.0e-10 | Inner MSE: 4.9e-10 | Ambient MSE: 5.9e-14 | Drift Ratio: 8235.37
    r_eff=1971/2048 (96.2%)  e_src: 1.310e+01 | e_L: 1.310e+01 | e_R: 1.310e+01 | e_tgt: 1.155e-03
Lang_L35.mlp.up_proj  Stage1->Stage2  | Spec: 2.7e-05 | Baseline_RelErr: 2.7e-03 | InnerRel: 2.5e-03 | AmbRel: 2.7e-05
    Baseline MSE: 5.8e-09 | Inner MSE: 4.7e-09 | Ambient MSE: 5.6e-13 | Drift Ratio: 8428.61
    r_eff=1971/2048 (96.2%)  e_src: 1.310e+01 | e_L: 1.310e+01 | e_R: 1.310e+01 | e_tgt: 3.546e-03
Lang_L35.mlp.up_proj  Base->Stage2    | Spec: 2.8e-05 | Baseline_RelErr: 2.8e-03 | InnerRel: 2.5e-03 | AmbRel: 2.8e-05
    Baseline MSE: 6.1e-09 | Inner MSE: 4.9e-09 | Ambient MSE: 6.1e-13 | Drift Ratio: 8156.77
    r_eff=1971/2048 (96.2%)  e_src: 1.310e+01 | e_L: 1.310e+01 | e_R: 1.310e+01 | e_tgt: 3.697e-03
Processing Lang_L35.mlp.down_proj...
Lang_L35.mlp.down_proj  Base->Stage1    | Spec: 1.4e-05 | Baseline_RelErr: 9.1e-04 | InnerRel: 8.1e-04 | AmbRel: 1.4e-05
    Baseline MSE: 5.5e-10 | Inner MSE: 4.4e-10 | Ambient MSE: 1.2e-13 | Drift Ratio: 3566.48
    r_eff=1975/2048 (96.4%)  e_src: 1.211e+01 | e_L: 1.211e+01 | e_R: 1.211e+01 | e_tgt: 1.662e-03
Lang_L35.mlp.down_proj  Stage1->Stage2  | Spec: 3.4e-05 | Baseline_RelErr: 2.8e-03 | InnerRel: 2.5e-03 | AmbRel: 3.4e-05
    Baseline MSE: 5.2e-09 | Inner MSE: 4.1e-09 | Ambient MSE: 7.5e-13 | Drift Ratio: 5430.00
    r_eff=1975/2048 (96.4%)  e_src: 1.211e+01 | e_L: 1.211e+01 | e_R: 1.211e+01 | e_tgt: 4.109e-03
Lang_L35.mlp.down_proj  Base->Stage2    | Spec: 3.2e-05 | Baseline_RelErr: 2.9e-03 | InnerRel: 2.5e-03 | AmbRel: 3.2e-05
    Baseline MSE: 5.5e-09 | Inner MSE: 4.3e-09 | Ambient MSE: 6.7e-13 | Drift Ratio: 6414.24
    r_eff=1975/2048 (96.4%)  e_src: 1.211e+01 | e_L: 1.211e+01 | e_R: 1.211e+01 | e_tgt: 3.873e-03

=== Scanning Vision Layers ===
Processing Vis_L0.attn.qkv...
Vis_L0.attn.qkv  Base->Stage1    | Spec: 4.7e-05 | Baseline_RelErr: 1.5e-03 | InnerRel: 9.7e-04 | AmbRel: 4.7e-05
    Baseline MSE: 8.7e-10 | Inner MSE: 3.7e-10 | Ambient MSE: 8.7e-13 | Drift Ratio: 424.00
    r_eff=764/1280 (59.7%)  e_src: 4.394e+00 | e_L: 4.394e+00 | e_R: 4.394e+00 | e_tgt: 2.067e-03
Vis_L0.attn.qkv  Stage1->Stage2  | Spec: 1.5e-04 | Baseline_RelErr: 4.5e-03 | InnerRel: 2.7e-03 | AmbRel: 1.5e-04
    Baseline MSE: 7.8e-09 | Inner MSE: 2.8e-09 | Ambient MSE: 8.4e-12 | Drift Ratio: 338.44
    r_eff=764/1280 (59.7%)  e_src: 4.396e+00 | e_L: 4.396e+00 | e_R: 4.394e+00 | e_tgt: 6.407e-03
Vis_L0.attn.qkv  Base->Stage2    | Spec: 1.6e-04 | Baseline_RelErr: 4.6e-03 | InnerRel: 2.7e-03 | AmbRel: 1.6e-04
    Baseline MSE: 8.2e-09 | Inner MSE: 2.9e-09 | Ambient MSE: 9.8e-12 | Drift Ratio: 296.36
    r_eff=764/1280 (59.7%)  e_src: 4.396e+00 | e_L: 4.396e+00 | e_R: 4.394e+00 | e_tgt: 6.923e-03
Processing Vis_L0.attn.proj...
Vis_L0.attn.proj  Base->Stage1    | Spec: 8.6e-05 | Baseline_RelErr: 2.5e-03 | InnerRel: 8.6e-05 | AmbRel: 8.6e-05
    Baseline MSE: 1.0e-09 | Inner MSE: 1.2e-12 | Ambient MSE: 1.2e-12 | Drift Ratio: 1.00
    r_eff=760/1280 (59.4%)  e_src: 1.651e+00 | e_L: 1.651e+00 | e_R: 1.651e+00 | e_tgt: 1.430e-03
Vis_L0.attn.proj  Stage1->Stage2  | Spec: 2.3e-04 | Baseline_RelErr: 6.6e-03 | InnerRel: 2.3e-04 | AmbRel: 2.3e-04
    Baseline MSE: 7.2e-09 | Inner MSE: 8.5e-12 | Ambient MSE: 8.5e-12 | Drift Ratio: 1.00
    r_eff=760/1280 (59.4%)  e_src: 1.652e+00 | e_L: 1.652e+00 | e_R: 1.652e+00 | e_tgt: 3.725e-03
Vis_L0.attn.proj  Base->Stage2    | Spec: 2.3e-04 | Baseline_RelErr: 6.8e-03 | InnerRel: 2.3e-04 | AmbRel: 2.3e-04
    Baseline MSE: 7.7e-09 | Inner MSE: 9.0e-12 | Ambient MSE: 9.0e-12 | Drift Ratio: 1.00
    r_eff=760/1280 (59.4%)  e_src: 1.652e+00 | e_L: 1.652e+00 | e_R: 1.652e+00 | e_tgt: 3.845e-03
Processing Vis_L0.mlp.gate_proj...
Vis_L0.mlp.gate_proj  Base->Stage1    | Spec: 3.9e-05 | Baseline_RelErr: 1.7e-03 | InnerRel: 1.3e-03 | AmbRel: 3.9e-05
    Baseline MSE: 9.4e-10 | Inner MSE: 5.0e-10 | Ambient MSE: 4.8e-13 | Drift Ratio: 1042.77
    r_eff=948/1280 (74.1%)  e_src: 3.684e+00 | e_L: 3.684e+00 | e_R: 3.684e+00 | e_tgt: 1.448e-03
Vis_L0.mlp.gate_proj  Stage1->Stage2  | Spec: 1.4e-04 | Baseline_RelErr: 5.2e-03 | InnerRel: 3.7e-03 | AmbRel: 1.4e-04
    Baseline MSE: 8.3e-09 | Inner MSE: 4.1e-09 | Ambient MSE: 5.9e-12 | Drift Ratio: 705.38
    r_eff=948/1280 (74.1%)  e_src: 3.687e+00 | e_L: 3.687e+00 | e_R: 3.684e+00 | e_tgt: 5.074e-03
Vis_L0.mlp.gate_proj  Base->Stage2    | Spec: 1.4e-04 | Baseline_RelErr: 5.3e-03 | InnerRel: 3.7e-03 | AmbRel: 1.4e-04
    Baseline MSE: 8.8e-09 | Inner MSE: 4.3e-09 | Ambient MSE: 6.2e-12 | Drift Ratio: 698.44
    r_eff=948/1280 (74.1%)  e_src: 3.687e+00 | e_L: 3.687e+00 | e_R: 3.684e+00 | e_tgt: 5.215e-03
Processing Vis_L0.mlp.up_proj...
Vis_L0.mlp.up_proj  Base->Stage1    | Spec: 3.7e-05 | Baseline_RelErr: 1.7e-03 | InnerRel: 1.2e-03 | AmbRel: 3.7e-05
    Baseline MSE: 9.3e-10 | Inner MSE: 4.7e-10 | Ambient MSE: 4.5e-13 | Drift Ratio: 1045.45
    r_eff=939/1280 (73.4%)  e_src: 3.770e+00 | e_L: 3.770e+00 | e_R: 3.770e+00 | e_tgt: 1.403e-03
Vis_L0.mlp.up_proj  Stage1->Stage2  | Spec: 1.4e-04 | Baseline_RelErr: 5.0e-03 | InnerRel: 3.5e-03 | AmbRel: 1.4e-04
    Baseline MSE: 8.1e-09 | Inner MSE: 3.9e-09 | Ambient MSE: 5.9e-12 | Drift Ratio: 662.44
    r_eff=939/1280 (73.4%)  e_src: 3.773e+00 | e_L: 3.773e+00 | e_R: 3.771e+00 | e_tgt: 5.102e-03
Vis_L0.mlp.up_proj  Base->Stage2    | Spec: 1.3e-04 | Baseline_RelErr: 5.1e-03 | InnerRel: 3.6e-03 | AmbRel: 1.3e-04
    Baseline MSE: 8.6e-09 | Inner MSE: 4.1e-09 | Ambient MSE: 5.7e-12 | Drift Ratio: 715.76
    r_eff=939/1280 (73.4%)  e_src: 3.773e+00 | e_L: 3.773e+00 | e_R: 3.771e+00 | e_tgt: 5.010e-03
Processing Vis_L0.mlp.down_proj...
Vis_L0.mlp.down_proj  Base->Stage1    | Spec: 5.7e-05 | Baseline_RelErr: 1.8e-03 | InnerRel: 1.2e-03 | AmbRel: 5.7e-05
    Baseline MSE: 9.8e-10 | Inner MSE: 4.5e-10 | Ambient MSE: 1.0e-12 | Drift Ratio: 442.27
    r_eff=966/1280 (75.5%)  e_src: 3.710e+00 | e_L: 3.710e+00 | e_R: 3.710e+00 | e_tgt: 2.107e-03
Vis_L0.mlp.down_proj  Stage1->Stage2  | Spec: 1.6e-04 | Baseline_RelErr: 5.2e-03 | InnerRel: 3.3e-03 | AmbRel: 1.6e-04
    Baseline MSE: 8.4e-09 | Inner MSE: 3.5e-09 | Ambient MSE: 7.7e-12 | Drift Ratio: 453.50
    r_eff=966/1280 (75.5%)  e_src: 3.713e+00 | e_L: 3.710e+00 | e_R: 3.712e+00 | e_tgt: 5.822e-03
Vis_L0.mlp.down_proj  Base->Stage2    | Spec: 1.6e-04 | Baseline_RelErr: 5.3e-03 | InnerRel: 3.4e-03 | AmbRel: 1.6e-04
    Baseline MSE: 9.0e-09 | Inner MSE: 3.6e-09 | Ambient MSE: 8.3e-12 | Drift Ratio: 436.65
    r_eff=966/1280 (75.5%)  e_src: 3.713e+00 | e_L: 3.710e+00 | e_R: 3.712e+00 | e_tgt: 6.042e-03
Processing Vis_L1.attn.qkv...
Vis_L1.attn.qkv  Base->Stage1    | Spec: 6.7e-05 | Baseline_RelErr: 2.1e-03 | InnerRel: 1.2e-03 | AmbRel: 6.7e-05
    Baseline MSE: 9.7e-10 | Inner MSE: 3.4e-10 | Ambient MSE: 9.9e-13 | Drift Ratio: 340.33
    r_eff=854/1280 (66.7%)  e_src: 3.312e+00 | e_L: 3.312e+00 | e_R: 3.312e+00 | e_tgt: 2.211e-03
Vis_L1.attn.qkv  Stage1->Stage2  | Spec: 2.5e-04 | Baseline_RelErr: 6.0e-03 | InnerRel: 3.1e-03 | AmbRel: 2.5e-04
    Baseline MSE: 8.1e-09 | Inner MSE: 2.2e-09 | Ambient MSE: 1.4e-11 | Drift Ratio: 159.74
    r_eff=854/1280 (66.7%)  e_src: 3.314e+00 | e_L: 3.314e+00 | e_R: 3.312e+00 | e_tgt: 8.203e-03
Vis_L1.attn.qkv  Base->Stage2    | Spec: 2.6e-04 | Baseline_RelErr: 6.2e-03 | InnerRel: 3.1e-03 | AmbRel: 2.6e-04
    Baseline MSE: 8.7e-09 | Inner MSE: 2.2e-09 | Ambient MSE: 1.5e-11 | Drift Ratio: 144.96
    r_eff=854/1280 (66.7%)  e_src: 3.314e+00 | e_L: 3.314e+00 | e_R: 3.312e+00 | e_tgt: 8.662e-03
Processing Vis_L1.attn.proj...
Vis_L1.attn.proj  Base->Stage1    | Spec: 7.8e-05 | Baseline_RelErr: 2.4e-03 | InnerRel: 7.8e-05 | AmbRel: 7.8e-05
    Baseline MSE: 9.7e-10 | Inner MSE: 1.0e-12 | Ambient MSE: 1.0e-12 | Drift Ratio: 1.00
    r_eff=744/1280 (58.1%)  e_src: 1.668e+00 | e_L: 1.668e+00 | e_R: 1.668e+00 | e_tgt: 1.300e-03
Vis_L1.attn.proj  Stage1->Stage2  | Spec: 2.3e-04 | Baseline_RelErr: 6.6e-03 | InnerRel: 2.3e-04 | AmbRel: 2.3e-04
    Baseline MSE: 7.5e-09 | Inner MSE: 9.0e-12 | Ambient MSE: 9.0e-12 | Drift Ratio: 1.00
    r_eff=744/1280 (58.1%)  e_src: 1.669e+00 | e_L: 1.669e+00 | e_R: 1.668e+00 | e_tgt: 3.832e-03
Vis_L1.attn.proj  Base->Stage2    | Spec: 2.3e-04 | Baseline_RelErr: 6.9e-03 | InnerRel: 2.3e-04 | AmbRel: 2.3e-04
    Baseline MSE: 8.0e-09 | Inner MSE: 9.4e-12 | Ambient MSE: 9.4e-12 | Drift Ratio: 1.00
    r_eff=744/1280 (58.1%)  e_src: 1.669e+00 | e_L: 1.669e+00 | e_R: 1.668e+00 | e_tgt: 3.924e-03
Processing Vis_L1.mlp.gate_proj...
Vis_L1.mlp.gate_proj  Base->Stage1    | Spec: 3.9e-05 | Baseline_RelErr: 1.9e-03 | InnerRel: 1.4e-03 | AmbRel: 3.9e-05
    Baseline MSE: 9.9e-10 | Inner MSE: 5.6e-10 | Ambient MSE: 4.2e-13 | Drift Ratio: 1335.89
    r_eff=976/1280 (76.2%)  e_src: 3.487e+00 | e_L: 3.487e+00 | e_R: 3.486e+00 | e_tgt: 1.353e-03
Vis_L1.mlp.gate_proj  Stage1->Stage2  | Spec: 1.3e-04 | Baseline_RelErr: 5.5e-03 | InnerRel: 4.1e-03 | AmbRel: 1.3e-04
    Baseline MSE: 8.4e-09 | Inner MSE: 4.6e-09 | Ambient MSE: 4.8e-12 | Drift Ratio: 953.62
    r_eff=976/1280 (76.2%)  e_src: 3.490e+00 | e_L: 3.490e+00 | e_R: 3.487e+00 | e_tgt: 4.586e-03
Vis_L1.mlp.gate_proj  Base->Stage2    | Spec: 1.4e-04 | Baseline_RelErr: 5.7e-03 | InnerRel: 4.2e-03 | AmbRel: 1.4e-04
    Baseline MSE: 9.0e-09 | Inner MSE: 4.9e-09 | Ambient MSE: 5.2e-12 | Drift Ratio: 935.35
    r_eff=976/1280 (76.2%)  e_src: 3.490e+00 | e_L: 3.490e+00 | e_R: 3.487e+00 | e_tgt: 4.766e-03
Processing Vis_L1.mlp.up_proj...
Vis_L1.mlp.up_proj  Base->Stage1    | Spec: 3.9e-05 | Baseline_RelErr: 2.0e-03 | InnerRel: 1.5e-03 | AmbRel: 3.9e-05
    Baseline MSE: 9.9e-10 | Inner MSE: 5.6e-10 | Ambient MSE: 3.9e-13 | Drift Ratio: 1439.90
    r_eff=979/1280 (76.5%)  e_src: 3.345e+00 | e_L: 3.345e+00 | e_R: 3.344e+00 | e_tgt: 1.309e-03
Vis_L1.mlp.up_proj  Stage1->Stage2  | Spec: 1.2e-04 | Baseline_RelErr: 5.7e-03 | InnerRel: 4.2e-03 | AmbRel: 1.2e-04
    Baseline MSE: 8.4e-09 | Inner MSE: 4.5e-09 | Ambient MSE: 3.9e-12 | Drift Ratio: 1178.52
    r_eff=979/1280 (76.5%)  e_src: 3.348e+00 | e_L: 3.348e+00 | e_R: 3.345e+00 | e_tgt: 4.107e-03
Vis_L1.mlp.up_proj  Base->Stage2    | Spec: 1.2e-04 | Baseline_RelErr: 5.9e-03 | InnerRel: 4.3e-03 | AmbRel: 1.2e-04
    Baseline MSE: 9.0e-09 | Inner MSE: 4.8e-09 | Ambient MSE: 4.0e-12 | Drift Ratio: 1215.95
    r_eff=979/1280 (76.5%)  e_src: 3.348e+00 | e_L: 3.348e+00 | e_R: 3.345e+00 | e_tgt: 4.173e-03
Processing Vis_L1.mlp.down_proj...
Vis_L1.mlp.down_proj  Base->Stage1    | Spec: 5.0e-05 | Baseline_RelErr: 2.0e-03 | InnerRel: 1.4e-03 | AmbRel: 5.0e-05
    Baseline MSE: 1.0e-09 | Inner MSE: 5.0e-10 | Ambient MSE: 6.6e-13 | Drift Ratio: 752.14
    r_eff=1054/1280 (82.3%)  e_src: 3.409e+00 | e_L: 3.409e+00 | e_R: 3.409e+00 | e_tgt: 1.699e-03
Vis_L1.mlp.down_proj  Stage1->Stage2  | Spec: 1.7e-04 | Baseline_RelErr: 5.7e-03 | InnerRel: 3.8e-03 | AmbRel: 1.7e-04
    Baseline MSE: 8.5e-09 | Inner MSE: 3.7e-09 | Ambient MSE: 7.5e-12 | Drift Ratio: 502.08
    r_eff=1054/1280 (82.3%)  e_src: 3.412e+00 | e_L: 3.410e+00 | e_R: 3.412e+00 | e_tgt: 5.713e-03
Vis_L1.mlp.down_proj  Base->Stage2    | Spec: 1.8e-04 | Baseline_RelErr: 5.9e-03 | InnerRel: 3.8e-03 | AmbRel: 1.8e-04
    Baseline MSE: 9.1e-09 | Inner MSE: 3.9e-09 | Ambient MSE: 8.8e-12 | Drift Ratio: 445.17
    r_eff=1054/1280 (82.3%)  e_src: 3.412e+00 | e_L: 3.410e+00 | e_R: 3.412e+00 | e_tgt: 6.221e-03
Processing Vis_L2.attn.qkv...
Vis_L2.attn.qkv  Base->Stage1    | Spec: 6.6e-05 | Baseline_RelErr: 1.9e-03 | InnerRel: 1.2e-03 | AmbRel: 6.6e-05
    Baseline MSE: 9.9e-10 | Inner MSE: 3.8e-10 | Ambient MSE: 1.2e-12 | Drift Ratio: 332.09
    r_eff=881/1280 (68.8%)  e_src: 3.620e+00 | e_L: 3.620e+00 | e_R: 3.620e+00 | e_tgt: 2.386e-03
Vis_L2.attn.qkv  Stage1->Stage2  | Spec: 2.3e-04 | Baseline_RelErr: 5.6e-03 | InnerRel: 3.1e-03 | AmbRel: 2.3e-04
    Baseline MSE: 8.5e-09 | Inner MSE: 2.6e-09 | Ambient MSE: 1.4e-11 | Drift Ratio: 193.50
    r_eff=881/1280 (68.8%)  e_src: 3.622e+00 | e_L: 3.622e+00 | e_R: 3.620e+00 | e_tgt: 8.182e-03
Vis_L2.attn.qkv  Base->Stage2    | Spec: 2.5e-04 | Baseline_RelErr: 5.9e-03 | InnerRel: 3.2e-03 | AmbRel: 2.5e-04
    Baseline MSE: 9.2e-09 | Inner MSE: 2.7e-09 | Ambient MSE: 1.7e-11 | Drift Ratio: 161.85
    r_eff=881/1280 (68.8%)  e_src: 3.623e+00 | e_L: 3.622e+00 | e_R: 3.620e+00 | e_tgt: 9.053e-03
Processing Vis_L2.attn.proj...
Vis_L2.attn.proj  Base->Stage1    | Spec: 7.6e-05 | Baseline_RelErr: 2.2e-03 | InnerRel: 7.6e-05 | AmbRel: 7.6e-05
    Baseline MSE: 9.7e-10 | Inner MSE: 1.1e-12 | Ambient MSE: 1.1e-12 | Drift Ratio: 1.00
    r_eff=776/1280 (60.6%)  e_src: 1.767e+00 | e_L: 1.767e+00 | e_R: 1.766e+00 | e_tgt: 1.349e-03
Vis_L2.attn.proj  Stage1->Stage2  | Spec: 2.2e-04 | Baseline_RelErr: 6.5e-03 | InnerRel: 2.2e-04 | AmbRel: 2.2e-04
    Baseline MSE: 8.0e-09 | Inner MSE: 9.6e-12 | Ambient MSE: 9.6e-12 | Drift Ratio: 1.00
    r_eff=776/1280 (60.6%)  e_src: 1.768e+00 | e_L: 1.767e+00 | e_R: 1.767e+00 | e_tgt: 3.969e-03
Vis_L2.attn.proj  Base->Stage2    | Spec: 2.3e-04 | Baseline_RelErr: 6.7e-03 | InnerRel: 2.3e-04 | AmbRel: 2.3e-04
    Baseline MSE: 8.6e-09 | Inner MSE: 1.0e-11 | Ambient MSE: 1.0e-11 | Drift Ratio: 1.00
    r_eff=776/1280 (60.6%)  e_src: 1.768e+00 | e_L: 1.767e+00 | e_R: 1.767e+00 | e_tgt: 4.099e-03
Processing Vis_L2.mlp.gate_proj...
Vis_L2.mlp.gate_proj  Base->Stage1    | Spec: 3.6e-05 | Baseline_RelErr: 1.9e-03 | InnerRel: 1.4e-03 | AmbRel: 3.6e-05
    Baseline MSE: 9.8e-10 | Inner MSE: 5.7e-10 | Ambient MSE: 3.8e-13 | Drift Ratio: 1522.64
    r_eff=1038/1280 (81.1%)  e_src: 3.527e+00 | e_L: 3.527e+00 | e_R: 3.527e+00 | e_tgt: 1.282e-03
Vis_L2.mlp.gate_proj  Stage1->Stage2  | Spec: 1.3e-04 | Baseline_RelErr: 5.5e-03 | InnerRel: 4.1e-03 | AmbRel: 1.3e-04
    Baseline MSE: 8.6e-09 | Inner MSE: 4.8e-09 | Ambient MSE: 4.5e-12 | Drift Ratio: 1070.37
    r_eff=1038/1280 (81.1%)  e_src: 3.530e+00 | e_L: 3.530e+00 | e_R: 3.527e+00 | e_tgt: 4.443e-03
Vis_L2.mlp.gate_proj  Base->Stage2    | Spec: 1.3e-04 | Baseline_RelErr: 5.7e-03 | InnerRel: 4.2e-03 | AmbRel: 1.3e-04
    Baseline MSE: 9.1e-09 | Inner MSE: 5.1e-09 | Ambient MSE: 4.6e-12 | Drift Ratio: 1102.76
    r_eff=1038/1280 (81.1%)  e_src: 3.530e+00 | e_L: 3.530e+00 | e_R: 3.527e+00 | e_tgt: 4.500e-03
Processing Vis_L2.mlp.up_proj...
Vis_L2.mlp.up_proj  Base->Stage1    | Spec: 3.8e-05 | Baseline_RelErr: 1.9e-03 | InnerRel: 1.4e-03 | AmbRel: 3.8e-05
    Baseline MSE: 9.8e-10 | Inner MSE: 5.6e-10 | Ambient MSE: 4.0e-13 | Drift Ratio: 1407.75
    r_eff=1037/1280 (81.0%)  e_src: 3.482e+00 | e_L: 3.482e+00 | e_R: 3.482e+00 | e_tgt: 1.323e-03
Vis_L2.mlp.up_proj  Stage1->Stage2  | Spec: 1.1e-04 | Baseline_RelErr: 5.5e-03 | InnerRel: 4.1e-03 | AmbRel: 1.1e-04
    Baseline MSE: 8.4e-09 | Inner MSE: 4.7e-09 | Ambient MSE: 3.6e-12 | Drift Ratio: 1301.17
    r_eff=1037/1280 (81.0%)  e_src: 3.485e+00 | e_L: 3.485e+00 | e_R: 3.482e+00 | e_tgt: 3.993e-03
Vis_L2.mlp.up_proj  Base->Stage2    | Spec: 1.2e-04 | Baseline_RelErr: 5.7e-03 | InnerRel: 4.3e-03 | AmbRel: 1.2e-04
    Baseline MSE: 9.0e-09 | Inner MSE: 5.0e-09 | Ambient MSE: 4.1e-12 | Drift Ratio: 1243.69
    r_eff=1037/1280 (81.0%)  e_src: 3.485e+00 | e_L: 3.485e+00 | e_R: 3.482e+00 | e_tgt: 4.212e-03
Processing Vis_L2.mlp.down_proj...
Vis_L2.mlp.down_proj  Base->Stage1    | Spec: 5.4e-05 | Baseline_RelErr: 1.9e-03 | InnerRel: 1.3e-03 | AmbRel: 5.4e-05
    Baseline MSE: 9.7e-10 | Inner MSE: 5.0e-10 | Ambient MSE: 8.2e-13 | Drift Ratio: 611.06
    r_eff=1088/1280 (85.0%)  e_src: 3.500e+00 | e_L: 3.499e+00 | e_R: 3.500e+00 | e_tgt: 1.895e-03
Vis_L2.mlp.down_proj  Stage1->Stage2  | Spec: 1.4e-04 | Baseline_RelErr: 5.5e-03 | InnerRel: 3.8e-03 | AmbRel: 1.4e-04
    Baseline MSE: 8.5e-09 | Inner MSE: 4.1e-09 | Ambient MSE: 5.7e-12 | Drift Ratio: 733.56
    r_eff=1088/1280 (85.0%)  e_src: 3.502e+00 | e_L: 3.500e+00 | e_R: 3.502e+00 | e_tgt: 4.975e-03
Vis_L2.mlp.down_proj  Base->Stage2    | Spec: 1.4e-04 | Baseline_RelErr: 5.7e-03 | InnerRel: 3.9e-03 | AmbRel: 1.4e-04
    Baseline MSE: 9.1e-09 | Inner MSE: 4.4e-09 | Ambient MSE: 5.7e-12 | Drift Ratio: 772.78
    r_eff=1088/1280 (85.0%)  e_src: 3.502e+00 | e_L: 3.500e+00 | e_R: 3.502e+00 | e_tgt: 4.974e-03
Processing Vis_L3.attn.qkv...
Vis_L3.attn.qkv  Base->Stage1    | Spec: 5.7e-05 | Baseline_RelErr: 2.0e-03 | InnerRel: 1.3e-03 | AmbRel: 5.7e-05
    Baseline MSE: 1.0e-09 | Inner MSE: 4.2e-10 | Ambient MSE: 8.4e-13 | Drift Ratio: 500.24
    r_eff=935/1280 (73.0%)  e_src: 3.579e+00 | e_L: 3.578e+00 | e_R: 3.578e+00 | e_tgt: 2.036e-03
Vis_L3.attn.qkv  Stage1->Stage2  | Spec: 1.8e-04 | Baseline_RelErr: 5.7e-03 | InnerRel: 3.4e-03 | AmbRel: 1.8e-04
    Baseline MSE: 8.6e-09 | Inner MSE: 3.0e-09 | Ambient MSE: 8.5e-12 | Drift Ratio: 349.57
    r_eff=935/1280 (73.0%)  e_src: 3.581e+00 | e_L: 3.581e+00 | e_R: 3.579e+00 | e_tgt: 6.451e-03
Vis_L3.attn.qkv  Base->Stage2    | Spec: 2.0e-04 | Baseline_RelErr: 6.0e-03 | InnerRel: 3.4e-03 | AmbRel: 2.0e-04
    Baseline MSE: 9.3e-09 | Inner MSE: 3.1e-09 | Ambient MSE: 1.0e-11 | Drift Ratio: 293.32
    r_eff=935/1280 (73.0%)  e_src: 3.581e+00 | e_L: 3.581e+00 | e_R: 3.579e+00 | e_tgt: 7.160e-03
Processing Vis_L3.attn.proj...
Vis_L3.attn.proj  Base->Stage1    | Spec: 6.8e-05 | Baseline_RelErr: 2.2e-03 | InnerRel: 6.8e-05 | AmbRel: 6.8e-05
    Baseline MSE: 9.7e-10 | Inner MSE: 9.7e-13 | Ambient MSE: 9.7e-13 | Drift Ratio: 1.00
    r_eff=776/1280 (60.6%)  e_src: 1.841e+00 | e_L: 1.841e+00 | e_R: 1.841e+00 | e_tgt: 1.263e-03
Vis_L3.attn.proj  Stage1->Stage2  | Spec: 2.3e-04 | Baseline_RelErr: 6.3e-03 | InnerRel: 2.3e-04 | AmbRel: 2.3e-04
    Baseline MSE: 8.2e-09 | Inner MSE: 1.1e-11 | Ambient MSE: 1.1e-11 | Drift Ratio: 1.00
    r_eff=776/1280 (60.6%)  e_src: 1.842e+00 | e_L: 1.842e+00 | e_R: 1.841e+00 | e_tgt: 4.178e-03
Vis_L3.attn.proj  Base->Stage2    | Spec: 2.4e-04 | Baseline_RelErr: 6.5e-03 | InnerRel: 2.4e-04 | AmbRel: 2.4e-04
    Baseline MSE: 8.8e-09 | Inner MSE: 1.2e-11 | Ambient MSE: 1.2e-11 | Drift Ratio: 1.00
    r_eff=776/1280 (60.6%)  e_src: 1.842e+00 | e_L: 1.842e+00 | e_R: 1.841e+00 | e_tgt: 4.344e-03
Processing Vis_L3.mlp.gate_proj...
Vis_L3.mlp.gate_proj  Base->Stage1    | Spec: 3.5e-05 | Baseline_RelErr: 1.8e-03 | InnerRel: 1.4e-03 | AmbRel: 3.5e-05
    Baseline MSE: 9.9e-10 | Inner MSE: 5.8e-10 | Ambient MSE: 3.5e-13 | Drift Ratio: 1656.72
    r_eff=1059/1280 (82.7%)  e_src: 3.540e+00 | e_L: 3.540e+00 | e_R: 3.540e+00 | e_tgt: 1.239e-03
Vis_L3.mlp.gate_proj  Stage1->Stage2  | Spec: 1.1e-04 | Baseline_RelErr: 5.5e-03 | InnerRel: 4.2e-03 | AmbRel: 1.1e-04
    Baseline MSE: 8.7e-09 | Inner MSE: 5.0e-09 | Ambient MSE: 3.7e-12 | Drift Ratio: 1349.00
    r_eff=1059/1280 (82.7%)  e_src: 3.543e+00 | e_L: 3.543e+00 | e_R: 3.540e+00 | e_tgt: 4.030e-03
Vis_L3.mlp.gate_proj  Base->Stage2    | Spec: 1.2e-04 | Baseline_RelErr: 5.7e-03 | InnerRel: 4.3e-03 | AmbRel: 1.2e-04
    Baseline MSE: 9.3e-09 | Inner MSE: 5.3e-09 | Ambient MSE: 4.1e-12 | Drift Ratio: 1282.72
    r_eff=1059/1280 (82.7%)  e_src: 3.543e+00 | e_L: 3.543e+00 | e_R: 3.540e+00 | e_tgt: 4.262e-03
Processing Vis_L3.mlp.up_proj...
Vis_L3.mlp.up_proj  Base->Stage1    | Spec: 3.6e-05 | Baseline_RelErr: 1.8e-03 | InnerRel: 1.4e-03 | AmbRel: 3.6e-05
    Baseline MSE: 9.8e-10 | Inner MSE: 5.7e-10 | Ambient MSE: 3.7e-13 | Drift Ratio: 1540.80
    r_eff=1056/1280 (82.5%)  e_src: 3.565e+00 | e_L: 3.565e+00 | e_R: 3.564e+00 | e_tgt: 1.278e-03
Vis_L3.mlp.up_proj  Stage1->Stage2  | Spec: 1.1e-04 | Baseline_RelErr: 5.5e-03 | InnerRel: 4.1e-03 | AmbRel: 1.1e-04
    Baseline MSE: 8.7e-09 | Inner MSE: 4.9e-09 | Ambient MSE: 3.3e-12 | Drift Ratio: 1488.03
    r_eff=1056/1280 (82.5%)  e_src: 3.568e+00 | e_L: 3.568e+00 | e_R: 3.565e+00 | e_tgt: 3.814e-03
Vis_L3.mlp.up_proj  Base->Stage2    | Spec: 1.1e-04 | Baseline_RelErr: 5.7e-03 | InnerRel: 4.3e-03 | AmbRel: 1.1e-04
    Baseline MSE: 9.3e-09 | Inner MSE: 5.3e-09 | Ambient MSE: 3.6e-12 | Drift Ratio: 1460.28
    r_eff=1056/1280 (82.5%)  e_src: 3.568e+00 | e_L: 3.568e+00 | e_R: 3.565e+00 | e_tgt: 3.969e-03
Processing Vis_L3.mlp.down_proj...
Vis_L3.mlp.down_proj  Base->Stage1    | Spec: 3.9e-05 | Baseline_RelErr: 1.8e-03 | InnerRel: 1.4e-03 | AmbRel: 3.9e-05
    Baseline MSE: 9.8e-10 | Inner MSE: 5.3e-10 | Ambient MSE: 4.3e-13 | Drift Ratio: 1241.41
    r_eff=1102/1280 (86.1%)  e_src: 3.527e+00 | e_L: 3.526e+00 | e_R: 3.527e+00 | e_tgt: 1.367e-03
Vis_L3.mlp.down_proj  Stage1->Stage2  | Spec: 1.3e-04 | Baseline_RelErr: 5.5e-03 | InnerRel: 3.9e-03 | AmbRel: 1.3e-04
    Baseline MSE: 8.6e-09 | Inner MSE: 4.4e-09 | Ambient MSE: 5.1e-12 | Drift Ratio: 864.04
    r_eff=1102/1280 (86.1%)  e_src: 3.529e+00 | e_L: 3.527e+00 | e_R: 3.529e+00 | e_tgt: 4.736e-03
Vis_L3.mlp.down_proj  Base->Stage2    | Spec: 1.3e-04 | Baseline_RelErr: 5.7e-03 | InnerRel: 4.0e-03 | AmbRel: 1.3e-04
    Baseline MSE: 9.2e-09 | Inner MSE: 4.7e-09 | Ambient MSE: 5.1e-12 | Drift Ratio: 913.33
    r_eff=1102/1280 (86.1%)  e_src: 3.530e+00 | e_L: 3.527e+00 | e_R: 3.529e+00 | e_tgt: 4.730e-03
Processing Vis_L4.attn.qkv...
Vis_L4.attn.qkv  Base->Stage1    | Spec: 5.1e-05 | Baseline_RelErr: 2.0e-03 | InnerRel: 1.3e-03 | AmbRel: 5.1e-05
    Baseline MSE: 1.0e-09 | Inner MSE: 4.7e-10 | Ambient MSE: 6.9e-13 | Drift Ratio: 676.14
    r_eff=995/1280 (77.7%)  e_src: 3.614e+00 | e_L: 3.614e+00 | e_R: 3.614e+00 | e_tgt: 1.842e-03
Vis_L4.attn.qkv  Stage1->Stage2  | Spec: 1.7e-04 | Baseline_RelErr: 5.7e-03 | InnerRel: 3.6e-03 | AmbRel: 1.7e-04
    Baseline MSE: 8.6e-09 | Inner MSE: 3.4e-09 | Ambient MSE: 7.4e-12 | Drift Ratio: 456.58
    r_eff=995/1280 (77.7%)  e_src: 3.617e+00 | e_L: 3.617e+00 | e_R: 3.614e+00 | e_tgt: 6.038e-03
Vis_L4.attn.qkv  Base->Stage2    | Spec: 1.8e-04 | Baseline_RelErr: 5.9e-03 | InnerRel: 3.6e-03 | AmbRel: 1.8e-04
    Baseline MSE: 9.3e-09 | Inner MSE: 3.5e-09 | Ambient MSE: 8.4e-12 | Drift Ratio: 419.00
    r_eff=995/1280 (77.7%)  e_src: 3.617e+00 | e_L: 3.617e+00 | e_R: 3.614e+00 | e_tgt: 6.430e-03
Processing Vis_L4.attn.proj...
Vis_L4.attn.proj  Base->Stage1    | Spec: 7.4e-05 | Baseline_RelErr: 2.2e-03 | InnerRel: 7.4e-05 | AmbRel: 7.4e-05
    Baseline MSE: 9.8e-10 | Inner MSE: 1.1e-12 | Ambient MSE: 1.1e-12 | Drift Ratio: 1.00
    r_eff=810/1280 (63.3%)  e_src: 1.836e+00 | e_L: 1.836e+00 | e_R: 1.836e+00 | e_tgt: 1.360e-03
Vis_L4.attn.proj  Stage1->Stage2  | Spec: 2.2e-04 | Baseline_RelErr: 6.2e-03 | InnerRel: 2.2e-04 | AmbRel: 2.2e-04
    Baseline MSE: 8.0e-09 | Inner MSE: 9.9e-12 | Ambient MSE: 9.9e-12 | Drift Ratio: 1.00
    r_eff=810/1280 (63.3%)  e_src: 1.837e+00 | e_L: 1.837e+00 | e_R: 1.837e+00 | e_tgt: 4.021e-03
Vis_L4.attn.proj  Base->Stage2    | Spec: 2.3e-04 | Baseline_RelErr: 6.5e-03 | InnerRel: 2.3e-04 | AmbRel: 2.3e-04
    Baseline MSE: 8.6e-09 | Inner MSE: 1.1e-11 | Ambient MSE: 1.1e-11 | Drift Ratio: 1.00
    r_eff=810/1280 (63.3%)  e_src: 1.837e+00 | e_L: 1.837e+00 | e_R: 1.837e+00 | e_tgt: 4.162e-03
Processing Vis_L4.mlp.gate_proj...
Vis_L4.mlp.gate_proj  Base->Stage1    | Spec: 3.6e-05 | Baseline_RelErr: 1.9e-03 | InnerRel: 1.4e-03 | AmbRel: 3.6e-05
    Baseline MSE: 9.8e-10 | Inner MSE: 5.9e-10 | Ambient MSE: 3.7e-13 | Drift Ratio: 1570.39
    r_eff=1080/1280 (84.4%)  e_src: 3.541e+00 | e_L: 3.541e+00 | e_R: 3.541e+00 | e_tgt: 1.277e-03
Vis_L4.mlp.gate_proj  Stage1->Stage2  | Spec: 1.2e-04 | Baseline_RelErr: 5.5e-03 | InnerRel: 4.2e-03 | AmbRel: 1.2e-04
    Baseline MSE: 8.6e-09 | Inner MSE: 5.0e-09 | Ambient MSE: 3.8e-12 | Drift Ratio: 1323.09
    r_eff=1080/1280 (84.4%)  e_src: 3.544e+00 | e_L: 3.544e+00 | e_R: 3.541e+00 | e_tgt: 4.078e-03
Vis_L4.mlp.gate_proj  Base->Stage2    | Spec: 1.2e-04 | Baseline_RelErr: 5.7e-03 | InnerRel: 4.3e-03 | AmbRel: 1.2e-04
    Baseline MSE: 9.2e-09 | Inner MSE: 5.4e-09 | Ambient MSE: 4.2e-12 | Drift Ratio: 1262.54
    r_eff=1080/1280 (84.4%)  e_src: 3.544e+00 | e_L: 3.544e+00 | e_R: 3.541e+00 | e_tgt: 4.308e-03
Processing Vis_L4.mlp.up_proj...
Vis_L4.mlp.up_proj  Base->Stage1    | Spec: 3.8e-05 | Baseline_RelErr: 1.8e-03 | InnerRel: 1.4e-03 | AmbRel: 3.8e-05
    Baseline MSE: 9.8e-10 | Inner MSE: 5.7e-10 | Ambient MSE: 4.3e-13 | Drift Ratio: 1339.76
    r_eff=1079/1280 (84.3%)  e_src: 3.560e+00 | e_L: 3.560e+00 | e_R: 3.560e+00 | e_tgt: 1.368e-03
Vis_L4.mlp.up_proj  Stage1->Stage2  | Spec: 1.1e-04 | Baseline_RelErr: 5.4e-03 | InnerRel: 4.1e-03 | AmbRel: 1.1e-04
    Baseline MSE: 8.6e-09 | Inner MSE: 5.0e-09 | Ambient MSE: 3.5e-12 | Drift Ratio: 1420.07
    r_eff=1079/1280 (84.3%)  e_src: 3.563e+00 | e_L: 3.563e+00 | e_R: 3.560e+00 | e_tgt: 3.913e-03
Vis_L4.mlp.up_proj  Base->Stage2    | Spec: 1.1e-04 | Baseline_RelErr: 5.6e-03 | InnerRel: 4.3e-03 | AmbRel: 1.1e-04
    Baseline MSE: 9.2e-09 | Inner MSE: 5.3e-09 | Ambient MSE: 3.8e-12 | Drift Ratio: 1392.89
    r_eff=1079/1280 (84.3%)  e_src: 3.563e+00 | e_L: 3.563e+00 | e_R: 3.560e+00 | e_tgt: 4.069e-03
Processing Vis_L4.mlp.down_proj...
Vis_L4.mlp.down_proj  Base->Stage1    | Spec: 3.9e-05 | Baseline_RelErr: 1.8e-03 | InnerRel: 1.4e-03 | AmbRel: 3.9e-05
    Baseline MSE: 9.8e-10 | Inner MSE: 5.4e-10 | Ambient MSE: 4.3e-13 | Drift Ratio: 1250.98
    r_eff=1115/1280 (87.1%)  e_src: 3.529e+00 | e_L: 3.529e+00 | e_R: 3.529e+00 | e_tgt: 1.378e-03
Vis_L4.mlp.down_proj  Stage1->Stage2  | Spec: 1.2e-04 | Baseline_RelErr: 5.5e-03 | InnerRel: 4.0e-03 | AmbRel: 1.2e-04
    Baseline MSE: 8.5e-09 | Inner MSE: 4.5e-09 | Ambient MSE: 4.0e-12 | Drift Ratio: 1139.76
    r_eff=1115/1280 (87.1%)  e_src: 3.532e+00 | e_L: 3.529e+00 | e_R: 3.532e+00 | e_tgt: 4.178e-03
Vis_L4.mlp.down_proj  Base->Stage2    | Spec: 1.2e-04 | Baseline_RelErr: 5.6e-03 | InnerRel: 4.1e-03 | AmbRel: 1.2e-04
    Baseline MSE: 9.1e-09 | Inner MSE: 4.8e-09 | Ambient MSE: 4.3e-12 | Drift Ratio: 1122.52
    r_eff=1115/1280 (87.1%)  e_src: 3.532e+00 | e_L: 3.529e+00 | e_R: 3.532e+00 | e_tgt: 4.334e-03
Processing Vis_L5.attn.qkv...
Vis_L5.attn.qkv  Base->Stage1    | Spec: 4.6e-05 | Baseline_RelErr: 1.9e-03 | InnerRel: 1.3e-03 | AmbRel: 4.6e-05
    Baseline MSE: 1.0e-09 | Inner MSE: 4.8e-10 | Ambient MSE: 5.7e-13 | Drift Ratio: 837.46
    r_eff=1030/1280 (80.5%)  e_src: 3.663e+00 | e_L: 3.663e+00 | e_R: 3.663e+00 | e_tgt: 1.678e-03
Vis_L5.attn.qkv  Stage1->Stage2  | Spec: 1.5e-04 | Baseline_RelErr: 5.6e-03 | InnerRel: 3.6e-03 | AmbRel: 1.5e-04
    Baseline MSE: 8.5e-09 | Inner MSE: 3.6e-09 | Ambient MSE: 6.3e-12 | Drift Ratio: 567.85
    r_eff=1030/1280 (80.5%)  e_src: 3.666e+00 | e_L: 3.666e+00 | e_R: 3.663e+00 | e_tgt: 5.549e-03
Vis_L5.attn.qkv  Base->Stage2    | Spec: 1.6e-04 | Baseline_RelErr: 5.8e-03 | InnerRel: 3.7e-03 | AmbRel: 1.6e-04
    Baseline MSE: 9.1e-09 | Inner MSE: 3.7e-09 | Ambient MSE: 7.0e-12 | Drift Ratio: 527.47
    r_eff=1030/1280 (80.5%)  e_src: 3.666e+00 | e_L: 3.666e+00 | e_R: 3.663e+00 | e_tgt: 5.879e-03
Processing Vis_L5.attn.proj...
Vis_L5.attn.proj  Base->Stage1    | Spec: 7.0e-05 | Baseline_RelErr: 2.2e-03 | InnerRel: 7.0e-05 | AmbRel: 7.0e-05
    Baseline MSE: 1.0e-09 | Inner MSE: 9.8e-13 | Ambient MSE: 9.8e-13 | Drift Ratio: 1.00
    r_eff=810/1280 (63.3%)  e_src: 1.817e+00 | e_L: 1.816e+00 | e_R: 1.816e+00 | e_tgt: 1.270e-03
Vis_L5.attn.proj  Stage1->Stage2  | Spec: 2.1e-04 | Baseline_RelErr: 6.3e-03 | InnerRel: 2.1e-04 | AmbRel: 2.1e-04
    Baseline MSE: 7.9e-09 | Inner MSE: 9.0e-12 | Ambient MSE: 9.0e-12 | Drift Ratio: 1.00
    r_eff=810/1280 (63.3%)  e_src: 1.818e+00 | e_L: 1.817e+00 | e_R: 1.817e+00 | e_tgt: 3.839e-03
Vis_L5.attn.proj  Base->Stage2    | Spec: 2.1e-04 | Baseline_RelErr: 6.5e-03 | InnerRel: 2.1e-04 | AmbRel: 2.1e-04
    Baseline MSE: 8.6e-09 | Inner MSE: 9.4e-12 | Ambient MSE: 9.4e-12 | Drift Ratio: 1.00
    r_eff=810/1280 (63.3%)  e_src: 1.818e+00 | e_L: 1.817e+00 | e_R: 1.817e+00 | e_tgt: 3.918e-03
Processing Vis_L5.mlp.gate_proj...
Vis_L5.mlp.gate_proj  Base->Stage1    | Spec: 3.7e-05 | Baseline_RelErr: 1.9e-03 | InnerRel: 1.4e-03 | AmbRel: 3.7e-05
    Baseline MSE: 1.0e-09 | Inner MSE: 5.9e-10 | Ambient MSE: 3.8e-13 | Drift Ratio: 1554.94
    r_eff=1100/1280 (85.9%)  e_src: 3.532e+00 | e_L: 3.532e+00 | e_R: 3.532e+00 | e_tgt: 1.294e-03
Vis_L5.mlp.gate_proj  Stage1->Stage2  | Spec: 1.1e-04 | Baseline_RelErr: 5.5e-03 | InnerRel: 4.2e-03 | AmbRel: 1.1e-04
    Baseline MSE: 8.6e-09 | Inner MSE: 5.0e-09 | Ambient MSE: 3.4e-12 | Drift Ratio: 1467.02
    r_eff=1100/1280 (85.9%)  e_src: 3.535e+00 | e_L: 3.535e+00 | e_R: 3.532e+00 | e_tgt: 3.868e-03
Vis_L5.mlp.gate_proj  Base->Stage2    | Spec: 1.2e-04 | Baseline_RelErr: 5.7e-03 | InnerRel: 4.3e-03 | AmbRel: 1.2e-04
    Baseline MSE: 9.2e-09 | Inner MSE: 5.4e-09 | Ambient MSE: 3.9e-12 | Drift Ratio: 1384.53
    r_eff=1100/1280 (85.9%)  e_src: 3.535e+00 | e_L: 3.535e+00 | e_R: 3.532e+00 | e_tgt: 4.117e-03
Processing Vis_L5.mlp.up_proj...
Vis_L5.mlp.up_proj  Base->Stage1    | Spec: 3.5e-05 | Baseline_RelErr: 1.9e-03 | InnerRel: 1.4e-03 | AmbRel: 3.5e-05
    Baseline MSE: 1.0e-09 | Inner MSE: 5.9e-10 | Ambient MSE: 3.6e-13 | Drift Ratio: 1637.99
    r_eff=1102/1280 (86.1%)  e_src: 3.536e+00 | e_L: 3.535e+00 | e_R: 3.535e+00 | e_tgt: 1.254e-03
Vis_L5.mlp.up_proj  Stage1->Stage2  | Spec: 1.1e-04 | Baseline_RelErr: 5.5e-03 | InnerRel: 4.2e-03 | AmbRel: 1.1e-04
    Baseline MSE: 8.6e-09 | Inner MSE: 5.0e-09 | Ambient MSE: 3.3e-12 | Drift Ratio: 1513.58
    r_eff=1102/1280 (86.1%)  e_src: 3.539e+00 | e_L: 3.538e+00 | e_R: 3.535e+00 | e_tgt: 3.798e-03
Vis_L5.mlp.up_proj  Base->Stage2    | Spec: 1.1e-04 | Baseline_RelErr: 5.7e-03 | InnerRel: 4.3e-03 | AmbRel: 1.1e-04
    Baseline MSE: 9.3e-09 | Inner MSE: 5.3e-09 | Ambient MSE: 3.6e-12 | Drift Ratio: 1483.11
    r_eff=1102/1280 (86.1%)  e_src: 3.539e+00 | e_L: 3.539e+00 | e_R: 3.535e+00 | e_tgt: 3.962e-03
Processing Vis_L5.mlp.down_proj...
Vis_L5.mlp.down_proj  Base->Stage1    | Spec: 4.2e-05 | Baseline_RelErr: 1.9e-03 | InnerRel: 1.4e-03 | AmbRel: 4.2e-05
    Baseline MSE: 1.0e-09 | Inner MSE: 5.6e-10 | Ambient MSE: 5.0e-13 | Drift Ratio: 1132.60
    r_eff=1131/1280 (88.4%)  e_src: 3.515e+00 | e_L: 3.515e+00 | e_R: 3.515e+00 | e_tgt: 1.475e-03
Vis_L5.mlp.down_proj  Stage1->Stage2  | Spec: 1.4e-04 | Baseline_RelErr: 5.5e-03 | InnerRel: 4.1e-03 | AmbRel: 1.4e-04
    Baseline MSE: 8.6e-09 | Inner MSE: 4.7e-09 | Ambient MSE: 5.3e-12 | Drift Ratio: 881.60
    r_eff=1131/1280 (88.4%)  e_src: 3.518e+00 | e_L: 3.515e+00 | e_R: 3.518e+00 | e_tgt: 4.820e-03
Vis_L5.mlp.down_proj  Base->Stage2    | Spec: 1.4e-04 | Baseline_RelErr: 5.7e-03 | InnerRel: 4.2e-03 | AmbRel: 1.4e-04
    Baseline MSE: 9.2e-09 | Inner MSE: 5.0e-09 | Ambient MSE: 5.9e-12 | Drift Ratio: 840.52
    r_eff=1131/1280 (88.4%)  e_src: 3.518e+00 | e_L: 3.515e+00 | e_R: 3.518e+00 | e_tgt: 5.089e-03
Processing Vis_L6.attn.qkv...
Vis_L6.attn.qkv  Base->Stage1    | Spec: 4.5e-05 | Baseline_RelErr: 1.9e-03 | InnerRel: 1.3e-03 | AmbRel: 4.5e-05
    Baseline MSE: 9.8e-10 | Inner MSE: 4.9e-10 | Ambient MSE: 5.6e-13 | Drift Ratio: 864.79
    r_eff=1059/1280 (82.7%)  e_src: 3.663e+00 | e_L: 3.663e+00 | e_R: 3.663e+00 | e_tgt: 1.663e-03
Vis_L6.attn.qkv  Stage1->Stage2  | Spec: 1.4e-04 | Baseline_RelErr: 5.5e-03 | InnerRel: 3.7e-03 | AmbRel: 1.4e-04
    Baseline MSE: 8.4e-09 | Inner MSE: 3.7e-09 | Ambient MSE: 5.5e-12 | Drift Ratio: 678.62
    r_eff=1059/1280 (82.7%)  e_src: 3.665e+00 | e_L: 3.665e+00 | e_R: 3.663e+00 | e_tgt: 5.182e-03
Vis_L6.attn.qkv  Base->Stage2    | Spec: 1.5e-04 | Baseline_RelErr: 5.7e-03 | InnerRel: 3.7e-03 | AmbRel: 1.5e-04
    Baseline MSE: 9.0e-09 | Inner MSE: 3.9e-09 | Ambient MSE: 5.8e-12 | Drift Ratio: 667.88
    r_eff=1059/1280 (82.7%)  e_src: 3.666e+00 | e_L: 3.665e+00 | e_R: 3.663e+00 | e_tgt: 5.330e-03
Processing Vis_L6.attn.proj...
Vis_L6.attn.proj  Base->Stage1    | Spec: 7.2e-05 | Baseline_RelErr: 2.2e-03 | InnerRel: 7.2e-05 | AmbRel: 7.2e-05
    Baseline MSE: 9.5e-10 | Inner MSE: 1.0e-12 | Ambient MSE: 1.0e-12 | Drift Ratio: 1.00
    r_eff=822/1280 (64.2%)  e_src: 1.810e+00 | e_L: 1.810e+00 | e_R: 1.810e+00 | e_tgt: 1.308e-03
Vis_L6.attn.proj  Stage1->Stage2  | Spec: 1.9e-04 | Baseline_RelErr: 6.3e-03 | InnerRel: 1.9e-04 | AmbRel: 1.9e-04
    Baseline MSE: 8.0e-09 | Inner MSE: 7.1e-12 | Ambient MSE: 7.1e-12 | Drift Ratio: 1.00
    r_eff=822/1280 (64.2%)  e_src: 1.811e+00 | e_L: 1.811e+00 | e_R: 1.811e+00 | e_tgt: 3.417e-03
Vis_L6.attn.proj  Base->Stage2    | Spec: 1.9e-04 | Baseline_RelErr: 6.5e-03 | InnerRel: 1.9e-04 | AmbRel: 1.9e-04
    Baseline MSE: 8.6e-09 | Inner MSE: 7.4e-12 | Ambient MSE: 7.4e-12 | Drift Ratio: 1.00
    r_eff=822/1280 (64.2%)  e_src: 1.812e+00 | e_L: 1.811e+00 | e_R: 1.811e+00 | e_tgt: 3.494e-03
Processing Vis_L6.mlp.gate_proj...
Vis_L6.mlp.gate_proj  Base->Stage1    | Spec: 3.5e-05 | Baseline_RelErr: 1.9e-03 | InnerRel: 1.5e-03 | AmbRel: 3.5e-05
    Baseline MSE: 1.0e-09 | Inner MSE: 6.0e-10 | Ambient MSE: 3.5e-13 | Drift Ratio: 1702.34
    r_eff=1120/1280 (87.5%)  e_src: 3.505e+00 | e_L: 3.505e+00 | e_R: 3.505e+00 | e_tgt: 1.246e-03
Vis_L6.mlp.gate_proj  Stage1->Stage2  | Spec: 1.1e-04 | Baseline_RelErr: 5.5e-03 | InnerRel: 4.2e-03 | AmbRel: 1.1e-04
    Baseline MSE: 8.7e-09 | Inner MSE: 5.1e-09 | Ambient MSE: 3.5e-12 | Drift Ratio: 1469.66
    r_eff=1120/1280 (87.5%)  e_src: 3.508e+00 | e_L: 3.508e+00 | e_R: 3.505e+00 | e_tgt: 3.891e-03
Vis_L6.mlp.gate_proj  Base->Stage2    | Spec: 1.2e-04 | Baseline_RelErr: 5.7e-03 | InnerRel: 4.4e-03 | AmbRel: 1.2e-04
    Baseline MSE: 9.3e-09 | Inner MSE: 5.4e-09 | Ambient MSE: 3.8e-12 | Drift Ratio: 1440.42
    r_eff=1120/1280 (87.5%)  e_src: 3.508e+00 | e_L: 3.508e+00 | e_R: 3.505e+00 | e_tgt: 4.069e-03
Processing Vis_L6.mlp.up_proj...
Vis_L6.mlp.up_proj  Base->Stage1    | Spec: 3.6e-05 | Baseline_RelErr: 1.9e-03 | InnerRel: 1.5e-03 | AmbRel: 3.6e-05
    Baseline MSE: 1.0e-09 | Inner MSE: 5.9e-10 | Ambient MSE: 3.7e-13 | Drift Ratio: 1585.05
    r_eff=1123/1280 (87.7%)  e_src: 3.493e+00 | e_L: 3.493e+00 | e_R: 3.492e+00 | e_tgt: 1.277e-03
Vis_L6.mlp.up_proj  Stage1->Stage2  | Spec: 1.1e-04 | Baseline_RelErr: 5.5e-03 | InnerRel: 4.2e-03 | AmbRel: 1.1e-04
    Baseline MSE: 8.6e-09 | Inner MSE: 4.9e-09 | Ambient MSE: 3.5e-12 | Drift Ratio: 1389.10
    r_eff=1123/1280 (87.7%)  e_src: 3.496e+00 | e_L: 3.496e+00 | e_R: 3.492e+00 | e_tgt: 3.937e-03
Vis_L6.mlp.up_proj  Base->Stage2    | Spec: 1.2e-04 | Baseline_RelErr: 5.7e-03 | InnerRel: 4.3e-03 | AmbRel: 1.2e-04
    Baseline MSE: 9.2e-09 | Inner MSE: 5.3e-09 | Ambient MSE: 3.9e-12 | Drift Ratio: 1353.54
    r_eff=1123/1280 (87.7%)  e_src: 3.496e+00 | e_L: 3.496e+00 | e_R: 3.492e+00 | e_tgt: 4.122e-03
Processing Vis_L6.mlp.down_proj...
Vis_L6.mlp.down_proj  Base->Stage1    | Spec: 4.1e-05 | Baseline_RelErr: 1.9e-03 | InnerRel: 1.4e-03 | AmbRel: 4.1e-05
    Baseline MSE: 9.8e-10 | Inner MSE: 5.7e-10 | Ambient MSE: 4.6e-13 | Drift Ratio: 1229.38
    r_eff=1143/1280 (89.3%)  e_src: 3.471e+00 | e_L: 3.471e+00 | e_R: 3.471e+00 | e_tgt: 1.420e-03
Vis_L6.mlp.down_proj  Stage1->Stage2  | Spec: 1.2e-04 | Baseline_RelErr: 5.5e-03 | InnerRel: 4.1e-03 | AmbRel: 1.2e-04
    Baseline MSE: 8.4e-09 | Inner MSE: 4.7e-09 | Ambient MSE: 4.2e-12 | Drift Ratio: 1101.44
    r_eff=1143/1280 (89.3%)  e_src: 3.474e+00 | e_L: 3.471e+00 | e_R: 3.474e+00 | e_tgt: 4.308e-03
Vis_L6.mlp.down_proj  Base->Stage2    | Spec: 1.3e-04 | Baseline_RelErr: 5.7e-03 | InnerRel: 4.2e-03 | AmbRel: 1.3e-04
    Baseline MSE: 9.0e-09 | Inner MSE: 5.0e-09 | Ambient MSE: 4.8e-12 | Drift Ratio: 1029.51
    r_eff=1143/1280 (89.3%)  e_src: 3.474e+00 | e_L: 3.471e+00 | e_R: 3.474e+00 | e_tgt: 4.600e-03
Processing Vis_L7.attn.qkv...
Vis_L7.attn.qkv  Base->Stage1    | Spec: 4.7e-05 | Baseline_RelErr: 1.8e-03 | InnerRel: 1.3e-03 | AmbRel: 4.7e-05
    Baseline MSE: 9.6e-10 | Inner MSE: 5.1e-10 | Ambient MSE: 6.6e-13 | Drift Ratio: 775.53
    r_eff=1070/1280 (83.6%)  e_src: 3.790e+00 | e_L: 3.790e+00 | e_R: 3.789e+00 | e_tgt: 1.796e-03
Vis_L7.attn.qkv  Stage1->Stage2  | Spec: 1.2e-04 | Baseline_RelErr: 5.3e-03 | InnerRel: 3.6e-03 | AmbRel: 1.2e-04
    Baseline MSE: 8.1e-09 | Inner MSE: 3.8e-09 | Ambient MSE: 4.4e-12 | Drift Ratio: 869.85
    r_eff=1070/1280 (83.6%)  e_src: 3.792e+00 | e_L: 3.792e+00 | e_R: 3.789e+00 | e_tgt: 4.637e-03
Vis_L7.attn.qkv  Base->Stage2    | Spec: 1.3e-04 | Baseline_RelErr: 5.4e-03 | InnerRel: 3.7e-03 | AmbRel: 1.3e-04
    Baseline MSE: 8.7e-09 | Inner MSE: 4.0e-09 | Ambient MSE: 5.0e-12 | Drift Ratio: 796.21
    r_eff=1070/1280 (83.6%)  e_src: 3.792e+00 | e_L: 3.792e+00 | e_R: 3.789e+00 | e_tgt: 4.972e-03
Processing Vis_L7.attn.proj...
Vis_L7.attn.proj  Base->Stage1    | Spec: 6.2e-05 | Baseline_RelErr: 1.8e-03 | InnerRel: 6.2e-05 | AmbRel: 6.2e-05
    Baseline MSE: 9.3e-10 | Inner MSE: 1.1e-12 | Ambient MSE: 1.1e-12 | Drift Ratio: 1.00
    r_eff=811/1280 (63.4%)  e_src: 2.118e+00 | e_L: 2.118e+00 | e_R: 2.118e+00 | e_tgt: 1.320e-03
Vis_L7.attn.proj  Stage1->Stage2  | Spec: 2.0e-04 | Baseline_RelErr: 5.4e-03 | InnerRel: 2.0e-04 | AmbRel: 2.0e-04
    Baseline MSE: 8.1e-09 | Inner MSE: 1.1e-11 | Ambient MSE: 1.1e-11 | Drift Ratio: 1.00
    r_eff=811/1280 (63.4%)  e_src: 2.119e+00 | e_L: 2.118e+00 | e_R: 2.118e+00 | e_tgt: 4.312e-03
Vis_L7.attn.proj  Base->Stage2    | Spec: 2.2e-04 | Baseline_RelErr: 5.6e-03 | InnerRel: 2.2e-04 | AmbRel: 2.2e-04
    Baseline MSE: 8.7e-09 | Inner MSE: 1.3e-11 | Ambient MSE: 1.3e-11 | Drift Ratio: 1.00
    r_eff=811/1280 (63.4%)  e_src: 2.119e+00 | e_L: 2.118e+00 | e_R: 2.118e+00 | e_tgt: 4.674e-03
Processing Vis_L7.mlp.gate_proj...
Vis_L7.mlp.gate_proj  Base->Stage1    | Spec: 3.2e-05 | Baseline_RelErr: 1.9e-03 | InnerRel: 1.5e-03 | AmbRel: 3.2e-05
    Baseline MSE: 1.0e-09 | Inner MSE: 6.0e-10 | Ambient MSE: 3.0e-13 | Drift Ratio: 2038.74
    r_eff=1132/1280 (88.4%)  e_src: 3.507e+00 | e_L: 3.507e+00 | e_R: 3.506e+00 | e_tgt: 1.138e-03
Vis_L7.mlp.gate_proj  Stage1->Stage2  | Spec: 1.1e-04 | Baseline_RelErr: 5.6e-03 | InnerRel: 4.3e-03 | AmbRel: 1.1e-04
    Baseline MSE: 8.7e-09 | Inner MSE: 5.1e-09 | Ambient MSE: 3.5e-12 | Drift Ratio: 1476.52
    r_eff=1132/1280 (88.4%)  e_src: 3.510e+00 | e_L: 3.510e+00 | e_R: 3.506e+00 | e_tgt: 3.905e-03
Vis_L7.mlp.gate_proj  Base->Stage2    | Spec: 1.1e-04 | Baseline_RelErr: 5.8e-03 | InnerRel: 4.4e-03 | AmbRel: 1.1e-04
    Baseline MSE: 9.3e-09 | Inner MSE: 5.5e-09 | Ambient MSE: 3.6e-12 | Drift Ratio: 1517.87
    r_eff=1132/1280 (88.4%)  e_src: 3.510e+00 | e_L: 3.510e+00 | e_R: 3.506e+00 | e_tgt: 3.982e-03
Processing Vis_L7.mlp.up_proj...
Vis_L7.mlp.up_proj  Base->Stage1    | Spec: 3.7e-05 | Baseline_RelErr: 1.9e-03 | InnerRel: 1.5e-03 | AmbRel: 3.7e-05
    Baseline MSE: 1.0e-09 | Inner MSE: 5.9e-10 | Ambient MSE: 3.8e-13 | Drift Ratio: 1559.41
    r_eff=1136/1280 (88.8%)  e_src: 3.491e+00 | e_L: 3.491e+00 | e_R: 3.491e+00 | e_tgt: 1.286e-03
Vis_L7.mlp.up_proj  Stage1->Stage2  | Spec: 1.1e-04 | Baseline_RelErr: 5.6e-03 | InnerRel: 4.2e-03 | AmbRel: 1.1e-04
    Baseline MSE: 8.6e-09 | Inner MSE: 5.0e-09 | Ambient MSE: 3.7e-12 | Drift Ratio: 1355.28
    r_eff=1136/1280 (88.8%)  e_src: 3.494e+00 | e_L: 3.494e+00 | e_R: 3.491e+00 | e_tgt: 4.011e-03
Vis_L7.mlp.up_proj  Base->Stage2    | Spec: 1.2e-04 | Baseline_RelErr: 5.8e-03 | InnerRel: 4.4e-03 | AmbRel: 1.2e-04
    Baseline MSE: 9.3e-09 | Inner MSE: 5.3e-09 | Ambient MSE: 4.0e-12 | Drift Ratio: 1328.99
    r_eff=1136/1280 (88.8%)  e_src: 3.495e+00 | e_L: 3.495e+00 | e_R: 3.491e+00 | e_tgt: 4.183e-03
Processing Vis_L7.mlp.down_proj...
Vis_L7.mlp.down_proj  Base->Stage1    | Spec: 4.1e-05 | Baseline_RelErr: 1.9e-03 | InnerRel: 1.5e-03 | AmbRel: 4.1e-05
    Baseline MSE: 1.0e-09 | Inner MSE: 5.8e-10 | Ambient MSE: 4.7e-13 | Drift Ratio: 1245.50
    r_eff=1155/1280 (90.2%)  e_src: 3.469e+00 | e_L: 3.469e+00 | e_R: 3.469e+00 | e_tgt: 1.429e-03
Vis_L7.mlp.down_proj  Stage1->Stage2  | Spec: 1.1e-04 | Baseline_RelErr: 5.6e-03 | InnerRel: 4.2e-03 | AmbRel: 1.1e-04
    Baseline MSE: 8.6e-09 | Inner MSE: 4.8e-09 | Ambient MSE: 3.5e-12 | Drift Ratio: 1374.42
    r_eff=1155/1280 (90.2%)  e_src: 3.472e+00 | e_L: 3.469e+00 | e_R: 3.472e+00 | e_tgt: 3.910e-03
Vis_L7.mlp.down_proj  Base->Stage2    | Spec: 1.2e-04 | Baseline_RelErr: 5.8e-03 | InnerRel: 4.3e-03 | AmbRel: 1.2e-04
    Baseline MSE: 9.3e-09 | Inner MSE: 5.1e-09 | Ambient MSE: 3.9e-12 | Drift Ratio: 1302.57
    r_eff=1155/1280 (90.2%)  e_src: 3.473e+00 | e_L: 3.469e+00 | e_R: 3.472e+00 | e_tgt: 4.149e-03
Processing Vis_L8.attn.qkv...
Vis_L8.attn.qkv  Base->Stage1    | Spec: 4.9e-05 | Baseline_RelErr: 1.9e-03 | InnerRel: 1.4e-03 | AmbRel: 4.9e-05
    Baseline MSE: 9.9e-10 | Inner MSE: 5.1e-10 | Ambient MSE: 6.5e-13 | Drift Ratio: 780.94
    r_eff=1096/1280 (85.6%)  e_src: 3.614e+00 | e_L: 3.614e+00 | e_R: 3.613e+00 | e_tgt: 1.794e-03
Vis_L8.attn.qkv  Stage1->Stage2  | Spec: 2.2e-04 | Baseline_RelErr: 5.7e-03 | InnerRel: 3.9e-03 | AmbRel: 2.2e-04
    Baseline MSE: 8.7e-09 | Inner MSE: 4.0e-09 | Ambient MSE: 1.3e-11 | Drift Ratio: 303.10
    r_eff=1096/1280 (85.6%)  e_src: 3.617e+00 | e_L: 3.616e+00 | e_R: 3.614e+00 | e_tgt: 8.073e-03
Vis_L8.attn.qkv  Base->Stage2    | Spec: 2.4e-04 | Baseline_RelErr: 5.9e-03 | InnerRel: 4.0e-03 | AmbRel: 2.4e-04
    Baseline MSE: 9.4e-09 | Inner MSE: 4.2e-09 | Ambient MSE: 1.6e-11 | Drift Ratio: 265.58
    r_eff=1096/1280 (85.6%)  e_src: 3.617e+00 | e_L: 3.617e+00 | e_R: 3.614e+00 | e_tgt: 8.860e-03
Processing Vis_L8.attn.proj...
Vis_L8.attn.proj  Base->Stage1    | Spec: 7.4e-05 | Baseline_RelErr: 2.0e-03 | InnerRel: 7.4e-05 | AmbRel: 7.4e-05
    Baseline MSE: 9.9e-10 | Inner MSE: 1.3e-12 | Ambient MSE: 1.3e-12 | Drift Ratio: 1.00
    r_eff=841/1280 (65.7%)  e_src: 1.966e+00 | e_L: 1.966e+00 | e_R: 1.966e+00 | e_tgt: 1.458e-03
Vis_L8.attn.proj  Stage1->Stage2  | Spec: 2.1e-04 | Baseline_RelErr: 5.9e-03 | InnerRel: 2.1e-04 | AmbRel: 2.1e-04
    Baseline MSE: 8.3e-09 | Inner MSE: 1.0e-11 | Ambient MSE: 1.0e-11 | Drift Ratio: 1.00
    r_eff=841/1280 (65.7%)  e_src: 1.968e+00 | e_L: 1.967e+00 | e_R: 1.967e+00 | e_tgt: 4.064e-03
Vis_L8.attn.proj  Base->Stage2    | Spec: 2.3e-04 | Baseline_RelErr: 6.1e-03 | InnerRel: 2.3e-04 | AmbRel: 2.3e-04
    Baseline MSE: 8.9e-09 | Inner MSE: 1.3e-11 | Ambient MSE: 1.3e-11 | Drift Ratio: 1.00
    r_eff=841/1280 (65.7%)  e_src: 1.968e+00 | e_L: 1.967e+00 | e_R: 1.967e+00 | e_tgt: 4.593e-03
Processing Vis_L8.mlp.gate_proj...
Vis_L8.mlp.gate_proj  Base->Stage1    | Spec: 3.6e-05 | Baseline_RelErr: 1.9e-03 | InnerRel: 1.5e-03 | AmbRel: 3.6e-05
    Baseline MSE: 1.0e-09 | Inner MSE: 6.1e-10 | Ambient MSE: 3.8e-13 | Drift Ratio: 1626.62
    r_eff=1143/1280 (89.3%)  e_src: 3.531e+00 | e_L: 3.531e+00 | e_R: 3.530e+00 | e_tgt: 1.284e-03
Vis_L8.mlp.gate_proj  Stage1->Stage2  | Spec: 1.1e-04 | Baseline_RelErr: 5.5e-03 | InnerRel: 4.3e-03 | AmbRel: 1.1e-04
    Baseline MSE: 8.8e-09 | Inner MSE: 5.2e-09 | Ambient MSE: 3.4e-12 | Drift Ratio: 1513.89
    r_eff=1143/1280 (89.3%)  e_src: 3.534e+00 | e_L: 3.534e+00 | e_R: 3.531e+00 | e_tgt: 3.863e-03
Vis_L8.mlp.gate_proj  Base->Stage2    | Spec: 1.1e-04 | Baseline_RelErr: 5.7e-03 | InnerRel: 4.4e-03 | AmbRel: 1.1e-04
    Baseline MSE: 9.4e-09 | Inner MSE: 5.5e-09 | Ambient MSE: 3.7e-12 | Drift Ratio: 1484.55
    r_eff=1143/1280 (89.3%)  e_src: 3.534e+00 | e_L: 3.534e+00 | e_R: 3.531e+00 | e_tgt: 4.029e-03
Processing Vis_L8.mlp.up_proj...
Vis_L8.mlp.up_proj  Base->Stage1    | Spec: 3.5e-05 | Baseline_RelErr: 1.9e-03 | InnerRel: 1.5e-03 | AmbRel: 3.5e-05
    Baseline MSE: 1.0e-09 | Inner MSE: 6.1e-10 | Ambient MSE: 3.5e-13 | Drift Ratio: 1719.30
    r_eff=1147/1280 (89.6%)  e_src: 3.512e+00 | e_L: 3.512e+00 | e_R: 3.512e+00 | e_tgt: 1.246e-03
Vis_L8.mlp.up_proj  Stage1->Stage2  | Spec: 1.2e-04 | Baseline_RelErr: 5.6e-03 | InnerRel: 4.2e-03 | AmbRel: 1.2e-04
    Baseline MSE: 8.7e-09 | Inner MSE: 5.1e-09 | Ambient MSE: 3.9e-12 | Drift Ratio: 1294.79
    r_eff=1147/1280 (89.6%)  e_src: 3.515e+00 | e_L: 3.515e+00 | e_R: 3.512e+00 | e_tgt: 4.155e-03
Vis_L8.mlp.up_proj  Base->Stage2    | Spec: 1.2e-04 | Baseline_RelErr: 5.7e-03 | InnerRel: 4.4e-03 | AmbRel: 1.2e-04
    Baseline MSE: 9.3e-09 | Inner MSE: 5.4e-09 | Ambient MSE: 4.2e-12 | Drift Ratio: 1311.23
    r_eff=1147/1280 (89.6%)  e_src: 3.515e+00 | e_L: 3.515e+00 | e_R: 3.512e+00 | e_tgt: 4.264e-03
Processing Vis_L8.mlp.down_proj...
Vis_L8.mlp.down_proj  Base->Stage1    | Spec: 3.7e-05 | Baseline_RelErr: 1.9e-03 | InnerRel: 1.5e-03 | AmbRel: 3.7e-05
    Baseline MSE: 1.0e-09 | Inner MSE: 6.1e-10 | Ambient MSE: 3.8e-13 | Drift Ratio: 1610.16
    r_eff=1163/1280 (90.9%)  e_src: 3.488e+00 | e_L: 3.488e+00 | e_R: 3.488e+00 | e_tgt: 1.287e-03
Vis_L8.mlp.down_proj  Stage1->Stage2  | Spec: 1.1e-04 | Baseline_RelErr: 5.6e-03 | InnerRel: 4.2e-03 | AmbRel: 1.1e-04
    Baseline MSE: 8.7e-09 | Inner MSE: 5.0e-09 | Ambient MSE: 3.3e-12 | Drift Ratio: 1514.97
    r_eff=1163/1280 (90.9%)  e_src: 3.491e+00 | e_L: 3.488e+00 | e_R: 3.491e+00 | e_tgt: 3.790e-03
Vis_L8.mlp.down_proj  Base->Stage2    | Spec: 1.1e-04 | Baseline_RelErr: 5.8e-03 | InnerRel: 4.3e-03 | AmbRel: 1.1e-04
    Baseline MSE: 9.4e-09 | Inner MSE: 5.3e-09 | Ambient MSE: 3.6e-12 | Drift Ratio: 1474.28
    r_eff=1163/1280 (90.9%)  e_src: 3.492e+00 | e_L: 3.488e+00 | e_R: 3.492e+00 | e_tgt: 3.967e-03
Processing Vis_L9.attn.qkv...
Vis_L9.attn.qkv  Base->Stage1    | Spec: 3.9e-05 | Baseline_RelErr: 1.9e-03 | InnerRel: 1.4e-03 | AmbRel: 3.9e-05
    Baseline MSE: 1.0e-09 | Inner MSE: 5.4e-10 | Ambient MSE: 4.2e-13 | Drift Ratio: 1292.91
    r_eff=1107/1280 (86.5%)  e_src: 3.723e+00 | e_L: 3.723e+00 | e_R: 3.722e+00 | e_tgt: 1.438e-03
Vis_L9.attn.qkv  Stage1->Stage2  | Spec: 1.3e-04 | Baseline_RelErr: 5.5e-03 | InnerRel: 3.9e-03 | AmbRel: 1.3e-04
    Baseline MSE: 8.7e-09 | Inner MSE: 4.3e-09 | Ambient MSE: 4.8e-12 | Drift Ratio: 880.59
    r_eff=1107/1280 (86.5%)  e_src: 3.725e+00 | e_L: 3.725e+00 | e_R: 3.723e+00 | e_tgt: 4.872e-03
Vis_L9.attn.qkv  Base->Stage2    | Spec: 1.3e-04 | Baseline_RelErr: 5.7e-03 | InnerRel: 4.0e-03 | AmbRel: 1.3e-04
    Baseline MSE: 9.3e-09 | Inner MSE: 4.4e-09 | Ambient MSE: 5.0e-12 | Drift Ratio: 894.84
    r_eff=1107/1280 (86.5%)  e_src: 3.726e+00 | e_L: 3.725e+00 | e_R: 3.723e+00 | e_tgt: 4.938e-03
Processing Vis_L9.attn.proj...
Vis_L9.attn.proj  Base->Stage1    | Spec: 7.0e-05 | Baseline_RelErr: 2.1e-03 | InnerRel: 7.0e-05 | AmbRel: 7.0e-05
    Baseline MSE: 1.0e-09 | Inner MSE: 1.1e-12 | Ambient MSE: 1.1e-12 | Drift Ratio: 1.00
    r_eff=862/1280 (67.3%)  e_src: 1.962e+00 | e_L: 1.962e+00 | e_R: 1.962e+00 | e_tgt: 1.368e-03
Vis_L9.attn.proj  Stage1->Stage2  | Spec: 1.8e-04 | Baseline_RelErr: 6.0e-03 | InnerRel: 1.8e-04 | AmbRel: 1.8e-04
    Baseline MSE: 8.4e-09 | Inner MSE: 7.9e-12 | Ambient MSE: 7.9e-12 | Drift Ratio: 1.00
    r_eff=862/1280 (67.3%)  e_src: 1.963e+00 | e_L: 1.963e+00 | e_R: 1.962e+00 | e_tgt: 3.606e-03
Vis_L9.attn.proj  Base->Stage2    | Spec: 2.0e-04 | Baseline_RelErr: 6.2e-03 | InnerRel: 2.0e-04 | AmbRel: 2.0e-04
    Baseline MSE: 9.0e-09 | Inner MSE: 9.5e-12 | Ambient MSE: 9.5e-12 | Drift Ratio: 1.00
    r_eff=862/1280 (67.3%)  e_src: 1.963e+00 | e_L: 1.963e+00 | e_R: 1.962e+00 | e_tgt: 3.946e-03
Processing Vis_L9.mlp.gate_proj...
Vis_L9.mlp.gate_proj  Base->Stage1    | Spec: 3.5e-05 | Baseline_RelErr: 1.9e-03 | InnerRel: 1.5e-03 | AmbRel: 3.5e-05
    Baseline MSE: 1.0e-09 | Inner MSE: 6.3e-10 | Ambient MSE: 3.4e-13 | Drift Ratio: 1820.15
    r_eff=1157/1280 (90.4%)  e_src: 3.535e+00 | e_L: 3.535e+00 | e_R: 3.535e+00 | e_tgt: 1.227e-03
Vis_L9.mlp.gate_proj  Stage1->Stage2  | Spec: 1.1e-04 | Baseline_RelErr: 5.6e-03 | InnerRel: 4.3e-03 | AmbRel: 1.1e-04
    Baseline MSE: 8.9e-09 | Inner MSE: 5.3e-09 | Ambient MSE: 3.3e-12 | Drift Ratio: 1603.78
    r_eff=1157/1280 (90.4%)  e_src: 3.538e+00 | e_L: 3.538e+00 | e_R: 3.535e+00 | e_tgt: 3.803e-03
Vis_L9.mlp.gate_proj  Base->Stage2    | Spec: 1.1e-04 | Baseline_RelErr: 5.8e-03 | InnerRel: 4.4e-03 | AmbRel: 1.1e-04
    Baseline MSE: 9.5e-09 | Inner MSE: 5.6e-09 | Ambient MSE: 3.6e-12 | Drift Ratio: 1559.78
    r_eff=1157/1280 (90.4%)  e_src: 3.539e+00 | e_L: 3.539e+00 | e_R: 3.535e+00 | e_tgt: 3.982e-03
Processing Vis_L9.mlp.up_proj...
Vis_L9.mlp.up_proj  Base->Stage1    | Spec: 3.5e-05 | Baseline_RelErr: 1.9e-03 | InnerRel: 1.5e-03 | AmbRel: 3.5e-05
    Baseline MSE: 1.0e-09 | Inner MSE: 6.2e-10 | Ambient MSE: 3.6e-13 | Drift Ratio: 1706.40
    r_eff=1159/1280 (90.5%)  e_src: 3.567e+00 | e_L: 3.567e+00 | e_R: 3.567e+00 | e_tgt: 1.261e-03
Vis_L9.mlp.up_proj  Stage1->Stage2  | Spec: 1.1e-04 | Baseline_RelErr: 5.5e-03 | InnerRel: 4.2e-03 | AmbRel: 1.1e-04
    Baseline MSE: 8.9e-09 | Inner MSE: 5.2e-09 | Ambient MSE: 3.3e-12 | Drift Ratio: 1608.00
    r_eff=1159/1280 (90.5%)  e_src: 3.570e+00 | e_L: 3.570e+00 | e_R: 3.567e+00 | e_tgt: 3.777e-03
Vis_L9.mlp.up_proj  Base->Stage2    | Spec: 1.1e-04 | Baseline_RelErr: 5.7e-03 | InnerRel: 4.4e-03 | AmbRel: 1.1e-04
    Baseline MSE: 9.5e-09 | Inner MSE: 5.6e-09 | Ambient MSE: 3.4e-12 | Drift Ratio: 1642.15
    r_eff=1159/1280 (90.5%)  e_src: 3.570e+00 | e_L: 3.570e+00 | e_R: 3.567e+00 | e_tgt: 3.859e-03
Processing Vis_L9.mlp.down_proj...
Vis_L9.mlp.down_proj  Base->Stage1    | Spec: 3.8e-05 | Baseline_RelErr: 1.9e-03 | InnerRel: 1.5e-03 | AmbRel: 3.8e-05
    Baseline MSE: 1.1e-09 | Inner MSE: 6.2e-10 | Ambient MSE: 4.2e-13 | Drift Ratio: 1486.21
    r_eff=1168/1280 (91.2%)  e_src: 3.531e+00 | e_L: 3.531e+00 | e_R: 3.531e+00 | e_tgt: 1.353e-03
Vis_L9.mlp.down_proj  Stage1->Stage2  | Spec: 1.2e-04 | Baseline_RelErr: 5.6e-03 | InnerRel: 4.2e-03 | AmbRel: 1.2e-04
    Baseline MSE: 8.9e-09 | Inner MSE: 5.1e-09 | Ambient MSE: 3.9e-12 | Drift Ratio: 1303.52
    r_eff=1168/1280 (91.2%)  e_src: 3.534e+00 | e_L: 3.531e+00 | e_R: 3.534e+00 | e_tgt: 4.140e-03
Vis_L9.mlp.down_proj  Base->Stage2    | Spec: 1.2e-04 | Baseline_RelErr: 5.8e-03 | InnerRel: 4.4e-03 | AmbRel: 1.2e-04
    Baseline MSE: 9.5e-09 | Inner MSE: 5.4e-09 | Ambient MSE: 4.4e-12 | Drift Ratio: 1224.68
    r_eff=1168/1280 (91.2%)  e_src: 3.534e+00 | e_L: 3.531e+00 | e_R: 3.534e+00 | e_tgt: 4.406e-03
Processing Vis_L10.attn.qkv...
Vis_L10.attn.qkv  Base->Stage1    | Spec: 4.4e-05 | Baseline_RelErr: 1.9e-03 | InnerRel: 1.4e-03 | AmbRel: 4.4e-05
    Baseline MSE: 1.0e-09 | Inner MSE: 5.6e-10 | Ambient MSE: 5.5e-13 | Drift Ratio: 1023.86
    r_eff=1132/1280 (88.4%)  e_src: 3.711e+00 | e_L: 3.711e+00 | e_R: 3.711e+00 | e_tgt: 1.638e-03
Vis_L10.attn.qkv  Stage1->Stage2  | Spec: 1.4e-04 | Baseline_RelErr: 5.6e-03 | InnerRel: 4.0e-03 | AmbRel: 1.4e-04
    Baseline MSE: 8.8e-09 | Inner MSE: 4.4e-09 | Ambient MSE: 5.6e-12 | Drift Ratio: 785.04
    r_eff=1132/1280 (88.4%)  e_src: 3.714e+00 | e_L: 3.714e+00 | e_R: 3.711e+00 | e_tgt: 5.267e-03
Vis_L10.attn.qkv  Base->Stage2    | Spec: 1.5e-04 | Baseline_RelErr: 5.8e-03 | InnerRel: 4.1e-03 | AmbRel: 1.5e-04
    Baseline MSE: 9.4e-09 | Inner MSE: 4.7e-09 | Ambient MSE: 6.4e-12 | Drift Ratio: 725.01
    r_eff=1132/1280 (88.4%)  e_src: 3.714e+00 | e_L: 3.714e+00 | e_R: 3.711e+00 | e_tgt: 5.616e-03
Processing Vis_L10.attn.proj...
Vis_L10.attn.proj  Base->Stage1    | Spec: 6.4e-05 | Baseline_RelErr: 2.0e-03 | InnerRel: 6.4e-05 | AmbRel: 6.4e-05
    Baseline MSE: 1.1e-09 | Inner MSE: 1.0e-12 | Ambient MSE: 1.0e-12 | Drift Ratio: 1.00
    r_eff=894/1280 (69.8%)  e_src: 2.053e+00 | e_L: 2.053e+00 | e_R: 2.053e+00 | e_tgt: 1.308e-03
Vis_L10.attn.proj  Stage1->Stage2  | Spec: 1.7e-04 | Baseline_RelErr: 5.8e-03 | InnerRel: 1.7e-04 | AmbRel: 1.7e-04
    Baseline MSE: 8.8e-09 | Inner MSE: 7.1e-12 | Ambient MSE: 7.1e-12 | Drift Ratio: 1.00
    r_eff=894/1280 (69.8%)  e_src: 2.054e+00 | e_L: 2.054e+00 | e_R: 2.053e+00 | e_tgt: 3.403e-03
Vis_L10.attn.proj  Base->Stage2    | Spec: 1.7e-04 | Baseline_RelErr: 6.0e-03 | InnerRel: 1.7e-04 | AmbRel: 1.7e-04
    Baseline MSE: 9.4e-09 | Inner MSE: 7.6e-12 | Ambient MSE: 7.6e-12 | Drift Ratio: 1.00
    r_eff=894/1280 (69.8%)  e_src: 2.054e+00 | e_L: 2.054e+00 | e_R: 2.053e+00 | e_tgt: 3.525e-03
Processing Vis_L10.mlp.gate_proj...
Vis_L10.mlp.gate_proj  Base->Stage1    | Spec: 3.4e-05 | Baseline_RelErr: 1.9e-03 | InnerRel: 1.5e-03 | AmbRel: 3.4e-05
    Baseline MSE: 1.1e-09 | Inner MSE: 6.5e-10 | Ambient MSE: 3.3e-13 | Drift Ratio: 1967.91
    r_eff=1166/1280 (91.1%)  e_src: 3.545e+00 | e_L: 3.545e+00 | e_R: 3.544e+00 | e_tgt: 1.201e-03
Vis_L10.mlp.gate_proj  Stage1->Stage2  | Spec: 1.0e-04 | Baseline_RelErr: 5.6e-03 | InnerRel: 4.3e-03 | AmbRel: 1.0e-04
    Baseline MSE: 9.0e-09 | Inner MSE: 5.4e-09 | Ambient MSE: 3.2e-12 | Drift Ratio: 1702.29
    r_eff=1166/1280 (91.1%)  e_src: 3.548e+00 | e_L: 3.548e+00 | e_R: 3.545e+00 | e_tgt: 3.729e-03
Vis_L10.mlp.gate_proj  Base->Stage2    | Spec: 1.1e-04 | Baseline_RelErr: 5.8e-03 | InnerRel: 4.5e-03 | AmbRel: 1.1e-04
    Baseline MSE: 9.6e-09 | Inner MSE: 5.8e-09 | Ambient MSE: 3.4e-12 | Drift Ratio: 1689.14
    r_eff=1166/1280 (91.1%)  e_src: 3.548e+00 | e_L: 3.548e+00 | e_R: 3.545e+00 | e_tgt: 3.870e-03
Processing Vis_L10.mlp.up_proj...
Vis_L10.mlp.up_proj  Base->Stage1    | Spec: 3.3e-05 | Baseline_RelErr: 1.9e-03 | InnerRel: 1.5e-03 | AmbRel: 3.3e-05
    Baseline MSE: 1.1e-09 | Inner MSE: 6.4e-10 | Ambient MSE: 3.3e-13 | Drift Ratio: 1931.34
    r_eff=1168/1280 (91.2%)  e_src: 3.586e+00 | e_L: 3.586e+00 | e_R: 3.586e+00 | e_tgt: 1.204e-03
Vis_L10.mlp.up_proj  Stage1->Stage2  | Spec: 1.1e-04 | Baseline_RelErr: 5.5e-03 | InnerRel: 4.2e-03 | AmbRel: 1.1e-04
    Baseline MSE: 9.0e-09 | Inner MSE: 5.3e-09 | Ambient MSE: 3.3e-12 | Drift Ratio: 1597.74
    r_eff=1168/1280 (91.2%)  e_src: 3.589e+00 | e_L: 3.589e+00 | e_R: 3.586e+00 | e_tgt: 3.818e-03
Vis_L10.mlp.up_proj  Base->Stage2    | Spec: 1.1e-04 | Baseline_RelErr: 5.7e-03 | InnerRel: 4.4e-03 | AmbRel: 1.1e-04
    Baseline MSE: 9.6e-09 | Inner MSE: 5.7e-09 | Ambient MSE: 3.5e-12 | Drift Ratio: 1608.76
    r_eff=1168/1280 (91.2%)  e_src: 3.590e+00 | e_L: 3.589e+00 | e_R: 3.586e+00 | e_tgt: 3.929e-03
Processing Vis_L10.mlp.down_proj...
Vis_L10.mlp.down_proj  Base->Stage1    | Spec: 3.6e-05 | Baseline_RelErr: 1.9e-03 | InnerRel: 1.5e-03 | AmbRel: 3.6e-05
    Baseline MSE: 1.1e-09 | Inner MSE: 6.4e-10 | Ambient MSE: 3.7e-13 | Drift Ratio: 1726.26
    r_eff=1172/1280 (91.6%)  e_src: 3.552e+00 | e_L: 3.552e+00 | e_R: 3.552e+00 | e_tgt: 1.275e-03
Vis_L10.mlp.down_proj  Stage1->Stage2  | Spec: 1.0e-04 | Baseline_RelErr: 5.6e-03 | InnerRel: 4.2e-03 | AmbRel: 1.0e-04
    Baseline MSE: 9.0e-09 | Inner MSE: 5.2e-09 | Ambient MSE: 3.2e-12 | Drift Ratio: 1648.79
    r_eff=1172/1280 (91.6%)  e_src: 3.555e+00 | e_L: 3.552e+00 | e_R: 3.555e+00 | e_tgt: 3.721e-03
Vis_L10.mlp.down_proj  Base->Stage2    | Spec: 1.1e-04 | Baseline_RelErr: 5.8e-03 | InnerRel: 4.4e-03 | AmbRel: 1.1e-04
    Baseline MSE: 9.7e-09 | Inner MSE: 5.5e-09 | Ambient MSE: 3.4e-12 | Drift Ratio: 1642.06
    r_eff=1172/1280 (91.6%)  e_src: 3.555e+00 | e_L: 3.552e+00 | e_R: 3.555e+00 | e_tgt: 3.846e-03
Processing Vis_L11.attn.qkv...
Vis_L11.attn.qkv  Base->Stage1    | Spec: 4.2e-05 | Baseline_RelErr: 1.9e-03 | InnerRel: 1.4e-03 | AmbRel: 4.2e-05
    Baseline MSE: 1.1e-09 | Inner MSE: 5.9e-10 | Ambient MSE: 5.1e-13 | Drift Ratio: 1161.16
    r_eff=1139/1280 (89.0%)  e_src: 3.758e+00 | e_L: 3.758e+00 | e_R: 3.758e+00 | e_tgt: 1.577e-03
Vis_L11.attn.qkv  Stage1->Stage2  | Spec: 1.2e-04 | Baseline_RelErr: 5.5e-03 | InnerRel: 4.0e-03 | AmbRel: 1.2e-04
    Baseline MSE: 8.8e-09 | Inner MSE: 4.6e-09 | Ambient MSE: 4.4e-12 | Drift Ratio: 1052.50
    r_eff=1139/1280 (89.0%)  e_src: 3.761e+00 | e_L: 3.761e+00 | e_R: 3.758e+00 | e_tgt: 4.624e-03
Vis_L11.attn.qkv  Base->Stage2    | Spec: 1.3e-04 | Baseline_RelErr: 5.7e-03 | InnerRel: 4.1e-03 | AmbRel: 1.3e-04
    Baseline MSE: 9.4e-09 | Inner MSE: 4.8e-09 | Ambient MSE: 5.0e-12 | Drift Ratio: 962.96
    r_eff=1139/1280 (89.0%)  e_src: 3.761e+00 | e_L: 3.761e+00 | e_R: 3.758e+00 | e_tgt: 4.962e-03
Processing Vis_L11.attn.proj...
Vis_L11.attn.proj  Base->Stage1    | Spec: 5.9e-05 | Baseline_RelErr: 2.0e-03 | InnerRel: 5.9e-05 | AmbRel: 5.9e-05
    Baseline MSE: 1.1e-09 | Inner MSE: 9.6e-13 | Ambient MSE: 9.6e-13 | Drift Ratio: 1.00
    r_eff=883/1280 (69.0%)  e_src: 2.098e+00 | e_L: 2.098e+00 | e_R: 2.098e+00 | e_tgt: 1.251e-03
Vis_L11.attn.proj  Stage1->Stage2  | Spec: 1.7e-04 | Baseline_RelErr: 5.7e-03 | InnerRel: 1.7e-04 | AmbRel: 1.7e-04
    Baseline MSE: 8.8e-09 | Inner MSE: 8.3e-12 | Ambient MSE: 8.3e-12 | Drift Ratio: 1.00
    r_eff=883/1280 (69.0%)  e_src: 2.100e+00 | e_L: 2.099e+00 | e_R: 2.099e+00 | e_tgt: 3.684e-03
Vis_L11.attn.proj  Base->Stage2    | Spec: 1.8e-04 | Baseline_RelErr: 5.9e-03 | InnerRel: 1.8e-04 | AmbRel: 1.8e-04
    Baseline MSE: 9.4e-09 | Inner MSE: 8.9e-12 | Ambient MSE: 8.9e-12 | Drift Ratio: 1.00
    r_eff=883/1280 (69.0%)  e_src: 2.100e+00 | e_L: 2.099e+00 | e_R: 2.099e+00 | e_tgt: 3.811e-03
Processing Vis_L11.mlp.gate_proj...
Vis_L11.mlp.gate_proj  Base->Stage1    | Spec: 3.5e-05 | Baseline_RelErr: 1.9e-03 | InnerRel: 1.5e-03 | AmbRel: 3.5e-05
    Baseline MSE: 1.1e-09 | Inner MSE: 6.6e-10 | Ambient MSE: 3.7e-13 | Drift Ratio: 1800.08
    r_eff=1172/1280 (91.6%)  e_src: 3.576e+00 | e_L: 3.576e+00 | e_R: 3.576e+00 | e_tgt: 1.268e-03
Vis_L11.mlp.gate_proj  Stage1->Stage2  | Spec: 1.0e-04 | Baseline_RelErr: 5.6e-03 | InnerRel: 4.3e-03 | AmbRel: 1.0e-04
    Baseline MSE: 9.2e-09 | Inner MSE: 5.5e-09 | Ambient MSE: 3.1e-12 | Drift Ratio: 1787.76
    r_eff=1172/1280 (91.6%)  e_src: 3.579e+00 | e_L: 3.579e+00 | e_R: 3.576e+00 | e_tgt: 3.678e-03
Vis_L11.mlp.gate_proj  Base->Stage2    | Spec: 1.1e-04 | Baseline_RelErr: 5.8e-03 | InnerRel: 4.5e-03 | AmbRel: 1.1e-04
    Baseline MSE: 9.8e-09 | Inner MSE: 5.9e-09 | Ambient MSE: 3.3e-12 | Drift Ratio: 1762.14
    r_eff=1172/1280 (91.6%)  e_src: 3.580e+00 | e_L: 3.580e+00 | e_R: 3.576e+00 | e_tgt: 3.829e-03
Processing Vis_L11.mlp.up_proj...
Vis_L11.mlp.up_proj  Base->Stage1    | Spec: 3.4e-05 | Baseline_RelErr: 1.9e-03 | InnerRel: 1.5e-03 | AmbRel: 3.4e-05
    Baseline MSE: 1.1e-09 | Inner MSE: 6.6e-10 | Ambient MSE: 3.5e-13 | Drift Ratio: 1892.80
    r_eff=1174/1280 (91.7%)  e_src: 3.639e+00 | e_L: 3.639e+00 | e_R: 3.638e+00 | e_tgt: 1.231e-03
Vis_L11.mlp.up_proj  Stage1->Stage2  | Spec: 1.0e-04 | Baseline_RelErr: 5.5e-03 | InnerRel: 4.2e-03 | AmbRel: 1.0e-04
    Baseline MSE: 9.1e-09 | Inner MSE: 5.4e-09 | Ambient MSE: 3.1e-12 | Drift Ratio: 1732.75
    r_eff=1174/1280 (91.7%)  e_src: 3.642e+00 | e_L: 3.642e+00 | e_R: 3.639e+00 | e_tgt: 3.707e-03
Vis_L11.mlp.up_proj  Base->Stage2    | Spec: 1.0e-04 | Baseline_RelErr: 5.7e-03 | InnerRel: 4.4e-03 | AmbRel: 1.0e-04
    Baseline MSE: 9.8e-09 | Inner MSE: 5.8e-09 | Ambient MSE: 3.3e-12 | Drift Ratio: 1742.33
    r_eff=1174/1280 (91.7%)  e_src: 3.642e+00 | e_L: 3.642e+00 | e_R: 3.639e+00 | e_tgt: 3.820e-03
Processing Vis_L11.mlp.down_proj...
Vis_L11.mlp.down_proj  Base->Stage1    | Spec: 3.8e-05 | Baseline_RelErr: 1.9e-03 | InnerRel: 1.5e-03 | AmbRel: 3.8e-05
    Baseline MSE: 1.1e-09 | Inner MSE: 6.5e-10 | Ambient MSE: 4.3e-13 | Drift Ratio: 1491.74
    r_eff=1178/1280 (92.0%)  e_src: 3.605e+00 | e_L: 3.605e+00 | e_R: 3.605e+00 | e_tgt: 1.376e-03
Vis_L11.mlp.down_proj  Stage1->Stage2  | Spec: 1.1e-04 | Baseline_RelErr: 5.6e-03 | InnerRel: 4.2e-03 | AmbRel: 1.1e-04
    Baseline MSE: 9.2e-09 | Inner MSE: 5.3e-09 | Ambient MSE: 3.5e-12 | Drift Ratio: 1512.21
    r_eff=1178/1280 (92.0%)  e_src: 3.608e+00 | e_L: 3.605e+00 | e_R: 3.608e+00 | e_tgt: 3.913e-03
Vis_L11.mlp.down_proj  Base->Stage2    | Spec: 1.1e-04 | Baseline_RelErr: 5.8e-03 | InnerRel: 4.3e-03 | AmbRel: 1.1e-04
    Baseline MSE: 9.9e-09 | Inner MSE: 5.6e-09 | Ambient MSE: 3.6e-12 | Drift Ratio: 1542.89
    r_eff=1178/1280 (92.0%)  e_src: 3.608e+00 | e_L: 3.605e+00 | e_R: 3.608e+00 | e_tgt: 3.993e-03
Processing Vis_L12.attn.qkv...
Vis_L12.attn.qkv  Base->Stage1    | Spec: 4.0e-05 | Baseline_RelErr: 1.9e-03 | InnerRel: 1.4e-03 | AmbRel: 4.0e-05
    Baseline MSE: 1.1e-09 | Inner MSE: 6.0e-10 | Ambient MSE: 4.8e-13 | Drift Ratio: 1255.75
    r_eff=1148/1280 (89.7%)  e_src: 3.796e+00 | e_L: 3.796e+00 | e_R: 3.796e+00 | e_tgt: 1.534e-03
Vis_L12.attn.qkv  Stage1->Stage2  | Spec: 1.3e-04 | Baseline_RelErr: 5.6e-03 | InnerRel: 4.1e-03 | AmbRel: 1.3e-04
    Baseline MSE: 9.1e-09 | Inner MSE: 4.8e-09 | Ambient MSE: 5.0e-12 | Drift Ratio: 969.38
    r_eff=1148/1280 (89.7%)  e_src: 3.799e+00 | e_L: 3.799e+00 | e_R: 3.796e+00 | e_tgt: 4.957e-03
Vis_L12.attn.qkv  Base->Stage2    | Spec: 1.4e-04 | Baseline_RelErr: 5.7e-03 | InnerRel: 4.2e-03 | AmbRel: 1.4e-04
    Baseline MSE: 9.7e-09 | Inner MSE: 5.1e-09 | Ambient MSE: 5.9e-12 | Drift Ratio: 859.61
    r_eff=1148/1280 (89.7%)  e_src: 3.799e+00 | e_L: 3.799e+00 | e_R: 3.796e+00 | e_tgt: 5.404e-03
Processing Vis_L12.attn.proj...
Vis_L12.attn.proj  Base->Stage1    | Spec: 5.9e-05 | Baseline_RelErr: 2.0e-03 | InnerRel: 5.9e-05 | AmbRel: 5.9e-05
    Baseline MSE: 1.1e-09 | Inner MSE: 9.9e-13 | Ambient MSE: 9.9e-13 | Drift Ratio: 1.00
    r_eff=895/1280 (69.9%)  e_src: 2.139e+00 | e_L: 2.139e+00 | e_R: 2.139e+00 | e_tgt: 1.274e-03
Vis_L12.attn.proj  Stage1->Stage2  | Spec: 1.7e-04 | Baseline_RelErr: 5.6e-03 | InnerRel: 1.7e-04 | AmbRel: 1.7e-04
    Baseline MSE: 8.9e-09 | Inner MSE: 7.8e-12 | Ambient MSE: 7.8e-12 | Drift Ratio: 1.00
    r_eff=895/1280 (69.9%)  e_src: 2.140e+00 | e_L: 2.139e+00 | e_R: 2.139e+00 | e_tgt: 3.571e-03
Vis_L12.attn.proj  Base->Stage2    | Spec: 1.7e-04 | Baseline_RelErr: 5.8e-03 | InnerRel: 1.7e-04 | AmbRel: 1.7e-04
    Baseline MSE: 9.5e-09 | Inner MSE: 8.5e-12 | Ambient MSE: 8.5e-12 | Drift Ratio: 1.00
    r_eff=895/1280 (69.9%)  e_src: 2.140e+00 | e_L: 2.139e+00 | e_R: 2.139e+00 | e_tgt: 3.734e-03
Processing Vis_L12.mlp.gate_proj...
Vis_L12.mlp.gate_proj  Base->Stage1    | Spec: 3.4e-05 | Baseline_RelErr: 1.9e-03 | InnerRel: 1.5e-03 | AmbRel: 3.4e-05
    Baseline MSE: 1.1e-09 | Inner MSE: 6.8e-10 | Ambient MSE: 3.5e-13 | Drift Ratio: 1941.25
    r_eff=1179/1280 (92.1%)  e_src: 3.576e+00 | e_L: 3.576e+00 | e_R: 3.576e+00 | e_tgt: 1.235e-03
Vis_L12.mlp.gate_proj  Stage1->Stage2  | Spec: 1.0e-04 | Baseline_RelErr: 5.6e-03 | InnerRel: 4.3e-03 | AmbRel: 1.0e-04
    Baseline MSE: 9.3e-09 | Inner MSE: 5.6e-09 | Ambient MSE: 3.1e-12 | Drift Ratio: 1819.69
    r_eff=1179/1280 (92.1%)  e_src: 3.579e+00 | e_L: 3.579e+00 | e_R: 3.576e+00 | e_tgt: 3.656e-03
Vis_L12.mlp.gate_proj  Base->Stage2    | Spec: 1.1e-04 | Baseline_RelErr: 5.8e-03 | InnerRel: 4.5e-03 | AmbRel: 1.1e-04
    Baseline MSE: 9.9e-09 | Inner MSE: 5.9e-09 | Ambient MSE: 3.3e-12 | Drift Ratio: 1791.60
    r_eff=1179/1280 (92.1%)  e_src: 3.579e+00 | e_L: 3.579e+00 | e_R: 3.576e+00 | e_tgt: 3.807e-03
Processing Vis_L12.mlp.up_proj...
Vis_L12.mlp.up_proj  Base->Stage1    | Spec: 3.3e-05 | Baseline_RelErr: 1.9e-03 | InnerRel: 1.5e-03 | AmbRel: 3.3e-05
    Baseline MSE: 1.1e-09 | Inner MSE: 6.7e-10 | Ambient MSE: 3.5e-13 | Drift Ratio: 1917.86
    r_eff=1181/1280 (92.3%)  e_src: 3.673e+00 | e_L: 3.673e+00 | e_R: 3.673e+00 | e_tgt: 1.232e-03
Vis_L12.mlp.up_proj  Stage1->Stage2  | Spec: 9.7e-05 | Baseline_RelErr: 5.5e-03 | InnerRel: 4.2e-03 | AmbRel: 9.7e-05
    Baseline MSE: 9.3e-09 | Inner MSE: 5.5e-09 | Ambient MSE: 2.9e-12 | Drift Ratio: 1882.90
    r_eff=1181/1280 (92.3%)  e_src: 3.676e+00 | e_L: 3.676e+00 | e_R: 3.673e+00 | e_tgt: 3.586e-03
Vis_L12.mlp.up_proj  Base->Stage2    | Spec: 1.0e-04 | Baseline_RelErr: 5.7e-03 | InnerRel: 4.4e-03 | AmbRel: 1.0e-04
    Baseline MSE: 9.9e-09 | Inner MSE: 5.9e-09 | Ambient MSE: 3.1e-12 | Drift Ratio: 1910.64
    r_eff=1181/1280 (92.3%)  e_src: 3.676e+00 | e_L: 3.676e+00 | e_R: 3.673e+00 | e_tgt: 3.676e-03
Processing Vis_L12.mlp.down_proj...
Vis_L12.mlp.down_proj  Base->Stage1    | Spec: 3.7e-05 | Baseline_RelErr: 1.9e-03 | InnerRel: 1.5e-03 | AmbRel: 3.7e-05
    Baseline MSE: 1.1e-09 | Inner MSE: 6.6e-10 | Ambient MSE: 4.1e-13 | Drift Ratio: 1620.40
    r_eff=1183/1280 (92.4%)  e_src: 3.620e+00 | e_L: 3.619e+00 | e_R: 3.620e+00 | e_tgt: 1.334e-03
Vis_L12.mlp.down_proj  Stage1->Stage2  | Spec: 1.1e-04 | Baseline_RelErr: 5.6e-03 | InnerRel: 4.2e-03 | AmbRel: 1.1e-04
    Baseline MSE: 9.4e-09 | Inner MSE: 5.3e-09 | Ambient MSE: 3.9e-12 | Drift Ratio: 1355.91
    r_eff=1183/1280 (92.4%)  e_src: 3.623e+00 | e_L: 3.619e+00 | e_R: 3.623e+00 | e_tgt: 4.147e-03
Vis_L12.mlp.down_proj  Base->Stage2    | Spec: 1.2e-04 | Baseline_RelErr: 5.7e-03 | InnerRel: 4.3e-03 | AmbRel: 1.2e-04
    Baseline MSE: 1.0e-08 | Inner MSE: 5.7e-09 | Ambient MSE: 4.2e-12 | Drift Ratio: 1362.69
    r_eff=1183/1280 (92.4%)  e_src: 3.623e+00 | e_L: 3.619e+00 | e_R: 3.623e+00 | e_tgt: 4.267e-03
Processing Vis_L13.attn.qkv...
Vis_L13.attn.qkv  Base->Stage1    | Spec: 4.5e-05 | Baseline_RelErr: 1.9e-03 | InnerRel: 1.4e-03 | AmbRel: 4.5e-05
    Baseline MSE: 1.1e-09 | Inner MSE: 6.1e-10 | Ambient MSE: 5.9e-13 | Drift Ratio: 1031.24
    r_eff=1158/1280 (90.5%)  e_src: 3.797e+00 | e_L: 3.797e+00 | e_R: 3.797e+00 | e_tgt: 1.704e-03
Vis_L13.attn.qkv  Stage1->Stage2  | Spec: 1.7e-04 | Baseline_RelErr: 5.5e-03 | InnerRel: 4.1e-03 | AmbRel: 1.7e-04
    Baseline MSE: 9.1e-09 | Inner MSE: 4.9e-09 | Ambient MSE: 8.5e-12 | Drift Ratio: 579.14
    r_eff=1158/1280 (90.5%)  e_src: 3.800e+00 | e_L: 3.800e+00 | e_R: 3.797e+00 | e_tgt: 6.452e-03
Vis_L13.attn.qkv  Base->Stage2    | Spec: 1.9e-04 | Baseline_RelErr: 5.7e-03 | InnerRel: 4.2e-03 | AmbRel: 1.9e-04
    Baseline MSE: 9.6e-09 | Inner MSE: 5.2e-09 | Ambient MSE: 1.1e-11 | Drift Ratio: 486.47
    r_eff=1158/1280 (90.5%)  e_src: 3.800e+00 | e_L: 3.800e+00 | e_R: 3.797e+00 | e_tgt: 7.226e-03
Processing Vis_L13.attn.proj...
Vis_L13.attn.proj  Base->Stage1    | Spec: 6.1e-05 | Baseline_RelErr: 2.0e-03 | InnerRel: 6.1e-05 | AmbRel: 6.1e-05
    Baseline MSE: 1.1e-09 | Inner MSE: 1.1e-12 | Ambient MSE: 1.1e-12 | Drift Ratio: 1.00
    r_eff=893/1280 (69.8%)  e_src: 2.158e+00 | e_L: 2.158e+00 | e_R: 2.158e+00 | e_tgt: 1.322e-03
Vis_L13.attn.proj  Stage1->Stage2  | Spec: 1.7e-04 | Baseline_RelErr: 5.6e-03 | InnerRel: 1.7e-04 | AmbRel: 1.7e-04
    Baseline MSE: 9.0e-09 | Inner MSE: 8.4e-12 | Ambient MSE: 8.4e-12 | Drift Ratio: 1.00
    r_eff=893/1280 (69.8%)  e_src: 2.159e+00 | e_L: 2.159e+00 | e_R: 2.159e+00 | e_tgt: 3.710e-03
Vis_L13.attn.proj  Base->Stage2    | Spec: 1.7e-04 | Baseline_RelErr: 5.8e-03 | InnerRel: 1.7e-04 | AmbRel: 1.7e-04
    Baseline MSE: 9.6e-09 | Inner MSE: 8.7e-12 | Ambient MSE: 8.7e-12 | Drift Ratio: 1.00
    r_eff=893/1280 (69.8%)  e_src: 2.159e+00 | e_L: 2.159e+00 | e_R: 2.159e+00 | e_tgt: 3.782e-03
Processing Vis_L13.mlp.gate_proj...
Vis_L13.mlp.gate_proj  Base->Stage1    | Spec: 3.8e-05 | Baseline_RelErr: 2.0e-03 | InnerRel: 1.5e-03 | AmbRel: 3.8e-05
    Baseline MSE: 1.2e-09 | Inner MSE: 7.0e-10 | Ambient MSE: 4.2e-13 | Drift Ratio: 1677.93
    r_eff=1181/1280 (92.3%)  e_src: 3.594e+00 | e_L: 3.594e+00 | e_R: 3.594e+00 | e_tgt: 1.355e-03
Vis_L13.mlp.gate_proj  Stage1->Stage2  | Spec: 1.0e-04 | Baseline_RelErr: 5.7e-03 | InnerRel: 4.4e-03 | AmbRel: 1.0e-04
    Baseline MSE: 9.5e-09 | Inner MSE: 5.7e-09 | Ambient MSE: 3.1e-12 | Drift Ratio: 1844.65
    r_eff=1181/1280 (92.3%)  e_src: 3.598e+00 | e_L: 3.598e+00 | e_R: 3.594e+00 | e_tgt: 3.676e-03
Vis_L13.mlp.gate_proj  Base->Stage2    | Spec: 1.1e-04 | Baseline_RelErr: 5.9e-03 | InnerRel: 4.5e-03 | AmbRel: 1.1e-04
    Baseline MSE: 1.0e-08 | Inner MSE: 6.1e-09 | Ambient MSE: 3.4e-12 | Drift Ratio: 1797.67
    r_eff=1181/1280 (92.3%)  e_src: 3.598e+00 | e_L: 3.598e+00 | e_R: 3.594e+00 | e_tgt: 3.854e-03
Processing Vis_L13.mlp.up_proj...
Vis_L13.mlp.up_proj  Base->Stage1    | Spec: 3.4e-05 | Baseline_RelErr: 1.9e-03 | InnerRel: 1.5e-03 | AmbRel: 3.4e-05
    Baseline MSE: 1.1e-09 | Inner MSE: 6.9e-10 | Ambient MSE: 3.7e-13 | Drift Ratio: 1863.13
    r_eff=1182/1280 (92.3%)  e_src: 3.748e+00 | e_L: 3.748e+00 | e_R: 3.747e+00 | e_tgt: 1.275e-03
Vis_L13.mlp.up_proj  Stage1->Stage2  | Spec: 1.0e-04 | Baseline_RelErr: 5.5e-03 | InnerRel: 4.2e-03 | AmbRel: 1.0e-04
    Baseline MSE: 9.6e-09 | Inner MSE: 5.7e-09 | Ambient MSE: 3.5e-12 | Drift Ratio: 1626.10
    r_eff=1182/1280 (92.3%)  e_src: 3.751e+00 | e_L: 3.751e+00 | e_R: 3.747e+00 | e_tgt: 3.919e-03
Vis_L13.mlp.up_proj  Base->Stage2    | Spec: 1.1e-04 | Baseline_RelErr: 5.6e-03 | InnerRel: 4.4e-03 | AmbRel: 1.1e-04
    Baseline MSE: 1.0e-08 | Inner MSE: 6.1e-09 | Ambient MSE: 3.7e-12 | Drift Ratio: 1657.62
    r_eff=1182/1280 (92.3%)  e_src: 3.751e+00 | e_L: 3.751e+00 | e_R: 3.748e+00 | e_tgt: 4.014e-03
Processing Vis_L13.mlp.down_proj...
Vis_L13.mlp.down_proj  Base->Stage1    | Spec: 4.0e-05 | Baseline_RelErr: 1.9e-03 | InnerRel: 1.5e-03 | AmbRel: 4.0e-05
    Baseline MSE: 1.2e-09 | Inner MSE: 6.8e-10 | Ambient MSE: 4.9e-13 | Drift Ratio: 1382.28
    r_eff=1187/1280 (92.7%)  e_src: 3.686e+00 | e_L: 3.686e+00 | e_R: 3.686e+00 | e_tgt: 1.462e-03
Vis_L13.mlp.down_proj  Stage1->Stage2  | Spec: 1.1e-04 | Baseline_RelErr: 5.5e-03 | InnerRel: 4.2e-03 | AmbRel: 1.1e-04
    Baseline MSE: 9.5e-09 | Inner MSE: 5.4e-09 | Ambient MSE: 3.9e-12 | Drift Ratio: 1398.94
    r_eff=1187/1280 (92.7%)  e_src: 3.689e+00 | e_L: 3.686e+00 | e_R: 3.689e+00 | e_tgt: 4.107e-03
Vis_L13.mlp.down_proj  Base->Stage2    | Spec: 1.2e-04 | Baseline_RelErr: 5.7e-03 | InnerRel: 4.3e-03 | AmbRel: 1.2e-04
    Baseline MSE: 1.0e-08 | Inner MSE: 5.7e-09 | Ambient MSE: 4.2e-12 | Drift Ratio: 1357.36
    r_eff=1187/1280 (92.7%)  e_src: 3.690e+00 | e_L: 3.686e+00 | e_R: 3.689e+00 | e_tgt: 4.300e-03
Processing Vis_L14.attn.qkv...
Vis_L14.attn.qkv  Base->Stage1    | Spec: 4.0e-05 | Baseline_RelErr: 1.9e-03 | InnerRel: 1.5e-03 | AmbRel: 4.0e-05
    Baseline MSE: 1.1e-09 | Inner MSE: 6.5e-10 | Ambient MSE: 4.7e-13 | Drift Ratio: 1392.18
    r_eff=1165/1280 (91.0%)  e_src: 3.808e+00 | e_L: 3.808e+00 | e_R: 3.807e+00 | e_tgt: 1.518e-03
Vis_L14.attn.qkv  Stage1->Stage2  | Spec: 1.3e-04 | Baseline_RelErr: 5.6e-03 | InnerRel: 4.2e-03 | AmbRel: 1.3e-04
    Baseline MSE: 9.3e-09 | Inner MSE: 5.2e-09 | Ambient MSE: 4.8e-12 | Drift Ratio: 1079.56
    r_eff=1165/1280 (91.0%)  e_src: 3.811e+00 | e_L: 3.811e+00 | e_R: 3.807e+00 | e_tgt: 4.875e-03
Vis_L14.attn.qkv  Base->Stage2    | Spec: 1.3e-04 | Baseline_RelErr: 5.8e-03 | InnerRel: 4.3e-03 | AmbRel: 1.3e-04
    Baseline MSE: 9.9e-09 | Inner MSE: 5.5e-09 | Ambient MSE: 4.9e-12 | Drift Ratio: 1135.88
    r_eff=1165/1280 (91.0%)  e_src: 3.811e+00 | e_L: 3.811e+00 | e_R: 3.807e+00 | e_tgt: 4.889e-03
Processing Vis_L14.attn.proj...
Vis_L14.attn.proj  Base->Stage1    | Spec: 6.4e-05 | Baseline_RelErr: 2.1e-03 | InnerRel: 6.4e-05 | AmbRel: 6.4e-05
    Baseline MSE: 1.2e-09 | Inner MSE: 1.1e-12 | Ambient MSE: 1.1e-12 | Drift Ratio: 1.00
    r_eff=919/1280 (71.8%)  e_src: 2.127e+00 | e_L: 2.127e+00 | e_R: 2.127e+00 | e_tgt: 1.365e-03
Vis_L14.attn.proj  Stage1->Stage2  | Spec: 2.1e-04 | Baseline_RelErr: 5.7e-03 | InnerRel: 2.1e-04 | AmbRel: 2.1e-04
    Baseline MSE: 9.1e-09 | Inner MSE: 1.2e-11 | Ambient MSE: 1.2e-11 | Drift Ratio: 1.00
    r_eff=919/1280 (71.8%)  e_src: 2.128e+00 | e_L: 2.128e+00 | e_R: 2.128e+00 | e_tgt: 4.422e-03
Vis_L14.attn.proj  Base->Stage2    | Spec: 2.1e-04 | Baseline_RelErr: 5.9e-03 | InnerRel: 2.1e-04 | AmbRel: 2.1e-04
    Baseline MSE: 9.7e-09 | Inner MSE: 1.2e-11 | Ambient MSE: 1.2e-11 | Drift Ratio: 1.00
    r_eff=919/1280 (71.8%)  e_src: 2.128e+00 | e_L: 2.128e+00 | e_R: 2.128e+00 | e_tgt: 4.497e-03
Processing Vis_L14.mlp.gate_proj...
Vis_L14.mlp.gate_proj  Base->Stage1    | Spec: 3.7e-05 | Baseline_RelErr: 2.0e-03 | InnerRel: 1.6e-03 | AmbRel: 3.7e-05
    Baseline MSE: 1.2e-09 | Inner MSE: 7.1e-10 | Ambient MSE: 3.9e-13 | Drift Ratio: 1818.45
    r_eff=1183/1280 (92.4%)  e_src: 3.559e+00 | e_L: 3.559e+00 | e_R: 3.559e+00 | e_tgt: 1.309e-03
Vis_L14.mlp.gate_proj  Stage1->Stage2  | Spec: 1.1e-04 | Baseline_RelErr: 5.7e-03 | InnerRel: 4.4e-03 | AmbRel: 1.1e-04
    Baseline MSE: 9.5e-09 | Inner MSE: 5.6e-09 | Ambient MSE: 3.4e-12 | Drift Ratio: 1668.71
    r_eff=1183/1280 (92.4%)  e_src: 3.562e+00 | e_L: 3.562e+00 | e_R: 3.559e+00 | e_tgt: 3.839e-03
Vis_L14.mlp.gate_proj  Base->Stage2    | Spec: 1.1e-04 | Baseline_RelErr: 5.9e-03 | InnerRel: 4.6e-03 | AmbRel: 1.1e-04
    Baseline MSE: 1.0e-08 | Inner MSE: 6.0e-09 | Ambient MSE: 3.6e-12 | Drift Ratio: 1667.40
    r_eff=1183/1280 (92.4%)  e_src: 3.562e+00 | e_L: 3.562e+00 | e_R: 3.559e+00 | e_tgt: 3.977e-03
Processing Vis_L14.mlp.up_proj...
Vis_L14.mlp.up_proj  Base->Stage1    | Spec: 3.4e-05 | Baseline_RelErr: 1.9e-03 | InnerRel: 1.5e-03 | AmbRel: 3.4e-05
    Baseline MSE: 1.2e-09 | Inner MSE: 7.0e-10 | Ambient MSE: 3.8e-13 | Drift Ratio: 1846.62
    r_eff=1183/1280 (92.4%)  e_src: 3.765e+00 | e_L: 3.765e+00 | e_R: 3.765e+00 | e_tgt: 1.285e-03
Vis_L14.mlp.up_proj  Stage1->Stage2  | Spec: 1.0e-04 | Baseline_RelErr: 5.4e-03 | InnerRel: 4.2e-03 | AmbRel: 1.0e-04
    Baseline MSE: 9.6e-09 | Inner MSE: 5.7e-09 | Ambient MSE: 3.4e-12 | Drift Ratio: 1668.57
    r_eff=1183/1280 (92.4%)  e_src: 3.769e+00 | e_L: 3.768e+00 | e_R: 3.765e+00 | e_tgt: 3.863e-03
Vis_L14.mlp.up_proj  Base->Stage2    | Spec: 1.0e-04 | Baseline_RelErr: 5.6e-03 | InnerRel: 4.3e-03 | AmbRel: 1.0e-04
    Baseline MSE: 1.0e-08 | Inner MSE: 6.1e-09 | Ambient MSE: 3.6e-12 | Drift Ratio: 1704.12
    r_eff=1183/1280 (92.4%)  e_src: 3.769e+00 | e_L: 3.769e+00 | e_R: 3.765e+00 | e_tgt: 3.950e-03
Processing Vis_L14.mlp.down_proj...
Vis_L14.mlp.down_proj  Base->Stage1    | Spec: 3.8e-05 | Baseline_RelErr: 1.9e-03 | InnerRel: 1.4e-03 | AmbRel: 3.8e-05
    Baseline MSE: 1.2e-09 | Inner MSE: 6.5e-10 | Ambient MSE: 4.6e-13 | Drift Ratio: 1402.27
    r_eff=1193/1280 (93.2%)  e_src: 3.739e+00 | e_L: 3.738e+00 | e_R: 3.739e+00 | e_tgt: 1.425e-03
Vis_L14.mlp.down_proj  Stage1->Stage2  | Spec: 1.3e-04 | Baseline_RelErr: 5.4e-03 | InnerRel: 4.0e-03 | AmbRel: 1.3e-04
    Baseline MSE: 9.4e-09 | Inner MSE: 5.1e-09 | Ambient MSE: 5.6e-12 | Drift Ratio: 899.70
    r_eff=1193/1280 (93.2%)  e_src: 3.742e+00 | e_L: 3.739e+00 | e_R: 3.741e+00 | e_tgt: 4.972e-03
Vis_L14.mlp.down_proj  Base->Stage2    | Spec: 1.4e-04 | Baseline_RelErr: 5.6e-03 | InnerRel: 4.1e-03 | AmbRel: 1.4e-04
    Baseline MSE: 1.0e-08 | Inner MSE: 5.4e-09 | Ambient MSE: 5.9e-12 | Drift Ratio: 919.88
    r_eff=1193/1280 (93.2%)  e_src: 3.742e+00 | e_L: 3.739e+00 | e_R: 3.742e+00 | e_tgt: 5.065e-03
Processing Vis_L15.attn.qkv...
Vis_L15.attn.qkv  Base->Stage1    | Spec: 3.3e-05 | Baseline_RelErr: 1.8e-03 | InnerRel: 1.4e-03 | AmbRel: 3.3e-05
    Baseline MSE: 1.1e-09 | Inner MSE: 7.1e-10 | Ambient MSE: 3.9e-13 | Drift Ratio: 1805.55
    r_eff=1148/1280 (89.7%)  e_src: 4.156e+00 | e_L: 4.156e+00 | e_R: 4.156e+00 | e_tgt: 1.392e-03
Vis_L15.attn.qkv  Stage1->Stage2  | Spec: 1.1e-04 | Baseline_RelErr: 5.1e-03 | InnerRel: 4.0e-03 | AmbRel: 1.1e-04
    Baseline MSE: 9.2e-09 | Inner MSE: 5.7e-09 | Ambient MSE: 4.3e-12 | Drift Ratio: 1316.41
    r_eff=1148/1280 (89.7%)  e_src: 4.159e+00 | e_L: 4.159e+00 | e_R: 4.156e+00 | e_tgt: 4.607e-03
Vis_L15.attn.qkv  Base->Stage2    | Spec: 1.1e-04 | Baseline_RelErr: 5.3e-03 | InnerRel: 4.2e-03 | AmbRel: 1.1e-04
    Baseline MSE: 9.8e-09 | Inner MSE: 6.1e-09 | Ambient MSE: 4.2e-12 | Drift Ratio: 1454.20
    r_eff=1148/1280 (89.7%)  e_src: 4.160e+00 | e_L: 4.160e+00 | e_R: 4.156e+00 | e_tgt: 4.528e-03
Processing Vis_L15.attn.proj...
Vis_L15.attn.proj  Base->Stage1    | Spec: 4.9e-05 | Baseline_RelErr: 1.6e-03 | InnerRel: 4.9e-05 | AmbRel: 4.9e-05
    Baseline MSE: 1.1e-09 | Inner MSE: 1.0e-12 | Ambient MSE: 1.0e-12 | Drift Ratio: 1.00
    r_eff=902/1280 (70.5%)  e_src: 2.654e+00 | e_L: 2.654e+00 | e_R: 2.654e+00 | e_tgt: 1.296e-03
Vis_L15.attn.proj  Stage1->Stage2  | Spec: 1.4e-04 | Baseline_RelErr: 4.7e-03 | InnerRel: 1.4e-04 | AmbRel: 1.4e-04
    Baseline MSE: 9.4e-09 | Inner MSE: 8.4e-12 | Ambient MSE: 8.4e-12 | Drift Ratio: 1.00
    r_eff=902/1280 (70.5%)  e_src: 2.655e+00 | e_L: 2.654e+00 | e_R: 2.654e+00 | e_tgt: 3.699e-03
Vis_L15.attn.proj  Base->Stage2    | Spec: 1.5e-04 | Baseline_RelErr: 4.8e-03 | InnerRel: 1.5e-04 | AmbRel: 1.5e-04
    Baseline MSE: 1.0e-08 | Inner MSE: 9.1e-12 | Ambient MSE: 9.1e-12 | Drift Ratio: 1.00
    r_eff=902/1280 (70.5%)  e_src: 2.655e+00 | e_L: 2.654e+00 | e_R: 2.654e+00 | e_tgt: 3.866e-03
Processing Vis_L15.mlp.gate_proj...
Vis_L15.mlp.gate_proj  Base->Stage1    | Spec: 3.7e-05 | Baseline_RelErr: 2.0e-03 | InnerRel: 1.6e-03 | AmbRel: 3.7e-05
    Baseline MSE: 1.2e-09 | Inner MSE: 7.5e-10 | Ambient MSE: 4.0e-13 | Drift Ratio: 1883.87
    r_eff=1183/1280 (92.4%)  e_src: 3.582e+00 | e_L: 3.582e+00 | e_R: 3.581e+00 | e_tgt: 1.317e-03
Vis_L15.mlp.gate_proj  Stage1->Stage2  | Spec: 1.1e-04 | Baseline_RelErr: 5.7e-03 | InnerRel: 4.5e-03 | AmbRel: 1.1e-04
    Baseline MSE: 9.8e-09 | Inner MSE: 5.9e-09 | Ambient MSE: 3.3e-12 | Drift Ratio: 1789.44
    r_eff=1183/1280 (92.4%)  e_src: 3.585e+00 | e_L: 3.585e+00 | e_R: 3.582e+00 | e_tgt: 3.798e-03
Vis_L15.mlp.gate_proj  Base->Stage2    | Spec: 1.1e-04 | Baseline_RelErr: 6.0e-03 | InnerRel: 4.6e-03 | AmbRel: 1.1e-04
    Baseline MSE: 1.1e-08 | Inner MSE: 6.3e-09 | Ambient MSE: 3.7e-12 | Drift Ratio: 1723.69
    r_eff=1183/1280 (92.4%)  e_src: 3.586e+00 | e_L: 3.586e+00 | e_R: 3.582e+00 | e_tgt: 4.009e-03
Processing Vis_L15.mlp.up_proj...
Vis_L15.mlp.up_proj  Base->Stage1    | Spec: 3.2e-05 | Baseline_RelErr: 1.9e-03 | InnerRel: 1.5e-03 | AmbRel: 3.2e-05
    Baseline MSE: 1.2e-09 | Inner MSE: 7.4e-10 | Ambient MSE: 3.5e-13 | Drift Ratio: 2122.69
    r_eff=1181/1280 (92.3%)  e_src: 3.840e+00 | e_L: 3.840e+00 | e_R: 3.839e+00 | e_tgt: 1.235e-03
Vis_L15.mlp.up_proj  Stage1->Stage2  | Spec: 9.6e-05 | Baseline_RelErr: 5.4e-03 | InnerRel: 4.2e-03 | AmbRel: 9.6e-05
    Baseline MSE: 9.9e-09 | Inner MSE: 5.9e-09 | Ambient MSE: 3.1e-12 | Drift Ratio: 1902.22
    r_eff=1181/1280 (92.3%)  e_src: 3.843e+00 | e_L: 3.843e+00 | e_R: 3.840e+00 | e_tgt: 3.697e-03
Vis_L15.mlp.up_proj  Base->Stage2    | Spec: 9.9e-05 | Baseline_RelErr: 5.6e-03 | InnerRel: 4.3e-03 | AmbRel: 9.9e-05
    Baseline MSE: 1.1e-08 | Inner MSE: 6.4e-09 | Ambient MSE: 3.3e-12 | Drift Ratio: 1913.08
    r_eff=1181/1280 (92.3%)  e_src: 3.843e+00 | e_L: 3.843e+00 | e_R: 3.840e+00 | e_tgt: 3.813e-03
Processing Vis_L15.mlp.down_proj...
Vis_L15.mlp.down_proj  Base->Stage1    | Spec: 3.5e-05 | Baseline_RelErr: 1.9e-03 | InnerRel: 1.5e-03 | AmbRel: 3.5e-05
    Baseline MSE: 1.2e-09 | Inner MSE: 7.0e-10 | Ambient MSE: 4.0e-13 | Drift Ratio: 1742.03
    r_eff=1196/1280 (93.4%)  e_src: 3.790e+00 | e_L: 3.789e+00 | e_R: 3.790e+00 | e_tgt: 1.329e-03
Vis_L15.mlp.down_proj  Stage1->Stage2  | Spec: 1.1e-04 | Baseline_RelErr: 5.4e-03 | InnerRel: 4.1e-03 | AmbRel: 1.1e-04
    Baseline MSE: 9.8e-09 | Inner MSE: 5.6e-09 | Ambient MSE: 3.8e-12 | Drift Ratio: 1461.80
    r_eff=1196/1280 (93.4%)  e_src: 3.793e+00 | e_L: 3.790e+00 | e_R: 3.793e+00 | e_tgt: 4.091e-03
Vis_L15.mlp.down_proj  Base->Stage2    | Spec: 1.1e-04 | Baseline_RelErr: 5.6e-03 | InnerRel: 4.2e-03 | AmbRel: 1.1e-04
    Baseline MSE: 1.1e-08 | Inner MSE: 6.0e-09 | Ambient MSE: 4.2e-12 | Drift Ratio: 1414.21
    r_eff=1196/1280 (93.4%)  e_src: 3.793e+00 | e_L: 3.790e+00 | e_R: 3.793e+00 | e_tgt: 4.294e-03
Processing Vis_L16.attn.qkv...
Vis_L16.attn.qkv  Base->Stage1    | Spec: 3.5e-05 | Baseline_RelErr: 1.9e-03 | InnerRel: 1.5e-03 | AmbRel: 3.5e-05
    Baseline MSE: 1.2e-09 | Inner MSE: 7.4e-10 | Ambient MSE: 3.9e-13 | Drift Ratio: 1896.63
    r_eff=1168/1280 (91.2%)  e_src: 3.957e+00 | e_L: 3.957e+00 | e_R: 3.956e+00 | e_tgt: 1.382e-03
Vis_L16.attn.qkv  Stage1->Stage2  | Spec: 1.0e-04 | Baseline_RelErr: 5.5e-03 | InnerRel: 4.3e-03 | AmbRel: 1.0e-04
    Baseline MSE: 9.8e-09 | Inner MSE: 5.8e-09 | Ambient MSE: 3.5e-12 | Drift Ratio: 1679.60
    r_eff=1168/1280 (91.2%)  e_src: 3.960e+00 | e_L: 3.960e+00 | e_R: 3.957e+00 | e_tgt: 4.129e-03
Vis_L16.attn.qkv  Base->Stage2    | Spec: 1.1e-04 | Baseline_RelErr: 5.7e-03 | InnerRel: 4.4e-03 | AmbRel: 1.1e-04
    Baseline MSE: 1.0e-08 | Inner MSE: 6.2e-09 | Ambient MSE: 3.8e-12 | Drift Ratio: 1636.30
    r_eff=1168/1280 (91.2%)  e_src: 3.961e+00 | e_L: 3.960e+00 | e_R: 3.957e+00 | e_tgt: 4.323e-03
Processing Vis_L16.attn.proj...
Vis_L16.attn.proj  Base->Stage1    | Spec: 5.9e-05 | Baseline_RelErr: 2.0e-03 | InnerRel: 5.9e-05 | AmbRel: 5.9e-05
    Baseline MSE: 1.2e-09 | Inner MSE: 1.0e-12 | Ambient MSE: 1.0e-12 | Drift Ratio: 1.00
    r_eff=941/1280 (73.5%)  e_src: 2.207e+00 | e_L: 2.206e+00 | e_R: 2.206e+00 | e_tgt: 1.297e-03
Vis_L16.attn.proj  Stage1->Stage2  | Spec: 1.7e-04 | Baseline_RelErr: 5.7e-03 | InnerRel: 1.7e-04 | AmbRel: 1.7e-04
    Baseline MSE: 9.9e-09 | Inner MSE: 8.1e-12 | Ambient MSE: 8.1e-12 | Drift Ratio: 1.00
    r_eff=941/1280 (73.5%)  e_src: 2.208e+00 | e_L: 2.207e+00 | e_R: 2.207e+00 | e_tgt: 3.651e-03
Vis_L16.attn.proj  Base->Stage2    | Spec: 1.7e-04 | Baseline_RelErr: 6.0e-03 | InnerRel: 1.7e-04 | AmbRel: 1.7e-04
    Baseline MSE: 1.1e-08 | Inner MSE: 9.1e-12 | Ambient MSE: 9.1e-12 | Drift Ratio: 1.00
    r_eff=941/1280 (73.5%)  e_src: 2.208e+00 | e_L: 2.207e+00 | e_R: 2.207e+00 | e_tgt: 3.865e-03
Processing Vis_L16.mlp.gate_proj...
Vis_L16.mlp.gate_proj  Base->Stage1    | Spec: 3.6e-05 | Baseline_RelErr: 2.0e-03 | InnerRel: 1.6e-03 | AmbRel: 3.6e-05
    Baseline MSE: 1.2e-09 | Inner MSE: 7.4e-10 | Ambient MSE: 4.0e-13 | Drift Ratio: 1847.33
    r_eff=1187/1280 (92.7%)  e_src: 3.645e+00 | e_L: 3.645e+00 | e_R: 3.645e+00 | e_tgt: 1.327e-03
Vis_L16.mlp.gate_proj  Stage1->Stage2  | Spec: 1.0e-04 | Baseline_RelErr: 5.7e-03 | InnerRel: 4.4e-03 | AmbRel: 1.0e-04
    Baseline MSE: 9.8e-09 | Inner MSE: 6.0e-09 | Ambient MSE: 3.1e-12 | Drift Ratio: 1909.35
    r_eff=1187/1280 (92.7%)  e_src: 3.648e+00 | e_L: 3.648e+00 | e_R: 3.645e+00 | e_tgt: 3.695e-03
Vis_L16.mlp.gate_proj  Base->Stage2    | Spec: 1.1e-04 | Baseline_RelErr: 5.9e-03 | InnerRel: 4.6e-03 | AmbRel: 1.1e-04
    Baseline MSE: 1.1e-08 | Inner MSE: 6.4e-09 | Ambient MSE: 3.4e-12 | Drift Ratio: 1865.46
    r_eff=1187/1280 (92.7%)  e_src: 3.649e+00 | e_L: 3.649e+00 | e_R: 3.645e+00 | e_tgt: 3.870e-03
Processing Vis_L16.mlp.up_proj...
Vis_L16.mlp.up_proj  Base->Stage1    | Spec: 3.1e-05 | Baseline_RelErr: 1.8e-03 | InnerRel: 1.4e-03 | AmbRel: 3.1e-05
    Baseline MSE: 1.2e-09 | Inner MSE: 7.3e-10 | Ambient MSE: 3.4e-13 | Drift Ratio: 2177.35
    r_eff=1186/1280 (92.7%)  e_src: 3.919e+00 | e_L: 3.919e+00 | e_R: 3.919e+00 | e_tgt: 1.213e-03
Vis_L16.mlp.up_proj  Stage1->Stage2  | Spec: 9.3e-05 | Baseline_RelErr: 5.3e-03 | InnerRel: 4.2e-03 | AmbRel: 9.3e-05
    Baseline MSE: 1.0e-08 | Inner MSE: 6.1e-09 | Ambient MSE: 3.0e-12 | Drift Ratio: 1995.19
    r_eff=1186/1280 (92.7%)  e_src: 3.922e+00 | e_L: 3.922e+00 | e_R: 3.919e+00 | e_tgt: 3.650e-03
Vis_L16.mlp.up_proj  Base->Stage2    | Spec: 9.7e-05 | Baseline_RelErr: 5.5e-03 | InnerRel: 4.3e-03 | AmbRel: 9.7e-05
    Baseline MSE: 1.1e-08 | Inner MSE: 6.5e-09 | Ambient MSE: 3.3e-12 | Drift Ratio: 1959.14
    r_eff=1186/1280 (92.7%)  e_src: 3.923e+00 | e_L: 3.923e+00 | e_R: 3.919e+00 | e_tgt: 3.809e-03
Processing Vis_L16.mlp.down_proj...
Vis_L16.mlp.down_proj  Base->Stage1    | Spec: 3.5e-05 | Baseline_RelErr: 1.9e-03 | InnerRel: 1.4e-03 | AmbRel: 3.5e-05
    Baseline MSE: 1.2e-09 | Inner MSE: 7.0e-10 | Ambient MSE: 4.1e-13 | Drift Ratio: 1712.73
    r_eff=1202/1280 (93.9%)  e_src: 3.853e+00 | e_L: 3.852e+00 | e_R: 3.853e+00 | e_tgt: 1.340e-03
Vis_L16.mlp.down_proj  Stage1->Stage2  | Spec: 1.1e-04 | Baseline_RelErr: 5.4e-03 | InnerRel: 4.1e-03 | AmbRel: 1.1e-04
    Baseline MSE: 9.9e-09 | Inner MSE: 5.8e-09 | Ambient MSE: 4.5e-12 | Drift Ratio: 1278.06
    r_eff=1202/1280 (93.9%)  e_src: 3.856e+00 | e_L: 3.853e+00 | e_R: 3.856e+00 | e_tgt: 4.455e-03
Vis_L16.mlp.down_proj  Base->Stage2    | Spec: 1.2e-04 | Baseline_RelErr: 5.5e-03 | InnerRel: 4.2e-03 | AmbRel: 1.2e-04
    Baseline MSE: 1.1e-08 | Inner MSE: 6.2e-09 | Ambient MSE: 4.7e-12 | Drift Ratio: 1304.43
    r_eff=1202/1280 (93.9%)  e_src: 3.856e+00 | e_L: 3.853e+00 | e_R: 3.856e+00 | e_tgt: 4.548e-03
Processing Vis_L17.attn.qkv...
Vis_L17.attn.qkv  Base->Stage1    | Spec: 3.5e-05 | Baseline_RelErr: 1.9e-03 | InnerRel: 1.5e-03 | AmbRel: 3.5e-05
    Baseline MSE: 1.2e-09 | Inner MSE: 7.3e-10 | Ambient MSE: 4.2e-13 | Drift Ratio: 1737.95
    r_eff=1172/1280 (91.6%)  e_src: 4.042e+00 | e_L: 4.042e+00 | e_R: 4.041e+00 | e_tgt: 1.439e-03
Vis_L17.attn.qkv  Stage1->Stage2  | Spec: 9.9e-05 | Baseline_RelErr: 5.4e-03 | InnerRel: 4.2e-03 | AmbRel: 9.9e-05
    Baseline MSE: 9.7e-09 | Inner MSE: 5.8e-09 | Ambient MSE: 3.3e-12 | Drift Ratio: 1762.12
    r_eff=1172/1280 (91.6%)  e_src: 4.045e+00 | e_L: 4.045e+00 | e_R: 4.042e+00 | e_tgt: 4.016e-03
Vis_L17.attn.qkv  Base->Stage2    | Spec: 1.0e-04 | Baseline_RelErr: 5.6e-03 | InnerRel: 4.3e-03 | AmbRel: 1.0e-04
    Baseline MSE: 1.0e-08 | Inner MSE: 6.1e-09 | Ambient MSE: 3.6e-12 | Drift Ratio: 1718.21
    r_eff=1172/1280 (91.6%)  e_src: 4.045e+00 | e_L: 4.045e+00 | e_R: 4.042e+00 | e_tgt: 4.193e-03
Processing Vis_L17.attn.proj...
Vis_L17.attn.proj  Base->Stage1    | Spec: 5.9e-05 | Baseline_RelErr: 2.0e-03 | InnerRel: 5.9e-05 | AmbRel: 5.9e-05
    Baseline MSE: 1.2e-09 | Inner MSE: 1.1e-12 | Ambient MSE: 1.1e-12 | Drift Ratio: 1.00
    r_eff=943/1280 (73.7%)  e_src: 2.252e+00 | e_L: 2.252e+00 | e_R: 2.252e+00 | e_tgt: 1.341e-03
Vis_L17.attn.proj  Stage1->Stage2  | Spec: 1.7e-04 | Baseline_RelErr: 5.6e-03 | InnerRel: 1.7e-04 | AmbRel: 1.7e-04
    Baseline MSE: 9.8e-09 | Inner MSE: 8.8e-12 | Ambient MSE: 8.8e-12 | Drift Ratio: 1.00
    r_eff=943/1280 (73.7%)  e_src: 2.253e+00 | e_L: 2.253e+00 | e_R: 2.253e+00 | e_tgt: 3.797e-03
Vis_L17.attn.proj  Base->Stage2    | Spec: 1.7e-04 | Baseline_RelErr: 5.8e-03 | InnerRel: 1.7e-04 | AmbRel: 1.7e-04
    Baseline MSE: 1.0e-08 | Inner MSE: 9.2e-12 | Ambient MSE: 9.2e-12 | Drift Ratio: 1.00
    r_eff=943/1280 (73.7%)  e_src: 2.254e+00 | e_L: 2.253e+00 | e_R: 2.253e+00 | e_tgt: 3.891e-03
Processing Vis_L17.mlp.gate_proj...
Vis_L17.mlp.gate_proj  Base->Stage1    | Spec: 3.4e-05 | Baseline_RelErr: 2.0e-03 | InnerRel: 1.5e-03 | AmbRel: 3.4e-05
    Baseline MSE: 1.2e-09 | Inner MSE: 7.4e-10 | Ambient MSE: 3.6e-13 | Drift Ratio: 2053.42
    r_eff=1189/1280 (92.9%)  e_src: 3.703e+00 | e_L: 3.703e+00 | e_R: 3.703e+00 | e_tgt: 1.256e-03
Vis_L17.mlp.gate_proj  Stage1->Stage2  | Spec: 9.4e-05 | Baseline_RelErr: 5.6e-03 | InnerRel: 4.4e-03 | AmbRel: 9.4e-05
    Baseline MSE: 9.9e-09 | Inner MSE: 6.1e-09 | Ambient MSE: 2.8e-12 | Drift Ratio: 2174.44
    r_eff=1189/1280 (92.9%)  e_src: 3.707e+00 | e_L: 3.707e+00 | e_R: 3.703e+00 | e_tgt: 3.496e-03
Vis_L17.mlp.gate_proj  Base->Stage2    | Spec: 9.7e-05 | Baseline_RelErr: 5.8e-03 | InnerRel: 4.5e-03 | AmbRel: 9.7e-05
    Baseline MSE: 1.1e-08 | Inner MSE: 6.5e-09 | Ambient MSE: 3.0e-12 | Drift Ratio: 2188.68
    r_eff=1189/1280 (92.9%)  e_src: 3.707e+00 | e_L: 3.707e+00 | e_R: 3.703e+00 | e_tgt: 3.606e-03
Processing Vis_L17.mlp.up_proj...
Vis_L17.mlp.up_proj  Base->Stage1    | Spec: 3.0e-05 | Baseline_RelErr: 1.7e-03 | InnerRel: 1.4e-03 | AmbRel: 3.0e-05
    Baseline MSE: 1.2e-09 | Inner MSE: 7.2e-10 | Ambient MSE: 3.5e-13 | Drift Ratio: 2041.61
    r_eff=1185/1280 (92.6%)  e_src: 4.093e+00 | e_L: 4.093e+00 | e_R: 4.093e+00 | e_tgt: 1.242e-03
Vis_L17.mlp.up_proj  Stage1->Stage2  | Spec: 9.1e-05 | Baseline_RelErr: 5.1e-03 | InnerRel: 4.0e-03 | AmbRel: 9.1e-05
    Baseline MSE: 1.0e-08 | Inner MSE: 6.1e-09 | Ambient MSE: 3.2e-12 | Drift Ratio: 1910.21
    r_eff=1185/1280 (92.6%)  e_src: 4.096e+00 | e_L: 4.096e+00 | e_R: 4.093e+00 | e_tgt: 3.744e-03
Vis_L17.mlp.up_proj  Base->Stage2    | Spec: 9.6e-05 | Baseline_RelErr: 5.3e-03 | InnerRel: 4.1e-03 | AmbRel: 9.6e-05
    Baseline MSE: 1.1e-08 | Inner MSE: 6.5e-09 | Ambient MSE: 3.5e-12 | Drift Ratio: 1859.52
    r_eff=1185/1280 (92.6%)  e_src: 4.097e+00 | e_L: 4.096e+00 | e_R: 4.093e+00 | e_tgt: 3.921e-03
Processing Vis_L17.mlp.down_proj...
Vis_L17.mlp.down_proj  Base->Stage1    | Spec: 3.2e-05 | Baseline_RelErr: 1.8e-03 | InnerRel: 1.4e-03 | AmbRel: 3.2e-05
    Baseline MSE: 1.2e-09 | Inner MSE: 6.9e-10 | Ambient MSE: 3.5e-13 | Drift Ratio: 1953.23
    r_eff=1204/1280 (94.1%)  e_src: 3.880e+00 | e_L: 3.880e+00 | e_R: 3.880e+00 | e_tgt: 1.244e-03
Vis_L17.mlp.down_proj  Stage1->Stage2  | Spec: 9.8e-05 | Baseline_RelErr: 5.3e-03 | InnerRel: 4.1e-03 | AmbRel: 9.8e-05
    Baseline MSE: 1.0e-08 | Inner MSE: 5.8e-09 | Ambient MSE: 3.3e-12 | Drift Ratio: 1743.43
    r_eff=1204/1280 (94.1%)  e_src: 3.883e+00 | e_L: 3.880e+00 | e_R: 3.883e+00 | e_tgt: 3.823e-03
Vis_L17.mlp.down_proj  Base->Stage2    | Spec: 1.0e-04 | Baseline_RelErr: 5.5e-03 | InnerRel: 4.2e-03 | AmbRel: 1.0e-04
    Baseline MSE: 1.1e-08 | Inner MSE: 6.2e-09 | Ambient MSE: 3.6e-12 | Drift Ratio: 1703.35
    r_eff=1204/1280 (94.1%)  e_src: 3.883e+00 | e_L: 3.880e+00 | e_R: 3.883e+00 | e_tgt: 3.987e-03
Processing Vis_L18.attn.qkv...
Vis_L18.attn.qkv  Base->Stage1    | Spec: 3.2e-05 | Baseline_RelErr: 1.8e-03 | InnerRel: 1.4e-03 | AmbRel: 3.2e-05
    Baseline MSE: 1.2e-09 | Inner MSE: 7.3e-10 | Ambient MSE: 3.7e-13 | Drift Ratio: 1958.36
    r_eff=1180/1280 (92.2%)  e_src: 4.168e+00 | e_L: 4.168e+00 | e_R: 4.168e+00 | e_tgt: 1.355e-03
Vis_L18.attn.qkv  Stage1->Stage2  | Spec: 1.0e-04 | Baseline_RelErr: 5.3e-03 | InnerRel: 4.1e-03 | AmbRel: 1.0e-04
    Baseline MSE: 1.0e-08 | Inner MSE: 6.1e-09 | Ambient MSE: 3.6e-12 | Drift Ratio: 1705.22
    r_eff=1180/1280 (92.2%)  e_src: 4.172e+00 | e_L: 4.172e+00 | e_R: 4.168e+00 | e_tgt: 4.181e-03
Vis_L18.attn.qkv  Base->Stage2    | Spec: 1.0e-04 | Baseline_RelErr: 5.5e-03 | InnerRel: 4.2e-03 | AmbRel: 1.0e-04
    Baseline MSE: 1.1e-08 | Inner MSE: 6.4e-09 | Ambient MSE: 3.9e-12 | Drift Ratio: 1659.48
    r_eff=1180/1280 (92.2%)  e_src: 4.172e+00 | e_L: 4.172e+00 | e_R: 4.168e+00 | e_tgt: 4.365e-03
Processing Vis_L18.attn.proj...
Vis_L18.attn.proj  Base->Stage1    | Spec: 5.1e-05 | Baseline_RelErr: 1.8e-03 | InnerRel: 5.1e-05 | AmbRel: 5.1e-05
    Baseline MSE: 1.2e-09 | Inner MSE: 9.3e-13 | Ambient MSE: 9.3e-13 | Drift Ratio: 1.00
    r_eff=949/1280 (74.1%)  e_src: 2.425e+00 | e_L: 2.425e+00 | e_R: 2.425e+00 | e_tgt: 1.235e-03
Vis_L18.attn.proj  Stage1->Stage2  | Spec: 1.5e-04 | Baseline_RelErr: 5.3e-03 | InnerRel: 1.5e-04 | AmbRel: 1.5e-04
    Baseline MSE: 1.0e-08 | Inner MSE: 7.9e-12 | Ambient MSE: 7.9e-12 | Drift Ratio: 1.00
    r_eff=949/1280 (74.1%)  e_src: 2.426e+00 | e_L: 2.426e+00 | e_R: 2.426e+00 | e_tgt: 3.600e-03
Vis_L18.attn.proj  Base->Stage2    | Spec: 1.5e-04 | Baseline_RelErr: 5.5e-03 | InnerRel: 1.5e-04 | AmbRel: 1.5e-04
    Baseline MSE: 1.1e-08 | Inner MSE: 8.5e-12 | Ambient MSE: 8.5e-12 | Drift Ratio: 1.00
    r_eff=949/1280 (74.1%)  e_src: 2.426e+00 | e_L: 2.426e+00 | e_R: 2.426e+00 | e_tgt: 3.732e-03
Processing Vis_L18.mlp.gate_proj...
Vis_L18.mlp.gate_proj  Base->Stage1    | Spec: 3.4e-05 | Baseline_RelErr: 1.9e-03 | InnerRel: 1.5e-03 | AmbRel: 3.4e-05
    Baseline MSE: 1.2e-09 | Inner MSE: 7.3e-10 | Ambient MSE: 3.6e-13 | Drift Ratio: 2034.46
    r_eff=1194/1280 (93.3%)  e_src: 3.718e+00 | e_L: 3.718e+00 | e_R: 3.717e+00 | e_tgt: 1.257e-03
Vis_L18.mlp.gate_proj  Stage1->Stage2  | Spec: 1.0e-04 | Baseline_RelErr: 5.6e-03 | InnerRel: 4.4e-03 | AmbRel: 1.0e-04
    Baseline MSE: 9.9e-09 | Inner MSE: 6.1e-09 | Ambient MSE: 3.2e-12 | Drift Ratio: 1894.71
    r_eff=1194/1280 (93.3%)  e_src: 3.721e+00 | e_L: 3.721e+00 | e_R: 3.718e+00 | e_tgt: 3.739e-03
Vis_L18.mlp.gate_proj  Base->Stage2    | Spec: 1.0e-04 | Baseline_RelErr: 5.8e-03 | InnerRel: 4.5e-03 | AmbRel: 1.0e-04
    Baseline MSE: 1.1e-08 | Inner MSE: 6.5e-09 | Ambient MSE: 3.3e-12 | Drift Ratio: 1952.87
    r_eff=1194/1280 (93.3%)  e_src: 3.721e+00 | e_L: 3.721e+00 | e_R: 3.718e+00 | e_tgt: 3.814e-03
Processing Vis_L18.mlp.up_proj...
Vis_L18.mlp.up_proj  Base->Stage1    | Spec: 3.1e-05 | Baseline_RelErr: 1.8e-03 | InnerRel: 1.4e-03 | AmbRel: 3.1e-05
    Baseline MSE: 1.2e-09 | Inner MSE: 7.1e-10 | Ambient MSE: 3.4e-13 | Drift Ratio: 2075.87
    r_eff=1194/1280 (93.3%)  e_src: 3.974e+00 | e_L: 3.974e+00 | e_R: 3.974e+00 | e_tgt: 1.227e-03
Vis_L18.mlp.up_proj  Stage1->Stage2  | Spec: 9.3e-05 | Baseline_RelErr: 5.3e-03 | InnerRel: 4.1e-03 | AmbRel: 9.3e-05
    Baseline MSE: 1.0e-08 | Inner MSE: 6.1e-09 | Ambient MSE: 3.1e-12 | Drift Ratio: 1971.71
    r_eff=1194/1280 (93.3%)  e_src: 3.978e+00 | e_L: 3.978e+00 | e_R: 3.974e+00 | e_tgt: 3.692e-03
Vis_L18.mlp.up_proj  Base->Stage2    | Spec: 9.5e-05 | Baseline_RelErr: 5.4e-03 | InnerRel: 4.3e-03 | AmbRel: 9.5e-05
    Baseline MSE: 1.1e-08 | Inner MSE: 6.5e-09 | Ambient MSE: 3.3e-12 | Drift Ratio: 1989.76
    r_eff=1194/1280 (93.3%)  e_src: 3.978e+00 | e_L: 3.978e+00 | e_R: 3.974e+00 | e_tgt: 3.794e-03
Processing Vis_L18.mlp.down_proj...
Vis_L18.mlp.down_proj  Base->Stage1    | Spec: 3.2e-05 | Baseline_RelErr: 1.8e-03 | InnerRel: 1.4e-03 | AmbRel: 3.2e-05
    Baseline MSE: 1.1e-09 | Inner MSE: 6.8e-10 | Ambient MSE: 3.7e-13 | Drift Ratio: 1856.17
    r_eff=1205/1280 (94.1%)  e_src: 3.922e+00 | e_L: 3.921e+00 | e_R: 3.922e+00 | e_tgt: 1.267e-03
Vis_L18.mlp.down_proj  Stage1->Stage2  | Spec: 9.7e-05 | Baseline_RelErr: 5.3e-03 | InnerRel: 4.1e-03 | AmbRel: 9.7e-05
    Baseline MSE: 1.0e-08 | Inner MSE: 5.8e-09 | Ambient MSE: 3.3e-12 | Drift Ratio: 1760.65
    r_eff=1205/1280 (94.1%)  e_src: 3.925e+00 | e_L: 3.922e+00 | e_R: 3.925e+00 | e_tgt: 3.811e-03
Vis_L18.mlp.down_proj  Base->Stage2    | Spec: 1.0e-04 | Baseline_RelErr: 5.5e-03 | InnerRel: 4.2e-03 | AmbRel: 1.0e-04
    Baseline MSE: 1.1e-08 | Inner MSE: 6.2e-09 | Ambient MSE: 3.6e-12 | Drift Ratio: 1738.85
    r_eff=1205/1280 (94.1%)  e_src: 3.925e+00 | e_L: 3.922e+00 | e_R: 3.925e+00 | e_tgt: 3.949e-03
Processing Vis_L19.attn.qkv...
Vis_L19.attn.qkv  Base->Stage1    | Spec: 3.3e-05 | Baseline_RelErr: 1.8e-03 | InnerRel: 1.4e-03 | AmbRel: 3.3e-05
    Baseline MSE: 1.2e-09 | Inner MSE: 7.4e-10 | Ambient MSE: 4.0e-13 | Drift Ratio: 1863.85
    r_eff=1184/1280 (92.5%)  e_src: 4.170e+00 | e_L: 4.170e+00 | e_R: 4.169e+00 | e_tgt: 1.399e-03
Vis_L19.attn.qkv  Stage1->Stage2  | Spec: 1.0e-04 | Baseline_RelErr: 5.3e-03 | InnerRel: 4.1e-03 | AmbRel: 1.0e-04
    Baseline MSE: 1.0e-08 | Inner MSE: 6.2e-09 | Ambient MSE: 3.8e-12 | Drift Ratio: 1614.31
    r_eff=1184/1280 (92.5%)  e_src: 4.173e+00 | e_L: 4.173e+00 | e_R: 4.169e+00 | e_tgt: 4.331e-03
Vis_L19.attn.qkv  Base->Stage2    | Spec: 1.1e-04 | Baseline_RelErr: 5.5e-03 | InnerRel: 4.3e-03 | AmbRel: 1.1e-04
    Baseline MSE: 1.1e-08 | Inner MSE: 6.5e-09 | Ambient MSE: 4.0e-12 | Drift Ratio: 1619.95
    r_eff=1184/1280 (92.5%)  e_src: 4.173e+00 | e_L: 4.173e+00 | e_R: 4.169e+00 | e_tgt: 4.456e-03
Processing Vis_L19.attn.proj...
Vis_L19.attn.proj  Base->Stage1    | Spec: 5.6e-05 | Baseline_RelErr: 1.8e-03 | InnerRel: 5.6e-05 | AmbRel: 5.6e-05
    Baseline MSE: 1.2e-09 | Inner MSE: 1.1e-12 | Ambient MSE: 1.1e-12 | Drift Ratio: 1.00
    r_eff=953/1280 (74.5%)  e_src: 2.437e+00 | e_L: 2.437e+00 | e_R: 2.437e+00 | e_tgt: 1.360e-03
Vis_L19.attn.proj  Stage1->Stage2  | Spec: 1.5e-04 | Baseline_RelErr: 5.3e-03 | InnerRel: 1.5e-04 | AmbRel: 1.5e-04
    Baseline MSE: 1.0e-08 | Inner MSE: 8.6e-12 | Ambient MSE: 8.6e-12 | Drift Ratio: 1.00
    r_eff=953/1280 (74.5%)  e_src: 2.438e+00 | e_L: 2.438e+00 | e_R: 2.438e+00 | e_tgt: 3.744e-03
Vis_L19.attn.proj  Base->Stage2    | Spec: 1.6e-04 | Baseline_RelErr: 5.5e-03 | InnerRel: 1.6e-04 | AmbRel: 1.6e-04
    Baseline MSE: 1.1e-08 | Inner MSE: 8.8e-12 | Ambient MSE: 8.8e-12 | Drift Ratio: 1.00
    r_eff=953/1280 (74.5%)  e_src: 2.439e+00 | e_L: 2.438e+00 | e_R: 2.438e+00 | e_tgt: 3.805e-03
Processing Vis_L19.mlp.gate_proj...
Vis_L19.mlp.gate_proj  Base->Stage1    | Spec: 3.3e-05 | Baseline_RelErr: 1.9e-03 | InnerRel: 1.5e-03 | AmbRel: 3.3e-05
    Baseline MSE: 1.2e-09 | Inner MSE: 7.3e-10 | Ambient MSE: 3.6e-13 | Drift Ratio: 2044.44
    r_eff=1195/1280 (93.4%)  e_src: 3.785e+00 | e_L: 3.785e+00 | e_R: 3.784e+00 | e_tgt: 1.254e-03
Vis_L19.mlp.gate_proj  Stage1->Stage2  | Spec: 9.7e-05 | Baseline_RelErr: 5.5e-03 | InnerRel: 4.3e-03 | AmbRel: 9.7e-05
    Baseline MSE: 1.0e-08 | Inner MSE: 6.2e-09 | Ambient MSE: 3.1e-12 | Drift Ratio: 1998.52
    r_eff=1195/1280 (93.4%)  e_src: 3.788e+00 | e_L: 3.788e+00 | e_R: 3.785e+00 | e_tgt: 3.699e-03
Vis_L19.mlp.gate_proj  Base->Stage2    | Spec: 1.0e-04 | Baseline_RelErr: 5.7e-03 | InnerRel: 4.5e-03 | AmbRel: 1.0e-04
    Baseline MSE: 1.1e-08 | Inner MSE: 6.7e-09 | Ambient MSE: 3.4e-12 | Drift Ratio: 1961.30
    r_eff=1195/1280 (93.4%)  e_src: 3.789e+00 | e_L: 3.789e+00 | e_R: 3.785e+00 | e_tgt: 3.859e-03
Processing Vis_L19.mlp.up_proj...
Vis_L19.mlp.up_proj  Base->Stage1    | Spec: 3.1e-05 | Baseline_RelErr: 1.8e-03 | InnerRel: 1.4e-03 | AmbRel: 3.1e-05
    Baseline MSE: 1.1e-09 | Inner MSE: 7.1e-10 | Ambient MSE: 3.6e-13 | Drift Ratio: 1970.62
    r_eff=1195/1280 (93.4%)  e_src: 4.010e+00 | e_L: 4.010e+00 | e_R: 4.009e+00 | e_tgt: 1.253e-03
Vis_L19.mlp.up_proj  Stage1->Stage2  | Spec: 9.0e-05 | Baseline_RelErr: 5.2e-03 | InnerRel: 4.1e-03 | AmbRel: 9.0e-05
    Baseline MSE: 1.0e-08 | Inner MSE: 6.2e-09 | Ambient MSE: 3.0e-12 | Drift Ratio: 2079.13
    r_eff=1195/1280 (93.4%)  e_src: 4.013e+00 | e_L: 4.013e+00 | e_R: 4.009e+00 | e_tgt: 3.609e-03
Vis_L19.mlp.up_proj  Base->Stage2    | Spec: 9.4e-05 | Baseline_RelErr: 5.4e-03 | InnerRel: 4.2e-03 | AmbRel: 9.4e-05
    Baseline MSE: 1.1e-08 | Inner MSE: 6.6e-09 | Ambient MSE: 3.3e-12 | Drift Ratio: 2027.10
    r_eff=1195/1280 (93.4%)  e_src: 4.013e+00 | e_L: 4.013e+00 | e_R: 4.009e+00 | e_tgt: 3.773e-03
Processing Vis_L19.mlp.down_proj...
Vis_L19.mlp.down_proj  Base->Stage1    | Spec: 3.2e-05 | Baseline_RelErr: 1.8e-03 | InnerRel: 1.4e-03 | AmbRel: 3.2e-05
    Baseline MSE: 1.1e-09 | Inner MSE: 6.8e-10 | Ambient MSE: 3.8e-13 | Drift Ratio: 1790.95
    r_eff=1207/1280 (94.3%)  e_src: 3.954e+00 | e_L: 3.953e+00 | e_R: 3.954e+00 | e_tgt: 1.292e-03
Vis_L19.mlp.down_proj  Stage1->Stage2  | Spec: 9.4e-05 | Baseline_RelErr: 5.3e-03 | InnerRel: 4.0e-03 | AmbRel: 9.4e-05
    Baseline MSE: 1.0e-08 | Inner MSE: 5.9e-09 | Ambient MSE: 3.2e-12 | Drift Ratio: 1829.40
    r_eff=1207/1280 (94.3%)  e_src: 3.957e+00 | e_L: 3.954e+00 | e_R: 3.957e+00 | e_tgt: 3.760e-03
Vis_L19.mlp.down_proj  Base->Stage2    | Spec: 9.7e-05 | Baseline_RelErr: 5.4e-03 | InnerRel: 4.2e-03 | AmbRel: 9.7e-05
    Baseline MSE: 1.1e-08 | Inner MSE: 6.3e-09 | Ambient MSE: 3.4e-12 | Drift Ratio: 1854.53
    r_eff=1207/1280 (94.3%)  e_src: 3.957e+00 | e_L: 3.954e+00 | e_R: 3.957e+00 | e_tgt: 3.847e-03
Processing Vis_L20.attn.qkv...
Vis_L20.attn.qkv  Base->Stage1    | Spec: 3.2e-05 | Baseline_RelErr: 1.8e-03 | InnerRel: 1.4e-03 | AmbRel: 3.2e-05
    Baseline MSE: 1.2e-09 | Inner MSE: 7.4e-10 | Ambient MSE: 3.7e-13 | Drift Ratio: 1994.46
    r_eff=1186/1280 (92.7%)  e_src: 4.281e+00 | e_L: 4.281e+00 | e_R: 4.281e+00 | e_tgt: 1.352e-03
Vis_L20.attn.qkv  Stage1->Stage2  | Spec: 9.6e-05 | Baseline_RelErr: 5.3e-03 | InnerRel: 4.1e-03 | AmbRel: 9.6e-05
    Baseline MSE: 1.0e-08 | Inner MSE: 6.3e-09 | Ambient MSE: 3.4e-12 | Drift Ratio: 1853.22
    r_eff=1186/1280 (92.7%)  e_src: 4.285e+00 | e_L: 4.285e+00 | e_R: 4.281e+00 | e_tgt: 4.100e-03
Vis_L20.attn.qkv  Base->Stage2    | Spec: 9.8e-05 | Baseline_RelErr: 5.4e-03 | InnerRel: 4.2e-03 | AmbRel: 9.8e-05
    Baseline MSE: 1.1e-08 | Inner MSE: 6.7e-09 | Ambient MSE: 3.6e-12 | Drift Ratio: 1868.70
    r_eff=1186/1280 (92.7%)  e_src: 4.285e+00 | e_L: 4.285e+00 | e_R: 4.281e+00 | e_tgt: 4.203e-03
Processing Vis_L20.attn.proj...
Vis_L20.attn.proj  Base->Stage1    | Spec: 5.0e-05 | Baseline_RelErr: 1.8e-03 | InnerRel: 5.0e-05 | AmbRel: 5.0e-05
    Baseline MSE: 1.2e-09 | Inner MSE: 9.3e-13 | Ambient MSE: 9.3e-13 | Drift Ratio: 1.00
    r_eff=957/1280 (74.8%)  e_src: 2.444e+00 | e_L: 2.444e+00 | e_R: 2.444e+00 | e_tgt: 1.232e-03
Vis_L20.attn.proj  Stage1->Stage2  | Spec: 1.5e-04 | Baseline_RelErr: 5.4e-03 | InnerRel: 1.5e-04 | AmbRel: 1.5e-04
    Baseline MSE: 1.1e-08 | Inner MSE: 8.5e-12 | Ambient MSE: 8.5e-12 | Drift Ratio: 1.00
    r_eff=957/1280 (74.8%)  e_src: 2.445e+00 | e_L: 2.445e+00 | e_R: 2.445e+00 | e_tgt: 3.722e-03
Vis_L20.attn.proj  Base->Stage2    | Spec: 1.6e-04 | Baseline_RelErr: 5.5e-03 | InnerRel: 1.6e-04 | AmbRel: 1.6e-04
    Baseline MSE: 1.1e-08 | Inner MSE: 9.1e-12 | Ambient MSE: 9.1e-12 | Drift Ratio: 1.00
    r_eff=957/1280 (74.8%)  e_src: 2.445e+00 | e_L: 2.445e+00 | e_R: 2.445e+00 | e_tgt: 3.852e-03
Processing Vis_L20.mlp.gate_proj...
Vis_L20.mlp.gate_proj  Base->Stage1    | Spec: 3.3e-05 | Baseline_RelErr: 1.9e-03 | InnerRel: 1.5e-03 | AmbRel: 3.3e-05
    Baseline MSE: 1.2e-09 | Inner MSE: 7.3e-10 | Ambient MSE: 3.6e-13 | Drift Ratio: 2006.59
    r_eff=1197/1280 (93.5%)  e_src: 3.830e+00 | e_L: 3.830e+00 | e_R: 3.830e+00 | e_tgt: 1.263e-03
Vis_L20.mlp.gate_proj  Stage1->Stage2  | Spec: 9.2e-05 | Baseline_RelErr: 5.4e-03 | InnerRel: 4.3e-03 | AmbRel: 9.2e-05
    Baseline MSE: 1.0e-08 | Inner MSE: 6.2e-09 | Ambient MSE: 2.9e-12 | Drift Ratio: 2152.45
    r_eff=1197/1280 (93.5%)  e_src: 3.833e+00 | e_L: 3.833e+00 | e_R: 3.830e+00 | e_tgt: 3.548e-03
Vis_L20.mlp.gate_proj  Base->Stage2    | Spec: 9.5e-05 | Baseline_RelErr: 5.6e-03 | InnerRel: 4.4e-03 | AmbRel: 9.5e-05
    Baseline MSE: 1.1e-08 | Inner MSE: 6.6e-09 | Ambient MSE: 3.1e-12 | Drift Ratio: 2146.64
    r_eff=1197/1280 (93.5%)  e_src: 3.834e+00 | e_L: 3.833e+00 | e_R: 3.830e+00 | e_tgt: 3.674e-03
Processing Vis_L20.mlp.up_proj...
Vis_L20.mlp.up_proj  Base->Stage1    | Spec: 3.1e-05 | Baseline_RelErr: 1.7e-03 | InnerRel: 1.4e-03 | AmbRel: 3.1e-05
    Baseline MSE: 1.1e-09 | Inner MSE: 7.1e-10 | Ambient MSE: 3.5e-13 | Drift Ratio: 2009.90
    r_eff=1198/1280 (93.6%)  e_src: 4.038e+00 | e_L: 4.038e+00 | e_R: 4.038e+00 | e_tgt: 1.241e-03
Vis_L20.mlp.up_proj  Stage1->Stage2  | Spec: 8.7e-05 | Baseline_RelErr: 5.2e-03 | InnerRel: 4.0e-03 | AmbRel: 8.7e-05
    Baseline MSE: 1.0e-08 | Inner MSE: 6.2e-09 | Ambient MSE: 2.9e-12 | Drift Ratio: 2159.74
    r_eff=1198/1280 (93.6%)  e_src: 4.042e+00 | e_L: 4.041e+00 | e_R: 4.038e+00 | e_tgt: 3.541e-03
Vis_L20.mlp.up_proj  Base->Stage2    | Spec: 9.2e-05 | Baseline_RelErr: 5.3e-03 | InnerRel: 4.2e-03 | AmbRel: 9.2e-05
    Baseline MSE: 1.1e-08 | Inner MSE: 6.6e-09 | Ambient MSE: 3.2e-12 | Drift Ratio: 2077.68
    r_eff=1198/1280 (93.6%)  e_src: 4.042e+00 | e_L: 4.042e+00 | e_R: 4.038e+00 | e_tgt: 3.729e-03
Processing Vis_L20.mlp.down_proj...
Vis_L20.mlp.down_proj  Base->Stage1    | Spec: 3.2e-05 | Baseline_RelErr: 1.8e-03 | InnerRel: 1.4e-03 | AmbRel: 3.2e-05
    Baseline MSE: 1.1e-09 | Inner MSE: 6.8e-10 | Ambient MSE: 3.7e-13 | Drift Ratio: 1824.41
    r_eff=1207/1280 (94.3%)  e_src: 4.033e+00 | e_L: 4.032e+00 | e_R: 4.033e+00 | e_tgt: 1.279e-03
Vis_L20.mlp.down_proj  Stage1->Stage2  | Spec: 9.7e-05 | Baseline_RelErr: 5.2e-03 | InnerRel: 4.0e-03 | AmbRel: 9.7e-05
    Baseline MSE: 1.0e-08 | Inner MSE: 5.9e-09 | Ambient MSE: 3.5e-12 | Drift Ratio: 1700.26
    r_eff=1207/1280 (94.3%)  e_src: 4.036e+00 | e_L: 4.032e+00 | e_R: 4.036e+00 | e_tgt: 3.908e-03
Vis_L20.mlp.down_proj  Base->Stage2    | Spec: 9.8e-05 | Baseline_RelErr: 5.4e-03 | InnerRel: 4.1e-03 | AmbRel: 9.8e-05
    Baseline MSE: 1.1e-08 | Inner MSE: 6.3e-09 | Ambient MSE: 3.6e-12 | Drift Ratio: 1762.26
    r_eff=1207/1280 (94.3%)  e_src: 4.036e+00 | e_L: 4.032e+00 | e_R: 4.036e+00 | e_tgt: 3.954e-03
Processing Vis_L21.attn.qkv...
Vis_L21.attn.qkv  Base->Stage1    | Spec: 3.2e-05 | Baseline_RelErr: 1.7e-03 | InnerRel: 1.4e-03 | AmbRel: 3.2e-05
    Baseline MSE: 1.2e-09 | Inner MSE: 7.3e-10 | Ambient MSE: 3.8e-13 | Drift Ratio: 1913.79
    r_eff=1190/1280 (93.0%)  e_src: 4.304e+00 | e_L: 4.304e+00 | e_R: 4.304e+00 | e_tgt: 1.373e-03
Vis_L21.attn.qkv  Stage1->Stage2  | Spec: 9.6e-05 | Baseline_RelErr: 5.2e-03 | InnerRel: 4.1e-03 | AmbRel: 9.6e-05
    Baseline MSE: 1.0e-08 | Inner MSE: 6.4e-09 | Ambient MSE: 3.5e-12 | Drift Ratio: 1822.06
    r_eff=1190/1280 (93.0%)  e_src: 4.308e+00 | e_L: 4.307e+00 | e_R: 4.304e+00 | e_tgt: 4.152e-03
Vis_L21.attn.qkv  Base->Stage2    | Spec: 1.0e-04 | Baseline_RelErr: 5.4e-03 | InnerRel: 4.2e-03 | AmbRel: 1.0e-04
    Baseline MSE: 1.1e-08 | Inner MSE: 6.8e-09 | Ambient MSE: 4.0e-12 | Drift Ratio: 1714.13
    r_eff=1190/1280 (93.0%)  e_src: 4.308e+00 | e_L: 4.308e+00 | e_R: 4.304e+00 | e_tgt: 4.409e-03
Processing Vis_L21.attn.proj...
Vis_L21.attn.proj  Base->Stage1    | Spec: 5.1e-05 | Baseline_RelErr: 1.8e-03 | InnerRel: 5.1e-05 | AmbRel: 5.1e-05
    Baseline MSE: 1.2e-09 | Inner MSE: 9.7e-13 | Ambient MSE: 9.7e-13 | Drift Ratio: 1.00
    r_eff=956/1280 (74.7%)  e_src: 2.488e+00 | e_L: 2.488e+00 | e_R: 2.488e+00 | e_tgt: 1.261e-03
Vis_L21.attn.proj  Stage1->Stage2  | Spec: 1.4e-04 | Baseline_RelErr: 5.2e-03 | InnerRel: 1.4e-04 | AmbRel: 1.4e-04
    Baseline MSE: 1.0e-08 | Inner MSE: 7.8e-12 | Ambient MSE: 7.8e-12 | Drift Ratio: 1.00
    r_eff=956/1280 (74.7%)  e_src: 2.489e+00 | e_L: 2.489e+00 | e_R: 2.489e+00 | e_tgt: 3.565e-03
Vis_L21.attn.proj  Base->Stage2    | Spec: 1.5e-04 | Baseline_RelErr: 5.4e-03 | InnerRel: 1.5e-04 | AmbRel: 1.5e-04
    Baseline MSE: 1.1e-08 | Inner MSE: 8.7e-12 | Ambient MSE: 8.7e-12 | Drift Ratio: 1.00
    r_eff=956/1280 (74.7%)  e_src: 2.489e+00 | e_L: 2.489e+00 | e_R: 2.489e+00 | e_tgt: 3.781e-03
Processing Vis_L21.mlp.gate_proj...
Vis_L21.mlp.gate_proj  Base->Stage1    | Spec: 3.1e-05 | Baseline_RelErr: 1.8e-03 | InnerRel: 1.4e-03 | AmbRel: 3.1e-05
    Baseline MSE: 1.2e-09 | Inner MSE: 7.3e-10 | Ambient MSE: 3.3e-13 | Drift Ratio: 2209.86
    r_eff=1198/1280 (93.6%)  e_src: 3.905e+00 | e_L: 3.905e+00 | e_R: 3.905e+00 | e_tgt: 1.200e-03
Vis_L21.mlp.gate_proj  Stage1->Stage2  | Spec: 9.0e-05 | Baseline_RelErr: 5.3e-03 | InnerRel: 4.2e-03 | AmbRel: 9.0e-05
    Baseline MSE: 1.0e-08 | Inner MSE: 6.2e-09 | Ambient MSE: 2.8e-12 | Drift Ratio: 2192.86
    r_eff=1198/1280 (93.6%)  e_src: 3.908e+00 | e_L: 3.908e+00 | e_R: 3.905e+00 | e_tgt: 3.520e-03
Vis_L21.mlp.gate_proj  Base->Stage2    | Spec: 9.3e-05 | Baseline_RelErr: 5.5e-03 | InnerRel: 4.3e-03 | AmbRel: 9.3e-05
    Baseline MSE: 1.1e-08 | Inner MSE: 6.6e-09 | Ambient MSE: 3.0e-12 | Drift Ratio: 2191.39
    r_eff=1198/1280 (93.6%)  e_src: 3.909e+00 | e_L: 3.909e+00 | e_R: 3.905e+00 | e_tgt: 3.637e-03
Processing Vis_L21.mlp.up_proj...
Vis_L21.mlp.up_proj  Base->Stage1    | Spec: 3.0e-05 | Baseline_RelErr: 1.7e-03 | InnerRel: 1.4e-03 | AmbRel: 3.0e-05
    Baseline MSE: 1.2e-09 | Inner MSE: 7.2e-10 | Ambient MSE: 3.6e-13 | Drift Ratio: 2018.64
    r_eff=1200/1280 (93.8%)  e_src: 4.096e+00 | e_L: 4.096e+00 | e_R: 4.095e+00 | e_tgt: 1.250e-03
Vis_L21.mlp.up_proj  Stage1->Stage2  | Spec: 8.7e-05 | Baseline_RelErr: 5.1e-03 | InnerRel: 4.0e-03 | AmbRel: 8.7e-05
    Baseline MSE: 1.0e-08 | Inner MSE: 6.2e-09 | Ambient MSE: 3.0e-12 | Drift Ratio: 2109.30
    r_eff=1200/1280 (93.8%)  e_src: 4.099e+00 | e_L: 4.099e+00 | e_R: 4.096e+00 | e_tgt: 3.601e-03
Vis_L21.mlp.up_proj  Base->Stage2    | Spec: 9.0e-05 | Baseline_RelErr: 5.3e-03 | InnerRel: 4.1e-03 | AmbRel: 9.0e-05
    Baseline MSE: 1.1e-08 | Inner MSE: 6.7e-09 | Ambient MSE: 3.2e-12 | Drift Ratio: 2105.55
    r_eff=1200/1280 (93.8%)  e_src: 4.099e+00 | e_L: 4.099e+00 | e_R: 4.096e+00 | e_tgt: 3.722e-03
Processing Vis_L21.mlp.down_proj...
Vis_L21.mlp.down_proj  Base->Stage1    | Spec: 3.0e-05 | Baseline_RelErr: 1.7e-03 | InnerRel: 1.4e-03 | AmbRel: 3.0e-05
    Baseline MSE: 1.2e-09 | Inner MSE: 7.0e-10 | Ambient MSE: 3.5e-13 | Drift Ratio: 1964.55
    r_eff=1207/1280 (94.3%)  e_src: 4.076e+00 | e_L: 4.076e+00 | e_R: 4.076e+00 | e_tgt: 1.246e-03
Vis_L21.mlp.down_proj  Stage1->Stage2  | Spec: 8.9e-05 | Baseline_RelErr: 5.2e-03 | InnerRel: 4.0e-03 | AmbRel: 8.9e-05
    Baseline MSE: 1.0e-08 | Inner MSE: 6.1e-09 | Ambient MSE: 3.0e-12 | Drift Ratio: 2002.17
    r_eff=1207/1280 (94.3%)  e_src: 4.079e+00 | e_L: 4.076e+00 | e_R: 4.079e+00 | e_tgt: 3.652e-03
Vis_L21.mlp.down_proj  Base->Stage2    | Spec: 9.1e-05 | Baseline_RelErr: 5.3e-03 | InnerRel: 4.1e-03 | AmbRel: 9.1e-05
    Baseline MSE: 1.1e-08 | Inner MSE: 6.5e-09 | Ambient MSE: 3.2e-12 | Drift Ratio: 2050.17
    r_eff=1207/1280 (94.3%)  e_src: 4.079e+00 | e_L: 4.076e+00 | e_R: 4.079e+00 | e_tgt: 3.720e-03
Processing Vis_L22.attn.qkv...
Vis_L22.attn.qkv  Base->Stage1    | Spec: 3.2e-05 | Baseline_RelErr: 1.7e-03 | InnerRel: 1.4e-03 | AmbRel: 3.2e-05
    Baseline MSE: 1.2e-09 | Inner MSE: 7.3e-10 | Ambient MSE: 3.8e-13 | Drift Ratio: 1912.06
    r_eff=1192/1280 (93.1%)  e_src: 4.318e+00 | e_L: 4.318e+00 | e_R: 4.318e+00 | e_tgt: 1.370e-03
Vis_L22.attn.qkv  Stage1->Stage2  | Spec: 9.3e-05 | Baseline_RelErr: 5.1e-03 | InnerRel: 4.0e-03 | AmbRel: 9.3e-05
    Baseline MSE: 1.0e-08 | Inner MSE: 6.2e-09 | Ambient MSE: 3.4e-12 | Drift Ratio: 1843.67
    r_eff=1192/1280 (93.1%)  e_src: 4.321e+00 | e_L: 4.321e+00 | e_R: 4.318e+00 | e_tgt: 4.060e-03
Vis_L22.attn.qkv  Base->Stage2    | Spec: 9.5e-05 | Baseline_RelErr: 5.3e-03 | InnerRel: 4.1e-03 | AmbRel: 9.5e-05
    Baseline MSE: 1.1e-08 | Inner MSE: 6.6e-09 | Ambient MSE: 3.5e-12 | Drift Ratio: 1881.72
    r_eff=1192/1280 (93.1%)  e_src: 4.322e+00 | e_L: 4.321e+00 | e_R: 4.318e+00 | e_tgt: 4.140e-03
Processing Vis_L22.attn.proj...
Vis_L22.attn.proj  Base->Stage1    | Spec: 5.4e-05 | Baseline_RelErr: 1.8e-03 | InnerRel: 5.4e-05 | AmbRel: 5.4e-05
    Baseline MSE: 1.2e-09 | Inner MSE: 1.1e-12 | Ambient MSE: 1.1e-12 | Drift Ratio: 1.00
    r_eff=960/1280 (75.0%)  e_src: 2.500e+00 | e_L: 2.500e+00 | e_R: 2.500e+00 | e_tgt: 1.365e-03
Vis_L22.attn.proj  Stage1->Stage2  | Spec: 1.6e-04 | Baseline_RelErr: 5.1e-03 | InnerRel: 1.6e-04 | AmbRel: 1.6e-04
    Baseline MSE: 1.0e-08 | Inner MSE: 9.4e-12 | Ambient MSE: 9.4e-12 | Drift Ratio: 1.00
    r_eff=960/1280 (75.0%)  e_src: 2.501e+00 | e_L: 2.501e+00 | e_R: 2.501e+00 | e_tgt: 3.919e-03
Vis_L22.attn.proj  Base->Stage2    | Spec: 1.7e-04 | Baseline_RelErr: 5.3e-03 | InnerRel: 1.7e-04 | AmbRel: 1.7e-04
    Baseline MSE: 1.1e-08 | Inner MSE: 1.1e-11 | Ambient MSE: 1.1e-11 | Drift Ratio: 1.00
    r_eff=960/1280 (75.0%)  e_src: 2.501e+00 | e_L: 2.501e+00 | e_R: 2.501e+00 | e_tgt: 4.167e-03
Processing Vis_L22.mlp.gate_proj...
Vis_L22.mlp.gate_proj  Base->Stage1    | Spec: 3.1e-05 | Baseline_RelErr: 1.8e-03 | InnerRel: 1.4e-03 | AmbRel: 3.1e-05
    Baseline MSE: 1.2e-09 | Inner MSE: 7.4e-10 | Ambient MSE: 3.4e-13 | Drift Ratio: 2196.02
    r_eff=1199/1280 (93.7%)  e_src: 3.951e+00 | e_L: 3.951e+00 | e_R: 3.951e+00 | e_tgt: 1.213e-03
Vis_L22.mlp.gate_proj  Stage1->Stage2  | Spec: 9.6e-05 | Baseline_RelErr: 5.3e-03 | InnerRel: 4.2e-03 | AmbRel: 9.6e-05
    Baseline MSE: 1.0e-08 | Inner MSE: 6.4e-09 | Ambient MSE: 3.3e-12 | Drift Ratio: 1910.33
    r_eff=1199/1280 (93.7%)  e_src: 3.954e+00 | e_L: 3.954e+00 | e_R: 3.951e+00 | e_tgt: 3.815e-03
Vis_L22.mlp.gate_proj  Base->Stage2    | Spec: 1.0e-04 | Baseline_RelErr: 5.5e-03 | InnerRel: 4.3e-03 | AmbRel: 1.0e-04
    Baseline MSE: 1.1e-08 | Inner MSE: 6.8e-09 | Ambient MSE: 3.6e-12 | Drift Ratio: 1890.27
    r_eff=1199/1280 (93.7%)  e_src: 3.955e+00 | e_L: 3.954e+00 | e_R: 3.951e+00 | e_tgt: 3.964e-03
Processing Vis_L22.mlp.up_proj...
Vis_L22.mlp.up_proj  Base->Stage1    | Spec: 2.9e-05 | Baseline_RelErr: 1.7e-03 | InnerRel: 1.3e-03 | AmbRel: 2.9e-05
    Baseline MSE: 1.1e-09 | Inner MSE: 7.0e-10 | Ambient MSE: 3.4e-13 | Drift Ratio: 2047.88
    r_eff=1201/1280 (93.8%)  e_src: 4.154e+00 | e_L: 4.154e+00 | e_R: 4.154e+00 | e_tgt: 1.225e-03
Vis_L22.mlp.up_proj  Stage1->Stage2  | Spec: 8.6e-05 | Baseline_RelErr: 5.1e-03 | InnerRel: 4.0e-03 | AmbRel: 8.6e-05
    Baseline MSE: 1.0e-08 | Inner MSE: 6.2e-09 | Ambient MSE: 2.9e-12 | Drift Ratio: 2147.25
    r_eff=1201/1280 (93.8%)  e_src: 4.158e+00 | e_L: 4.158e+00 | e_R: 4.155e+00 | e_tgt: 3.564e-03
Vis_L22.mlp.up_proj  Base->Stage2    | Spec: 9.1e-05 | Baseline_RelErr: 5.2e-03 | InnerRel: 4.1e-03 | AmbRel: 9.1e-05
    Baseline MSE: 1.1e-08 | Inner MSE: 6.6e-09 | Ambient MSE: 3.3e-12 | Drift Ratio: 2031.06
    r_eff=1201/1280 (93.8%)  e_src: 4.158e+00 | e_L: 4.158e+00 | e_R: 4.155e+00 | e_tgt: 3.780e-03
Processing Vis_L22.mlp.down_proj...
Vis_L22.mlp.down_proj  Base->Stage1    | Spec: 3.3e-05 | Baseline_RelErr: 1.7e-03 | InnerRel: 1.3e-03 | AmbRel: 3.3e-05
    Baseline MSE: 1.2e-09 | Inner MSE: 7.0e-10 | Ambient MSE: 4.1e-13 | Drift Ratio: 1682.34
    r_eff=1205/1280 (94.1%)  e_src: 4.098e+00 | e_L: 4.098e+00 | e_R: 4.098e+00 | e_tgt: 1.347e-03
Vis_L22.mlp.down_proj  Stage1->Stage2  | Spec: 9.1e-05 | Baseline_RelErr: 5.1e-03 | InnerRel: 4.0e-03 | AmbRel: 9.1e-05
    Baseline MSE: 1.0e-08 | Inner MSE: 6.1e-09 | Ambient MSE: 3.2e-12 | Drift Ratio: 1927.43
    r_eff=1205/1280 (94.1%)  e_src: 4.101e+00 | e_L: 4.098e+00 | e_R: 4.101e+00 | e_tgt: 3.736e-03
Vis_L22.mlp.down_proj  Base->Stage2    | Spec: 9.6e-05 | Baseline_RelErr: 5.3e-03 | InnerRel: 4.1e-03 | AmbRel: 9.6e-05
    Baseline MSE: 1.1e-08 | Inner MSE: 6.5e-09 | Ambient MSE: 3.6e-12 | Drift Ratio: 1830.81
    r_eff=1205/1280 (94.1%)  e_src: 4.101e+00 | e_L: 4.098e+00 | e_R: 4.101e+00 | e_tgt: 3.954e-03
Processing Vis_L23.attn.qkv...
Vis_L23.attn.qkv  Base->Stage1    | Spec: 2.9e-05 | Baseline_RelErr: 1.6e-03 | InnerRel: 1.3e-03 | AmbRel: 2.9e-05
    Baseline MSE: 1.1e-09 | Inner MSE: 7.3e-10 | Ambient MSE: 3.5e-13 | Drift Ratio: 2056.47
    r_eff=1188/1280 (92.8%)  e_src: 4.585e+00 | e_L: 4.585e+00 | e_R: 4.584e+00 | e_tgt: 1.319e-03
Vis_L23.attn.qkv  Stage1->Stage2  | Spec: 8.6e-05 | Baseline_RelErr: 4.7e-03 | InnerRel: 3.8e-03 | AmbRel: 8.6e-05
    Baseline MSE: 9.7e-09 | Inner MSE: 6.1e-09 | Ambient MSE: 3.2e-12 | Drift Ratio: 1920.11
    r_eff=1188/1280 (92.8%)  e_src: 4.588e+00 | e_L: 4.588e+00 | e_R: 4.585e+00 | e_tgt: 3.953e-03
Vis_L23.attn.qkv  Base->Stage2    | Spec: 9.0e-05 | Baseline_RelErr: 4.9e-03 | InnerRel: 3.9e-03 | AmbRel: 9.0e-05
    Baseline MSE: 1.0e-08 | Inner MSE: 6.5e-09 | Ambient MSE: 3.5e-12 | Drift Ratio: 1853.04
    r_eff=1188/1280 (92.8%)  e_src: 4.588e+00 | e_L: 4.588e+00 | e_R: 4.585e+00 | e_tgt: 4.157e-03
Processing Vis_L23.attn.proj...
Vis_L23.attn.proj  Base->Stage1    | Spec: 3.7e-05 | Baseline_RelErr: 1.3e-03 | InnerRel: 3.7e-05 | AmbRel: 3.7e-05
    Baseline MSE: 9.9e-10 | Inner MSE: 8.2e-13 | Ambient MSE: 8.2e-13 | Drift Ratio: 1.00
    r_eff=970/1280 (75.8%)  e_src: 3.089e+00 | e_L: 3.089e+00 | e_R: 3.089e+00 | e_tgt: 1.156e-03
Vis_L23.attn.proj  Stage1->Stage2  | Spec: 1.2e-04 | Baseline_RelErr: 4.1e-03 | InnerRel: 1.2e-04 | AmbRel: 1.2e-04
    Baseline MSE: 9.9e-09 | Inner MSE: 9.0e-12 | Ambient MSE: 9.0e-12 | Drift Ratio: 1.00
    r_eff=970/1280 (75.8%)  e_src: 3.090e+00 | e_L: 3.089e+00 | e_R: 3.089e+00 | e_tgt: 3.831e-03
Vis_L23.attn.proj  Base->Stage2    | Spec: 1.3e-04 | Baseline_RelErr: 4.2e-03 | InnerRel: 1.3e-04 | AmbRel: 1.3e-04
    Baseline MSE: 1.0e-08 | Inner MSE: 9.4e-12 | Ambient MSE: 9.4e-12 | Drift Ratio: 1.00
    r_eff=970/1280 (75.8%)  e_src: 3.090e+00 | e_L: 3.089e+00 | e_R: 3.089e+00 | e_tgt: 3.922e-03
Processing Vis_L23.mlp.gate_proj...
Vis_L23.mlp.gate_proj  Base->Stage1    | Spec: 3.1e-05 | Baseline_RelErr: 1.8e-03 | InnerRel: 1.4e-03 | AmbRel: 3.1e-05
    Baseline MSE: 1.2e-09 | Inner MSE: 7.5e-10 | Ambient MSE: 3.5e-13 | Drift Ratio: 2124.53
    r_eff=1194/1280 (93.3%)  e_src: 4.012e+00 | e_L: 4.012e+00 | e_R: 4.012e+00 | e_tgt: 1.241e-03
Vis_L23.mlp.gate_proj  Stage1->Stage2  | Spec: 9.3e-05 | Baseline_RelErr: 5.3e-03 | InnerRel: 4.2e-03 | AmbRel: 9.3e-05
    Baseline MSE: 1.0e-08 | Inner MSE: 6.5e-09 | Ambient MSE: 3.2e-12 | Drift Ratio: 2027.43
    r_eff=1194/1280 (93.3%)  e_src: 4.015e+00 | e_L: 4.015e+00 | e_R: 4.012e+00 | e_tgt: 3.742e-03
Vis_L23.mlp.gate_proj  Base->Stage2    | Spec: 9.5e-05 | Baseline_RelErr: 5.5e-03 | InnerRel: 4.3e-03 | AmbRel: 9.5e-05
    Baseline MSE: 1.1e-08 | Inner MSE: 6.9e-09 | Ambient MSE: 3.3e-12 | Drift Ratio: 2079.69
    r_eff=1194/1280 (93.3%)  e_src: 4.016e+00 | e_L: 4.016e+00 | e_R: 4.012e+00 | e_tgt: 3.819e-03
Processing Vis_L23.mlp.up_proj...
Vis_L23.mlp.up_proj  Base->Stage1    | Spec: 2.9e-05 | Baseline_RelErr: 1.7e-03 | InnerRel: 1.3e-03 | AmbRel: 2.9e-05
    Baseline MSE: 1.1e-09 | Inner MSE: 7.1e-10 | Ambient MSE: 3.5e-13 | Drift Ratio: 2024.75
    r_eff=1197/1280 (93.5%)  e_src: 4.248e+00 | e_L: 4.248e+00 | e_R: 4.248e+00 | e_tgt: 1.240e-03
Vis_L23.mlp.up_proj  Stage1->Stage2  | Spec: 8.6e-05 | Baseline_RelErr: 5.0e-03 | InnerRel: 4.0e-03 | AmbRel: 8.6e-05
    Baseline MSE: 1.0e-08 | Inner MSE: 6.5e-09 | Ambient MSE: 3.1e-12 | Drift Ratio: 2093.39
    r_eff=1197/1280 (93.5%)  e_src: 4.251e+00 | e_L: 4.251e+00 | e_R: 4.248e+00 | e_tgt: 3.674e-03
Vis_L23.mlp.up_proj  Base->Stage2    | Spec: 8.9e-05 | Baseline_RelErr: 5.2e-03 | InnerRel: 4.1e-03 | AmbRel: 8.9e-05
    Baseline MSE: 1.1e-08 | Inner MSE: 6.9e-09 | Ambient MSE: 3.2e-12 | Drift Ratio: 2116.59
    r_eff=1197/1280 (93.5%)  e_src: 4.251e+00 | e_L: 4.251e+00 | e_R: 4.248e+00 | e_tgt: 3.767e-03
Processing Vis_L23.mlp.down_proj...
Vis_L23.mlp.down_proj  Base->Stage1    | Spec: 2.9e-05 | Baseline_RelErr: 1.7e-03 | InnerRel: 1.3e-03 | AmbRel: 2.9e-05
    Baseline MSE: 1.2e-09 | Inner MSE: 7.1e-10 | Ambient MSE: 3.5e-13 | Drift Ratio: 2063.23
    r_eff=1209/1280 (94.5%)  e_src: 4.195e+00 | e_L: 4.195e+00 | e_R: 4.195e+00 | e_tgt: 1.230e-03
Vis_L23.mlp.down_proj  Stage1->Stage2  | Spec: 8.9e-05 | Baseline_RelErr: 5.1e-03 | InnerRel: 4.0e-03 | AmbRel: 8.9e-05
    Baseline MSE: 1.0e-08 | Inner MSE: 6.3e-09 | Ambient MSE: 3.2e-12 | Drift Ratio: 1959.01
    r_eff=1209/1280 (94.5%)  e_src: 4.198e+00 | e_L: 4.195e+00 | e_R: 4.198e+00 | e_tgt: 3.767e-03
Vis_L23.mlp.down_proj  Base->Stage2    | Spec: 9.1e-05 | Baseline_RelErr: 5.2e-03 | InnerRel: 4.1e-03 | AmbRel: 9.1e-05
    Baseline MSE: 1.1e-08 | Inner MSE: 6.8e-09 | Ambient MSE: 3.4e-12 | Drift Ratio: 1991.06
    r_eff=1209/1280 (94.5%)  e_src: 4.199e+00 | e_L: 4.195e+00 | e_R: 4.198e+00 | e_tgt: 3.854e-03
Processing Vis_L24.attn.qkv...
Vis_L24.attn.qkv  Base->Stage1    | Spec: 2.9e-05 | Baseline_RelErr: 1.7e-03 | InnerRel: 1.3e-03 | AmbRel: 2.9e-05
    Baseline MSE: 1.2e-09 | Inner MSE: 7.5e-10 | Ambient MSE: 3.5e-13 | Drift Ratio: 2130.20
    r_eff=1197/1280 (93.5%)  e_src: 4.523e+00 | e_L: 4.523e+00 | e_R: 4.522e+00 | e_tgt: 1.318e-03
Vis_L24.attn.qkv  Stage1->Stage2  | Spec: 9.2e-05 | Baseline_RelErr: 5.0e-03 | InnerRel: 4.0e-03 | AmbRel: 9.2e-05
    Baseline MSE: 1.1e-08 | Inner MSE: 6.6e-09 | Ambient MSE: 3.6e-12 | Drift Ratio: 1833.78
    r_eff=1197/1280 (93.5%)  e_src: 4.526e+00 | e_L: 4.526e+00 | e_R: 4.523e+00 | e_tgt: 4.210e-03
Vis_L24.attn.qkv  Base->Stage2    | Spec: 9.5e-05 | Baseline_RelErr: 5.2e-03 | InnerRel: 4.1e-03 | AmbRel: 9.5e-05
    Baseline MSE: 1.1e-08 | Inner MSE: 7.0e-09 | Ambient MSE: 3.8e-12 | Drift Ratio: 1840.95
    r_eff=1197/1280 (93.5%)  e_src: 4.526e+00 | e_L: 4.526e+00 | e_R: 4.523e+00 | e_tgt: 4.330e-03
Processing Vis_L24.attn.proj...
Vis_L24.attn.proj  Base->Stage1    | Spec: 4.8e-05 | Baseline_RelErr: 1.7e-03 | InnerRel: 4.8e-05 | AmbRel: 4.8e-05
    Baseline MSE: 1.2e-09 | Inner MSE: 9.9e-13 | Ambient MSE: 9.9e-13 | Drift Ratio: 1.00
    r_eff=964/1280 (75.3%)  e_src: 2.639e+00 | e_L: 2.639e+00 | e_R: 2.639e+00 | e_tgt: 1.274e-03
Vis_L24.attn.proj  Stage1->Stage2  | Spec: 1.4e-04 | Baseline_RelErr: 4.9e-03 | InnerRel: 1.4e-04 | AmbRel: 1.4e-04
    Baseline MSE: 1.0e-08 | Inner MSE: 8.1e-12 | Ambient MSE: 8.1e-12 | Drift Ratio: 1.00
    r_eff=964/1280 (75.3%)  e_src: 2.641e+00 | e_L: 2.640e+00 | e_R: 2.640e+00 | e_tgt: 3.638e-03
Vis_L24.attn.proj  Base->Stage2    | Spec: 1.4e-04 | Baseline_RelErr: 5.1e-03 | InnerRel: 1.4e-04 | AmbRel: 1.4e-04
    Baseline MSE: 1.1e-08 | Inner MSE: 8.5e-12 | Ambient MSE: 8.5e-12 | Drift Ratio: 1.00
    r_eff=964/1280 (75.3%)  e_src: 2.641e+00 | e_L: 2.640e+00 | e_R: 2.640e+00 | e_tgt: 3.734e-03
Processing Vis_L24.mlp.gate_proj...
Vis_L24.mlp.gate_proj  Base->Stage1    | Spec: 2.9e-05 | Baseline_RelErr: 1.7e-03 | InnerRel: 1.4e-03 | AmbRel: 2.9e-05
    Baseline MSE: 1.2e-09 | Inner MSE: 7.4e-10 | Ambient MSE: 3.3e-13 | Drift Ratio: 2213.04
    r_eff=1195/1280 (93.4%)  e_src: 4.121e+00 | e_L: 4.121e+00 | e_R: 4.121e+00 | e_tgt: 1.207e-03
Vis_L24.mlp.gate_proj  Stage1->Stage2  | Spec: 9.1e-05 | Baseline_RelErr: 5.2e-03 | InnerRel: 4.1e-03 | AmbRel: 9.1e-05
    Baseline MSE: 1.0e-08 | Inner MSE: 6.5e-09 | Ambient MSE: 3.2e-12 | Drift Ratio: 2016.58
    r_eff=1195/1280 (93.4%)  e_src: 4.124e+00 | e_L: 4.124e+00 | e_R: 4.121e+00 | e_tgt: 3.763e-03
Vis_L24.mlp.gate_proj  Base->Stage2    | Spec: 9.2e-05 | Baseline_RelErr: 5.3e-03 | InnerRel: 4.2e-03 | AmbRel: 9.2e-05
    Baseline MSE: 1.1e-08 | Inner MSE: 7.0e-09 | Ambient MSE: 3.3e-12 | Drift Ratio: 2097.96
    r_eff=1195/1280 (93.4%)  e_src: 4.125e+00 | e_L: 4.125e+00 | e_R: 4.121e+00 | e_tgt: 3.812e-03
Processing Vis_L24.mlp.up_proj...
Vis_L24.mlp.up_proj  Base->Stage1    | Spec: 2.8e-05 | Baseline_RelErr: 1.6e-03 | InnerRel: 1.3e-03 | AmbRel: 2.8e-05
    Baseline MSE: 1.1e-09 | Inner MSE: 7.1e-10 | Ambient MSE: 3.4e-13 | Drift Ratio: 2064.95
    r_eff=1199/1280 (93.7%)  e_src: 4.358e+00 | e_L: 4.358e+00 | e_R: 4.358e+00 | e_tgt: 1.224e-03
Vis_L24.mlp.up_proj  Stage1->Stage2  | Spec: 8.8e-05 | Baseline_RelErr: 4.9e-03 | InnerRel: 3.8e-03 | AmbRel: 8.8e-05
    Baseline MSE: 1.0e-08 | Inner MSE: 6.5e-09 | Ambient MSE: 3.4e-12 | Drift Ratio: 1924.99
    r_eff=1199/1280 (93.7%)  e_src: 4.361e+00 | e_L: 4.361e+00 | e_R: 4.358e+00 | e_tgt: 3.832e-03
Vis_L24.mlp.up_proj  Base->Stage2    | Spec: 9.1e-05 | Baseline_RelErr: 5.0e-03 | InnerRel: 4.0e-03 | AmbRel: 9.1e-05
    Baseline MSE: 1.1e-08 | Inner MSE: 6.9e-09 | Ambient MSE: 3.6e-12 | Drift Ratio: 1895.24
    r_eff=1199/1280 (93.7%)  e_src: 4.362e+00 | e_L: 4.361e+00 | e_R: 4.358e+00 | e_tgt: 3.983e-03
Processing Vis_L24.mlp.down_proj...
Vis_L24.mlp.down_proj  Base->Stage1    | Spec: 2.9e-05 | Baseline_RelErr: 1.6e-03 | InnerRel: 1.3e-03 | AmbRel: 2.9e-05
    Baseline MSE: 1.2e-09 | Inner MSE: 7.1e-10 | Ambient MSE: 3.7e-13 | Drift Ratio: 1927.85
    r_eff=1208/1280 (94.4%)  e_src: 4.316e+00 | e_L: 4.316e+00 | e_R: 4.316e+00 | e_tgt: 1.272e-03
Vis_L24.mlp.down_proj  Stage1->Stage2  | Spec: 8.5e-05 | Baseline_RelErr: 4.9e-03 | InnerRel: 3.9e-03 | AmbRel: 8.5e-05
    Baseline MSE: 1.0e-08 | Inner MSE: 6.4e-09 | Ambient MSE: 3.1e-12 | Drift Ratio: 2049.28
    r_eff=1208/1280 (94.4%)  e_src: 4.319e+00 | e_L: 4.316e+00 | e_R: 4.319e+00 | e_tgt: 3.693e-03
Vis_L24.mlp.down_proj  Base->Stage2    | Spec: 8.8e-05 | Baseline_RelErr: 5.1e-03 | InnerRel: 4.0e-03 | AmbRel: 8.8e-05
    Baseline MSE: 1.1e-08 | Inner MSE: 6.8e-09 | Ambient MSE: 3.4e-12 | Drift Ratio: 2022.45
    r_eff=1208/1280 (94.4%)  e_src: 4.319e+00 | e_L: 4.316e+00 | e_R: 4.319e+00 | e_tgt: 3.833e-03
Processing Vis_L25.attn.qkv...
Vis_L25.attn.qkv  Base->Stage1    | Spec: 2.9e-05 | Baseline_RelErr: 1.6e-03 | InnerRel: 1.3e-03 | AmbRel: 2.9e-05
    Baseline MSE: 1.2e-09 | Inner MSE: 7.5e-10 | Ambient MSE: 3.8e-13 | Drift Ratio: 1951.57
    r_eff=1196/1280 (93.4%)  e_src: 4.674e+00 | e_L: 4.674e+00 | e_R: 4.673e+00 | e_tgt: 1.372e-03
Vis_L25.attn.qkv  Stage1->Stage2  | Spec: 8.6e-05 | Baseline_RelErr: 4.8e-03 | InnerRel: 3.8e-03 | AmbRel: 8.6e-05
    Baseline MSE: 1.1e-08 | Inner MSE: 6.5e-09 | Ambient MSE: 3.3e-12 | Drift Ratio: 1983.96
    r_eff=1196/1280 (93.4%)  e_src: 4.677e+00 | e_L: 4.677e+00 | e_R: 4.674e+00 | e_tgt: 4.022e-03
Vis_L25.attn.qkv  Base->Stage2    | Spec: 8.9e-05 | Baseline_RelErr: 5.0e-03 | InnerRel: 3.9e-03 | AmbRel: 8.9e-05
    Baseline MSE: 1.1e-08 | Inner MSE: 6.9e-09 | Ambient MSE: 3.6e-12 | Drift Ratio: 1930.16
    r_eff=1196/1280 (93.4%)  e_src: 4.677e+00 | e_L: 4.677e+00 | e_R: 4.674e+00 | e_tgt: 4.187e-03
Processing Vis_L25.attn.proj...
Vis_L25.attn.proj  Base->Stage1    | Spec: 4.7e-05 | Baseline_RelErr: 1.7e-03 | InnerRel: 4.7e-05 | AmbRel: 4.7e-05
    Baseline MSE: 1.2e-09 | Inner MSE: 1.0e-12 | Ambient MSE: 1.0e-12 | Drift Ratio: 1.00
    r_eff=953/1280 (74.5%)  e_src: 2.687e+00 | e_L: 2.687e+00 | e_R: 2.687e+00 | e_tgt: 1.279e-03
Vis_L25.attn.proj  Stage1->Stage2  | Spec: 1.5e-04 | Baseline_RelErr: 5.0e-03 | InnerRel: 1.5e-04 | AmbRel: 1.5e-04
    Baseline MSE: 1.1e-08 | Inner MSE: 9.4e-12 | Ambient MSE: 9.4e-12 | Drift Ratio: 1.00
    r_eff=953/1280 (74.5%)  e_src: 2.688e+00 | e_L: 2.688e+00 | e_R: 2.688e+00 | e_tgt: 3.930e-03
Vis_L25.attn.proj  Base->Stage2    | Spec: 1.5e-04 | Baseline_RelErr: 5.2e-03 | InnerRel: 1.5e-04 | AmbRel: 1.5e-04
    Baseline MSE: 1.2e-08 | Inner MSE: 9.8e-12 | Ambient MSE: 9.8e-12 | Drift Ratio: 1.00
    r_eff=953/1280 (74.5%)  e_src: 2.688e+00 | e_L: 2.688e+00 | e_R: 2.688e+00 | e_tgt: 3.998e-03
Processing Vis_L25.mlp.gate_proj...
Vis_L25.mlp.gate_proj  Base->Stage1    | Spec: 2.9e-05 | Baseline_RelErr: 1.7e-03 | InnerRel: 1.3e-03 | AmbRel: 2.9e-05
    Baseline MSE: 1.2e-09 | Inner MSE: 7.4e-10 | Ambient MSE: 3.4e-13 | Drift Ratio: 2174.46
    r_eff=1196/1280 (93.4%)  e_src: 4.221e+00 | e_L: 4.221e+00 | e_R: 4.220e+00 | e_tgt: 1.217e-03
Vis_L25.mlp.gate_proj  Stage1->Stage2  | Spec: 8.8e-05 | Baseline_RelErr: 5.1e-03 | InnerRel: 4.0e-03 | AmbRel: 8.8e-05
    Baseline MSE: 1.1e-08 | Inner MSE: 6.6e-09 | Ambient MSE: 3.1e-12 | Drift Ratio: 2105.70
    r_eff=1196/1280 (93.4%)  e_src: 4.224e+00 | e_L: 4.224e+00 | e_R: 4.221e+00 | e_tgt: 3.711e-03
Vis_L25.mlp.gate_proj  Base->Stage2    | Spec: 9.1e-05 | Baseline_RelErr: 5.3e-03 | InnerRel: 4.1e-03 | AmbRel: 9.1e-05
    Baseline MSE: 1.1e-08 | Inner MSE: 7.1e-09 | Ambient MSE: 3.4e-12 | Drift Ratio: 2065.19
    r_eff=1196/1280 (93.4%)  e_src: 4.224e+00 | e_L: 4.224e+00 | e_R: 4.221e+00 | e_tgt: 3.867e-03
Processing Vis_L25.mlp.up_proj...
Vis_L25.mlp.up_proj  Base->Stage1    | Spec: 2.8e-05 | Baseline_RelErr: 1.6e-03 | InnerRel: 1.2e-03 | AmbRel: 2.8e-05
    Baseline MSE: 1.2e-09 | Inner MSE: 7.2e-10 | Ambient MSE: 3.7e-13 | Drift Ratio: 1925.02
    r_eff=1201/1280 (93.8%)  e_src: 4.470e+00 | e_L: 4.470e+00 | e_R: 4.470e+00 | e_tgt: 1.280e-03
Vis_L25.mlp.up_proj  Stage1->Stage2  | Spec: 8.4e-05 | Baseline_RelErr: 4.8e-03 | InnerRel: 3.7e-03 | AmbRel: 8.4e-05
    Baseline MSE: 1.1e-08 | Inner MSE: 6.5e-09 | Ambient MSE: 3.3e-12 | Drift Ratio: 1973.65
    r_eff=1201/1280 (93.8%)  e_src: 4.473e+00 | e_L: 4.473e+00 | e_R: 4.470e+00 | e_tgt: 3.796e-03
Vis_L25.mlp.up_proj  Base->Stage2    | Spec: 8.7e-05 | Baseline_RelErr: 4.9e-03 | InnerRel: 3.9e-03 | AmbRel: 8.7e-05
    Baseline MSE: 1.1e-08 | Inner MSE: 6.9e-09 | Ambient MSE: 3.5e-12 | Drift Ratio: 1974.09
    r_eff=1201/1280 (93.8%)  e_src: 4.474e+00 | e_L: 4.474e+00 | e_R: 4.470e+00 | e_tgt: 3.913e-03
Processing Vis_L25.mlp.down_proj...
Vis_L25.mlp.down_proj  Base->Stage1    | Spec: 2.7e-05 | Baseline_RelErr: 1.6e-03 | InnerRel: 1.3e-03 | AmbRel: 2.7e-05
    Baseline MSE: 1.2e-09 | Inner MSE: 7.2e-10 | Ambient MSE: 3.4e-13 | Drift Ratio: 2131.16
    r_eff=1206/1280 (94.2%)  e_src: 4.428e+00 | e_L: 4.428e+00 | e_R: 4.428e+00 | e_tgt: 1.216e-03
Vis_L25.mlp.down_proj  Stage1->Stage2  | Spec: 9.4e-05 | Baseline_RelErr: 4.9e-03 | InnerRel: 3.8e-03 | AmbRel: 9.4e-05
    Baseline MSE: 1.1e-08 | Inner MSE: 6.5e-09 | Ambient MSE: 4.0e-12 | Drift Ratio: 1634.59
    r_eff=1206/1280 (94.2%)  e_src: 4.432e+00 | e_L: 4.429e+00 | e_R: 4.432e+00 | e_tgt: 4.179e-03
Vis_L25.mlp.down_proj  Base->Stage2    | Spec: 9.9e-05 | Baseline_RelErr: 5.0e-03 | InnerRel: 3.9e-03 | AmbRel: 9.9e-05
    Baseline MSE: 1.1e-08 | Inner MSE: 6.9e-09 | Ambient MSE: 4.4e-12 | Drift Ratio: 1577.41
    r_eff=1206/1280 (94.2%)  e_src: 4.432e+00 | e_L: 4.429e+00 | e_R: 4.432e+00 | e_tgt: 4.384e-03
Processing Vis_L26.attn.qkv...
Vis_L26.attn.qkv  Base->Stage1    | Spec: 2.6e-05 | Baseline_RelErr: 1.5e-03 | InnerRel: 1.2e-03 | AmbRel: 2.6e-05
    Baseline MSE: 1.1e-09 | Inner MSE: 7.2e-10 | Ambient MSE: 3.2e-13 | Drift Ratio: 2237.50
    r_eff=1198/1280 (93.6%)  e_src: 4.810e+00 | e_L: 4.810e+00 | e_R: 4.810e+00 | e_tgt: 1.260e-03
Vis_L26.attn.qkv  Stage1->Stage2  | Spec: 8.3e-05 | Baseline_RelErr: 4.7e-03 | InnerRel: 3.7e-03 | AmbRel: 8.3e-05
    Baseline MSE: 1.0e-08 | Inner MSE: 6.5e-09 | Ambient MSE: 3.2e-12 | Drift Ratio: 2008.69
    r_eff=1198/1280 (93.6%)  e_src: 4.813e+00 | e_L: 4.813e+00 | e_R: 4.810e+00 | e_tgt: 3.996e-03
Vis_L26.attn.qkv  Base->Stage2    | Spec: 8.7e-05 | Baseline_RelErr: 4.9e-03 | InnerRel: 3.8e-03 | AmbRel: 8.7e-05
    Baseline MSE: 1.1e-08 | Inner MSE: 6.9e-09 | Ambient MSE: 3.6e-12 | Drift Ratio: 1919.20
    r_eff=1198/1280 (93.6%)  e_src: 4.813e+00 | e_L: 4.813e+00 | e_R: 4.810e+00 | e_tgt: 4.206e-03
Processing Vis_L26.attn.proj...
Vis_L26.attn.proj  Base->Stage1    | Spec: 4.4e-05 | Baseline_RelErr: 1.6e-03 | InnerRel: 4.4e-05 | AmbRel: 4.4e-05
    Baseline MSE: 1.2e-09 | Inner MSE: 9.5e-13 | Ambient MSE: 9.5e-13 | Drift Ratio: 1.00
    r_eff=945/1280 (73.8%)  e_src: 2.823e+00 | e_L: 2.823e+00 | e_R: 2.823e+00 | e_tgt: 1.248e-03
Vis_L26.attn.proj  Stage1->Stage2  | Spec: 1.4e-04 | Baseline_RelErr: 4.7e-03 | InnerRel: 1.4e-04 | AmbRel: 1.4e-04
    Baseline MSE: 1.1e-08 | Inner MSE: 9.0e-12 | Ambient MSE: 9.0e-12 | Drift Ratio: 1.00
    r_eff=945/1280 (73.8%)  e_src: 2.824e+00 | e_L: 2.824e+00 | e_R: 2.824e+00 | e_tgt: 3.831e-03
Vis_L26.attn.proj  Base->Stage2    | Spec: 1.4e-04 | Baseline_RelErr: 4.9e-03 | InnerRel: 1.4e-04 | AmbRel: 1.4e-04
    Baseline MSE: 1.2e-08 | Inner MSE: 9.3e-12 | Ambient MSE: 9.3e-12 | Drift Ratio: 1.00
    r_eff=945/1280 (73.8%)  e_src: 2.825e+00 | e_L: 2.824e+00 | e_R: 2.824e+00 | e_tgt: 3.913e-03
Processing Vis_L26.mlp.gate_proj...
Vis_L26.mlp.gate_proj  Base->Stage1    | Spec: 3.0e-05 | Baseline_RelErr: 1.7e-03 | InnerRel: 1.3e-03 | AmbRel: 3.0e-05
    Baseline MSE: 1.2e-09 | Inner MSE: 7.6e-10 | Ambient MSE: 3.8e-13 | Drift Ratio: 1994.43
    r_eff=1197/1280 (93.5%)  e_src: 4.303e+00 | e_L: 4.303e+00 | e_R: 4.303e+00 | e_tgt: 1.290e-03
Vis_L26.mlp.gate_proj  Stage1->Stage2  | Spec: 8.6e-05 | Baseline_RelErr: 5.0e-03 | InnerRel: 4.0e-03 | AmbRel: 8.6e-05
    Baseline MSE: 1.1e-08 | Inner MSE: 6.8e-09 | Ambient MSE: 3.1e-12 | Drift Ratio: 2152.44
    r_eff=1197/1280 (93.5%)  e_src: 4.307e+00 | e_L: 4.307e+00 | e_R: 4.303e+00 | e_tgt: 3.707e-03
Vis_L26.mlp.gate_proj  Base->Stage2    | Spec: 8.9e-05 | Baseline_RelErr: 5.2e-03 | InnerRel: 4.1e-03 | AmbRel: 8.9e-05
    Baseline MSE: 1.2e-08 | Inner MSE: 7.2e-09 | Ambient MSE: 3.4e-12 | Drift Ratio: 2096.79
    r_eff=1197/1280 (93.5%)  e_src: 4.307e+00 | e_L: 4.307e+00 | e_R: 4.303e+00 | e_tgt: 3.878e-03
Processing Vis_L26.mlp.up_proj...
Vis_L26.mlp.up_proj  Base->Stage1    | Spec: 2.7e-05 | Baseline_RelErr: 1.5e-03 | InnerRel: 1.2e-03 | AmbRel: 2.7e-05
    Baseline MSE: 1.2e-09 | Inner MSE: 7.3e-10 | Ambient MSE: 3.5e-13 | Drift Ratio: 2093.40
    r_eff=1201/1280 (93.8%)  e_src: 4.624e+00 | e_L: 4.624e+00 | e_R: 4.623e+00 | e_tgt: 1.233e-03
Vis_L26.mlp.up_proj  Stage1->Stage2  | Spec: 8.3e-05 | Baseline_RelErr: 4.7e-03 | InnerRel: 3.7e-03 | AmbRel: 8.3e-05
    Baseline MSE: 1.1e-08 | Inner MSE: 6.7e-09 | Ambient MSE: 3.3e-12 | Drift Ratio: 1998.29
    r_eff=1201/1280 (93.8%)  e_src: 4.627e+00 | e_L: 4.627e+00 | e_R: 4.624e+00 | e_tgt: 3.826e-03
Vis_L26.mlp.up_proj  Base->Stage2    | Spec: 8.6e-05 | Baseline_RelErr: 4.8e-03 | InnerRel: 3.8e-03 | AmbRel: 8.6e-05
    Baseline MSE: 1.2e-08 | Inner MSE: 7.1e-09 | Ambient MSE: 3.6e-12 | Drift Ratio: 1966.33
    r_eff=1201/1280 (93.8%)  e_src: 4.627e+00 | e_L: 4.627e+00 | e_R: 4.624e+00 | e_tgt: 3.978e-03
Processing Vis_L26.mlp.down_proj...
Vis_L26.mlp.down_proj  Base->Stage1    | Spec: 2.8e-05 | Baseline_RelErr: 1.6e-03 | InnerRel: 1.2e-03 | AmbRel: 2.8e-05
    Baseline MSE: 1.2e-09 | Inner MSE: 7.4e-10 | Ambient MSE: 3.9e-13 | Drift Ratio: 1912.46
    r_eff=1204/1280 (94.1%)  e_src: 4.557e+00 | e_L: 4.557e+00 | e_R: 4.557e+00 | e_tgt: 1.301e-03
Vis_L26.mlp.down_proj  Stage1->Stage2  | Spec: 8.9e-05 | Baseline_RelErr: 4.8e-03 | InnerRel: 3.7e-03 | AmbRel: 8.9e-05
    Baseline MSE: 1.1e-08 | Inner MSE: 6.7e-09 | Ambient MSE: 3.8e-12 | Drift Ratio: 1763.66
    r_eff=1204/1280 (94.1%)  e_src: 4.561e+00 | e_L: 4.557e+00 | e_R: 4.560e+00 | e_tgt: 4.074e-03
Vis_L26.mlp.down_proj  Base->Stage2    | Spec: 9.5e-05 | Baseline_RelErr: 5.0e-03 | InnerRel: 3.9e-03 | AmbRel: 9.5e-05
    Baseline MSE: 1.2e-08 | Inner MSE: 7.1e-09 | Ambient MSE: 4.3e-12 | Drift Ratio: 1661.47
    r_eff=1204/1280 (94.1%)  e_src: 4.561e+00 | e_L: 4.558e+00 | e_R: 4.561e+00 | e_tgt: 4.328e-03
Processing Vis_L27.attn.qkv...
Vis_L27.attn.qkv  Base->Stage1    | Spec: 2.8e-05 | Baseline_RelErr: 1.6e-03 | InnerRel: 1.2e-03 | AmbRel: 2.8e-05
    Baseline MSE: 1.2e-09 | Inner MSE: 7.5e-10 | Ambient MSE: 3.8e-13 | Drift Ratio: 1987.90
    r_eff=1194/1280 (93.3%)  e_src: 4.856e+00 | e_L: 4.856e+00 | e_R: 4.856e+00 | e_tgt: 1.358e-03
Vis_L27.attn.qkv  Stage1->Stage2  | Spec: 8.9e-05 | Baseline_RelErr: 4.7e-03 | InnerRel: 3.7e-03 | AmbRel: 8.9e-05
    Baseline MSE: 1.1e-08 | Inner MSE: 6.5e-09 | Ambient MSE: 3.8e-12 | Drift Ratio: 1706.85
    r_eff=1194/1280 (93.3%)  e_src: 4.859e+00 | e_L: 4.859e+00 | e_R: 4.856e+00 | e_tgt: 4.325e-03
Vis_L27.attn.qkv  Base->Stage2    | Spec: 9.4e-05 | Baseline_RelErr: 4.9e-03 | InnerRel: 3.8e-03 | AmbRel: 9.4e-05
    Baseline MSE: 1.1e-08 | Inner MSE: 6.9e-09 | Ambient MSE: 4.3e-12 | Drift Ratio: 1616.54
    r_eff=1194/1280 (93.3%)  e_src: 4.859e+00 | e_L: 4.859e+00 | e_R: 4.856e+00 | e_tgt: 4.575e-03
Processing Vis_L27.attn.proj...
Vis_L27.attn.proj  Base->Stage1    | Spec: 4.9e-05 | Baseline_RelErr: 1.7e-03 | InnerRel: 4.9e-05 | AmbRel: 4.9e-05
    Baseline MSE: 1.4e-09 | Inner MSE: 1.2e-12 | Ambient MSE: 1.2e-12 | Drift Ratio: 1.00
    r_eff=926/1280 (72.3%)  e_src: 2.834e+00 | e_L: 2.833e+00 | e_R: 2.833e+00 | e_tgt: 1.382e-03
Vis_L27.attn.proj  Stage1->Stage2  | Spec: 1.3e-04 | Baseline_RelErr: 4.8e-03 | InnerRel: 1.3e-04 | AmbRel: 1.3e-04
    Baseline MSE: 1.1e-08 | Inner MSE: 8.5e-12 | Ambient MSE: 8.5e-12 | Drift Ratio: 1.00
    r_eff=926/1280 (72.3%)  e_src: 2.835e+00 | e_L: 2.834e+00 | e_R: 2.834e+00 | e_tgt: 3.737e-03
Vis_L27.attn.proj  Base->Stage2    | Spec: 1.4e-04 | Baseline_RelErr: 5.0e-03 | InnerRel: 1.4e-04 | AmbRel: 1.4e-04
    Baseline MSE: 1.2e-08 | Inner MSE: 9.2e-12 | Ambient MSE: 9.2e-12 | Drift Ratio: 1.00
    r_eff=926/1280 (72.3%)  e_src: 2.835e+00 | e_L: 2.834e+00 | e_R: 2.834e+00 | e_tgt: 3.878e-03
Processing Vis_L27.mlp.gate_proj...
Vis_L27.mlp.gate_proj  Base->Stage1    | Spec: 2.8e-05 | Baseline_RelErr: 1.6e-03 | InnerRel: 1.3e-03 | AmbRel: 2.8e-05
    Baseline MSE: 1.2e-09 | Inner MSE: 7.7e-10 | Ambient MSE: 3.6e-13 | Drift Ratio: 2123.25
    r_eff=1198/1280 (93.6%)  e_src: 4.421e+00 | e_L: 4.421e+00 | e_R: 4.421e+00 | e_tgt: 1.259e-03
Vis_L27.mlp.gate_proj  Stage1->Stage2  | Spec: 8.3e-05 | Baseline_RelErr: 5.0e-03 | InnerRel: 3.9e-03 | AmbRel: 8.3e-05
    Baseline MSE: 1.1e-08 | Inner MSE: 7.0e-09 | Ambient MSE: 3.1e-12 | Drift Ratio: 2234.88
    r_eff=1198/1280 (93.6%)  e_src: 4.425e+00 | e_L: 4.425e+00 | e_R: 4.421e+00 | e_tgt: 3.692e-03
Vis_L27.mlp.gate_proj  Base->Stage2    | Spec: 8.6e-05 | Baseline_RelErr: 5.1e-03 | InnerRel: 4.1e-03 | AmbRel: 8.6e-05
    Baseline MSE: 1.2e-08 | Inner MSE: 7.4e-09 | Ambient MSE: 3.3e-12 | Drift Ratio: 2219.94
    r_eff=1198/1280 (93.6%)  e_src: 4.425e+00 | e_L: 4.425e+00 | e_R: 4.421e+00 | e_tgt: 3.822e-03
Processing Vis_L27.mlp.up_proj...
Vis_L27.mlp.up_proj  Base->Stage1    | Spec: 2.5e-05 | Baseline_RelErr: 1.5e-03 | InnerRel: 1.2e-03 | AmbRel: 2.5e-05
    Baseline MSE: 1.2e-09 | Inner MSE: 7.4e-10 | Ambient MSE: 3.4e-13 | Drift Ratio: 2180.88
    r_eff=1202/1280 (93.9%)  e_src: 4.767e+00 | e_L: 4.767e+00 | e_R: 4.767e+00 | e_tgt: 1.217e-03
Vis_L27.mlp.up_proj  Stage1->Stage2  | Spec: 8.4e-05 | Baseline_RelErr: 4.6e-03 | InnerRel: 3.6e-03 | AmbRel: 8.4e-05
    Baseline MSE: 1.1e-08 | Inner MSE: 6.9e-09 | Ambient MSE: 3.7e-12 | Drift Ratio: 1877.91
    r_eff=1202/1280 (93.9%)  e_src: 4.770e+00 | e_L: 4.770e+00 | e_R: 4.767e+00 | e_tgt: 4.007e-03
Vis_L27.mlp.up_proj  Base->Stage2    | Spec: 8.7e-05 | Baseline_RelErr: 4.8e-03 | InnerRel: 3.7e-03 | AmbRel: 8.7e-05
    Baseline MSE: 1.2e-08 | Inner MSE: 7.3e-09 | Ambient MSE: 4.0e-12 | Drift Ratio: 1843.81
    r_eff=1202/1280 (93.9%)  e_src: 4.770e+00 | e_L: 4.770e+00 | e_R: 4.767e+00 | e_tgt: 4.164e-03
Processing Vis_L27.mlp.down_proj...
Vis_L27.mlp.down_proj  Base->Stage1    | Spec: 2.8e-05 | Baseline_RelErr: 1.6e-03 | InnerRel: 1.2e-03 | AmbRel: 2.8e-05
    Baseline MSE: 1.2e-09 | Inner MSE: 7.6e-10 | Ambient MSE: 3.9e-13 | Drift Ratio: 1953.01
    r_eff=1202/1280 (93.9%)  e_src: 4.699e+00 | e_L: 4.699e+00 | e_R: 4.699e+00 | e_tgt: 1.302e-03
Vis_L27.mlp.down_proj  Stage1->Stage2  | Spec: 8.5e-05 | Baseline_RelErr: 4.7e-03 | InnerRel: 3.7e-03 | AmbRel: 8.5e-05
    Baseline MSE: 1.1e-08 | Inner MSE: 6.9e-09 | Ambient MSE: 3.6e-12 | Drift Ratio: 1895.89
    r_eff=1202/1280 (93.9%)  e_src: 4.702e+00 | e_L: 4.699e+00 | e_R: 4.702e+00 | e_tgt: 3.991e-03
Vis_L27.mlp.down_proj  Base->Stage2    | Spec: 8.7e-05 | Baseline_RelErr: 4.9e-03 | InnerRel: 3.8e-03 | AmbRel: 8.7e-05
    Baseline MSE: 1.2e-08 | Inner MSE: 7.3e-09 | Ambient MSE: 3.8e-12 | Drift Ratio: 1935.71
    r_eff=1202/1280 (93.9%)  e_src: 4.702e+00 | e_L: 4.699e+00 | e_R: 4.702e+00 | e_tgt: 4.070e-03
Processing Vis_L28.attn.qkv...
Vis_L28.attn.qkv  Base->Stage1    | Spec: 2.7e-05 | Baseline_RelErr: 1.5e-03 | InnerRel: 1.2e-03 | AmbRel: 2.7e-05
    Baseline MSE: 1.2e-09 | Inner MSE: 7.5e-10 | Ambient MSE: 3.7e-13 | Drift Ratio: 2016.09
    r_eff=1196/1280 (93.4%)  e_src: 5.032e+00 | e_L: 5.032e+00 | e_R: 5.032e+00 | e_tgt: 1.349e-03
Vis_L28.attn.qkv  Stage1->Stage2  | Spec: 8.4e-05 | Baseline_RelErr: 4.7e-03 | InnerRel: 3.7e-03 | AmbRel: 8.4e-05
    Baseline MSE: 1.2e-08 | Inner MSE: 7.2e-09 | Ambient MSE: 3.7e-12 | Drift Ratio: 1958.46
    r_eff=1196/1280 (93.4%)  e_src: 5.036e+00 | e_L: 5.036e+00 | e_R: 5.032e+00 | e_tgt: 4.255e-03
Vis_L28.attn.qkv  Base->Stage2    | Spec: 8.6e-05 | Baseline_RelErr: 4.9e-03 | InnerRel: 3.8e-03 | AmbRel: 8.6e-05
    Baseline MSE: 1.2e-08 | Inner MSE: 7.6e-09 | Ambient MSE: 3.9e-12 | Drift Ratio: 1957.25
    r_eff=1196/1280 (93.4%)  e_src: 5.036e+00 | e_L: 5.036e+00 | e_R: 5.032e+00 | e_tgt: 4.377e-03
Processing Vis_L28.attn.proj...
Vis_L28.attn.proj  Base->Stage1    | Spec: 4.5e-05 | Baseline_RelErr: 1.6e-03 | InnerRel: 4.5e-05 | AmbRel: 4.5e-05
    Baseline MSE: 1.4e-09 | Inner MSE: 1.2e-12 | Ambient MSE: 1.2e-12 | Drift Ratio: 1.00
    r_eff=925/1280 (72.3%)  e_src: 3.024e+00 | e_L: 3.024e+00 | e_R: 3.024e+00 | e_tgt: 1.378e-03
Vis_L28.attn.proj  Stage1->Stage2  | Spec: 1.4e-04 | Baseline_RelErr: 4.6e-03 | InnerRel: 1.4e-04 | AmbRel: 1.4e-04
    Baseline MSE: 1.2e-08 | Inner MSE: 1.1e-11 | Ambient MSE: 1.1e-11 | Drift Ratio: 1.00
    r_eff=925/1280 (72.3%)  e_src: 3.026e+00 | e_L: 3.025e+00 | e_R: 3.025e+00 | e_tgt: 4.192e-03
Vis_L28.attn.proj  Base->Stage2    | Spec: 1.4e-04 | Baseline_RelErr: 4.7e-03 | InnerRel: 1.4e-04 | AmbRel: 1.4e-04
    Baseline MSE: 1.3e-08 | Inner MSE: 1.2e-11 | Ambient MSE: 1.2e-11 | Drift Ratio: 1.00
    r_eff=925/1280 (72.3%)  e_src: 3.026e+00 | e_L: 3.025e+00 | e_R: 3.025e+00 | e_tgt: 4.385e-03
Processing Vis_L28.mlp.gate_proj...
Vis_L28.mlp.gate_proj  Base->Stage1    | Spec: 2.8e-05 | Baseline_RelErr: 1.6e-03 | InnerRel: 1.3e-03 | AmbRel: 2.8e-05
    Baseline MSE: 1.3e-09 | Inner MSE: 7.9e-10 | Ambient MSE: 3.7e-13 | Drift Ratio: 2122.84
    r_eff=1198/1280 (93.6%)  e_src: 4.534e+00 | e_L: 4.534e+00 | e_R: 4.534e+00 | e_tgt: 1.275e-03
Vis_L28.mlp.gate_proj  Stage1->Stage2  | Spec: 8.2e-05 | Baseline_RelErr: 5.0e-03 | InnerRel: 3.9e-03 | AmbRel: 8.2e-05
    Baseline MSE: 1.2e-08 | Inner MSE: 7.4e-09 | Ambient MSE: 3.2e-12 | Drift Ratio: 2300.59
    r_eff=1198/1280 (93.6%)  e_src: 4.538e+00 | e_L: 4.538e+00 | e_R: 4.534e+00 | e_tgt: 3.745e-03
Vis_L28.mlp.gate_proj  Base->Stage2    | Spec: 8.4e-05 | Baseline_RelErr: 5.1e-03 | InnerRel: 4.1e-03 | AmbRel: 8.4e-05
    Baseline MSE: 1.3e-08 | Inner MSE: 7.8e-09 | Ambient MSE: 3.3e-12 | Drift Ratio: 2364.70
    r_eff=1198/1280 (93.6%)  e_src: 4.538e+00 | e_L: 4.538e+00 | e_R: 4.534e+00 | e_tgt: 3.806e-03
Processing Vis_L28.mlp.up_proj...
Vis_L28.mlp.up_proj  Base->Stage1    | Spec: 2.5e-05 | Baseline_RelErr: 1.5e-03 | InnerRel: 1.2e-03 | AmbRel: 2.5e-05
    Baseline MSE: 1.2e-09 | Inner MSE: 7.6e-10 | Ambient MSE: 3.6e-13 | Drift Ratio: 2130.54
    r_eff=1203/1280 (94.0%)  e_src: 4.902e+00 | e_L: 4.902e+00 | e_R: 4.902e+00 | e_tgt: 1.249e-03
Vis_L28.mlp.up_proj  Stage1->Stage2  | Spec: 7.9e-05 | Baseline_RelErr: 4.6e-03 | InnerRel: 3.6e-03 | AmbRel: 7.9e-05
    Baseline MSE: 1.2e-08 | Inner MSE: 7.2e-09 | Ambient MSE: 3.5e-12 | Drift Ratio: 2045.81
    r_eff=1203/1280 (94.0%)  e_src: 4.905e+00 | e_L: 4.905e+00 | e_R: 4.902e+00 | e_tgt: 3.916e-03
Vis_L28.mlp.up_proj  Base->Stage2    | Spec: 8.1e-05 | Baseline_RelErr: 4.7e-03 | InnerRel: 3.7e-03 | AmbRel: 8.1e-05
    Baseline MSE: 1.2e-08 | Inner MSE: 7.6e-09 | Ambient MSE: 3.6e-12 | Drift Ratio: 2099.67
    r_eff=1203/1280 (94.0%)  e_src: 4.905e+00 | e_L: 4.905e+00 | e_R: 4.902e+00 | e_tgt: 3.975e-03
Processing Vis_L28.mlp.down_proj...
Vis_L28.mlp.down_proj  Base->Stage1    | Spec: 2.7e-05 | Baseline_RelErr: 1.5e-03 | InnerRel: 1.2e-03 | AmbRel: 2.7e-05
    Baseline MSE: 1.3e-09 | Inner MSE: 7.7e-10 | Ambient MSE: 3.9e-13 | Drift Ratio: 1990.32
    r_eff=1201/1280 (93.8%)  e_src: 4.806e+00 | e_L: 4.805e+00 | e_R: 4.806e+00 | e_tgt: 1.302e-03
Vis_L28.mlp.down_proj  Stage1->Stage2  | Spec: 8.2e-05 | Baseline_RelErr: 4.7e-03 | InnerRel: 3.6e-03 | AmbRel: 8.2e-05
    Baseline MSE: 1.2e-08 | Inner MSE: 7.1e-09 | Ambient MSE: 3.6e-12 | Drift Ratio: 1989.18
    r_eff=1201/1280 (93.8%)  e_src: 4.809e+00 | e_L: 4.806e+00 | e_R: 4.809e+00 | e_tgt: 3.957e-03
Vis_L28.mlp.down_proj  Base->Stage2    | Spec: 8.4e-05 | Baseline_RelErr: 4.8e-03 | InnerRel: 3.8e-03 | AmbRel: 8.4e-05
    Baseline MSE: 1.2e-08 | Inner MSE: 7.5e-09 | Ambient MSE: 3.8e-12 | Drift Ratio: 1986.72
    r_eff=1201/1280 (93.8%)  e_src: 4.809e+00 | e_L: 4.806e+00 | e_R: 4.809e+00 | e_tgt: 4.074e-03
Processing Vis_L29.attn.qkv...
Vis_L29.attn.qkv  Base->Stage1    | Spec: 2.7e-05 | Baseline_RelErr: 1.5e-03 | InnerRel: 1.2e-03 | AmbRel: 2.7e-05
    Baseline MSE: 1.2e-09 | Inner MSE: 7.5e-10 | Ambient MSE: 4.0e-13 | Drift Ratio: 1856.27
    r_eff=1190/1280 (93.0%)  e_src: 5.125e+00 | e_L: 5.125e+00 | e_R: 5.124e+00 | e_tgt: 1.408e-03
Vis_L29.attn.qkv  Stage1->Stage2  | Spec: 9.0e-05 | Baseline_RelErr: 4.6e-03 | InnerRel: 3.6e-03 | AmbRel: 9.0e-05
    Baseline MSE: 1.1e-08 | Inner MSE: 6.8e-09 | Ambient MSE: 4.4e-12 | Drift Ratio: 1548.07
    r_eff=1190/1280 (93.0%)  e_src: 5.128e+00 | e_L: 5.128e+00 | e_R: 5.124e+00 | e_tgt: 4.657e-03
Vis_L29.attn.qkv  Base->Stage2    | Spec: 9.5e-05 | Baseline_RelErr: 4.7e-03 | InnerRel: 3.7e-03 | AmbRel: 9.5e-05
    Baseline MSE: 1.2e-08 | Inner MSE: 7.2e-09 | Ambient MSE: 4.8e-12 | Drift Ratio: 1494.70
    r_eff=1190/1280 (93.0%)  e_src: 5.128e+00 | e_L: 5.128e+00 | e_R: 5.124e+00 | e_tgt: 4.869e-03
Processing Vis_L29.attn.proj...
Vis_L29.attn.proj  Base->Stage1    | Spec: 5.0e-05 | Baseline_RelErr: 1.6e-03 | InnerRel: 5.0e-05 | AmbRel: 5.0e-05
    Baseline MSE: 1.5e-09 | Inner MSE: 1.5e-12 | Ambient MSE: 1.5e-12 | Drift Ratio: 1.00
    r_eff=901/1280 (70.4%)  e_src: 3.120e+00 | e_L: 3.120e+00 | e_R: 3.120e+00 | e_tgt: 1.549e-03
Vis_L29.attn.proj  Stage1->Stage2  | Spec: 1.4e-04 | Baseline_RelErr: 4.5e-03 | InnerRel: 1.4e-04 | AmbRel: 1.4e-04
    Baseline MSE: 1.2e-08 | Inner MSE: 1.1e-11 | Ambient MSE: 1.1e-11 | Drift Ratio: 1.00
    r_eff=901/1280 (70.4%)  e_src: 3.121e+00 | e_L: 3.121e+00 | e_R: 3.121e+00 | e_tgt: 4.226e-03
Vis_L29.attn.proj  Base->Stage2    | Spec: 1.4e-04 | Baseline_RelErr: 4.6e-03 | InnerRel: 1.4e-04 | AmbRel: 1.4e-04
    Baseline MSE: 1.3e-08 | Inner MSE: 1.1e-11 | Ambient MSE: 1.1e-11 | Drift Ratio: 1.00
    r_eff=901/1280 (70.4%)  e_src: 3.121e+00 | e_L: 3.121e+00 | e_R: 3.121e+00 | e_tgt: 4.269e-03
Processing Vis_L29.mlp.gate_proj...
Vis_L29.mlp.gate_proj  Base->Stage1    | Spec: 2.9e-05 | Baseline_RelErr: 1.6e-03 | InnerRel: 1.3e-03 | AmbRel: 2.9e-05
    Baseline MSE: 1.3e-09 | Inner MSE: 7.9e-10 | Ambient MSE: 4.2e-13 | Drift Ratio: 1904.43
    r_eff=1200/1280 (93.8%)  e_src: 4.618e+00 | e_L: 4.618e+00 | e_R: 4.618e+00 | e_tgt: 1.351e-03
Vis_L29.mlp.gate_proj  Stage1->Stage2  | Spec: 8.5e-05 | Baseline_RelErr: 5.0e-03 | InnerRel: 3.9e-03 | AmbRel: 8.5e-05
    Baseline MSE: 1.2e-08 | Inner MSE: 7.6e-09 | Ambient MSE: 3.6e-12 | Drift Ratio: 2106.17
    r_eff=1200/1280 (93.8%)  e_src: 4.621e+00 | e_L: 4.621e+00 | e_R: 4.618e+00 | e_tgt: 3.965e-03
Vis_L29.mlp.gate_proj  Base->Stage2    | Spec: 8.6e-05 | Baseline_RelErr: 5.1e-03 | InnerRel: 4.0e-03 | AmbRel: 8.6e-05
    Baseline MSE: 1.3e-08 | Inner MSE: 8.0e-09 | Ambient MSE: 3.7e-12 | Drift Ratio: 2185.66
    r_eff=1200/1280 (93.8%)  e_src: 4.622e+00 | e_L: 4.621e+00 | e_R: 4.618e+00 | e_tgt: 4.007e-03
Processing Vis_L29.mlp.up_proj...
Vis_L29.mlp.up_proj  Base->Stage1    | Spec: 2.6e-05 | Baseline_RelErr: 1.5e-03 | InnerRel: 1.2e-03 | AmbRel: 2.6e-05
    Baseline MSE: 1.3e-09 | Inner MSE: 7.8e-10 | Ambient MSE: 4.1e-13 | Drift Ratio: 1932.57
    r_eff=1204/1280 (94.1%)  e_src: 5.015e+00 | e_L: 5.015e+00 | e_R: 5.015e+00 | e_tgt: 1.333e-03
Vis_L29.mlp.up_proj  Stage1->Stage2  | Spec: 8.0e-05 | Baseline_RelErr: 4.5e-03 | InnerRel: 3.5e-03 | AmbRel: 8.0e-05
    Baseline MSE: 1.2e-08 | Inner MSE: 7.2e-09 | Ambient MSE: 3.7e-12 | Drift Ratio: 1930.88
    r_eff=1204/1280 (94.1%)  e_src: 5.018e+00 | e_L: 5.018e+00 | e_R: 5.015e+00 | e_tgt: 4.043e-03
Vis_L29.mlp.up_proj  Base->Stage2    | Spec: 8.3e-05 | Baseline_RelErr: 4.6e-03 | InnerRel: 3.6e-03 | AmbRel: 8.3e-05
    Baseline MSE: 1.2e-08 | Inner MSE: 7.6e-09 | Ambient MSE: 4.0e-12 | Drift Ratio: 1890.69
    r_eff=1204/1280 (94.1%)  e_src: 5.018e+00 | e_L: 5.018e+00 | e_R: 5.015e+00 | e_tgt: 4.204e-03
Processing Vis_L29.mlp.down_proj...
Vis_L29.mlp.down_proj  Base->Stage1    | Spec: 2.7e-05 | Baseline_RelErr: 1.5e-03 | InnerRel: 1.2e-03 | AmbRel: 2.7e-05
    Baseline MSE: 1.3e-09 | Inner MSE: 8.0e-10 | Ambient MSE: 4.1e-13 | Drift Ratio: 1967.75
    r_eff=1197/1280 (93.5%)  e_src: 4.946e+00 | e_L: 4.945e+00 | e_R: 4.946e+00 | e_tgt: 1.332e-03
Vis_L29.mlp.down_proj  Stage1->Stage2  | Spec: 8.1e-05 | Baseline_RelErr: 4.6e-03 | InnerRel: 3.6e-03 | AmbRel: 8.1e-05
    Baseline MSE: 1.2e-08 | Inner MSE: 7.1e-09 | Ambient MSE: 3.7e-12 | Drift Ratio: 1926.86
    r_eff=1197/1280 (93.5%)  e_src: 4.949e+00 | e_L: 4.946e+00 | e_R: 4.949e+00 | e_tgt: 4.025e-03
Vis_L29.mlp.down_proj  Base->Stage2    | Spec: 8.4e-05 | Baseline_RelErr: 4.7e-03 | InnerRel: 3.7e-03 | AmbRel: 8.4e-05
    Baseline MSE: 1.3e-08 | Inner MSE: 7.6e-09 | Ambient MSE: 3.9e-12 | Drift Ratio: 1927.03
    r_eff=1197/1280 (93.5%)  e_src: 4.949e+00 | e_L: 4.946e+00 | e_R: 4.949e+00 | e_tgt: 4.145e-03
Processing Vis_L30.attn.qkv...
Vis_L30.attn.qkv  Base->Stage1    | Spec: 2.8e-05 | Baseline_RelErr: 1.5e-03 | InnerRel: 1.2e-03 | AmbRel: 2.8e-05
    Baseline MSE: 1.3e-09 | Inner MSE: 8.0e-10 | Ambient MSE: 4.7e-13 | Drift Ratio: 1718.28
    r_eff=1180/1280 (92.2%)  e_src: 5.312e+00 | e_L: 5.311e+00 | e_R: 5.311e+00 | e_tgt: 1.517e-03
Vis_L30.attn.qkv  Stage1->Stage2  | Spec: 8.9e-05 | Baseline_RelErr: 4.8e-03 | InnerRel: 3.7e-03 | AmbRel: 8.9e-05
    Baseline MSE: 1.3e-08 | Inner MSE: 7.8e-09 | Ambient MSE: 4.6e-12 | Drift Ratio: 1715.99
    r_eff=1180/1280 (92.2%)  e_src: 5.315e+00 | e_L: 5.315e+00 | e_R: 5.311e+00 | e_tgt: 4.733e-03
Vis_L30.attn.qkv  Base->Stage2    | Spec: 9.3e-05 | Baseline_RelErr: 4.9e-03 | InnerRel: 3.8e-03 | AmbRel: 9.3e-05
    Baseline MSE: 1.4e-08 | Inner MSE: 8.2e-09 | Ambient MSE: 5.0e-12 | Drift Ratio: 1637.66
    r_eff=1180/1280 (92.2%)  e_src: 5.315e+00 | e_L: 5.315e+00 | e_R: 5.311e+00 | e_tgt: 4.975e-03
Processing Vis_L30.attn.proj...
Vis_L30.attn.proj  Base->Stage1    | Spec: 4.5e-05 | Baseline_RelErr: 1.4e-03 | InnerRel: 4.5e-05 | AmbRel: 4.5e-05
    Baseline MSE: 1.5e-09 | Inner MSE: 1.5e-12 | Ambient MSE: 1.5e-12 | Drift Ratio: 1.00
    r_eff=871/1280 (68.0%)  e_src: 3.447e+00 | e_L: 3.447e+00 | e_R: 3.447e+00 | e_tgt: 1.554e-03
Vis_L30.attn.proj  Stage1->Stage2  | Spec: 1.4e-04 | Baseline_RelErr: 4.0e-03 | InnerRel: 1.4e-04 | AmbRel: 1.4e-04
    Baseline MSE: 1.2e-08 | Inner MSE: 1.5e-11 | Ambient MSE: 1.5e-11 | Drift Ratio: 1.00
    r_eff=871/1280 (68.0%)  e_src: 3.448e+00 | e_L: 3.447e+00 | e_R: 3.447e+00 | e_tgt: 4.972e-03
Vis_L30.attn.proj  Base->Stage2    | Spec: 1.5e-04 | Baseline_RelErr: 4.2e-03 | InnerRel: 1.5e-04 | AmbRel: 1.5e-04
    Baseline MSE: 1.3e-08 | Inner MSE: 1.6e-11 | Ambient MSE: 1.6e-11 | Drift Ratio: 1.00
    r_eff=871/1280 (68.0%)  e_src: 3.448e+00 | e_L: 3.447e+00 | e_R: 3.447e+00 | e_tgt: 5.089e-03
Processing Vis_L30.mlp.gate_proj...
Vis_L30.mlp.gate_proj  Base->Stage1    | Spec: 2.8e-05 | Baseline_RelErr: 1.6e-03 | InnerRel: 1.3e-03 | AmbRel: 2.8e-05
    Baseline MSE: 1.4e-09 | Inner MSE: 8.5e-10 | Ambient MSE: 4.0e-13 | Drift Ratio: 2097.45
    r_eff=1203/1280 (94.0%)  e_src: 4.683e+00 | e_L: 4.683e+00 | e_R: 4.683e+00 | e_tgt: 1.331e-03
Vis_L30.mlp.gate_proj  Stage1->Stage2  | Spec: 9.2e-05 | Baseline_RelErr: 5.0e-03 | InnerRel: 4.0e-03 | AmbRel: 9.2e-05
    Baseline MSE: 1.3e-08 | Inner MSE: 7.9e-09 | Ambient MSE: 4.3e-12 | Drift Ratio: 1833.29
    r_eff=1203/1280 (94.0%)  e_src: 4.687e+00 | e_L: 4.687e+00 | e_R: 4.683e+00 | e_tgt: 4.350e-03
Vis_L30.mlp.gate_proj  Base->Stage2    | Spec: 9.5e-05 | Baseline_RelErr: 5.2e-03 | InnerRel: 4.1e-03 | AmbRel: 9.5e-05
    Baseline MSE: 1.4e-08 | Inner MSE: 8.4e-09 | Ambient MSE: 4.6e-12 | Drift Ratio: 1829.08
    r_eff=1203/1280 (94.0%)  e_src: 4.687e+00 | e_L: 4.687e+00 | e_R: 4.683e+00 | e_tgt: 4.485e-03
Processing Vis_L30.mlp.up_proj...
Vis_L30.mlp.up_proj  Base->Stage1    | Spec: 2.7e-05 | Baseline_RelErr: 1.5e-03 | InnerRel: 1.2e-03 | AmbRel: 2.7e-05
    Baseline MSE: 1.4e-09 | Inner MSE: 8.4e-10 | Ambient MSE: 4.4e-13 | Drift Ratio: 1924.30
    r_eff=1205/1280 (94.1%)  e_src: 5.098e+00 | e_L: 5.098e+00 | e_R: 5.098e+00 | e_tgt: 1.382e-03
Vis_L30.mlp.up_proj  Stage1->Stage2  | Spec: 8.1e-05 | Baseline_RelErr: 4.5e-03 | InnerRel: 3.6e-03 | AmbRel: 8.1e-05
    Baseline MSE: 1.2e-08 | Inner MSE: 7.5e-09 | Ambient MSE: 3.9e-12 | Drift Ratio: 1905.26
    r_eff=1205/1280 (94.1%)  e_src: 5.101e+00 | e_L: 5.101e+00 | e_R: 5.098e+00 | e_tgt: 4.156e-03
Vis_L30.mlp.up_proj  Base->Stage2    | Spec: 8.5e-05 | Baseline_RelErr: 4.7e-03 | InnerRel: 3.7e-03 | AmbRel: 8.5e-05
    Baseline MSE: 1.3e-08 | Inner MSE: 8.0e-09 | Ambient MSE: 4.3e-12 | Drift Ratio: 1871.35
    r_eff=1205/1280 (94.1%)  e_src: 5.102e+00 | e_L: 5.102e+00 | e_R: 5.098e+00 | e_tgt: 4.321e-03
Processing Vis_L30.mlp.down_proj...
Vis_L30.mlp.down_proj  Base->Stage1    | Spec: 2.8e-05 | Baseline_RelErr: 1.5e-03 | InnerRel: 1.2e-03 | AmbRel: 2.8e-05
    Baseline MSE: 1.4e-09 | Inner MSE: 8.3e-10 | Ambient MSE: 4.6e-13 | Drift Ratio: 1820.54
    r_eff=1183/1280 (92.4%)  e_src: 5.044e+00 | e_L: 5.044e+00 | e_R: 5.044e+00 | e_tgt: 1.415e-03
Vis_L30.mlp.down_proj  Stage1->Stage2  | Spec: 8.1e-05 | Baseline_RelErr: 4.6e-03 | InnerRel: 3.5e-03 | AmbRel: 8.1e-05
    Baseline MSE: 1.2e-08 | Inner MSE: 7.2e-09 | Ambient MSE: 3.8e-12 | Drift Ratio: 1891.37
    r_eff=1183/1280 (92.4%)  e_src: 5.047e+00 | e_L: 5.044e+00 | e_R: 5.047e+00 | e_tgt: 4.087e-03
Vis_L30.mlp.down_proj  Base->Stage2    | Spec: 8.4e-05 | Baseline_RelErr: 4.7e-03 | InnerRel: 3.6e-03 | AmbRel: 8.4e-05
    Baseline MSE: 1.3e-08 | Inner MSE: 7.7e-09 | Ambient MSE: 4.1e-12 | Drift Ratio: 1847.80
    r_eff=1183/1280 (92.4%)  e_src: 5.047e+00 | e_L: 5.044e+00 | e_R: 5.047e+00 | e_tgt: 4.260e-03
Processing Vis_L31.attn.qkv...
Vis_L31.attn.qkv  Base->Stage1    | Spec: 2.9e-05 | Baseline_RelErr: 1.6e-03 | InnerRel: 1.3e-03 | AmbRel: 2.9e-05
    Baseline MSE: 1.7e-09 | Inner MSE: 1.1e-09 | Ambient MSE: 5.3e-13 | Drift Ratio: 2137.35
    r_eff=1150/1280 (89.8%)  e_src: 5.611e+00 | e_L: 5.611e+00 | e_R: 5.610e+00 | e_tgt: 1.619e-03
Vis_L31.attn.qkv  Stage1->Stage2  | Spec: 7.5e-05 | Baseline_RelErr: 4.3e-03 | InnerRel: 3.5e-03 | AmbRel: 7.5e-05
    Baseline MSE: 1.2e-08 | Inner MSE: 7.7e-09 | Ambient MSE: 3.6e-12 | Drift Ratio: 2164.20
    r_eff=1150/1280 (89.8%)  e_src: 5.614e+00 | e_L: 5.614e+00 | e_R: 5.610e+00 | e_tgt: 4.195e-03
Vis_L31.attn.qkv  Base->Stage2    | Spec: 8.0e-05 | Baseline_RelErr: 4.5e-03 | InnerRel: 3.6e-03 | AmbRel: 8.0e-05
    Baseline MSE: 1.3e-08 | Inner MSE: 8.4e-09 | Ambient MSE: 4.1e-12 | Drift Ratio: 2055.68
    r_eff=1150/1280 (89.8%)  e_src: 5.614e+00 | e_L: 5.614e+00 | e_R: 5.610e+00 | e_tgt: 4.479e-03
Processing Vis_L31.attn.proj...
Vis_L31.attn.proj  Base->Stage1    | Spec: 3.5e-05 | Baseline_RelErr: 1.1e-03 | InnerRel: 3.5e-05 | AmbRel: 3.5e-05
    Baseline MSE: 1.5e-09 | Inner MSE: 1.6e-12 | Ambient MSE: 1.6e-12 | Drift Ratio: 1.00
    r_eff=873/1280 (68.2%)  e_src: 4.512e+00 | e_L: 4.512e+00 | e_R: 4.512e+00 | e_tgt: 1.601e-03
Vis_L31.attn.proj  Stage1->Stage2  | Spec: 9.2e-05 | Baseline_RelErr: 2.9e-03 | InnerRel: 9.2e-05 | AmbRel: 9.2e-05
    Baseline MSE: 1.0e-08 | Inner MSE: 1.1e-11 | Ambient MSE: 1.1e-11 | Drift Ratio: 1.00
    r_eff=873/1280 (68.2%)  e_src: 4.513e+00 | e_L: 4.512e+00 | e_R: 4.512e+00 | e_tgt: 4.177e-03
Vis_L31.attn.proj  Base->Stage2    | Spec: 9.8e-05 | Baseline_RelErr: 3.0e-03 | InnerRel: 9.8e-05 | AmbRel: 9.8e-05
    Baseline MSE: 1.1e-08 | Inner MSE: 1.2e-11 | Ambient MSE: 1.2e-11 | Drift Ratio: 1.00
    r_eff=873/1280 (68.2%)  e_src: 4.513e+00 | e_L: 4.512e+00 | e_R: 4.512e+00 | e_tgt: 4.418e-03
Processing Vis_L31.mlp.gate_proj...
Vis_L31.mlp.gate_proj  Base->Stage1    | Spec: 2.9e-05 | Baseline_RelErr: 1.6e-03 | InnerRel: 1.3e-03 | AmbRel: 2.9e-05
    Baseline MSE: 1.5e-09 | Inner MSE: 9.3e-10 | Ambient MSE: 4.8e-13 | Drift Ratio: 1956.04
    r_eff=1193/1280 (93.2%)  e_src: 4.928e+00 | e_L: 4.928e+00 | e_R: 4.928e+00 | e_tgt: 1.443e-03
Vis_L31.mlp.gate_proj  Stage1->Stage2  | Spec: 8.4e-05 | Baseline_RelErr: 4.8e-03 | InnerRel: 3.8e-03 | AmbRel: 8.4e-05
    Baseline MSE: 1.3e-08 | Inner MSE: 8.0e-09 | Ambient MSE: 3.9e-12 | Drift Ratio: 2047.78
    r_eff=1193/1280 (93.2%)  e_src: 4.932e+00 | e_L: 4.932e+00 | e_R: 4.928e+00 | e_tgt: 4.138e-03
Vis_L31.mlp.gate_proj  Base->Stage2    | Spec: 8.6e-05 | Baseline_RelErr: 5.0e-03 | InnerRel: 3.9e-03 | AmbRel: 8.6e-05
    Baseline MSE: 1.4e-08 | Inner MSE: 8.5e-09 | Ambient MSE: 4.1e-12 | Drift Ratio: 2057.59
    r_eff=1193/1280 (93.2%)  e_src: 4.932e+00 | e_L: 4.932e+00 | e_R: 4.928e+00 | e_tgt: 4.260e-03
Processing Vis_L31.mlp.up_proj...
Vis_L31.mlp.up_proj  Base->Stage1    | Spec: 2.7e-05 | Baseline_RelErr: 1.5e-03 | InnerRel: 1.2e-03 | AmbRel: 2.7e-05
    Baseline MSE: 1.5e-09 | Inner MSE: 9.2e-10 | Ambient MSE: 4.6e-13 | Drift Ratio: 1979.57
    r_eff=1192/1280 (93.1%)  e_src: 5.346e+00 | e_L: 5.346e+00 | e_R: 5.346e+00 | e_tgt: 1.425e-03
Vis_L31.mlp.up_proj  Stage1->Stage2  | Spec: 7.7e-05 | Baseline_RelErr: 4.3e-03 | InnerRel: 3.4e-03 | AmbRel: 7.7e-05
    Baseline MSE: 1.2e-08 | Inner MSE: 7.6e-09 | Ambient MSE: 3.9e-12 | Drift Ratio: 1945.10
    r_eff=1192/1280 (93.1%)  e_src: 5.349e+00 | e_L: 5.349e+00 | e_R: 5.346e+00 | e_tgt: 4.131e-03
Vis_L31.mlp.up_proj  Base->Stage2    | Spec: 8.1e-05 | Baseline_RelErr: 4.5e-03 | InnerRel: 3.5e-03 | AmbRel: 8.1e-05
    Baseline MSE: 1.3e-08 | Inner MSE: 8.1e-09 | Ambient MSE: 4.3e-12 | Drift Ratio: 1868.31
    r_eff=1192/1280 (93.1%)  e_src: 5.349e+00 | e_L: 5.349e+00 | e_R: 5.346e+00 | e_tgt: 4.357e-03
Processing Vis_L31.mlp.down_proj...
Vis_L31.mlp.down_proj  Base->Stage1    | Spec: 2.8e-05 | Baseline_RelErr: 1.6e-03 | InnerRel: 1.2e-03 | AmbRel: 2.8e-05
    Baseline MSE: 1.6e-09 | Inner MSE: 9.4e-10 | Ambient MSE: 5.1e-13 | Drift Ratio: 1844.06
    r_eff=1162/1280 (90.8%)  e_src: 5.274e+00 | e_L: 5.274e+00 | e_R: 5.274e+00 | e_tgt: 1.490e-03
Vis_L31.mlp.down_proj  Stage1->Stage2  | Spec: 7.7e-05 | Baseline_RelErr: 4.3e-03 | InnerRel: 3.3e-03 | AmbRel: 7.7e-05
    Baseline MSE: 1.2e-08 | Inner MSE: 7.0e-09 | Ambient MSE: 3.7e-12 | Drift Ratio: 1874.14
    r_eff=1162/1280 (90.8%)  e_src: 5.277e+00 | e_L: 5.274e+00 | e_R: 5.277e+00 | e_tgt: 4.040e-03
Vis_L31.mlp.down_proj  Base->Stage2    | Spec: 7.9e-05 | Baseline_RelErr: 4.4e-03 | InnerRel: 3.4e-03 | AmbRel: 7.9e-05
    Baseline MSE: 1.3e-08 | Inner MSE: 7.5e-09 | Ambient MSE: 4.0e-12 | Drift Ratio: 1875.10
    r_eff=1162/1280 (90.8%)  e_src: 5.277e+00 | e_L: 5.274e+00 | e_R: 5.277e+00 | e_tgt: 4.175e-03

Saved metrics to /ssd1/zhizhou/workspace/rotation-project/replace/002-implement-atlas-4-loss/stiefel_analysis_metrics.csv

=== MEETING SUMMARY (Averages) ===
                Spectrum_RelErr  Inner_RelErr  Ambient_RelErr
Transition                                                   
Base->Stage1           0.000029      0.000881        0.000029
Base->Stage2           0.000090      0.002564        0.000090
Stage1->Stage2         0.000086      0.002482        0.000086
