Module,Transition,Domain,Spectrum_RelErr,Baseline_MSE,Baseline_MAE,Baseline_RelErr,Inner_MSE,Inner_MAE,Inner_RelErr,Ambient_MSE,Ambient_MAE,Ambient_RelErr,Drift_Ratio,e_src,e_L,e_R,e_tgt
Lang_L0.self_attn.q_proj,Base->Stage1,Lang,1.3988866519200701e-05,5.675555542237726e-10,9.098149399158761e-06,0.0006475464079400562,2.6486946264308145e-13,4.1037170954247113e-07,1.398887066097031e-05,2.648694626426043e-13,4.103717095421591e-07,1.3988870660957707e-05,1.0000000000018014,4.5126477638215006e-13,2.4833603993007323e-13,2.4951154340118913e-13,0.0010540128303961607
Lang_L0.self_attn.q_proj,Stage1->Stage2,Lang,4.824434007707555e-05,6.081793730114382e-09,4.4256292370356554e-05,0.0021197384392501383,3.1503537372563577e-12,1.4070026475640248e-06,4.824430925628194e-05,3.1503537372563884e-12,1.4070026475640604e-06,4.824430925628218e-05,0.9999999999999902,4.341192799937765e-13,2.3957223005117657e-13,2.419265577737371e-13,0.0036350435047725928
Lang_L0.self_attn.q_proj,Base->Stage2,Lang,4.940509960523292e-05,6.397271366932975e-09,4.593402625363563e-05,0.0021740214205169276,3.303774497964236e-12,1.4416554080177266e-06,4.940508267064729e-05,3.3037744979611056e-12,1.4416554080176072e-06,4.940508267062388e-05,1.0000000000009477,4.512674118625568e-13,2.483390207324864e-13,2.4951043841188934e-13,0.003722503806834355
Lang_L0.self_attn.k_proj,Base->Stage1,Lang,1.115172481934285e-05,4.3488454097068426e-10,6.898376338826395e-06,0.00041401713394856646,3.7279994070074785e-10,1.0536313057939584e-05,0.00038332685586028696,3.155160937019271e-13,4.2790186305968633e-07,1.1151725940987736e-05,1181.556022473255,0.013974555390306091,8.246165973355981e-14,0.013974555390306091,0.000406720176208159
Lang_L0.self_attn.k_proj,Stage1->Stage2,Lang,3.762307853578282e-05,4.669711596671034e-09,3.353965999242092e-05,0.0013566749752915706,3.928602566511564e-09,4.14433416848888e-05,0.001244370860521489,3.5912529762634305e-12,1.4601743876642013e-06,3.762303132073451e-05,1093.9364596361945,0.045364979776410484,8.716553417395425e-14,0.045364979776410505,0.0013721701208010623
Lang_L0.self_attn.k_proj,Base->Stage2,Lang,3.806707243870502e-05,4.849065006944587e-09,3.451454348080141e-05,0.0013824829624602066,4.067911379483559e-09,4.245494138781303e-05,0.0012662414509102377,3.67651536299036e-12,1.4630606981027033e-06,3.8067028495287855e-05,1106.4584199574376,0.046162548567390195,8.246353518896209e-14,0.046162548567390195,0.0013883633842159228
Lang_L0.self_attn.v_proj,Base->Stage1,Lang,3.8676558107516474e-05,7.851048457107667e-10,1.414005241917593e-05,0.0015175980927115353,6.643990304533644e-10,1.722158924028036e-05,0.0013960707826339493,5.099301694257456e-13,5.475458313487527e-07,3.867660069760464e-05,1302.9215965032483,0.01865659075062088,2.9752502970440924e-14,0.01865659075062089,0.000517059250635636
Lang_L0.self_attn.v_proj,Stage1->Stage2,Lang,0.00012950594539333976,5.617920159941638e-09,5.115339168915156e-05,0.0040594444444873755,4.6849619307933845e-09,5.21240585277257e-05,0.0037070791087490855,5.717333512256126e-12,1.7707376568165421e-06,0.00012950173420733812,819.4312822140481,0.049532275234558235,3.008174193103909e-14,0.04953227523455824,0.001731337446159396
Lang_L0.self_attn.v_proj,Base->Stage2,Lang,0.00013435721796843997,6.0889399694451855e-09,5.378491400076513e-05,0.004226196315074683,5.0608760219519416e-09,5.442972922194625e-05,0.003852934889901669,6.15371070432495e-12,1.815782428854367e-06,0.00013435299697952153,822.4104552713304,0.05148113695466229,2.975314076022429e-14,0.0514811369546623,0.0017961950555964458
Lang_L0.self_attn.o_proj,Base->Stage1,Lang,2.84295224174667e-05,8.021591564640306e-10,1.3678075991039457e-05,0.001271787500877498,4.0083978184414864e-13,5.029773368792551e-07,2.842953055026061e-05,4.0083978184434034e-13,5.029773368793905e-07,2.842953055026739e-05,0.9999999999995217,3.2022111343659616e-13,1.738194851059616e-13,1.7479118514255422e-13,0.0012966278958702238
Lang_L0.self_attn.o_proj,Stage1->Stage2,Lang,7.658363062387154e-05,5.899374838143033e-09,5.070708919855879e-05,0.003448924775409386,2.908729549210778e-12,1.3455982353421477e-06,7.658300400060762e-05,2.908729549212786e-12,1.3455982353426516e-06,7.658300400063405e-05,0.9999999999993096,3.2513389134029436e-13,1.7623627392202863e-13,1.769802517915605e-13,0.003492863579240017
Lang_L0.self_attn.o_proj,Base->Stage2,Lang,7.985056015679981e-05,6.405039852462107e-09,5.346900188313991e-05,0.0035936985503732615,3.1621875397145415e-12,1.399831661192987e-06,7.984992964547482e-05,3.1621875397122853e-12,1.3998316611924123e-06,7.98499296454463e-05,1.0000000000007134,3.2021846455114735e-13,1.738178165820278e-13,1.7479064058603315e-13,0.0036418643366503095
Lang_L0.mlp.gate_proj,Base->Stage1,Lang,1.012061172578375e-05,8.059365065243041e-10,1.2339000166063806e-05,0.0010604378835220882,6.545062270763961e-10,1.649393734120239e-05,0.0009556342608838133,7.340809624896127e-14,2.1299162478871178e-07,1.012061258978643e-05,8915.995108450417,0.12146501343523619,0.12146501343523611,4.953297215694428e-13,0.0012864448338524043
Lang_L0.mlp.gate_proj,Stage1->Stage2,Lang,3.2045558892734605e-05,7.61330179607553e-09,5.471031085108426e-05,0.003259255801097694,6.164516578104012e-09,5.783848076876741e-05,0.0029327931732648707,7.359800812006267e-13,6.729441195133189e-07,3.2045345222930506e-05,8375.92855508759,0.372764405044316,0.37276440504431596,4.856737263864506e-13,0.004073354583993162
Lang_L0.mlp.gate_proj,Base->Stage2,Lang,3.311728890660899e-05,8.071583208039093e-09,5.6922892692983514e-05,0.003355917596739679,6.53502115743616e-09,5.984453793450888e-05,0.0030196417631914245,7.860315669478218e-13,6.952992860343804e-07,3.311707091812807e-05,8313.942381235138,0.3838020692642341,0.38380206926423416,4.953332226657952e-13,0.004209584003365821
Lang_L0.mlp.up_proj,Base->Stage1,Lang,1.1389318183923852e-05,8.200912359661476e-10,1.2950754280369214e-05,0.001195064311674066,6.617282105644042e-10,1.6880593892800953e-05,0.0010734949770682793,7.448611365225503e-14,2.1517245368100072e-07,1.1389321422100994e-05,8883.913767521024,0.12213322398173551,0.12213322398173551,4.5454128022176076e-13,0.001295856299457652
Lang_L0.mlp.up_proj,Stage1->Stage2,Lang,3.534048963383353e-05,7.334212170787426e-09,5.5076992600137574e-05,0.003573827443027284,5.892142292054698e-09,5.7139372470249715e-05,0.0032032693465987045,7.171743374251424e-13,6.664846525342763e-07,3.53402172617041e-05,8215.774023941161,0.3644355915063374,0.3644355915063374,4.591928840675279e-13,0.0040209767044659716
Lang_L0.mlp.up_proj,Base->Stage2,Lang,3.685416691075174e-05,7.802880851649479e-09,5.73844844470296e-05,0.003686246153306889,6.261012548006345e-09,5.918531478699679e-05,0.0033020156840447732,7.799253924251308e-13,6.949431067708437e-07,3.685389335074399e-05,8027.707020203696,0.37566847776432316,0.3756684777643234,4.5454553445036286e-13,0.004193201347202734
Lang_L0.mlp.down_proj,Base->Stage1,Lang,1.1937085165273198e-05,8.806620178372359e-10,1.3530140393124583e-05,0.0011749747908333251,6.883359879160665e-10,1.767464390474297e-05,0.001038781374232021,9.089684696453578e-14,2.399757550179345e-07,1.1937086068186342e-05,7572.715786111116,0.12456340688842242,4.918379449685032e-13,0.1245634068884224,0.0014315073951460147
Lang_L0.mlp.down_proj,Stage1->Stage2,Lang,3.7368194030164086e-05,7.527633448998648e-09,5.607868730668825e-05,0.0034351913825226153,5.8011164753606165e-09,5.764547039761444e-05,0.0030156261359745493,8.907511400368278e-13,7.506638777422727e-07,3.73680038797457e-05,6512.611900918557,0.36160936157552837,4.834506930587239e-13,0.36160936157552837,0.004481231499200638
Lang_L0.mlp.down_proj,Base->Stage2,Lang,3.942072381076664e-05,8.035016984673651e-09,5.856590821475155e-05,0.003549074415144186,6.159295758373919e-09,5.971730196267105e-05,0.0031073289787336123,9.91291591346016e-13,7.908380866736076e-07,3.942052619755576e-05,6213.404624980805,0.3726039500877823,4.918416708611686e-13,0.37260395008778224,0.00472737329722074
Lang_L1.self_attn.q_proj,Base->Stage1,Lang,1.8086652768922313e-05,5.797149927047863e-10,9.896137935962689e-06,0.0008097580670121563,2.8921488301862905e-13,4.248907059208449e-07,1.808665839559189e-05,2.892148830183127e-13,4.248907059204395e-07,1.8086658395581984e-05,1.0000000000010938,3.1190718161662253e-13,1.7597945612903252e-13,1.7584119727749553e-13,0.0011013878248388436
Lang_L1.self_attn.q_proj,Stage1->Stage2,Lang,5.9211896317972445e-05,5.019043356578779e-09,4.1123382750608665e-05,0.0023826328223392045,3.099716005656695e-12,1.3803652108139728e-06,5.921170945472258e-05,3.099716005660298e-12,1.3803652108147213e-06,5.921170945475697e-05,0.9999999999988376,3.118605112758828e-13,1.751569178038679e-13,1.7773001072543606e-13,0.003605710920387962
Lang_L1.self_attn.q_proj,Base->Stage2,Lang,6.0615021420642354e-05,5.35635764798117e-09,4.309000121244938e-05,0.0024613956586355835,3.2483645475395972e-12,1.410717743727594e-06,6.061484898640001e-05,3.2483645475450276e-12,1.4107177437287134e-06,6.061484898645069e-05,0.9999999999983282,3.1190641942070614e-13,1.7598043798279832e-13,1.7584215842651287e-13,0.0036911554309221805
Lang_L1.self_attn.k_proj,Base->Stage1,Lang,1.422492009266578e-05,4.642314390006318e-10,7.834900899617026e-06,0.0005016513677338795,3.6241438511567184e-10,1.143488833343056e-05,0.0004432384628747496,3.732764258794104e-13,4.773775079273425e-07,1.4224925739796176e-05,970.9008123453057,0.01377732010353545,6.111921708605647e-14,0.013777320103535457,0.00044238484464486846
Lang_L1.self_attn.k_proj,Stage1->Stage2,Lang,5.002539938033665e-05,4.388630573245723e-09,3.418880459726825e-05,0.0015424013431075514,3.3293890080605077e-09,3.977495028627255e-05,0.001343430343458174,4.616487632504119e-12,1.6434864320177595e-06,5.002518700660096e-05,721.1952620903154,0.04175073143665692,6.84669403579695e-14,0.04175073143665692,0.0015557535369943145
Lang_L1.self_attn.k_proj,Base->Stage2,Lang,5.254254144189647e-05,4.665862047077033e-09,3.5809784625695507e-05,0.0015903723980336562,3.483491932722432e-09,4.113230625818761e-05,0.001374169443367862,5.092758040082928e-12,1.730324256485839e-06,5.254233924141451e-05,684.0089211592916,0.042704403616556454,6.111879701205926e-14,0.04270440361655648,0.0016340354730907767
Lang_L1.self_attn.v_proj,Base->Stage1,Lang,3.668260078249623e-05,7.66698453842599e-10,1.3775126118220626e-05,0.001448204557941624,6.169484022170717e-10,1.6848859670127645e-05,0.0012990983710170021,4.919071643334556e-13,5.482259769639707e-07,3.668252229808649e-05,1254.1968219817443,0.01797780851974731,3.258496479951721e-14,0.017977808519747306,0.0005078395646009266
Lang_L1.self_attn.v_proj,Stage1->Stage2,Lang,0.00011729292056779902,5.417541233158519e-09,4.9093266627942e-05,0.0038495573672770148,4.2680609101466376e-09,4.9340398622238386e-05,0.0034168427143720383,5.029309561820361e-12,1.7483162850890068e-06,0.00011729077806651954,848.6375431226809,0.047276083395158736,3.094921567381338e-14,0.04727608339515874,0.0016238246985274224
Lang_L1.self_attn.v_proj,Base->Stage2,Lang,0.0001248834672867364,5.9525583831575144e-09,5.212386627784227e-05,0.0040351670178783265,4.648014462092649e-09,5.184887009183272e-05,0.003565688649957867,5.7012857057580254e-12,1.8637967151535388e-06,0.00012488091894448806,815.2572423091123,0.049334330196376446,3.258429291899183e-14,0.049334330196376446,0.0017289059199680197
Lang_L1.self_attn.o_proj,Base->Stage1,Lang,2.8205524722301998e-05,7.992489225733863e-10,1.3280320548290231e-05,0.0012493281017097433,4.0737841087498134e-13,5.082947046309166e-07,2.820554423450098e-05,4.0737841087489844e-13,5.0829470463084e-07,2.8205544234498124e-05,1.0000000000002034,2.7809126249832136e-13,1.5276904944801261e-13,1.5497238970801335e-13,0.0013071606245011478
Lang_L1.self_attn.o_proj,Stage1->Stage2,Lang,7.383905018692698e-05,5.7206250937661e-09,4.8738706975252205e-05,0.0033423743021835776,2.79190891156109e-12,1.331222724409886e-06,7.383868652104355e-05,2.7919089115648236e-12,1.331222724410821e-06,7.383868652109292e-05,0.9999999999986627,2.9021049325574657e-13,1.583239710904927e-13,1.5988787645080722e-13,0.003422004487929843
Lang_L1.self_attn.o_proj,Base->Stage2,Lang,7.70804782422689e-05,6.21746448072284e-09,5.149806833498749e-05,0.0034844962110682953,3.0424149308365417e-12,1.3891320066998184e-06,7.708015193497735e-05,3.042414930836959e-12,1.389132006699957e-06,7.708015193498262e-05,0.9999999999998629,2.7809335100397007e-13,1.5277305362474314e-13,1.5497166867597738e-13,0.0035722280322047165
Lang_L1.mlp.gate_proj,Base->Stage1,Lang,2.520249713443401e-05,1.363868654851685e-10,2.9537630997298435e-06,0.0009216481274767008,8.461033242291652e-13,4.6508828206830384e-07,7.259230248318795e-05,1.019837999766297e-13,1.4620484579875696e-07,2.520254889071902e-05,8.296448302799618,0.004094047105289939,0.004094047105289933,1.8770367637407352e-13,0.0015162987662239672
Lang_L1.mlp.gate_proj,Stage1->Stage2,Lang,0.00010518400176626604,1.294384144455732e-09,1.3705129394096273e-05,0.002839238618576133,4.808272274929773e-12,1.163962772948491e-06,0.000173047299961767,1.7764035711440863e-12,5.057317779992154e-07,0.00010518192627735523,2.706745445142864,0.008258120688407495,0.008258120688407498,1.8353914680356839e-13,0.006328342930565905
Lang_L1.mlp.gate_proj,Base->Stage2,Lang,9.862251004275448e-05,1.3647724198105995e-09,1.4033973634871668e-05,0.002915415242418988,3.851006113134685e-12,1.0385523485631393e-06,0.00015486647218079008,1.5616947311149542e-12,4.920892405764986e-07,9.862076655320537e-05,2.465914776049288,0.00717866879505373,0.007178668795053738,1.8770477543652248e-13,0.005933586243498303
Lang_L1.mlp.up_proj,Base->Stage1,Lang,1.5873246734944144e-05,5.145654176290891e-11,1.2428139527745333e-06,0.0006897743201110693,3.2287164680726576e-13,1.954529933009667e-07,5.463886617294156e-05,2.724942862874449e-14,5.965246224281068e-08,1.587323421091753e-05,11.848749241908122,0.0025795940593753876,0.0025795940593753997,1.3646638939535246e-13,0.000783786694698889
Lang_L1.mlp.up_proj,Stage1->Stage2,Lang,5.471409914823364e-05,5.499305106302592e-10,6.389757484132592e-06,0.002254973100161427,1.1917174756346814e-12,5.127898673783868e-07,0.00010497215470011822,3.237613913927326e-13,1.969657320994919e-07,5.47141915723243e-05,3.6808511061440656,0.004414370792320192,0.004414370792320192,1.341893557186257e-13,0.0027016663620684244
Lang_L1.mlp.up_proj,Base->Stage2,Lang,5.5837447981759145e-05,5.772550221455771e-10,6.581043486078958e-06,0.0023103156381708784,8.63565836264736e-13,4.6737504276140163e-07,8.935835889743421e-05,3.371917871202024e-13,1.995606805630444e-07,5.583749824752503e-05,2.5610524017801515,0.0034399813487412025,0.003439981348741197,1.364666198394073e-13,0.0027571327734594283
Lang_L1.mlp.down_proj,Base->Stage1,Lang,3.098770513906285e-05,2.2197001955333004e-10,6.989769031924961e-06,0.001514203774741992,2.8532916262322535e-12,9.171319836076295e-07,0.0001716762606843453,9.296105715956865e-14,1.5210597732827373e-07,3.0987582162842516e-05,30.693407685054055,0.00788652975068906,1.4429072075430964e-13,0.007886529750689054,0.0014476704630720582
Lang_L1.mlp.down_proj,Stage1->Stage2,Lang,7.110337288811746e-05,1.504516348760415e-09,2.361482348485915e-05,0.0039421555666510535,1.0415281140971176e-11,1.9586168479444138e-06,0.00032799770244904724,4.894474570783291e-13,3.3248693559978983e-07,7.110306812672072e-05,21.279671577299375,0.014946550790438348,1.3853622192507002e-13,0.014946550790438351,0.003321790393778237
Lang_L1.mlp.down_proj,Base->Stage2,Lang,7.3150555731838e-05,1.6524075486223033e-09,2.491426042922602e-05,0.00413136806382934,7.773488456799111e-12,1.665820780568923e-06,0.0002833630913974311,5.180330688128033e-13,3.2719501615209434e-07,7.314995189568787e-05,15.005776512711668,0.0127822850838256,1.4429069127268252e-13,0.0127822850838256,0.0034174166307335517
Lang_L2.self_attn.q_proj,Base->Stage1,Lang,2.0559266780797856e-05,7.320779670383662e-10,1.165097327881148e-05,0.0009300354836950811,3.5774514897376763e-13,4.7377558018072354e-07,2.0559271752929036e-05,3.577451489745735e-13,4.7377558018130174e-07,2.055927175295219e-05,0.9999999999977474,3.27716037296898e-13,1.824821053219523e-13,1.8258533364951375e-13,0.0012249456760708409
Lang_L2.self_attn.q_proj,Stage1->Stage2,Lang,6.288420842921318e-05,6.048821352910686e-09,4.691211343442253e-05,0.002673345245069796,3.3468904417633995e-12,1.4350193545661398e-06,6.288403745731098e-05,3.346890441763608e-12,1.4350193545661375e-06,6.288403745731292e-05,0.9999999999999377,3.1516448116278506e-13,1.763627685545204e-13,1.7709850882400352e-13,0.0037467153571429566
Lang_L2.self_attn.q_proj,Base->Stage2,Lang,6.48070374559879e-05,6.485226236248751e-09,4.926015579008458e-05,0.002768102930400404,3.554699123092064e-12,1.476488803307484e-06,6.480687692942318e-05,3.5546991230943254e-12,1.4764888033079832e-06,6.480687692944375e-05,0.9999999999993638,3.2771764720682917e-13,1.824831614684732e-13,1.8258638990051923e-13,0.003861280713803519
Lang_L2.self_attn.k_proj,Base->Stage1,Lang,1.5388186342551164e-05,5.342853255699239e-10,9.01222548332914e-06,0.0005987732207589581,4.2941228958094646e-10,1.2593477244255265e-05,0.0005368005852020487,3.5287672834298515e-13,4.656666431203403e-07,1.5388179901755787e-05,1216.890361677722,0.014998368470369335,5.960908136101165e-14,0.01499836847036934,0.00043012676520938215
Lang_L2.self_attn.k_proj,Stage1->Stage2,Lang,5.3421337061496744e-05,4.89569238424227e-09,3.8084097839341524e-05,0.001812528151278775,3.911257895535016e-09,4.358903893005723e-05,0.0016200780062512233,4.252829928766507e-12,1.6055259420755988e-06,5.342157741088484e-05,919.6835897619445,0.04525888173328476,5.825584163749409e-14,0.045258881733284746,0.001493220579048231
Lang_L2.self_attn.k_proj,Base->Stage2,Lang,5.5610855814538734e-05,5.2363112238927584e-09,4.0098143100464334e-05,0.0018745214974999881,4.1359584178585694e-09,4.5383885234579286e-05,0.0016659646490787088,4.608581817706324e-12,1.666610437762026e-06,5.561108273838974e-05,897.4471066062189,0.046540127996857104,5.961079706715074e-14,0.04654012799685712,0.0015544208387826036
Lang_L2.self_attn.v_proj,Base->Stage1,Lang,3.567190149496264e-05,7.965202372084269e-10,1.395166663131775e-05,0.0014584996800548,6.639261592067337e-10,1.72212665354126e-05,0.001331581709976508,4.764740477539215e-13,5.419952163208227e-07,3.567200797003194e-05,1393.4151552145465,0.01865040315733941,3.186828546808358e-14,0.01865040315733941,0.0004998095892925705
Lang_L2.self_attn.v_proj,Stage1->Stage2,Lang,0.00010891155793203412,5.4086296180893895e-09,4.8890641466625695e-05,0.0038005782168122194,4.4291431311658415e-09,5.011613814838919e-05,0.003439267148209635,4.441524672986159e-12,1.6555008391307072e-06,0.00010891108718020743,997.2123217291523,0.04816406131490216,3.342466688729498e-14,0.04816406131490217,0.0015259875778493635
Lang_L2.self_attn.v_proj,Base->Stage2,Lang,0.00011078877401880006,5.893738999573202e-09,5.1677660358739885e-05,0.0039673590245915,4.800864531921867e-09,5.2557621829292436e-05,0.003580682218264426,4.595981201593139e-12,1.6846874093918248e-06,0.00011078862583875433,1044.5788007700526,0.05014551457228428,3.186865706452596e-14,0.05014551457228427,0.0015522943639081036
Lang_L2.self_attn.o_proj,Base->Stage1,Lang,2.8502275269463835e-05,8.558330435919893e-10,1.3913234377133099e-05,0.001292898593300643,4.159293918649601e-13,5.142532768584933e-07,2.850228925649444e-05,4.1592939186473843e-13,5.142532768582679e-07,2.850228925648682e-05,1.000000000000533,2.7436910037189423e-13,1.5189894752506815e-13,1.5161534988053037e-13,0.0013208082040992322
Lang_L2.self_attn.o_proj,Stage1->Stage2,Lang,7.43330175598356e-05,5.841655703880003e-09,4.947771527840164e-05,0.003377825498583125,2.8289394464737056e-12,1.3393181758469633e-06,7.433289666399652e-05,2.8289394464727136e-12,1.3393181758467138e-06,7.433289666398348e-05,1.0000000000003506,2.686167474717898e-13,1.4846241911658443e-13,1.4998016190819872e-13,0.0034446236421557417
Lang_L2.self_attn.o_proj,Base->Stage2,Lang,7.763574068771987e-05,6.366009001393338e-09,5.236415945484088e-05,0.00352616682779061,3.085914950048418e-12,1.3988652614645441e-06,7.763565251870874e-05,3.0859149500476624e-12,1.3988652614643466e-06,7.763565251869923e-05,1.000000000000245,2.7436904484517665e-13,1.5190080794510782e-13,1.516162617858599e-13,0.003597675001809462
Lang_L2.mlp.gate_proj,Base->Stage1,Lang,0.00017455099229499838,2.1560680925909926e-10,5.042170947074042e-06,0.0011857170044139447,3.0503331003794234e-11,3.360586356319536e-06,0.0004459882794279853,4.672144929771741e-12,1.1814241146223567e-06,0.0001745452219957738,6.528763868051603,0.02413180293645193,0.024131802936451924,1.9441460964335315e-13,0.010263071148561089
Lang_L2.mlp.gate_proj,Stage1->Stage2,Lang,0.00027319398219640204,1.624831258409056e-09,1.7308665108798712e-05,0.003254870492512745,1.7749592486467747e-10,8.085123634522926e-06,0.0010757807623297437,1.1445707248046831e-11,1.924342692314666e-06,0.000273181255884479,15.507641512931977,0.061182428570795776,0.06118242857079574,1.9429370248962746e-13,0.016063512049099057
Lang_L2.mlp.gate_proj,Base->Stage2,Lang,0.0004432642662722484,1.781109912458427e-09,1.8759645345604945e-05,0.0034078066086523575,1.9822060005413664e-10,8.55749483795534e-06,0.0011368521140603424,3.012985947714747e-11,3.0421491748195145e-06,0.0004432289647748151,6.578875689894292,0.06155733306057403,0.061557333060574045,1.9441575289058534e-13,0.02606260006060123
Lang_L2.mlp.up_proj,Base->Stage1,Lang,4.155360322535299e-05,1.5388698198290864e-10,3.0764176856461553e-06,0.0008431296522224255,1.5143720288000535e-11,2.2717026797487334e-06,0.0002644902772622928,3.7379750379535714e-13,3.791715897731945e-07,4.155388376227004e-05,40.51316590998763,0.01824765891926747,0.01824765891926748,2.2732684507870702e-13,0.0029029354908099436
Lang_L2.mlp.up_proj,Stage1->Stage2,Lang,6.0304011097238604e-05,1.2810844105122129e-09,1.2573760928504439e-05,0.0024326867673603023,1.0866664048626049e-10,6.239367491303915e-06,0.0007085091120021471,7.87237105186535e-13,5.050429661534898e-07,6.030455228237396e-05,138.03546577052163,0.049315292662491385,0.0493152926624914,2.271297966790618e-13,0.004212810890411965
Lang_L2.mlp.up_proj,Base->Stage2,Lang,8.748098594645474e-05,1.3947093442207217e-09,1.343572416765753e-05,0.002538277937480793,1.1407846366679534e-10,6.354254442024755e-06,0.0007259373663421203,1.6567094815896607e-12,7.926510065013879e-07,8.74823616324465e-05,68.85846005863004,0.050342717049870575,0.05034271704987059,2.2732290906657265e-13,0.00611142329816863
Lang_L2.mlp.down_proj,Base->Stage1,Lang,3.7319462550517e-05,2.623508049673948e-10,7.623629048360119e-06,0.0012600273530213575,3.037427053215914e-11,3.6200226996059673e-06,0.000428737726671002,2.3014407178581363e-13,3.2231386416941487e-07,3.731974509474141e-05,131.9793740350059,0.026068726345637182,2.0322638944986192e-13,0.026068726345637186,0.0022778183267466593
Lang_L2.mlp.down_proj,Stage1->Stage2,Lang,9.078964697083959e-05,1.7014233300298582e-09,2.2123780539061554e-05,0.0032088706291461774,1.681453042027484e-10,8.453318022529723e-06,0.0010087612427167624,1.3620564583884298e-12,7.805280928635426e-07,9.079116132694173e-05,123.44958475634414,0.06131809311069384,2.1161074752834598e-13,0.061318093110693826,0.005541364798277481
Lang_L2.mlp.down_proj,Base->Stage2,Lang,0.00011669631847722268,1.8652002884318202e-09,2.3787918293160274e-05,0.0033597638532835428,1.6603605024798896e-10,8.187305914909483e-06,0.001002414206947344,2.250315136712741e-12,1.0066548636011076e-06,0.00011669914847035518,73.78346594181218,0.06076441069301335,2.0322887104081384e-13,0.06076441069301337,0.007122637753182779
Lang_L3.self_attn.q_proj,Base->Stage1,Lang,2.1266413250851276e-05,7.715433868288749e-10,1.1946200785831196e-05,0.0009636476029592219,3.757614735757211e-13,4.882564329009095e-07,2.1266410565595687e-05,3.7576147357650946e-13,4.882564329014635e-07,2.1266410565617995e-05,0.999999999997902,3.513759746886628e-13,1.9451797196763896e-13,1.9550469024975526e-13,0.0012554114272491904
Lang_L3.self_attn.q_proj,Stage1->Stage2,Lang,6.347144850827195e-05,6.489224798500286e-09,4.940772244124009e-05,0.0027946896114168307,3.347192436594814e-12,1.4536214968756931e-06,6.3471317278217e-05,3.3471924365947455e-12,1.4536214968757262e-06,6.347131727821632e-05,1.0000000000000204,3.5418873574136303e-13,1.944566169917841e-13,1.9727958271833924e-13,0.0037468843891397398
Lang_L3.self_attn.q_proj,Base->Stage2,Lang,6.487806760685663e-05,6.925318270380287e-09,5.166401828873152e-05,0.002887068176393437,3.4971927100339685e-12,1.485606005471969e-06,6.487792527662043e-05,3.4971927100331563e-12,1.4856060054717053e-06,6.487792527661287e-05,1.0000000000002323,3.5137433875366964e-13,1.9452026747247272e-13,1.9550360236405958e-13,0.0038299202827817326
Lang_L3.self_attn.k_proj,Base->Stage1,Lang,1.858081667304565e-05,6.341687458457141e-10,9.944404289981279e-06,0.0006948926223081184,5.197853156015694e-10,1.3882630388737552e-05,0.0006291110111094552,4.5341918571381564e-13,5.22307256240495e-07,1.8580835130974224e-05,1146.368155514359,0.0165009629496754,6.253136943596491e-14,0.016500962949675405,0.00048756767534315163
Lang_L3.self_attn.k_proj,Stage1->Stage2,Lang,6.167937163836313e-05,6.032126978146692e-09,4.462455824166128e-05,0.0021431442694172156,4.832615694159441e-09,4.965114762995632e-05,0.001918259244266466,4.996309282997704e-12,1.750355542538653e-06,6.167949751472075e-05,967.2370985128347,0.05031069921121637,6.165920347162314e-14,0.05031069921121638,0.0016184884928118273
Lang_L3.self_attn.k_proj,Base->Stage2,Lang,6.839123085418533e-05,6.3582514359354825e-09,4.631283746447945e-05,0.0022003158074298534,5.049393050402405e-09,5.114609598723839e-05,0.0019608111091933152,6.1428673285354945e-12,1.931537840184154e-06,6.839143836712735e-05,821.9928545333272,0.05142241759779328,6.253280991049643e-14,0.051422417597793285,0.0017946118315511064
Lang_L3.self_attn.v_proj,Base->Stage1,Lang,3.831030409805308e-05,7.706728016374982e-10,1.3870448435126734e-05,0.0015404745442374192,6.407589112773956e-10,1.699480324329653e-05,0.0014046458403426515,4.766419432372722e-13,5.456332922841664e-07,3.8310307532898253e-05,1344.3191904712967,0.018321877046945177,3.010244366437361e-14,0.018321877046945177,0.0004998976406585481
Lang_L3.self_attn.v_proj,Stage1->Stage2,Lang,0.00011179113948812567,5.526097327982424e-09,5.055245638851957e-05,0.004125023403044354,4.543820570159744e-09,5.127969533640943e-05,0.003740483459857497,4.05859527872368e-12,1.5918086021367355e-06,0.00011179053251794329,1119.5549834642923,0.04878626092559505,3.034839015834547e-14,0.04878626092559506,0.0014587230036890077
Lang_L3.self_attn.v_proj,Base->Stage2,Lang,0.00012165762070459801,6.044114739910236e-09,5.347286667987082e-05,0.004314033390029721,4.9365601149690915e-09,5.3787598200715266e-05,0.003898785722761555,4.8066189572637215e-12,1.731732943686407e-06,0.0001216569710718575,1027.0337962839772,0.050848764252090076,3.0104174388133044e-14,0.05084876425209007,0.001587467366551477
Lang_L3.self_attn.o_proj,Base->Stage1,Lang,2.8490064335243337e-05,8.582253331555589e-10,1.3739036151312438e-05,0.0012819271172317763,4.238985182170484e-13,5.191774717376031e-07,2.849007672017692e-05,4.238985182169327e-13,5.191774717374951e-07,2.8490076720173037e-05,1.000000000000273,2.8849231524158966e-13,1.5883723886447012e-13,1.5937942886089564e-13,0.001333401383886845
Lang_L3.self_attn.o_proj,Stage1->Stage2,Lang,7.463749393538204e-05,5.979673822979241e-09,4.985717600817022e-05,0.003383760776015787,2.9093016868676656e-12,1.3596294595616274e-06,7.46371905837007e-05,2.9093016868692105e-12,1.3596294595620471e-06,7.463719058372047e-05,0.999999999999469,2.835410963732702e-13,1.563130790371305e-13,1.57507821285262e-13,0.0034932070798110834
Lang_L3.self_attn.o_proj,Base->Stage2,Lang,7.751397403348435e-05,6.488953221303407e-09,5.262587201701561e-05,0.0035249115685468293,3.1378707062040968e-12,1.412252471145163e-06,7.751369268682365e-05,3.1378707062052725e-12,1.412252471145353e-06,7.751369268683821e-05,0.9999999999996253,2.884905485490841e-13,1.5883900484011782e-13,1.5937703455034677e-13,0.0036278345682403445
Lang_L3.mlp.gate_proj,Base->Stage1,Lang,2.955020138680327e-05,3.805094344651459e-10,7.90248393903502e-06,0.0011398273919316334,1.8649563374133127e-10,7.399005933439316e-06,0.0007979776160561469,2.5574480390164103e-13,3.173702116916926e-07,2.9550156432301015e-05,729.2255048632665,0.06479701843148171,0.06479701843148171,3.034773979918358e-13,0.0024011682708971684
Lang_L3.mlp.gate_proj,Stage1->Stage2,Lang,7.64609406218473e-05,2.9450992221677864e-09,2.6974012939497828e-05,0.003171035130559865,1.4955189092229622e-09,2.125066060398908e-05,0.002259680522583652,1.7122474295842352e-12,8.141583990534947e-07,7.646000980468652e-05,873.4245316321493,0.1835115255346436,0.1835115255346436,3.082620714096119e-13,0.006213015657115304
Lang_L3.mlp.gate_proj,Base->Stage2,Lang,9.684818407581152e-05,3.1624804520766917e-09,2.8472115067481135e-05,0.003285980733844372,1.591733908293011e-09,2.17286946163183e-05,0.002331236434166429,2.747064728764269e-12,1.012876977197666e-06,9.68468577365978e-05,579.4307981264903,0.189267411756532,0.18926741175653203,3.034811388789666e-13,0.007869617660224513
Lang_L3.mlp.up_proj,Base->Stage1,Lang,1.9458956648352077e-05,3.16138149586747e-10,6.047037895398041e-06,0.0009568196457741462,1.6405357410179634e-10,6.80112410674031e-06,0.000689262226469073,1.3075453443031845e-13,2.5710117806391057e-07,1.9458977221602953e-05,1254.6683357220286,0.06079093029158161,0.06079093029158163,3.316841235431251e-13,0.0017169101414862451
Lang_L3.mlp.up_proj,Stage1->Stage2,Lang,5.230649638668249e-05,2.584033200669418e-09,2.301887716256138e-05,0.0027355288604432922,1.302709760496453e-09,1.970424621131573e-05,0.0019422990149664085,9.447741481093898e-13,6.80585500944134e-07,5.2306571784625686e-05,1378.858389704393,0.17131001114781053,0.17131001114781047,3.3526600056808003e-13,0.004615122012282122
Lang_L3.mlp.up_proj,Base->Stage2,Lang,6.15864596888701e-05,2.7686450293586624e-09,2.42295348147254e-05,0.0028315608262449495,1.3838715888096449e-09,2.0234002829059157e-05,0.002001889736542573,1.3097491830018672e-12,8.175757687949168e-07,6.158661357674368e-05,1056.592824618446,0.17654619437590796,0.17654619437590793,3.3168708052236667e-13,0.005433920180245602
Lang_L3.mlp.down_proj,Base->Stage1,Lang,2.219970615055612e-05,4.507169066537376e-10,9.997062955815304e-06,0.0011943300359298005,1.8923873579927046e-10,7.883540994896993e-06,0.0007738868176211772,1.557229292745512e-13,2.5908653794527814e-07,2.2199782125021112e-05,1215.2271774031965,0.06528978187698663,3.147817008159378e-13,0.06528978187698664,0.0018736802062172498
Lang_L3.mlp.down_proj,Stage1->Stage2,Lang,4.427477514385155e-05,2.9370248423530037e-09,2.971589372277582e-05,0.003048781415834251,1.3407112891572833e-09,2.0926549910413242e-05,0.0020598714185287833,6.193952473425447e-13,4.306890125847928e-07,4.427478009904752e-05,2164.54888039499,0.1738136652355506,3.165076395538372e-13,0.17381366523555064,0.0037368281073479033
Lang_L3.mlp.down_proj,Base->Stage2,Lang,4.9194724334731074e-05,3.2078092237199372e-09,3.193685158240877e-05,0.003186227226830759,1.4215580607087871e-09,2.122016693078958e-05,0.0021210689168409138,7.647071932506141e-13,5.456595897902394e-07,4.919489820071519e-05,1858.957354207738,0.17897061138884876,3.147820127855897e-13,0.1789706113888488,0.0041520901498166025
Lang_L4.self_attn.q_proj,Base->Stage1,Lang,2.1399743304314732e-05,7.560237115841801e-10,1.2066115726912241e-05,0.0009367396843299341,3.9456146234121376e-13,4.991876338919769e-07,2.1399742279388464e-05,3.9456146234159847e-13,4.991876338921917e-07,2.13997422793989e-05,0.999999999999025,3.4710636423192874e-13,1.927159066278077e-13,1.9320147131862803e-13,0.0012864333328024486
Lang_L4.self_attn.q_proj,Stage1->Stage2,Lang,6.321306608664022e-05,6.481301354558065e-09,4.9455387574181414e-05,0.002742717590179136,3.4427960025792186e-12,1.4729278883445978e-06,6.321288757446312e-05,3.4427960025776054e-12,1.4729278883441468e-06,6.321288757444836e-05,1.0000000000004685,3.4112342995825e-13,1.8934281919820097e-13,1.899613978320285e-13,0.003800017505853792
Lang_L4.self_attn.q_proj,Base->Stage2,Lang,6.67728703298871e-05,6.908624804008985e-09,5.166199905289395e-05,0.00283169052838425,3.84147160674739e-12,1.5539020263618171e-06,6.677267856689312e-05,3.841471606747277e-12,1.5539020263617928e-06,6.677267856689216e-05,1.0000000000000295,3.4710805741729574e-13,1.927173829833321e-13,1.9320164302600673e-13,0.004014012920515644
Lang_L4.self_attn.k_proj,Base->Stage1,Lang,1.886089088330547e-05,6.527669323679649e-10,1.0437342020386264e-05,0.0007188518773061548,5.444454529209941e-10,1.4277948268828714e-05,0.0006565042256079421,4.4936997857452957e-13,5.270156368431768e-07,1.8860897967626715e-05,1211.575047020405,0.01688813108659767,5.766661101554372e-14,0.016888131086597667,0.00048538570985030344
Lang_L4.self_attn.k_proj,Stage1->Stage2,Lang,6.857277171486484e-05,6.291536670299873e-09,4.641144369665895e-05,0.0022317141376193435,5.1554205140631066e-09,5.1347735682950406e-05,0.002020190135692342,5.939949209856097e-12,1.907492194009398e-06,6.857274964925052e-05,867.9233326623013,0.051959867410455975,5.650376075417835e-14,0.05195986741045597,0.001764722100314107
Lang_L4.self_attn.k_proj,Base->Stage2,Lang,7.271742799753287e-05,6.677107427209478e-09,4.840598347938263e-05,0.002299081571455885,5.426968210799455e-09,5.3117891125680964e-05,0.002072711406171389,6.6796955558471105e-12,2.0206401980553025e-06,7.271743191125355e-05,812.4574189685826,0.05330840285752968,5.766667723248485e-14,0.053308402857529684,0.0018713856426680127
Lang_L4.self_attn.v_proj,Base->Stage1,Lang,2.9942543866397192e-05,7.888673339805391e-10,1.3294785062623049e-05,0.001268878303540568,6.633338449883381e-10,1.6873100909981234e-05,0.001163547355384026,4.3928116600492237e-13,5.232500282438806e-07,2.9942584014356022e-05,1510.0438997216309,0.018642619612788444,3.681584596685697e-14,0.01864261961278843,0.00047990607827197684
Lang_L4.self_attn.v_proj,Stage1->Stage2,Lang,9.324155223253944e-05,6.016440240124854e-09,5.057312148051829e-05,0.003504164539357402,5.0068371808968055e-09,5.28701520068484e-05,0.00319665981140456,4.259739288111989e-12,1.6248727579740301e-06,9.324084410559163e-05,1175.3858258109376,0.05121319229613088,3.718360635907599e-14,0.05121319229613089,0.001494433067047721
Lang_L4.self_attn.v_proj,Base->Stage2,Lang,9.520637060762312e-05,6.553621009680538e-09,5.353419564949058e-05,0.0036572558917756415,5.423830801808169e-09,5.546011260306026e-05,0.003327114548321623,4.441168120430926e-12,1.658456883060723e-06,9.520577521355626e-05,1221.2622118168981,0.053303981751233555,3.681500959865231e-14,0.05330398175123357,0.0015259263257197215
Lang_L4.self_attn.o_proj,Base->Stage1,Lang,2.664881935541501e-05,8.455175078484516e-10,1.3543838106443162e-05,0.001219327823399625,4.038662012357094e-13,5.066681340263218e-07,2.6648817106715605e-05,4.0386620123561225e-13,5.066681340261991e-07,2.664881710671239e-05,1.0000000000002405,3.074950871109521e-13,1.6823469167610173e-13,1.693731447236344e-13,0.0013015135893671387
Lang_L4.self_attn.o_proj,Stage1->Stage2,Lang,7.465884723993719e-05,6.2185610799618094e-09,5.0712490525656184e-05,0.003306759935787371,3.1698900373868604e-12,1.4191176066475402e-06,7.465859512293168e-05,3.16989003738739e-12,1.4191176066476401e-06,7.465859512293791e-05,0.9999999999998329,3.092076793874208e-13,1.6888665402833218e-13,1.6995772357141866e-13,0.003646297089291282
Lang_L4.self_attn.o_proj,Base->Stage2,Lang,7.794430398943602e-05,6.720448853051263e-09,5.337416866147554e-05,0.0034376119866410563,3.455018127526567e-12,1.4813914012536423e-06,7.794403420059339e-05,3.455018127522135e-12,1.4813914012527427e-06,7.794403420054342e-05,1.0000000000012828,3.0749712507318166e-13,1.6823606198423734e-13,1.6937427008509135e-13,0.00380675667101781
Lang_L4.mlp.gate_proj,Base->Stage1,Lang,1.756682569369464e-05,4.900801133862735e-10,9.580330609114847e-06,0.001136453277349088,2.6807518350501753e-10,9.256976059676865e-06,0.0008405167090481044,1.1709852108239755e-13,2.2469789310384425e-07,1.7566844237625616e-05,2289.3131444109677,0.07772346875606313,0.07772346875606315,3.3179328340787205e-13,0.001624781223769425
Lang_L4.mlp.gate_proj,Stage1->Stage2,Lang,5.287519016265859e-05,3.908962486536272e-09,3.441321812235276e-05,0.0032095543295539053,2.189365945477974e-09,2.759741202253092e-05,0.002402000865466898,1.0608837415158344e-12,6.82801145713805e-07,5.287469523138107e-05,2063.719010670969,0.22211079541216522,0.22211079541216522,3.3093280459637057e-13,0.0048904979754713866
Lang_L4.mlp.gate_proj,Base->Stage2,Lang,5.361791033870896e-05,4.202068189605541e-09,3.623089986167978e-05,0.00332771043151649,2.3324486710335347e-09,2.8283931655341768e-05,0.0024792483215269607,1.0908991271846054e-12,6.870439099718005e-07,5.3617465054899286e-05,2138.0974765770716,0.22925544147504454,0.22925544147504454,3.317933412236099e-13,0.004959198405842873
Lang_L4.mlp.up_proj,Base->Stage1,Lang,1.997359303378678e-05,4.666170737426196e-10,9.109427244562563e-06,0.0011394513883619174,2.6345585238883434e-10,9.460117996571514e-06,0.0008561885472133067,1.433774131756456e-13,2.4310834595333377e-07,1.9973577511604605e-05,1837.4989934159694,0.07704676213416066,0.07704676213416066,3.3786219398602647e-13,0.001797875262513621
Lang_L4.mlp.up_proj,Stage1->Stage2,Lang,6.322031445312717e-05,3.5916034168686112e-09,3.284358696789715e-05,0.0031612383638794715,1.9644764397550678e-09,2.665051355703314e-05,0.0023379567241395473,1.4364229168867477e-12,8.695699254547926e-07,6.321996024397877e-05,1367.6170274509436,0.21036840966076836,0.2103684096607685,3.353295952106491e-13,0.0056906300024421605
Lang_L4.mlp.up_proj,Base->Stage2,Lang,7.199511980047987e-05,3.8753960120320174e-09,3.4687650145535656e-05,0.003283757666673811,2.091044315520775e-09,2.7324744975971467e-05,0.002412096476147087,1.862835322959777e-12,9.752047314044056e-07,7.199466047801324e-05,1122.506262227413,0.2170217804767922,0.2170217804767922,3.378637814290185e-13,0.006480468721440542
Lang_L4.mlp.down_proj,Base->Stage1,Lang,2.2769554863991757e-05,5.884947867944912e-10,1.1880072012433248e-05,0.0012999572953212117,2.8593900887035163e-10,1.0168976168521806e-05,0.0009061382835517553,1.8054738250471258e-13,2.866186534209975e-07,2.276949370623293e-05,1583.7338924749472,0.08026353753224036,3.4197462983066985e-13,0.08026353753224037,0.002017505767372458
Lang_L4.mlp.down_proj,Stage1->Stage2,Lang,4.833346313036199e-05,3.863876185693335e-09,3.707017430629585e-05,0.0033309619347284846,1.9919178820027254e-09,2.7417098881059365e-05,0.002391628853277517,8.135425574251895e-13,5.887336920337472e-07,4.8333495784428146e-05,2448.449517265598,0.21186697633265006,3.3225195212523277e-13,0.21186697633265011,0.004282617869356958
Lang_L4.mlp.down_proj,Base->Stage2,Lang,5.009106281715555e-05,4.205793127322177e-09,3.945760635658102e-05,0.0034752177559457882,2.1235903820573766e-09,2.802834298571741e-05,0.0024694113724450253,8.737810239373038e-13,5.611069835461888e-07,5.009096211704416e-05,2430.346189584623,0.21875686831166707,3.419708760743968e-13,0.21875686831166716,0.004438339209158732
Lang_L5.self_attn.q_proj,Base->Stage1,Lang,2.2921890251500383e-05,9.025408502263035e-10,1.394937153850924e-05,0.0010448095711529895,4.3440324495912e-13,5.24033707103465e-07,2.2921880224977545e-05,4.344032449602187e-13,5.240337071042406e-07,2.292188022500653e-05,0.9999999999974708,3.095057677899903e-13,1.7350102772395e-13,1.7457162008254175e-13,0.0013498219393496408
Lang_L5.self_attn.q_proj,Stage1->Stage2,Lang,6.753608039793713e-05,7.155335053403586e-09,5.37216865691241e-05,0.002941840076536697,3.771067331133443e-12,1.5328327738783873e-06,6.753613703432712e-05,3.771067331132665e-12,1.5328327738782312e-06,6.753613703432016e-05,1.0000000000002065,3.136730405686862e-13,1.7587905675880523e-13,1.765633786228269e-13,0.003977059565965671
Lang_L5.self_attn.q_proj,Base->Stage2,Lang,6.983450962753089e-05,7.659880867235188e-09,5.621490360368207e-05,0.0030437927641691256,4.032110068007564e-12,1.5852362558940232e-06,6.983453764439928e-05,4.032110068002538e-12,1.5852362558931615e-06,6.983453764435576e-05,1.0000000000012466,3.095097319025821e-13,1.735004990275779e-13,1.7457646967238098e-13,0.004112407492778812
Lang_L5.self_attn.k_proj,Base->Stage1,Lang,2.130276064487245e-05,7.734766924053437e-10,1.2190098028774798e-05,0.0008073827475457019,6.309803805187273e-10,1.601671892258658e-05,0.0007292287410357249,5.384683888050206e-13,5.770021970453817e-07,2.13027639797544e-05,1171.8057988863768,0.01818056449734717,5.6264982660452876e-14,0.018180564497347156,0.0005313308899638781
Lang_L5.self_attn.k_proj,Stage1->Stage2,Lang,6.698080368417864e-05,6.5962266493603034e-09,4.8972087448806434e-05,0.002357792910347625,5.273524942790367e-09,5.259124516050409e-05,0.0021081833295732485,5.323398891304831e-12,1.810262348281792e-06,6.698111573386568e-05,990.6311832848132,0.052554794239706826,5.558937664922071e-14,0.052554794239706805,0.0016706268757339046
Lang_L5.self_attn.k_proj,Base->Stage2,Lang,7.273356613110776e-05,7.0258132835205525e-09,5.1150712184533376e-05,0.0024333589341482124,5.58038450357084e-09,5.450730971801472e-05,0.0021686523371572328,6.277087759249881e-12,1.9617385497679126e-06,7.273391636796355e-05,889.0085207662769,0.054059013182358034,5.626487942209775e-14,0.05405901318235804,0.001814111845262469
Lang_L5.self_attn.v_proj,Base->Stage1,Lang,2.8561175355683993e-05,7.238061790050771e-10,1.2281123201007826e-05,0.0011224324723832996,6.067126393991593e-10,1.5896193949619262e-05,0.0010276390538827228,4.686549729091899e-13,5.363777455232009e-07,2.8561150270115497e-05,1294.5827409724734,0.01782824312128657,4.167482273945009e-14,0.01782824312128656,0.0004956916162662158
Lang_L5.self_attn.v_proj,Stage1->Stage2,Lang,7.894210673876571e-05,5.849824303645201e-09,4.863245429298502e-05,0.003190979545879558,4.8166633435800036e-09,5.147364232285631e-05,0.0028955145760569444,3.5802987415693595e-12,1.48449629614393e-06,7.894274835387476e-05,1345.3244243715556,0.05023340104117313,4.307041193254683e-14,0.05023340104117313,0.0013700757886408754
Lang_L5.self_attn.v_proj,Base->Stage2,Lang,8.409189985914888e-05,6.295363697515564e-09,5.108266112335835e-05,0.0033102669789977944,5.1414094877529104e-09,5.358445082334963e-05,0.0029915323697445447,4.062649982452648e-12,1.5820967398033188e-06,8.409250947084135e-05,1265.5309982301276,0.05189795491429089,4.1675166019429485e-14,0.051897954914290896,0.0014594514839487245
Lang_L5.self_attn.o_proj,Base->Stage1,Lang,2.8069298593934543e-05,8.501468365885503e-10,1.3712810359712418e-05,0.001266039266445587,4.1789110529314094e-13,5.15064343515934e-07,2.8069311991058485e-05,4.178911052931913e-13,5.150643435159711e-07,2.8069311991060186e-05,0.9999999999998794,2.7975449413621006e-13,1.535320882475598e-13,1.5572483193981257e-13,0.001323919308151238
Lang_L5.self_attn.o_proj,Stage1->Stage2,Lang,7.582913295775186e-05,6.158931875609642e-09,5.074132551727631e-05,0.0034076277096890947,3.049802895147828e-12,1.3911174394103925e-06,7.582899971875206e-05,3.0498028951443685e-12,1.391117439409641e-06,7.582899971870899e-05,1.0000000000011342,2.6790229448682033e-13,1.4827672046486133e-13,1.5058908875021278e-13,0.003576562662993002
Lang_L5.self_attn.o_proj,Base->Stage2,Lang,7.903859544221523e-05,6.667098067717571e-09,5.346076819994633e-05,0.003545421406890998,3.313434840361919e-12,1.4498759844625577e-06,7.903849428790746e-05,3.3134348403605504e-12,1.449875984462279e-06,7.903849428789119e-05,1.000000000000413,2.797561749843855e-13,1.5353377080296583e-13,1.5572404660080364e-13,0.003727942194383335
Lang_L5.mlp.gate_proj,Base->Stage1,Lang,1.231325057287692e-05,6.236343013879823e-10,1.021915834290204e-05,0.0010081338340510691,4.5624485833204055e-10,1.3057710774341396e-05,0.0008622876872163267,9.303338708757484e-14,2.2007805251962774e-07,1.2313247514412056e-05,4904.098115900746,0.1014083384687918,0.10140833846879183,4.407540039098947e-13,0.001448233545849193
Lang_L5.mlp.gate_proj,Stage1->Stage2,Lang,3.7726666345313634e-05,5.385471718499776e-09,4.1444319555049954e-05,0.0029625325942422534,3.995839956949857e-09,4.2546039982468605e-05,0.0025518509550221708,8.733543264840939e-13,6.796929018144033e-07,3.772649862565105e-05,4575.279283307737,0.3001053946165158,0.3001053946165158,4.395423361928758e-13,0.004437255379659683
Lang_L5.mlp.gate_proj,Base->Stage2,Lang,4.134719323949355e-05,5.751389427049078e-09,4.3541720583072434e-05,0.0030615238693967382,4.247709410654234e-09,4.400883288229301e-05,0.0026310473364607105,1.049024099590509e-12,7.385778372337202e-07,4.134699915410437e-05,4049.200978616549,0.3094145482892181,0.30941454828921816,4.407572663313394e-13,0.004863085658964141
Lang_L5.mlp.up_proj,Base->Stage1,Lang,1.1769295429739695e-05,6.178862449215364e-10,1.0235933036647814e-05,0.0010324747509741728,4.597696953911532e-10,1.3300630238044003e-05,0.0008906259550809416,8.028805361533432e-14,2.0758292431082015e-07,1.1769300212997474e-05,5726.501947524372,0.10180076650604374,0.10180076650604379,4.5464060936925827e-13,0.0013453790214347369
Lang_L5.mlp.up_proj,Stage1->Stage2,Lang,3.584393760296189e-05,4.943749368392872e-09,3.964167811733669e-05,0.0029204708276002124,3.6197422873569154e-09,4.110633584590445e-05,0.002498983999837139,7.446995181647272e-13,6.373970827142051e-07,3.584389415461288e-05,4860.674942126429,0.2856343921669298,0.2856343921669297,4.566780707732323e-13,0.004097412830326055
Lang_L5.mlp.up_proj,Base->Stage2,Lang,3.760966218652315e-05,5.303051197430714e-09,4.1699979781089284e-05,0.003024736588445468,3.865945089839051e-09,4.263930623952112e-05,0.00258257231069736,8.198773065767074e-13,6.688333458125384e-07,3.76096318830082e-05,4715.272710719131,0.2951872665744671,0.2951872665744671,4.5464109976751797e-13,0.004299259102723517
Lang_L5.mlp.down_proj,Base->Stage1,Lang,1.477938212738202e-05,6.861385932232586e-10,1.1373705092372492e-05,0.0011126930007909566,4.896574532612027e-10,1.4027756742269466e-05,0.0009399735152039316,1.2105274092620327e-13,2.482895988791282e-07,1.4779398048539896e-05,4044.9926991715947,0.10505372534366524,4.429894760693219e-13,0.10505372534366529,0.001651986524065145
Lang_L5.mlp.down_proj,Stage1->Stage2,Lang,3.5904472687177364e-05,5.170227152133963e-09,4.223108979025353e-05,0.003054377607507111,3.692246550641185e-09,4.1967205426874804e-05,0.0025811501075460514,7.144276279659758e-13,6.196515323889708e-07,3.5904347252888927e-05,5168.11837351988,0.28848364120989184,4.5303474656698337e-13,0.28848364120989173,0.004013269338715522
Lang_L5.mlp.down_proj,Base->Stage2,Lang,3.723347904570698e-05,5.561108355998115e-09,4.445285837222752e-05,0.0031677331807865704,3.9442026041040885e-09,4.348793161625401e-05,0.002667764707263812,7.68297300168225e-13,6.390074079430952e-07,3.723338907832759e-05,5133.693172214029,0.29816375324913325,4.429936656126484e-13,0.29816375324913325,0.0041618252439471455
Lang_L6.self_attn.q_proj,Base->Stage1,Lang,2.2548536715081776e-05,8.739497434045908e-10,1.3277161280026567e-05,0.001021743227490808,4.2563754593791033e-13,5.193009911929608e-07,2.2548543971843906e-05,4.256375459380696e-13,5.193009911930143e-07,2.2548543971848135e-05,0.9999999999996257,3.5082183692513433e-13,1.9307597794549363e-13,1.9522109971798183e-13,0.0013361336989531516
Lang_L6.self_attn.q_proj,Stage1->Stage2,Lang,6.435150560649783e-05,7.003807298390861e-09,5.2145166459738324e-05,0.002892434198828486,3.4667326323186877e-12,1.478507561392519e-06,6.435118783644316e-05,3.4667326323174227e-12,1.478507561392225e-06,6.435118783643141e-05,1.0000000000003648,3.4051747620843934e-13,1.8807617023008774e-13,1.8977889715052414e-13,0.0038132047606520554
Lang_L6.self_attn.q_proj,Base->Stage2,Lang,6.625992872773007e-05,7.50512714857542e-09,5.4667009477805256e-05,0.002994162871591587,3.6754044099145145e-12,1.5217987660222318e-06,6.625962285798504e-05,3.675404409919276e-12,1.5217987660231547e-06,6.625962285802796e-05,0.9999999999987046,3.508218924759347e-13,1.930772177288403e-13,1.9522148234812283e-13,0.003926291305818005
Lang_L6.self_attn.k_proj,Base->Stage1,Lang,2.0135229227723886e-05,7.667550865596549e-10,1.1723855522172144e-05,0.0008288238316191794,6.412751248712745e-10,1.579136128140591e-05,0.0007579771161516115,4.525287821056055e-13,5.31534266446212e-07,2.013524881390297e-05,1417.092459594364,0.018329587617999046,5.5113480992160114e-14,0.018329587617999053,0.0004870887086687431
Lang_L6.self_attn.k_proj,Stage1->Stage2,Lang,6.286015900693889e-05,6.578598961282559e-09,4.8187858621373536e-05,0.0024277159485768768,5.4146513115941064e-09,5.30470416880695e-05,0.0022025025127991936,4.410452570070615e-12,1.6333204007519634e-06,6.285976358832957e-05,1227.6860992311754,0.05325839204231291,5.571675988451267e-14,0.0532583920423129,0.00152064044305588
Lang_L6.self_attn.k_proj,Base->Stage2,Lang,6.64572499822767e-05,6.985030561254458e-09,5.022862755987845e-05,0.0025015853253426063,5.7217423015856304e-09,5.494219261772804e-05,0.0022640984755136887,4.9296692595999915e-12,1.735587632986787e-06,6.645689658100211e-05,1160.674682270654,0.054746261798779255,5.511509634501399e-14,0.05474626179877925,0.0016076586816787825
Lang_L6.self_attn.v_proj,Base->Stage1,Lang,3.0639218239402925e-05,8.459442198981942e-10,1.4090036350139501e-05,0.0012576348634989415,7.15526217544945e-10,1.7531379533112798e-05,0.0011566353998572214,5.020994857432478e-13,5.528603076200274e-07,3.063928262906143e-05,1425.0686126192022,0.019361740148125542,3.8169370203284775e-14,0.01936174014812555,0.0005130738106562797
Lang_L6.self_attn.v_proj,Stage1->Stage2,Lang,8.480375326625924e-05,6.043531848278046e-09,5.080910592261678e-05,0.0033614340389170193,5.073268680680162e-09,5.307247737042164e-05,0.0030798042758922845,3.846473446090058e-12,1.5230087857529999e-06,8.480287096024049e-05,1318.9402583390097,0.05155426299624922,3.75572854266568e-14,0.05155426299624921,0.0014200915006096137
Lang_L6.self_attn.v_proj,Base->Stage2,Lang,8.920768647269701e-05,6.569089562974309e-09,5.366335926026977e-05,0.0035045461026735588,5.487694162230765e-09,5.5637499867316636e-05,0.0032031268340343214,4.256366038787677e-12,1.6035568764261842e-06,8.920694581956702e-05,1289.2909379085738,0.05361803645334847,3.817112703456022e-14,0.05361803645334848,0.0014938412357891025
Lang_L6.self_attn.o_proj,Base->Stage1,Lang,2.6190278751580183e-05,8.750067244880374e-10,1.3773783424597674e-05,0.0011810453664541358,4.302875754104539e-13,5.231118083390647e-07,2.619028882237326e-05,4.302875754105638e-13,5.23111808339161e-07,2.6190288822376597e-05,0.9999999999997445,3.3006745726363373e-13,1.8071943539931025e-13,1.8119534396154868e-13,0.0013434124082703826
Lang_L6.self_attn.o_proj,Stage1->Stage2,Lang,7.194899944760887e-05,6.498264868279474e-09,5.181599760984562e-05,0.0032185256286465657,3.247339895132235e-12,1.436631990150837e-06,7.194856578346092e-05,3.2473398951358376e-12,1.436631990151641e-06,7.194856578350086e-05,0.9999999999988906,3.3882870824889633e-13,1.8458878780711492e-13,1.8522812457949875e-13,0.003690573222621091
Lang_L6.self_attn.o_proj,Base->Stage2,Lang,7.632447861608457e-05,7.025077586632701e-09,5.453312500165036e-05,0.0033464460636701957,3.6543173250650825e-12,1.5240761138627111e-06,7.632404792769965e-05,3.654317325066934e-12,1.5240761138631518e-06,7.632404792771897e-05,0.9999999999994933,3.3006675308959604e-13,1.8071870059436213e-13,1.8119538031676436e-13,0.003915011848487504
Lang_L6.mlp.gate_proj,Base->Stage1,Lang,1.1471524060249187e-05,7.776145134149246e-10,1.2664969967299234e-05,0.0010519580824818395,5.635029559155965e-10,1.5133415327066916e-05,0.0008954974534995376,9.247172469858527e-14,2.3058385658772678e-07,1.1471513876978014e-05,6093.786589926311,0.11270196655527198,0.11270196655527194,5.014393368736202e-13,0.0014438552804028506
Lang_L6.mlp.gate_proj,Stage1->Stage2,Lang,4.159239904410973e-05,6.2284763821818894e-09,4.797359258396632e-05,0.0029771952352877925,4.705301212392322e-09,4.816104378301844e-05,0.002587677319952255,1.215613264636691e-12,7.868591926851559e-07,4.15924132516398e-05,3870.7221690268325,0.3256525463441778,0.32565254634417773,4.863656131316883e-13,0.0052350026010942125
Lang_L6.mlp.gate_proj,Base->Stage2,Lang,4.130008278692895e-05,6.670513786325239e-09,5.0489712086511823e-05,0.003081030853177417,5.005706215259087e-09,4.9752804465832254e-05,0.0026690031289777075,1.1985842360766107e-12,7.955980049966628e-07,4.1300060232352866e-05,4176.349116391294,0.3358902396411745,0.33589023964117437,5.01442656946872e-13,0.005198205774539684
Lang_L6.mlp.up_proj,Base->Stage1,Lang,1.1777513383895216e-05,7.269222703955283e-10,1.204994758593713e-05,0.0010572619889066086,5.482614915789795e-10,1.4800848824291092e-05,0.0009181898825921317,9.02049743831894e-14,2.324317777002424e-07,1.1777520670887863e-05,6077.9518571777735,0.11116727002634023,0.11116727002634022,4.899674747726523e-13,0.0014260489406765769
Lang_L6.mlp.up_proj,Stage1->Stage2,Lang,3.2398408868349846e-05,5.5212413004155824e-09,4.425483106947401e-05,0.0029137756092248437,4.168176103865326e-09,4.511294792290277e-05,0.0025316914173507403,6.826059995445027e-13,6.198394702532109e-07,3.239834233960262e-05,6106.2693657054215,0.3065163138877066,0.3065163138877065,4.915431985064137e-13,0.003922872898072933
Lang_L6.mlp.up_proj,Base->Stage2,Lang,3.364377250512693e-05,5.934489847010283e-09,4.665298443955521e-05,0.0030208519073185646,4.455375425576005e-09,4.6776192469557755e-05,0.0026174590273294767,7.360929359687218e-13,6.261035602531433e-07,3.364372423520684e-05,6052.734930423681,0.31689982309038056,0.31689982309038045,4.899678615302906e-13,0.004073666874962444
Lang_L6.mlp.down_proj,Base->Stage1,Lang,1.5939239938194406e-05,7.919648037306852e-10,1.2941975515408522e-05,0.0011181787533489957,5.730145765425813e-10,1.5358781352644787e-05,0.0009511327377182494,1.6092380140686447e-13,2.8950873393659087e-07,1.593927034938163e-05,3560.7820069687864,0.11364248751270398,4.949430116916905e-13,0.1136424875127039,0.0019047120448130973
Lang_L6.mlp.down_proj,Stage1->Stage2,Lang,4.264402368890432e-05,5.808034834347168e-09,4.6903465926472014e-05,0.003028101741605828,4.3033607897526464e-09,4.6430687140074374e-05,0.002606512043863836,1.15186017032227e-12,7.805864277938164e-07,4.2643784247141225e-05,3736.009717697455,0.3114318971472686,5.062758026172909e-13,0.31143189714726865,0.005095878530150683
Lang_L6.mlp.down_proj,Base->Stage2,Lang,3.7328947549448646e-05,6.248698527381364e-09,4.932319926053025e-05,0.003140874929019999,4.6033840287618515e-09,4.8046833388652115e-05,0.0026958421548417414,8.826256774684814e-13,7.239692323453109e-07,3.7328809172285016e-05,5215.556431538599,0.3221172338623829,4.949436759111475e-13,0.3221172338623829,0.004460745700116691
Lang_L7.self_attn.q_proj,Base->Stage1,Lang,2.3560377832253967e-05,7.962022828291837e-10,1.2609594362195109e-05,0.0010300286800300886,4.1657160931547473e-13,5.141254502649734e-07,2.3560388210063865e-05,4.165716093163266e-13,5.14125450265457e-07,2.356038821008795e-05,0.9999999999979551,3.2198130265921765e-13,1.7881207633939187e-13,1.7976039830210293e-13,0.001321827510396839
Lang_L7.self_attn.q_proj,Stage1->Stage2,Lang,6.670986019700308e-05,6.842640734212695e-09,5.2063352580948574e-05,0.003019591228230252,3.339679915588321e-12,1.4531738277119525e-06,6.670965709707109e-05,3.3396799155856895e-12,1.4531738277114106e-06,6.670965709704477e-05,1.0000000000007878,3.26094959365904e-13,1.8038153107485949e-13,1.8103621677407685e-13,0.0037426772274216638
Lang_L7.self_attn.q_proj,Base->Stage2,Lang,6.92783274739702e-05,7.302335754785593e-09,5.439274431569968e-05,0.003119372108637256,3.601802996560579e-12,1.5089234027056916e-06,6.92781470697871e-05,3.6018029965567003e-12,1.5089234027049193e-06,6.927814706974981e-05,1.000000000001077,3.219839209288171e-13,1.7881512597951337e-13,1.797607685769969e-13,0.0038867797359343316
Lang_L7.self_attn.k_proj,Base->Stage1,Lang,2.5723042301823873e-05,7.36656177196187e-10,1.1878832256673189e-05,0.0009289042340086505,6.210550256927915e-10,1.566402618252903e-05,0.00085291070475555,5.648949249617073e-13,5.862532246759887e-07,2.5723044050980465e-05,1099.4168972838463,0.01803663446473016,4.8156495393194143e-14,0.018036634464730163,0.0005442128539627887
Lang_L7.self_attn.k_proj,Stage1->Stage2,Lang,6.686251109034284e-05,6.3228759589022525e-09,4.887931473424034e-05,0.002721422164614785,5.277183775277057e-09,5.274580229947403e-05,0.0024862208020561783,3.816702558077093e-12,1.544203442874318e-06,6.686252057987382e-05,1382.655235763453,0.052580652033033186,4.8888933270222407e-14,0.05258065203303319,0.0014145852221655374
Lang_L7.self_attn.k_proj,Base->Stage2,Lang,7.12079116335926e-05,6.767034201974182e-09,5.116950326156111e-05,0.002815384869818295,5.616706191998363e-09,5.48076418081565e-05,0.0025649531676066534,4.328919475404237e-12,1.6417727080995384e-06,7.120792658191978e-05,1297.4845625821838,0.054244686412015845,4.815403996048199e-14,0.054244686412015845,0.001506519344024741
Lang_L7.self_attn.v_proj,Base->Stage1,Lang,2.4956995179823117e-05,7.086071950287582e-10,1.1967094779796739e-05,0.0010758770872343398,6.061757634311867e-10,1.5623416678603116e-05,0.000995082672075769,3.812981864493705e-13,4.858788468114872e-07,2.4956992556066186e-05,1589.7682836518707,0.017821632212118448,3.977910702989099e-14,0.01782163221211843,0.00044711303221575596
Lang_L7.self_attn.v_proj,Stage1->Stage2,Lang,7.403051810903497e-05,5.54875217128959e-09,4.652997447962548e-05,0.0030106445672253837,4.699575024053567e-09,5.0221159470852314e-05,0.0027707102787170967,3.3550717975962588e-12,1.439450023465502e-06,7.403084925885792e-05,1400.7375423144676,0.049620124551480106,4.040492611328497e-14,0.04962012455148012,0.001326281977038875
Lang_L7.self_attn.v_proj,Base->Stage2,Lang,7.645435965942075e-05,5.9781522931434755e-09,4.8957323759202254e-05,0.0031249660936623087,5.045945972290622e-09,5.244713735812051e-05,0.002870999523286389,3.578365185604258e-12,1.486349611273427e-06,7.645469361392476e-05,1410.1260521397965,0.05141628857657666,3.9779628327017384e-14,0.051416288576576645,0.0013697057809727185
Lang_L7.self_attn.o_proj,Base->Stage1,Lang,2.5395975406830193e-05,8.014585947874906e-10,1.2800460408138141e-05,0.0011439638456834371,3.9499028506250546e-13,5.011861545121104e-07,2.539597908886334e-05,3.949902850616026e-13,5.01186154511525e-07,2.539597908883431e-05,1.0000000000022857,3.0987517440583484e-13,1.6991245941713437e-13,1.7143277338732195e-13,0.0012871322125543355
Lang_L7.self_attn.o_proj,Stage1->Stage2,Lang,6.701440547869274e-05,5.9386770585422395e-09,4.844401337522619e-05,0.003113979968184406,2.750380819410878e-12,1.3225923669018577e-06,6.701428297613918e-05,2.7503808194131962e-12,1.3225923669024305e-06,6.701428297616745e-05,0.9999999999991571,3.074973925513179e-13,1.6921569795469602e-13,1.7023106480949098e-13,0.0033964589313560186
Lang_L7.self_attn.o_proj,Base->Stage2,Lang,6.990351835284647e-05,6.401310676291553e-09,5.0970331566704656e-05,0.003232997825910527,2.9926414608260697e-12,1.3797962455643534e-06,6.99034007038961e-05,2.9926414608282337e-12,1.3797962455648426e-06,6.990340070392142e-05,0.9999999999992769,3.0987202434824305e-13,1.699119985050911e-13,1.7143084189152397e-13,0.00354288696541644
Lang_L7.mlp.gate_proj,Base->Stage1,Lang,1.1165128474994626e-05,7.4700586649161e-10,1.191668876361504e-05,0.0010378120728968359,5.660551931445124e-10,1.5018065594638886e-05,0.0009034125135099155,8.645975546877068e-14,2.2082132057049968e-07,1.1165128191486283e-05,6547.036711767846,0.11295752895799907,0.11295752895799911,4.957932890956611e-13,0.0013961310568259943
Lang_L7.mlp.gate_proj,Stage1->Stage2,Lang,3.460222600276618e-05,6.453476912865611e-09,4.9081107562332827e-05,0.0030503777401145204,4.903515913768601e-09,4.918168185167291e-05,0.0026589522437554325,8.304139804695741e-13,6.919180433247083e-07,3.4602228423825514e-05,5904.905299156705,0.3324552890276619,0.33245528902766186,4.911747766404745e-13,0.004326796927829478
Lang_L7.mlp.gate_proj,Base->Stage2,Lang,3.6717542112366486e-05,6.878354456300401e-09,5.1335703393785826e-05,0.003149191124508378,5.212084318350456e-09,5.08189085713744e-05,0.0027413371976377386,9.3504767920191e-13,7.330529962057937e-07,3.671754374902575e-05,5574.137484410549,0.34275416076588533,0.34275416076588544,4.957949918034199e-13,0.0045913041652929755
Lang_L7.mlp.up_proj,Base->Stage1,Lang,1.1476272391883646e-05,7.309413030063779e-10,1.172608615775359e-05,0.0010958661849696256,5.59263665396127e-10,1.4902684857851428e-05,0.0009585716422777185,8.01621239820338e-14,2.084211784914575e-07,1.1476273309715712e-05,6976.6572742193175,0.1122783530247518,0.11227835302475184,4.771465994244955e-13,0.0013443235121452662
Lang_L7.mlp.up_proj,Stage1->Stage2,Lang,3.422701423207347e-05,5.752376075551843e-09,4.555331526989915e-05,0.0030742507995648646,4.335351208718037e-09,4.614812436583768e-05,0.002668872346700988,7.130261892184597e-13,6.284187326037737e-07,3.422696571350941e-05,6080.21314542453,0.3126025128829401,0.31260251288294,4.736540996834524e-13,0.004009331142696693
Lang_L7.mlp.up_proj,Base->Stage2,Lang,3.506555269459924e-05,6.169768609561489e-09,4.783407808979427e-05,0.0031838316617114116,4.634330083600967e-09,4.7880361786164824e-05,0.002759364932431737,7.483915879273542e-13,6.413938062957208e-07,3.506550579189148e-05,6192.386657412319,0.3232020120730573,0.3232020120730574,4.771479050829634e-13,0.004107557344773659
Lang_L7.mlp.down_proj,Base->Stage1,Lang,1.2365161755593125e-05,8.112499095968921e-10,1.315891115040657e-05,0.0011670731255663685,5.886623420994248e-10,1.5594867580063997e-05,0.0009941544592978753,9.106634624305148e-14,2.344385744457447e-07,1.2365158680477543e-05,6464.104099755082,0.1151909547835521,4.720522063609908e-13,0.1151909547835521,0.0014328414703589198
Lang_L7.mlp.down_proj,Stage1->Stage2,Lang,3.5931302454318025e-05,6.011295067770253e-09,4.814982640281814e-05,0.0031768978145233565,4.450888001186557e-09,4.73087114847538e-05,0.0027336477754073196,7.689612307515027e-13,6.827983160272375e-07,3.593117710898184e-05,5788.182580852252,0.31674012338071206,5.043238170140333e-13,0.3167401233807121,0.0041636230937939726
Lang_L7.mlp.down_proj,Base->Stage2,Lang,3.803808197447455e-05,6.463013758731205e-09,5.0624552091725135e-05,0.003294099878973751,4.756195086555933e-09,4.8957374532805864e-05,0.002825849659303303,8.617782486939227e-13,7.244955324481571e-07,3.803793981999386e-05,5519.047497153978,0.32742160342056326,4.720520747753189e-13,0.32742160342056315,0.004407749965844623
Lang_L8.self_attn.q_proj,Base->Stage1,Lang,2.3427384037026793e-05,8.654901281248061e-10,1.3085676008394581e-05,0.001070443899336395,4.1455451613761355e-13,5.134135447109791e-07,2.3427377594286186e-05,4.1455451613736783e-13,5.13413544710721e-07,2.342737759427923e-05,1.0000000000005926,3.4867120211613274e-13,1.9041848592384182e-13,1.9200510031423183e-13,0.0013186233978103932
Lang_L8.self_attn.q_proj,Stage1->Stage2,Lang,6.721767118713857e-05,7.0085861641845714e-09,5.247287693141943e-05,0.0030461265670655388,3.4127244165647035e-12,1.4717382165465876e-06,6.721765320766107e-05,3.412724416562179e-12,1.4717382165460088e-06,6.721765320763622e-05,1.0000000000007396,3.3758622543734986e-13,1.856463050565367e-13,1.8745195266443848e-13,0.00378338521317674
Lang_L8.self_attn.q_proj,Base->Stage2,Lang,6.937303853318698e-05,7.486569142638682e-09,5.485753351657831e-05,0.0031482858384765527,3.635092704123796e-12,1.5189047623438652e-06,6.937300089889747e-05,3.635092704126482e-12,1.5189047623444403e-06,6.937300089892311e-05,0.999999999999261,3.486736720254977e-13,1.9041881114591325e-13,1.9200783465116654e-13,0.003904700227839332
Lang_L8.self_attn.k_proj,Base->Stage1,Lang,2.074533137057205e-05,7.118290623511631e-10,1.128991105558974e-05,0.0008695434080407317,6.0239621433552e-10,1.5033080645501107e-05,0.000799916262896594,4.051671774084962e-13,5.035167625196559e-07,2.0745339064919467e-05,1486.7843397101594,0.017765574824643228,5.081968390081855e-14,0.01776557482464322,0.0004608950955577046
Lang_L8.self_attn.k_proj,Stage1->Stage2,Lang,6.770672015130119e-05,6.13396632538903e-09,4.7117118837203265e-05,0.0025525568930593718,5.086872696287696e-09,5.142811205558813e-05,0.002324503324037346,4.315754515033688e-12,1.6400857064979605e-06,6.770692711735043e-05,1178.6751722248941,0.05161986754414928,5.0659069704652376e-14,0.05161986754414928,0.0015042268124116063
Lang_L8.self_attn.k_proj,Base->Stage2,Lang,7.210525222720798e-05,6.5173273761417684e-09,4.914604717343174e-05,0.002631113030480586,5.3857982441674176e-09,5.327945526130386e-05,0.0023918270721557666,4.8947138098252804e-12,1.7455038269155411e-06,7.210549938228187e-05,1100.3295500865386,0.053113098427088445,5.0818955631358834e-14,0.053113098427088445,0.001601948723875292
Lang_L8.self_attn.v_proj,Base->Stage1,Lang,2.3464013301482167e-05,7.107306706622781e-10,1.175165446865023e-05,0.0010582493450787124,6.065497145016293e-10,1.5440280539372038e-05,0.000977616856060309,3.494079500368838e-13,4.6636486909663035e-07,2.3463990322198513e-05,1735.9356432433817,0.017827608116356326,4.214292974406907e-14,0.01782760811635633,0.0004280074710900941
Lang_L8.self_attn.v_proj,Stage1->Stage2,Lang,7.166772518474066e-05,5.476138587526482e-09,4.571764777216991e-05,0.002937467737702445,4.611667758641745e-09,4.949806305615191e-05,0.0026956586446328186,3.2596898478392113e-12,1.4256936981145978e-06,7.166779291512877e-05,1414.756609957458,0.04915395984984244,4.253296888586911e-14,0.04915395984984244,0.0013072934907448765
Lang_L8.self_attn.v_proj,Base->Stage2,Lang,7.71088652366795e-05,5.916722646725233e-09,4.8198427536005894e-05,0.0030533493424869606,4.959132296083307e-09,5.173801672022997e-05,0.002795366378132456,3.773434481787937e-12,1.534707239127732e-06,7.710886259325558e-05,1314.222446425931,0.050970693216938194,4.214328486900819e-14,0.050970693216938194,0.0014065441399357624
Lang_L8.self_attn.o_proj,Base->Stage1,Lang,2.5449808991512387e-05,8.716875010996518e-10,1.336980572270996e-05,0.0011652983761721886,4.157726312819189e-13,5.143455269351717e-07,2.5449817998234117e-05,4.157726312816479e-13,5.143455269350473e-07,2.5449817998225806e-05,1.000000000000652,3.3139560953921183e-13,1.8090914371072972e-13,1.8290504828969768e-13,0.0013205592794248726
Lang_L8.self_attn.o_proj,Stage1->Stage2,Lang,6.642029331345328e-05,5.9127268982637615e-09,4.786293662562002e-05,0.0030349443935066096,2.831966518374747e-12,1.342256633110948e-06,6.642030806757822e-05,2.8319665183763853e-12,1.3422566331113336e-06,6.642030806759737e-05,0.9999999999994216,3.2971474720441476e-13,1.8052181470153194e-13,1.8169310944040122e-13,0.003446466088022937
Lang_L8.self_attn.o_proj,Base->Stage2,Lang,6.899111268820218e-05,6.420771525615419e-09,5.062066238660512e-05,0.0031626449308813616,3.0554356549182395e-12,1.394241950464806e-06,6.89911524293996e-05,3.0554356549196717e-12,1.3942419504651905e-06,6.899115242941583e-05,0.9999999999995313,3.313936567239951e-13,1.8090868471382362e-13,1.829039512517505e-13,0.0035798639623835157
Lang_L8.mlp.gate_proj,Base->Stage1,Lang,9.758765891860758e-06,8.546068664371599e-10,1.2485018120663625e-05,0.0009911181407039388,6.937832984563383e-10,1.69907220256258e-05,0.0008930055472331444,8.285246664532988e-14,2.281438323576678e-07,9.758767194013813e-06,8373.719293430891,0.12505612121833798,0.12505612121833803,5.669975278853088e-13,0.0013666959513364738
Lang_L8.mlp.gate_proj,Stage1->Stage2,Lang,2.78651960635944e-05,7.4217049004885e-09,5.271421657183562e-05,0.002920740545308577,6.013198708130339e-09,5.69955482733109e-05,0.002629020158936899,6.75522367610462e-13,6.513987846830734e-07,2.7865125626948224e-05,8901.553814422075,0.368167275902418,0.368167275902418,5.401214194858193e-13,0.0039024653305313847
Lang_L8.mlp.gate_proj,Base->Stage2,Lang,2.8716962929938176e-05,7.895382373870448e-09,5.505165757376103e-05,0.003012504625148597,6.393506647007251e-09,5.909810951190848e-05,0.002710882531135324,7.174516826072136e-13,6.712530573830996e-07,2.871689417199808e-05,8911.41076396016,0.37963107070036156,0.3796310707003617,5.669968550127505e-13,0.00402175412402886
Lang_L8.mlp.up_proj,Base->Stage1,Lang,1.1852287304870105e-05,9.259750374979186e-10,1.3944098041719837e-05,0.0011932148030847278,7.417963634934157e-10,1.8085258514235223e-05,0.0010679756308308926,9.136219144047323e-14,2.377818468636299e-07,1.1852289397889648e-05,8119.2925847967535,0.12931064455536265,0.12931064455536262,5.051200114645107e-13,0.0014351670031447687
Lang_L8.mlp.up_proj,Stage1->Stage2,Lang,3.29390057436144e-05,6.868669083429567e-09,5.254646620699893e-05,0.003249781468009856,5.4333580700448045e-09,5.505427967756829e-05,0.002890360572943565,7.056396661040611e-13,6.587392022482885e-07,3.293891988178206e-05,7699.904541992604,0.3499623462722381,0.3499623462722382,5.075736219484779e-13,0.003988509947120823
Lang_L8.mlp.up_proj,Base->Stage2,Lang,3.4128127992708625e-05,7.395508180527278e-09,5.522233496799484e-05,0.00337211107757967,5.836369917307356e-09,5.739013695012735e-05,0.002995637552349146,7.575077859011412e-13,6.824772927781185e-07,3.4128045057848636e-05,7704.699576604792,0.3627087248096747,0.3627087248096746,5.051244148085351e-13,0.004132498809236987
Lang_L8.mlp.down_proj,Base->Stage1,Lang,1.2310713783968286e-05,9.540998603232579e-10,1.4329539295908476e-05,0.0012308150276547486,7.626207393078038e-10,1.8421271409559315e-05,0.0011003989816859828,9.544976740277277e-14,2.4393839622555334e-07,1.2310715962164369e-05,7989.760059757358,0.13111304212352523,5.263798633469798e-13,0.13111304212352523,0.0014669206553317028
Lang_L8.mlp.down_proj,Stage1->Stage2,Lang,3.29123093443338e-05,6.951329501409136e-09,5.319527344302289e-05,0.0033222208337237544,5.521218140898797e-09,5.555264729913169e-05,0.0029608200494938577,6.822208130701462e-13,6.516783172016221e-07,3.2912209752722704e-05,8093.007476643934,0.35278294015570727,4.900053251499645e-13,0.3527829401557071,0.003921765926549619
Lang_L8.mlp.down_proj,Base->Stage2,Lang,3.44069441149785e-05,7.497376618657545e-09,5.5979076324470555e-05,0.003450239346660373,5.941247167889249e-09,5.79593291155975e-05,0.003071378713163946,7.455909189429048e-13,6.808349168104437e-07,3.4406846088427336e-05,7968.50795381564,0.3659552669526441,5.263801463614137e-13,0.3659552669526441,0.004099864385996405
Lang_L9.self_attn.q_proj,Base->Stage1,Lang,2.348316379457867e-05,9.6208026916846e-10,1.4097275035079154e-05,0.0010960557162060527,4.4163088088408876e-13,5.297740377972919e-07,2.3483168492566665e-05,4.4163088088512965e-13,5.297740377979934e-07,2.3483168492594336e-05,0.9999999999976431,3.56828163526173e-13,1.9605553691539136e-13,1.9664584708430858e-13,0.0013610048384263818
Lang_L9.self_attn.q_proj,Stage1->Stage2,Lang,6.834155151815568e-05,7.128677443061018e-09,5.2871811005352626e-05,0.0029835275334364,3.740379891160892e-12,1.5409774231249788e-06,6.834132972831349e-05,3.740379891162907e-12,1.540977423125339e-06,6.834132972833193e-05,0.9999999999994614,3.454253032535701e-13,1.9035042848103583e-13,1.917503418157688e-13,0.003960844649695838
Lang_L9.self_attn.q_proj,Base->Stage2,Lang,7.056596146922765e-05,7.653004327524556e-09,5.548540453460815e-05,0.0030913028009145376,3.9878310036670845e-12,1.591028791903347e-06,7.056574657775858e-05,3.987831003663689e-12,1.5910287919026631e-06,7.056574657772853e-05,1.0000000000008513,3.568285954622413e-13,1.9605601691188318e-13,1.966482917846849e-13,0.004089764727950815
Lang_L9.self_attn.k_proj,Base->Stage1,Lang,2.2420785875365897e-05,8.566350015457383e-10,1.2523745282679716e-05,0.0008767750473372093,7.263304272464129e-10,1.6779303076516886e-05,0.0008073417147024533,5.601716901041376e-13,5.900555604867345e-07,2.242078696239471e-05,1296.6210897080248,0.019506508373622215,5.5351656109859077e-14,0.019506508373622215,0.0005419329248729202
Lang_L9.self_attn.k_proj,Stage1->Stage2,Lang,6.645268579564939e-05,6.997120880400434e-09,5.015433911625955e-05,0.002505817080728551,5.857215629562061e-09,5.518486126634491e-05,0.0022926369268078395,4.920899882015407e-12,1.7533617253382867e-06,6.645259446501455e-05,1190.2732772452132,0.05539061360767033,5.372550565403166e-14,0.05539061360767033,0.0016062281149768528
Lang_L9.self_attn.k_proj,Base->Stage2,Lang,7.046710526258287e-05,7.434174997179749e-09,5.2343551734033295e-05,0.002582890927895857,6.190481896042083e-09,5.716942899684211e-05,0.002356958337342625,5.533403714731776e-12,1.8582208893184816e-06,7.046701183117177e-05,1118.7475584983877,0.056942222376007025,5.535185380598468e-14,0.05694222237600704,0.001703260745390821
Lang_L9.self_attn.v_proj,Base->Stage1,Lang,2.7181532869881036e-05,9.419468430267494e-10,1.4267148130020502e-05,0.0011791783157655996,8.087048568870799e-10,1.8266523071280965e-05,0.0010926002925645986,5.005135993450971e-13,5.558209227594049e-07,2.7181550596075158e-05,1615.7500174725308,0.0205847525881339,4.239790238279195e-14,0.02058475258813391,0.0005122628953705728
Lang_L9.self_attn.v_proj,Stage1->Stage2,Lang,8.445950016032526e-05,6.6355958774948955e-09,5.145462990396865e-05,0.003129714165160539,5.584706133650392e-09,5.508313132660726e-05,0.002871209444958733,4.8324174092524e-12,1.7241444353812185e-06,8.445919374727481e-05,1155.6754437142827,0.054087366121755624,4.357674153324053e-14,0.0540873661217556,0.0015917218534223
Lang_L9.self_attn.v_proj,Base->Stage2,Lang,8.877171284411069e-05,7.179323096636076e-09,5.426849245360188e-05,0.0032554157515515005,6.026985633074345e-09,5.769178118790101e-05,0.0029827358169367798,5.338474740737276e-12,1.813158734058021e-06,8.87714486782057e-05,1128.9714620326145,0.056187706871734085,4.239725274561248e-14,0.05618770687173409,0.001672990808364369
Lang_L9.self_attn.o_proj,Base->Stage1,Lang,2.7725432361277836e-05,9.98363453224235e-10,1.4828906879923304e-05,0.0012429253441375244,4.967694447691844e-13,5.621256898526313e-07,2.7725420659847145e-05,4.967694447695045e-13,5.621256898527608e-07,2.772542065985605e-05,0.9999999999993554,3.2676189216135853e-13,1.7889370893256783e-13,1.7997888384617051e-13,0.0014434687628329579
Lang_L9.self_attn.o_proj,Stage1->Stage2,Lang,6.826578248623889e-05,6.54526879655084e-09,5.120253653901827e-05,0.003182468603748035,3.011651620346825e-12,1.3834022376228137e-06,6.826573190007487e-05,3.0116516203501097e-12,1.383402237623578e-06,6.826573190011209e-05,0.9999999999989093,3.2900621893763007e-13,1.796527304156581e-13,1.809523170439572e-13,0.0035541218940606054
Lang_L9.self_attn.o_proj,Base->Stage2,Lang,7.187654576998576e-05,7.13128025205525e-09,5.4268435523516234e-05,0.0033218815049625362,3.3386632444348457e-12,1.4565960178520798e-06,7.187646217299241e-05,3.3386632444345395e-12,1.4565960178519682e-06,7.187646217298909e-05,1.0000000000000917,3.2676042256703125e-13,1.7889090608658364e-13,1.7997985610276612e-13,0.0037421075079137915
Lang_L9.mlp.gate_proj,Base->Stage1,Lang,9.27735691753173e-06,8.928554722477814e-10,1.288442625667949e-05,0.0009988608661799898,7.22200479624245e-10,1.7389869876651405e-05,0.000898345304930952,7.702288395671149e-14,2.1933904592427352e-07,9.27735775000442e-06,9376.44038400506,0.1275923770647981,0.12759237706479812,5.664370178740375e-13,0.001317738013683882
Lang_L9.mlp.gate_proj,Stage1->Stage2,Lang,3.0329360931332558e-05,7.768508325755139e-09,5.42757015914672e-05,0.002946340584180461,6.262249090994882e-09,5.827373584228752e-05,0.002645326602488043,8.231854519374475e-13,7.149026340457999e-07,3.0329340964599213e-05,7607.336932711901,0.37571007820396285,0.37571007820396296,5.608796736672024e-13,0.004307923970045354
Lang_L9.mlp.gate_proj,Base->Stage2,Lang,3.11243703202245e-05,8.26450669405886e-09,5.666946741951636e-05,0.00303894330640763,6.656845126563667e-09,6.040278496380233e-05,0.0027273969892179636,8.669067681335736e-13,7.338333402029909e-07,3.1124352622869064e-05,7678.847796857869,0.3873664315572645,0.3873664315572647,5.664400924265774e-13,0.004420845968024925
Lang_L9.mlp.up_proj,Base->Stage1,Lang,1.2474283163043575e-05,9.6855811558616e-10,1.4518354692984956e-05,0.0012423868069138487,7.707594670971711e-10,1.856580580744643e-05,0.0011082900202308782,9.76435077071422e-14,2.450894484485177e-07,1.2474285366376692e-05,7893.6069094207005,0.13181066329519747,0.13181066329519736,4.987195927878502e-13,0.0014836821535816832
Lang_L9.mlp.up_proj,Stage1->Stage2,Lang,3.4246395530344e-05,7.137151136837591e-09,5.4232638545016916e-05,0.003372527930678981,5.592657104783291e-09,5.604084196576513e-05,0.002985397774727864,7.35938899770125e-13,6.721692409648649e-07,3.4246326111822954e-05,7599.3497646750175,0.35505500582304916,0.3550550058230492,5.051980677179773e-13,0.004073240621047967
Lang_L9.mlp.up_proj,Base->Stage2,Lang,3.581941300336604e-05,7.693831269204281e-09,5.701587070975774e-05,0.0035015830973779806,6.010866849861645e-09,5.8413234729140006e-05,0.0030950071898269357,8.050986622954984e-13,7.025805143112499e-07,3.5819346723094575e-05,7466.000294576882,0.3680899569732736,0.3680899569732736,4.987211261698703e-13,0.004260334893019093
Lang_L9.mlp.down_proj,Base->Stage1,Lang,1.2549902035514635e-05,1.0131669939696662e-09,1.5101363772997556e-05,0.001296791720603227,8.041075348593304e-10,1.904880806583959e-05,0.0011552787319023558,9.489022919479639e-14,2.426305446940754e-07,1.2549905633678321e-05,8474.081490609638,0.13463258655535737,4.782078733567428e-13,0.13463258655535737,0.0014626147014219085
Lang_L9.mlp.down_proj,Stage1->Stage2,Lang,3.6355301022348094e-05,7.186991364269894e-09,5.484087578405037e-05,0.0034538417579390397,5.651194805987464e-09,5.6454885167343535e-05,0.0030626616021211576,7.962988069428742e-13,7.034210746341044e-07,3.635523087235876e-05,7096.82691561897,0.3569075972903271,4.702078923119044e-13,0.3569075972903271,0.004236987854887254
Lang_L9.mlp.down_proj,Base->Stage2,Lang,3.812713728303099e-05,7.770022706000524e-09,5.7755753080506116e-05,0.003591203522641725,6.091396586374657e-09,5.891468587562288e-05,0.0031797085322100263,8.758086303876351e-13,7.374125973295277e-07,3.8127074645526274e-05,6955.168486611727,0.3705466665833878,4.782127543267227e-13,0.3705466665833879,0.004443485802157236
Lang_L10.self_attn.q_proj,Base->Stage1,Lang,2.6603217335567806e-05,1.0072745791472369e-09,1.4929990250815706e-05,0.0011839934202747054,5.085323030092228e-13,5.664310559370748e-07,2.660324565654929e-05,5.085323030106219e-13,5.664310559376605e-07,2.6603245656585896e-05,0.9999999999972488,3.0919892462426237e-13,1.7113931029452732e-13,1.7328841473091157e-13,0.0014604585145243476
Lang_L10.self_attn.q_proj,Stage1->Stage2,Lang,7.287091366548959e-05,7.99419433868465e-09,5.814349068150593e-05,0.003335494818825855,3.8155550641551685e-12,1.553394889119262e-06,7.287050550266817e-05,3.8155550641534584e-12,1.553394889118881e-06,7.287050550265189e-05,1.000000000000448,3.168041641023015e-13,1.7526917680342713e-13,1.760201029285733e-13,0.004000449708195209
Lang_L10.self_attn.q_proj,Base->Stage2,Lang,7.608742125828823e-05,8.564721845283101e-09,6.082328858344338e-05,0.0034524671185307697,4.159833529640677e-12,1.6212488826716068e-06,7.608707607915711e-05,4.159833529642124e-12,1.6212488826719857e-06,7.608707607917034e-05,0.9999999999996522,3.0920210096227726e-13,1.7114297263025214e-13,1.7329036363491502e-13,0.004177033207039666
Lang_L10.self_attn.k_proj,Base->Stage1,Lang,2.5540496912665064e-05,9.248037632845436e-10,1.4064130311880474e-05,0.0010657128036468371,7.827144885381354e-10,1.787803027133972e-05,0.0009804310929093366,5.311618456390382e-13,5.693251668512832e-07,2.554046647161785e-05,1473.5894435272464,0.020250758596949067,4.653721317476301e-14,0.020250758596949067,0.0005277137308488382
Lang_L10.self_attn.k_proj,Stage1->Stage2,Lang,8.329555473365844e-05,7.622904367684476e-09,5.588768083544804e-05,0.0030596628915477595,6.278470564698848e-09,5.873686930141479e-05,0.0027767723415587243,5.649537179640884e-12,1.869758651091751e-06,8.329516237249926e-05,1111.3247625530173,0.05734650481256434,4.687728437920378e-14,0.05734650481256435,0.0017210417045613858
Lang_L10.self_attn.k_proj,Base->Stage2,Lang,8.619048643857138e-05,8.141563184572199e-09,5.837431127297954e-05,0.0031620391476921096,6.683562306732942e-09,6.0971944024343624e-05,0.0028649519605107063,6.049045478250757e-12,1.934718286007657e-06,8.618997771318572e-05,1104.8953641964804,0.05916766435363728,4.6540664597275745e-14,0.05916766435363727,0.0017808542769415841
Lang_L10.self_attn.v_proj,Base->Stage1,Lang,2.6089351740682225e-05,8.339404758192213e-10,1.3206150741851275e-05,0.0010868901954253476,7.135166326227527e-10,1.704402192997145e-05,0.001005356743219398,4.80497329425965e-13,5.418441189788816e-07,2.6089372504148797e-05,1484.9544189458215,0.019334828925771423,4.483770515201694e-14,0.019334828925771423,0.0005019153154169341
Lang_L10.self_attn.v_proj,Stage1->Stage2,Lang,6.988136850173648e-05,5.9219928216294175e-09,4.778050210818563e-05,0.002896359638978173,4.974495708458361e-09,5.1644562871186105e-05,0.0026545632572450785,3.4473590099436054e-12,1.4464348936289178e-06,6.988143351703126e-05,1442.9874272188836,0.05105151791641781,4.357788396393988e-14,0.05105151791641779,0.0013443991076333372
Lang_L10.self_attn.v_proj,Base->Stage2,Lang,7.389139209789495e-05,6.416340875798777e-09,5.048048798395044e-05,0.0030148260747568214,5.372540767794678e-09,5.411599344829687e-05,0.0027587249866987055,3.854358436520963e-12,1.5327982384802725e-06,7.389151965130369e-05,1393.8871685851984,0.053054009094223885,4.483672167300656e-14,0.05305400909422388,0.0014215462975108136
Lang_L10.self_attn.o_proj,Base->Stage1,Lang,2.6062520738405747e-05,9.47021116243206e-10,1.4371324606531265e-05,0.0012164816107928262,4.3469240234253e-13,5.258035135861011e-07,2.606254016332732e-05,4.3469240234236795e-13,5.258035135859643e-07,2.606254016332244e-05,1.0000000000003728,3.029017831917488e-13,1.6739528823788272e-13,1.6757121316760698e-13,0.0013502711142263988
Lang_L10.self_attn.o_proj,Stage1->Stage2,Lang,6.897605858742775e-05,6.4165574546467475e-09,5.0823668436188905e-05,0.003166472783676073,3.0447056642985134e-12,1.3911763563623225e-06,6.897589961717953e-05,3.044705664300323e-12,1.3911763563627498e-06,6.897589961719996e-05,0.9999999999994057,3.05708061759147e-13,1.6869860095029419e-13,1.6951861034775516e-13,0.003573572602676136
Lang_L10.self_attn.o_proj,Base->Stage2,Lang,7.208270266235468e-05,6.975012914013282e-09,5.3754915577902164e-05,0.003301392983148535,3.3251507326168332e-12,1.4539931781751141e-06,7.20825902567363e-05,3.3251507326191625e-12,1.4539931781756564e-06,7.20825902567615e-05,0.9999999999992994,3.028983764786726e-13,1.6739390999418176e-13,1.6756938654410156e-13,0.0037345271479033953
Lang_L10.mlp.gate_proj,Base->Stage1,Lang,9.638573652830628e-06,9.352556580195762e-10,1.3252926485333315e-05,0.0010093638860145817,7.655870810410256e-10,1.7881646062447342e-05,0.0009132294076244711,8.52826477020426e-14,2.3128431140249376e-07,9.638577140292649e-06,8977.055727863959,0.1313687379661243,0.13136873796612436,5.620711546289021e-13,0.0013865946625930617
Lang_L10.mlp.gate_proj,Stage1->Stage2,Lang,2.8140222372056785e-05,8.00720866693595e-09,5.531512239519764e-05,0.0029534040667386994,6.5274670477542934e-09,5.972400292607291e-05,0.0026665801348329686,7.269254435914875e-13,6.753844192646763e-07,2.814020328575432e-05,8979.555063452359,0.3835873260026057,0.38358732600260576,5.535857657002291e-13,0.004048220144668123
Lang_L10.mlp.gate_proj,Base->Stage2,Lang,2.9035949237774093e-05,8.531783422118552e-09,5.779336997304205e-05,0.003048612363842104,6.956778894047061e-09,6.199379909875216e-05,0.0027528743904338205,7.739398185376774e-13,6.967658267771683e-07,2.903594004986042e-05,8988.78533888018,0.39600053033855237,0.3960005303385525,5.620712463491823e-13,0.004177079896531033
Lang_L10.mlp.up_proj,Base->Stage1,Lang,1.2762314429007363e-05,1.008906102462252e-09,1.4944257956464308e-05,0.0012691569736926328,7.968203617713185e-10,1.906248032908968e-05,0.0011278989119457908,1.0201855963380654e-13,2.523406711194363e-07,1.276231794125239e-05,7810.543146575371,0.13402034958250925,0.1340203495825093,5.025361138900558e-13,0.0015165571481191974
Lang_L10.mlp.up_proj,Stage1->Stage2,Lang,3.539018823031396e-05,7.326433745671563e-09,5.5284843208440816e-05,0.0034200637836069637,5.672834908227588e-09,5.69049550413668e-05,0.0030094557694043773,7.844871118793811e-13,6.984885775839426e-07,3.539001925358335e-05,7231.265909056534,0.357588993072821,0.35758899307282094,5.199779295852823e-13,0.004205446313206217
Lang_L10.mlp.up_proj,Base->Stage2,Lang,3.685102329834887e-05,7.905872950462483e-09,5.8141577758049944e-05,0.0035527349451820425,6.093064737964796e-09,5.931315006418264e-05,0.003118931155292793,8.505883129042127e-13,7.269531801804491e-07,3.685085748805701e-05,7163.353464334461,0.37059608109559516,0.3705960810955951,5.025352260503573e-13,0.0043790397979494005
Lang_L10.mlp.down_proj,Base->Stage1,Lang,1.3210180501182105e-05,1.0450700408052758e-09,1.5456706547225375e-05,0.0013221132918989475,8.307092457608518e-10,1.950860839655561e-05,0.0011787467126523523,1.0433392390073826e-13,2.555752427192082e-07,1.3210180235378592e-05,7962.024380020214,0.13684087182633506,5.023206617129732e-13,0.13684087182633517,0.0015336701224986518
Lang_L10.mlp.down_proj,Stage1->Stage2,Lang,3.6555461068258346e-05,7.334394849270052e-09,5.572983447135974e-05,0.0035024833533468924,5.733921847536281e-09,5.723297442239385e-05,0.0030968475108677385,7.989370965758397e-13,7.062932963493611e-07,3.6555289698624835e-05,7176.937799122442,0.3595102725736368,4.859311672729968e-13,0.3595102725736369,0.004244001024628866
Lang_L10.mlp.down_proj,Base->Stage2,Lang,3.821655345416095e-05,7.935021619854426e-09,5.8703914502578384e-05,0.00364307400648484,6.182542298685923e-09,5.977002540183524e-05,0.003215714505681066,8.731946640769581e-13,7.384559402242625e-07,3.821637352840025e-05,7080.371139488583,0.3733084465359713,5.023223837663155e-13,0.37330844653597134,0.0044368497623541335
Lang_L11.self_attn.q_proj,Base->Stage1,Lang,2.7139947290357296e-05,1.110288361672048e-09,1.576750943019841e-05,0.001214806956476756,5.541651520914148e-13,5.933905712074708e-07,2.713994621294946e-05,5.541651520919299e-13,5.933905712076244e-07,2.7139946212962067e-05,0.9999999999990705,3.1279876143569833e-13,1.7419309546579262e-13,1.7456347535567272e-13,0.0015245776838455263
Lang_L11.self_attn.q_proj,Stage1->Stage2,Lang,7.512204337334753e-05,8.382586592756026e-09,5.92416582016822e-05,0.003337925881047664,4.245765777406175e-12,1.640622511037829e-06,7.51217472786571e-05,4.245765777411513e-12,1.640622511038732e-06,7.512174727870438e-05,0.9999999999987426,3.2643303025934215e-13,1.7999609788962692e-13,1.8090180048724656e-13,0.004219956443289461
Lang_L11.self_attn.q_proj,Base->Stage2,Lang,7.733753078855979e-05,9.047261190240622e-09,6.23291409539992e-05,0.0034677376114416836,4.499889159286349e-12,1.6893091508312337e-06,7.733722289139105e-05,4.499889159286002e-12,1.6893091508312392e-06,7.733722289138803e-05,1.0000000000000773,3.1279787496365245e-13,1.7419264681612412e-13,1.7456182190321757e-13,0.004344410558447474
Lang_L11.self_attn.k_proj,Base->Stage1,Lang,2.807108347844418e-05,1.0335950653683339e-09,1.4912450382875697e-05,0.001088834646545549,8.694037552732142e-10,1.908683585789295e-05,0.0009986135942179073,6.869834398194756e-13,6.478420945344191e-07,2.807112719742923e-05,1265.5381554782089,0.021341589068386537,4.8288845321516905e-14,0.021341589068386544,0.0006001476265853871
Lang_L11.self_attn.k_proj,Stage1->Stage2,Lang,7.629736379184184e-05,7.877292245892184e-09,5.612174406577353e-05,0.0030058946185435374,6.4802831853310976e-09,5.947835441841733e-05,0.002726354117391567,5.075111979879021e-12,1.770702708869528e-06,7.629710974371324e-05,1276.8749164595918,0.058264611887822726,4.818882367242479e-14,0.05826461188782271,0.0016312021057204446
Lang_L11.self_attn.k_proj,Base->Stage2,Lang,8.333208316703104e-05,8.558768133078701e-09,5.9407727088234275e-05,0.0031332200889602705,7.00827508081529e-09,6.236867261272288e-05,0.0028352466232093865,6.054139085434543e-12,1.9198789668299777e-06,8.333193547941006e-05,1157.6006071079985,0.06058923165033017,4.828764479431767e-14,0.06058923165033018,0.0017816039045826953
Lang_L11.self_attn.v_proj,Base->Stage1,Lang,2.7781972944815484e-05,1.0603786722252251e-09,1.5389235245688582e-05,0.001217256810885236,8.97530191587045e-10,1.9550216981092908e-05,0.0011198922893555531,5.5236121585369e-13,5.858334423579374e-07,2.778198737759366e-05,1624.8971973890066,0.021685814611530078,4.477236755451729e-14,0.02168581461153009,0.0005381415772243393
Lang_L11.self_attn.v_proj,Stage1->Stage2,Lang,8.366524245583744e-05,7.308555969040553e-09,5.434710019613931e-05,0.003195683288010458,6.051900533592812e-09,5.759954792201702e-05,0.0029079961934498667,5.0094114658712075e-12,1.7623482385802063e-06,8.366451458810557e-05,1208.1060968586858,0.05630547881678708,4.684597864228998e-14,0.05630547881678709,0.0016206092430375327
Lang_L11.self_attn.v_proj,Base->Stage2,Lang,8.696729195104558e-05,7.956066765117312e-09,5.754237118127392e-05,0.003334242265499971,6.5525852699735234e-09,6.043304780639395e-05,0.003025897994666515,5.4126370082944794e-12,1.8308972974593726e-06,8.696658053544919e-05,1210.6086663362341,0.05858837222961371,4.477299905582034e-14,0.05858837222961371,0.001684571349573741
Lang_L11.self_attn.o_proj,Base->Stage1,Lang,2.7828719055956842e-05,1.0492747287503516e-09,1.540574476260187e-05,0.0012465195223305056,5.229714084310213e-13,5.765234112147057e-07,2.782873408768008e-05,5.229714084309284e-13,5.765234112147053e-07,2.782873408767763e-05,1.0000000000001776,2.996525801435455e-13,1.6729695833832036e-13,1.6704346214988906e-13,0.0014810472883292683
Lang_L11.self_attn.o_proj,Stage1->Stage2,Lang,7.04700905200829e-05,6.922558412583839e-09,5.3015222747853155e-05,0.0032017431951878493,3.3535184711366784e-12,1.4586898885117062e-06,7.046988001509846e-05,3.3535184711368553e-12,1.4586898885116982e-06,7.046988001510029e-05,0.9999999999999473,2.9811493482185504e-13,1.652426414917774e-13,1.6640482349018274e-13,0.003750423434435529
Lang_L11.self_attn.o_proj,Base->Stage2,Lang,7.292377596458147e-05,7.535918901105875e-09,5.61322443747448e-05,0.003340575477405167,3.5911191061859967e-12,1.5099741459877705e-06,7.292359751977165e-05,3.5911191061897195e-12,1.5099741459886082e-06,7.292359751980949e-05,0.9999999999989634,2.9965349807044253e-13,1.67297141355351e-13,1.6704543446944411e-13,0.003881010851771477
Lang_L11.mlp.gate_proj,Base->Stage1,Lang,1.0099090614484758e-05,1.0102783689772618e-09,1.4169896868168156e-05,0.0010805828950343937,8.270480351151456e-10,1.8775479071262202e-05,0.0009776939517084995,8.82448917643407e-14,2.3497110880600414e-07,1.0099092471725694e-05,9372.191620153942,0.1365403743703988,0.13654037437039887,5.471571980936948e-13,0.001410470391739486
Lang_L11.mlp.gate_proj,Stage1->Stage2,Lang,2.966261503814375e-05,8.355706321042308e-09,5.749248642545845e-05,0.003107618412251809,6.806063213293845e-09,6.137984640244891e-05,0.002804684997590565,7.612788217377853e-13,6.898608584435258e-07,2.966251537447643e-05,8940.302841680947,0.3916866761007515,0.3916866761007516,5.353110105243694e-13,0.004142772270874201
Lang_L11.mlp.gate_proj,Base->Stage2,Lang,3.021338313660515e-05,8.923290015047452e-09,6.012937043038034e-05,0.0032114310814686073,7.269436791064962e-09,6.377822308656007e-05,0.0028985879642080955,7.898120455044502e-13,7.026328141399277e-07,3.0213287178628625e-05,9204.008513724297,0.4048010202163416,0.40480102021634146,5.471573042404508e-13,0.004219695017614163
Lang_L11.mlp.up_proj,Base->Stage1,Lang,1.2598443980698259e-05,1.0231182785327415e-09,1.4956183008253897e-05,0.0012499845167107855,8.039171226254261e-10,1.917831344049722e-05,0.001108019366102817,1.0393232448296538e-13,2.5583790180382977e-07,1.2598447542069546e-05,7735.005703227479,0.13461580030543352,0.13461580030543355,5.243678458367036e-13,0.0015307155951242441
Lang_L11.mlp.up_proj,Stage1->Stage2,Lang,3.5992755575086686e-05,7.470334589007626e-09,5.5610590999296605e-05,0.00337761440875403,5.757076852700983e-09,5.72691601974023e-05,0.0029651116775252628,8.482947336929304e-13,7.308683851612362e-07,3.599261717137176e-05,6786.646933004486,0.3602324213608752,0.3602324213608751,5.131755614425592e-13,0.004373131855038351
Lang_L11.mlp.up_proj,Base->Stage2,Lang,3.772384657953074e-05,8.040775677442568e-09,5.84108943970077e-05,0.003504201045425192,6.165398011276787e-09,5.9614037213234476e-05,0.003068460949959819,9.318559058117176e-13,7.660181233025902e-07,3.772371218303933e-05,6616.256840596246,0.3727869358705891,0.37278693587058914,5.243680383714119e-13,0.004583461287421023
Lang_L11.mlp.down_proj,Base->Stage1,Lang,1.3024052016738038e-05,1.0722754808543327e-09,1.5578636575549887e-05,0.001302777597989734,8.490258908445478e-10,1.9741697335838853e-05,0.0011592512194855912,1.0716629081242616e-13,2.5990582954933127e-07,1.302405417494039e-05,7922.508882299596,0.13834125620094725,4.892861031401747e-13,0.13834125620094723,0.001554348098699584
Lang_L11.mlp.down_proj,Stage1->Stage2,Lang,3.6100579291001985e-05,7.539248237172938e-09,5.627937889766655e-05,0.0034544530026090385,5.874469518944566e-09,5.786449782123408e-05,0.0030492960720781485,8.233683201527902e-13,7.198024420706728e-07,3.610042739158766e-05,7134.68003949248,0.3638892967091262,4.922659278782807e-13,0.36388929670912606,0.004308402439763422
Lang_L11.mlp.down_proj,Base->Stage2,Lang,3.7657247504715415e-05,8.149920973120642e-09,5.926725602390859e-05,0.0035916331037594497,6.325564682439312e-09,6.040211757084587e-05,0.0031642072222899387,8.959073526158823e-13,7.508951641066351e-07,3.765709529549142e-05,7060.512076354596,0.37760144103204546,4.892885310029318e-13,0.37760144103204557,0.004494182838491977
Lang_L12.self_attn.q_proj,Base->Stage1,Lang,2.5718446236262046e-05,1.0471470812259936e-09,1.5142379096270975e-05,0.0011780232826993512,4.991030237797877e-13,5.631092434015786e-07,2.5718470151796323e-05,4.991030237792605e-13,5.631092434013398e-07,2.5718470151782767e-05,1.0000000000010563,3.106327361877289e-13,1.7352355562994966e-13,1.739492963666091e-13,0.0014468551444596829
Lang_L12.self_attn.q_proj,Stage1->Stage2,Lang,7.441807516999206e-05,8.221309341907179e-09,5.8606002339107316e-05,0.0033007987269930003,4.178850207945013e-12,1.6273378863975806e-06,7.441782114791325e-05,4.17885020794457e-12,1.6273378863974853e-06,7.441782114790927e-05,1.000000000000106,3.1596680564092783e-13,1.749919380447901e-13,1.7604900191902062e-13,0.0041865699734487585
Lang_L12.self_attn.q_proj,Base->Stage2,Lang,7.701052128395059e-05,8.80044508446748e-09,6.130393121676556e-05,0.0034150798838584622,4.475080710502129e-12,1.683822598305163e-06,7.701033002427791e-05,4.475080710504365e-12,1.6838225983055893e-06,7.701033002429717e-05,0.9999999999995004,3.1063115859560616e-13,1.7352080166347517e-13,1.7395087603731883e-13,0.004332418369039548
Lang_L12.self_attn.k_proj,Base->Stage1,Lang,2.5347241105059935e-05,9.280691359080814e-10,1.3830645590573454e-05,0.0009931827772188355,7.741918778534908e-10,1.7862907606451403e-05,0.0009071170298228419,6.044828846356844e-13,6.126826280863255e-07,2.5347259977855138e-05,1280.750700361166,0.020139070954839088,5.061936373178079e-14,0.020139070954839085,0.0005629592548487622
Lang_L12.self_attn.k_proj,Stage1->Stage2,Lang,7.84465506161542e-05,7.3651042080368755e-09,5.360935390208432e-05,0.002797858360223613,5.957682767072052e-09,5.6940475612834287e-05,0.002516372694707528,5.789881484414013e-12,1.8997313526972619e-06,7.844605604192761e-05,1028.9818164861836,0.055861116906619816,4.9551590476392304e-14,0.05586111690661981,0.0017422873998569968
Lang_L12.self_attn.k_proj,Base->Stage2,Lang,8.160725575770667e-05,7.871367458362667e-09,5.605844697442741e-05,0.0028924200964085454,6.3208726774692776e-09,5.906209737533752e-05,0.0025919391288383577,6.265852463684257e-12,1.9720619099883205e-06,8.160680201868621e-05,1008.7809622240402,0.05753793905656908,5.0621045361710665e-14,0.057537939056569065,0.0018124875879520091
Lang_L12.self_attn.v_proj,Base->Stage1,Lang,3.088583947176407e-05,1.0011821606604336e-09,1.4910682470059555e-05,0.0012218833289634227,8.356386586634211e-10,1.8987011724123235e-05,0.0011163039199353132,6.396925460872948e-13,6.298856453739598e-07,3.0885798462557e-05,1306.312952643639,0.020923197753474537,4.299742534090308e-14,0.020923197753474534,0.0005791227206758646
Lang_L12.self_attn.v_proj,Stage1->Stage2,Lang,7.963262179346238e-05,6.9623868679052605e-09,5.30877378732697e-05,0.003222181047297524,5.689244726996382e-09,5.604332238902697e-05,0.002912716197915081,4.252415110783002e-12,1.624438780278174e-06,7.963219548040656e-05,1337.8855494539937,0.05459453501109768,4.311346483619493e-14,0.05459453501109768,0.0014931477534397583
Lang_L12.self_attn.v_proj,Base->Stage2,Lang,8.409118705725531e-05,7.538164134225273e-09,5.601035126012732e-05,0.0033527691971830657,6.11245502281425e-09,5.8598512949030525e-05,0.003019108364473452,4.74191141734144e-12,1.714533136754467e-06,8.409062522238725e-05,1289.0276694036618,0.056587928161662714,4.2998624510618186e-14,0.056587928161662734,0.0015767457795012832
Lang_L12.self_attn.o_proj,Base->Stage1,Lang,2.7857611141213476e-05,1.0849616473239002e-09,1.5727939704515692e-05,0.0012713327548363328,5.209355274580123e-13,5.755844947642026e-07,2.7857621392301107e-05,5.209355274563789e-13,5.755844947632827e-07,2.785762139225744e-05,1.0000000000031355,2.9462360135518273e-13,1.6352051620555507e-13,1.6519320764617665e-13,0.0014781616848479064
Lang_L12.self_attn.o_proj,Stage1->Stage2,Lang,7.210556031255582e-05,7.3329035148473775e-09,5.483681838540366e-05,0.0033051341297962574,3.490064278247438e-12,1.4893438856451519e-06,7.21054043024621e-05,3.490064278247969e-12,1.4893438856451995e-06,7.210540430246759e-05,0.9999999999998479,3.026476245059611e-13,1.6709091130141052e-13,1.686124101049615e-13,0.0038260149715484094
Lang_L12.self_attn.o_proj,Base->Stage2,Lang,7.44028263236893e-05,7.965173754958735e-09,5.798743990503841e-05,0.003444678786650451,3.715994820001571e-12,1.5365755030986152e-06,7.440269272187214e-05,3.715994820003899e-12,1.5365755030990696e-06,7.440269272189544e-05,0.9999999999993735,2.9462629867383406e-13,1.6352284236849793e-13,1.6519500232743844e-13,0.0039479123518033725
Lang_L12.mlp.gate_proj,Base->Stage1,Lang,9.862386169488146e-06,1.01522667148525e-09,1.4156670226376425e-05,0.0010572052913845784,8.312633058363693e-10,1.8801396312920732e-05,0.0009566368890194344,8.835038130767451e-14,2.3507131103825777e-07,9.862386832035213e-06,9408.712147393551,0.13688790469426465,0.13688790469426465,5.486778825080478e-13,0.0014113131908781381
Lang_L12.mlp.gate_proj,Stage1->Stage2,Lang,2.8527145729113774e-05,8.52797196193353e-09,5.793651616101148e-05,0.0030640762171889172,6.942535294337802e-09,6.19600266715181e-05,0.002764621812098145,7.391983756717011e-13,6.793666371245747e-07,2.8527071061834338e-05,9391.978557892797,0.3955942593830717,0.3955942593830717,5.509539596834069e-13,0.0040822508537961075
Lang_L12.mlp.gate_proj,Base->Stage2,Lang,2.920871471914832e-05,9.0924752008967e-09,6.05308864752206e-05,0.003163863546344955,7.4042886290431185e-09,6.432290310311112e-05,0.002855080461025498,7.749422062479087e-13,6.955917383000234e-07,2.9208640230189484e-05,9554.633325358513,0.4085382148671625,0.40853821486716263,5.486769411636713e-13,0.004179784046510073
Lang_L12.mlp.up_proj,Base->Stage1,Lang,1.3807846759568397e-05,1.050013245110715e-09,1.526969925384088e-05,0.0012743658763329664,8.029663219904987e-10,1.9406443972491966e-05,0.0011144110517766694,1.232703302648092e-13,2.788304075326796e-07,1.3807848869392569e-05,6513.865260728736,0.13453453881376262,0.13453453881376265,5.171761317786229e-13,0.0016670493877797023
Lang_L12.mlp.up_proj,Stage1->Stage2,Lang,3.9055352450083304e-05,7.588518050548692e-09,5.629343928592826e-05,0.0034258949291284136,5.60646824793486e-09,5.681924904895192e-05,0.0029446944436678077,9.862059819668544e-13,7.883325365820575e-07,3.90552452808571e-05,5684.885663290663,0.3554829061882436,0.3554829061882436,5.132146073493893e-13,0.004715231315699985
Lang_L12.mlp.up_proj,Base->Stage2,Lang,4.077948729231686e-05,8.186360753612112e-09,5.9205101591920836e-05,0.0035582871557563556,5.992024620215092e-09,5.909115819590826e-05,0.0030442642527187306,1.0752022508321409e-12,8.231411000434684e-07,4.077938162316699e-05,5572.927898521074,0.3675014831210001,0.367501483121,5.171775310258708e-13,0.004923390338011408
Lang_L12.mlp.down_proj,Base->Stage1,Lang,1.4002804343593528e-05,1.089571410818853e-09,1.5829488516186613e-05,0.001324196398388908,8.452543362593232e-10,1.9892391072914102e-05,0.001166321432598531,1.218375965342318e-13,2.7684451370210746e-07,1.4002810587832471e-05,6937.549330446932,0.13803230854822127,4.881871295156052e-13,0.13803230854822124,0.0016573332682067298
Lang_L12.mlp.down_proj,Stage1->Stage2,Lang,3.743657660563552e-05,7.52596596342908e-09,5.6380886250782945e-05,0.00348019929336006,5.680135081746261e-09,5.7106078273259475e-05,0.00302344673254146,8.708495868269359e-13,7.409208924581741e-07,3.743644186377802e-05,6522.5214177831085,0.3578162850756396,5.015195925479943e-13,0.3578162850756396,0.004430887889765185
Lang_L12.mlp.down_proj,Base->Stage2,Lang,3.9695545148690165e-05,8.14957055724184e-09,5.943099177413489e-05,0.003621515527707834,6.110116632863118e-09,5.959289301057629e-05,0.003135795551931348,9.791175231381178e-13,7.85288082712582e-07,3.969541997755428e-05,6240.432316316745,0.371110257187274,4.881912956701248e-13,0.37111025718727386,0.004698255146621408
Lang_L13.self_attn.q_proj,Base->Stage1,Lang,2.751366654841062e-05,1.2581171920592873e-09,1.7305557604596622e-05,0.0012380791395363174,6.213283741570092e-13,6.27398759120716e-07,2.7513665385632635e-05,6.213283741574958e-13,6.273987591209155e-07,2.7513665385643413e-05,0.9999999999992168,3.2279385954241e-13,1.7990704859724729e-13,1.806559563467729e-13,0.0016143234140166215
Lang_L13.self_attn.q_proj,Stage1->Stage2,Lang,7.745709315639984e-05,9.171436132781477e-09,6.256126450745504e-05,0.003342749510581358,4.924324609249492e-12,1.758654468906722e-06,7.745661216601273e-05,4.92432460924527e-12,1.7586544689060663e-06,7.745661216597958e-05,1.0000000000008575,3.2221074194371196e-13,1.7930674600124442e-13,1.7993242760885503e-13,0.004544679791344587
Lang_L13.self_attn.q_proj,Base->Stage2,Lang,8.237004644063178e-05,9.916231433898224e-09,6.583490577640773e-05,0.0034758296847781298,5.5688160128600265e-12,1.8697473233466466e-06,8.236953146092844e-05,5.568816012852415e-12,1.8697473233454744e-06,8.236953146087213e-05,1.000000000001367,3.2279404333163876e-13,1.79908301062274e-13,1.8065623064803085e-13,0.004832939817333845
Lang_L13.self_attn.k_proj,Base->Stage1,Lang,2.809102662945836e-05,1.1982122159466646e-09,1.6144176591237347e-05,0.0010203863819818627,9.919428080770972e-10,2.0495596528815523e-05,0.0009284127561439741,9.081115230882021e-13,7.358079109028081e-07,2.8091011379147762e-05,1092.313865486269,0.02279489729604083,5.5757485612207274e-14,0.02279489729604083,0.0006900086769141874
Lang_L13.self_attn.k_proj,Stage1->Stage2,Lang,7.309066075270019e-05,9.169111254302794e-09,6.0447990260392714e-05,0.002822668625994763,7.461654214335463e-09,6.37784605253466e-05,0.0025463250032113456,6.147920050502983e-12,1.9417261278854937e-06,7.309040704642103e-05,1213.687581009613,0.06251873613159033,5.4242932246871427e-14,0.06251873613159034,0.0017953497451577804
Lang_L13.self_attn.k_proj,Base->Stage2,Lang,8.106846573234116e-05,9.8590701338708e-09,6.336801429907002e-05,0.002926942919065699,7.952702374146845e-09,6.630814015467411e-05,0.0026287763544870324,7.56323981567974e-12,2.1282016437139623e-06,8.106814032309438e-05,1051.4941437741654,0.06454020633528672,5.575738680769723e-14,0.0645402063352867,0.0019913100904889475
Lang_L13.self_attn.v_proj,Base->Stage1,Lang,3.56086971820311e-05,1.1849894115085025e-09,1.7328200636962388e-05,0.001526940667452603,9.998045807566977e-10,2.1183040387141477e-05,0.0014025633561580216,6.444407497187528e-13,6.346899035096984e-07,3.56087250423634e-05,1551.4297958237946,0.02288771420732911,3.691016119789413e-14,0.022887714207329116,0.0005812680550215583
Lang_L13.self_attn.v_proj,Stage1->Stage2,Lang,9.535972216145601e-05,7.898658446325461e-09,5.9728593125280005e-05,0.003942212781994107,6.5847973146214e-09,6.137907712188888e-05,0.0035994371960890088,4.621682424276224e-12,1.6990739282760667e-06,9.535938564661545e-05,1424.761961149377,0.058735560817071535,3.680353687115897e-14,0.05873556081707154,0.0015566286117307921
Lang_L13.self_attn.v_proj,Base->Stage2,Lang,9.526316688409849e-05,8.632729032746262e-09,6.322990524365579e-05,0.0041213305575281715,7.163332827434864e-09,6.444124609495523e-05,0.0037542307238278977,4.612335128104537e-12,1.6979377998820816e-06,9.526290524378873e-05,1553.0816015051084,0.061263216111692956,3.6906987667073565e-14,0.06126321611169294,0.001555053683846211
Lang_L13.self_attn.o_proj,Base->Stage1,Lang,3.135208021449397e-05,1.172099563486054e-09,1.6942024629491848e-05,0.00143514077753195,5.593808961952313e-13,5.96277685152473e-07,3.13520589881485e-05,5.593808961948053e-13,5.962776851522252e-07,3.135205898813657e-05,1.0000000000007616,2.8439670398572206e-13,1.5721823671991926e-13,1.590625785890131e-13,0.00153173546359463
Lang_L13.self_attn.o_proj,Stage1->Stage2,Lang,7.872258438526853e-05,7.601503464199573e-09,5.758790310221584e-05,0.0036547633436692915,3.5267459920551465e-12,1.4965473824520201e-06,7.872208756253595e-05,3.526745992055366e-12,1.496547382452108e-06,7.872208756253845e-05,0.9999999999999378,2.898031132987756e-13,1.5970024005421615e-13,1.6097126010522195e-13,0.0038460687489255568
Lang_L13.self_attn.o_proj,Base->Stage2,Lang,8.270014449164649e-05,8.300025964143747e-09,6.094744365552768e-05,0.0038189962945392995,3.892130952245079e-12,1.5718226076703513e-06,8.26995665760635e-05,3.892130952244121e-12,1.571822607670181e-06,8.26995665760533e-05,1.0000000000002462,2.843983456624554e-13,1.5721933932814e-13,1.5906588784917735e-13,0.004040393597351788
Lang_L13.mlp.gate_proj,Base->Stage1,Lang,1.1958159114347833e-05,1.152007766873375e-09,1.575706043822111e-05,0.0012427194822755346,9.384890657300698e-10,2.0375146998820316e-05,0.0011216568471705377,1.0666902800791774e-13,2.5939974106458115e-07,1.1958165842917125e-05,8798.14022173717,0.1454482348434748,0.14544823484347477,5.16456155721998e-13,0.0015507377367940877
Lang_L13.mlp.gate_proj,Stage1->Stage2,Lang,3.3507871609601486e-05,8.689018733436154e-09,6.0008910215150646e-05,0.0034129448887076255,7.066877141349441e-09,6.307238728104366e-05,0.0030779224918551034,8.375348338248434e-13,7.266969371975971e-07,3.3507756292013556e-05,8437.711311751078,0.3991171269565069,0.399117126956507,5.179212888947837e-13,0.004345308608962479
Lang_L13.mlp.gate_proj,Base->Stage2,Lang,3.4521635675563786e-05,9.354916534826578e-09,6.303630321905097e-05,0.0035413093592631417,7.608846344703778e-09,6.580793312220983e-05,0.0031937676358960937,8.889808627191136e-13,7.487509960727006e-07,3.452153629352179e-05,8559.066526393723,0.41413861467155305,0.41413861467155294,5.164568606111908e-13,0.004476776288557537
Lang_L13.mlp.up_proj,Base->Stage1,Lang,1.2641619370304859e-05,1.1193368223677928e-09,1.563400460330675e-05,0.0012477359759987098,8.792116316812429e-10,2.0080946913801873e-05,0.001105831646635765,1.1490024396450363e-13,2.69788456580891e-07,1.2641621331796976e-05,7651.956178203238,0.1407786760618749,0.14077867606187497,5.279511677978538e-13,0.0016094580521496828
Lang_L13.mlp.up_proj,Stage1->Stage2,Lang,3.3796285557519606e-05,8.024283955714319e-09,5.740072419665848e-05,0.0033407504786939113,6.225874474515405e-09,5.945707448625501e-05,0.0029426667026696053,8.21208315154164e-13,7.210937290035896e-07,3.3796176073058416e-05,7581.358298042358,0.3746144494585086,0.3746144494585085,5.44482520527927e-13,0.004302747447948637
Lang_L13.mlp.up_proj,Base->Stage2,Lang,3.5291404479731573e-05,8.658216469288265e-09,6.040645669422581e-05,0.0034702048689855963,6.68135770339503e-09,6.198085382966268e-05,0.0030484091511455095,8.954748962524874e-13,7.53146766414058e-07,3.529129562764331e-05,7461.245124074544,0.38807480789266,0.3880748078926601,5.279568873365429e-13,0.004493098031812372
Lang_L13.mlp.down_proj,Base->Stage1,Lang,1.3067089187206115e-05,1.1426393364322712e-09,1.5948813657546504e-05,0.0012788120977742733,9.023704544980647e-10,2.034747722244915e-05,0.0011364349568787704,1.193036228638836e-13,2.7469046783230917e-07,1.3067092536207872e-05,7563.646709434809,0.1426206235564521,5.254359884391607e-13,0.1426206235564521,0.0016400081360879192
Lang_L13.mlp.down_proj,Stage1->Stage2,Lang,3.466009058057577e-05,8.042748177212928e-09,5.773607714433494e-05,0.003392759938440343,6.275292494546234e-09,5.969050523741104e-05,0.0029968698500856426,8.393731744537365e-13,7.282977002318651e-07,3.4659990442931176e-05,7476.165173649004,0.3761002882708505,5.064431734288428e-13,0.3761002882708506,0.00435007484581404
Lang_L13.mlp.down_proj,Base->Stage2,Lang,3.5929384523877353e-05,8.699923244288693e-09,6.0853533211974176e-05,0.0035286501848370085,6.7571868676595895e-09,6.233257444928552e-05,0.003109810034461304,9.019770279385934e-13,7.547229035027649e-07,3.592928992749332e-05,7491.528784388973,0.3902734614270172,5.254382948829361e-13,0.3902734614270173,0.004509380941662216
Lang_L14.self_attn.q_proj,Base->Stage1,Lang,2.5915505492094595e-05,1.0924578271827132e-09,1.5376256957980172e-05,0.0011586596381874667,5.465271726869473e-13,5.893523698651346e-07,2.5915489599747942e-05,5.465271726870485e-13,5.893523698650782e-07,2.591548959975033e-05,0.9999999999998149,3.360690810330767e-13,1.8524491389719672e-13,1.875774996386368e-13,0.0015140347111311475
Lang_L14.self_attn.q_proj,Stage1->Stage2,Lang,7.177600257596388e-05,8.675461732663397e-09,5.989446459242487e-05,0.0032650991529361993,4.192291363152755e-12,1.6298752154523836e-06,7.177543020120636e-05,4.192291363152437e-12,1.6298752154523205e-06,7.177543020120364e-05,1.000000000000076,3.289331293967631e-13,1.82109198396123e-13,1.8370418868239058e-13,0.0041932975608267664
Lang_L14.self_attn.q_proj,Base->Stage2,Lang,7.42327653240551e-05,9.314977052334781e-09,6.279904758556276e-05,0.003383303590939377,4.484186524009856e-12,1.6851164900641715e-06,7.423212783601364e-05,4.4841865240099716e-12,1.6851164900641815e-06,7.423212783601462e-05,0.9999999999999742,3.3607622752431144e-13,1.85250561626993e-13,1.8758197414974804e-13,0.004336823892481816
Lang_L14.self_attn.k_proj,Base->Stage1,Lang,2.5186331805472454e-05,1.078198588981008e-09,1.4794550058483402e-05,0.0010148655485541667,8.938459252531061e-10,1.918383894821537e-05,0.000924039342923242,6.6406560695214e-13,6.410154960826673e-07,2.5186314628076538e-05,1346.0205074549608,0.021639598737535723,5.480577006845197e-14,0.021639598737535733,0.000590052225601873
Lang_L14.self_attn.k_proj,Stage1->Stage2,Lang,8.317160016792125e-05,8.387589582129675e-09,5.6888356448681066e-05,0.00283056077934587,6.759705924414128e-09,6.056391589983751e-05,0.0025410768537011273,7.241555335934827e-12,2.1117840089567024e-06,8.317059831966782e-05,933.4605082516439,0.059499006875510095,5.4368590920412215e-14,0.059499006875510095,0.0019485021334262372
Lang_L14.self_attn.k_proj,Base->Stage2,Lang,8.517239583503632e-05,9.013947176986605e-09,5.978020548746965e-05,0.002934346550172959,7.21276686177701e-09,6.308179849504411e-05,0.0026248521521288954,7.594144816209239e-12,2.1639478797712323e-06,8.517131179808789e-05,949.7799997679527,0.06146036616184047,5.4806365695201186e-14,0.06146036616184046,0.0019953744003070473
Lang_L14.self_attn.v_proj,Base->Stage1,Lang,3.460696423101278e-05,1.20052619138572e-09,1.7027440019745654e-05,0.0013872412257479004,9.968461239351734e-10,2.1156665201330896e-05,0.0012640965009758957,7.471289987802125e-13,6.814703717041672e-07,3.4607000846593855e-05,1334.2356213755018,0.02285261005032004,4.0783825343953727e-14,0.02285261005032004,0.0006258680120540433
Lang_L14.self_attn.v_proj,Stage1->Stage2,Lang,9.531077177023467e-05,7.565498618761785e-09,5.6668768302792216e-05,0.0034824270705379207,6.140506373802058e-09,5.880431117424008e-05,0.0031373671521472265,5.666979460336791e-12,1.8771293063262244e-06,9.531013205217689e-05,1083.558960603172,0.05671342214432434,4.147090103477714e-14,0.056713422144324344,0.0017236964139027077
Lang_L14.self_attn.v_proj,Base->Stage2,Lang,0.00010279311522919441,8.278303732971463e-09,6.019257247924514e-05,0.003642788277470329,6.6599040924212726e-09,6.180651716829193e-05,0.003267361892310041,6.5916879687328905e-12,2.025609373405598e-06,0.00010279253404886088,1010.3488095935304,0.0590612985718715,4.0784198191811755e-14,0.0590612985718715,0.001859016649132285
Lang_L14.self_attn.o_proj,Base->Stage1,Lang,3.044206614456465e-05,1.1576510686188516e-09,1.6544269760537106e-05,0.0013609293839752855,5.792355104026693e-13,6.070096260289735e-07,3.0442081332298224e-05,5.792355104032114e-13,6.070096260292291e-07,3.044208133231247e-05,0.9999999999990641,3.1089095182396753e-13,1.701979027942255e-13,1.72502765706517e-13,0.0015586820773416982
Lang_L14.self_attn.o_proj,Stage1->Stage2,Lang,7.522976668206963e-05,7.432418030793589e-09,5.593328845521911e-05,0.003448341497345781,3.5374142798051592e-12,1.499413985712989e-06,7.522949849639284e-05,3.537414279804006e-12,1.4994139857127664e-06,7.522949849638063e-05,1.000000000000326,3.1445017004342804e-13,1.7229237116432404e-13,1.7356147680628005e-13,0.003851881470585391
Lang_L14.self_attn.o_proj,Base->Stage2,Lang,7.894253570059881e-05,8.110191258437267e-09,5.929649768593101e-05,0.003602141363508233,3.895193820585049e-12,1.5736984858018748e-06,7.894229366407172e-05,3.895193820588304e-12,1.5736984858024872e-06,7.894229366410476e-05,0.9999999999991642,3.1089583099826834e-13,1.7020183522528777e-13,1.7250488164510957e-13,0.00404198305568799
Lang_L14.mlp.gate_proj,Base->Stage1,Lang,1.2136348679483451e-05,1.2155448125714264e-09,1.634104163228122e-05,0.0012713868169651017,9.910124080068587e-10,2.100441771061853e-05,0.001147973235598301,1.107623038415826e-13,2.640211625300151e-07,1.213635319737739e-05,8947.199305498834,0.1494630334254444,0.1494630334254444,5.158161832363252e-13,0.0015802113499558581
Lang_L14.mlp.gate_proj,Stage1->Stage2,Lang,3.238522523651909e-05,8.76110475189996e-09,6.0235802729496584e-05,0.00341326823511593,7.129959309097663e-09,6.333452419146483e-05,0.003079175965775271,7.886955859226609e-13,7.047485790399983e-07,3.2385133204278834e-05,9040.191724614042,0.40089500710461584,0.40089500710461573,5.051580795138887e-13,0.004216711532479488
Lang_L14.mlp.gate_proj,Base->Stage2,Lang,3.344182815928992e-05,9.462436319508824e-09,6.342039270051786e-05,0.003547255473348148,7.699405675974563e-09,6.620591597199249e-05,0.0031997760544601015,8.409998370572776e-13,7.277029932383551e-07,3.3441745573427866e-05,9155.062030588933,0.41659641182830154,0.41659641182830137,5.158170620770092e-13,0.004354287917737726
Lang_L14.mlp.up_proj,Base->Stage1,Lang,1.3155129235708754e-05,1.1902477621389956e-09,1.6355079413554256e-05,0.00129141270165275,9.252488147913456e-10,2.07692407105468e-05,0.0011386116825416975,1.2350873164010865e-13,2.794760370691378e-07,1.315513162073158e-05,7491.363586239575,0.1444171112849378,0.1444171112849378,5.472192976322472e-13,0.0016686606226095106
Lang_L14.mlp.up_proj,Stage1->Stage2,Lang,3.661796203617733e-05,8.144229245505474e-09,5.8073802320584296e-05,0.0033780838839283455,6.2018280968366914e-09,5.950294905451808e-05,0.00294784943010064,9.569640137355422e-13,7.781114119898603e-07,3.661788345511585e-05,6480.732825707459,0.3738852585700103,0.37388525857001026,5.414594837070868e-13,0.0046447996942640445
Lang_L14.mlp.up_proj,Base->Stage2,Lang,3.818134482940127e-05,8.824459467323258e-09,6.128332312719465e-05,0.0035163289085637867,6.671433494238711e-09,6.211747586647057e-05,0.0030574193884545407,1.040422812731959e-12,8.115408417242957e-07,3.818126981554989e-05,6412.233000467139,0.3877813056110466,0.3877813056110468,5.472217264782589e-13,0.004843107619348286
Lang_L14.mlp.down_proj,Base->Stage1,Lang,1.3595045632818922e-05,1.1995434708619383e-09,1.654444919440466e-05,0.0013209756145323118,9.41283523250088e-10,2.090282757561331e-05,0.001170164809102038,1.2705394156907438e-13,2.8333709804673706e-07,1.3595052099199884e-05,7408.534608415498,0.14566305132296867,5.288676953855547e-13,0.1456630513229686,0.0016924399095527064
Lang_L14.mlp.down_proj,Stage1->Stage2,Lang,3.6435993640135394e-05,8.01624595457301e-09,5.7770632808143686e-05,0.003414843955621087,6.172841796875962e-09,5.928510914064818e-05,0.0029965940953394247,9.126150476234774e-13,7.583550280703605e-07,3.643587125054488e-05,6763.905343168006,0.37301425887925005,5.491382214091958e-13,0.37301425887925016,0.004535895069090762
Lang_L14.mlp.down_proj,Base->Stage2,Lang,3.7827273711884296e-05,8.700544183101593e-09,6.102433405395661e-05,0.0035576117802240325,6.664247752753078e-09,6.200335652546777e-05,0.003113586339791909,9.83641599106401e-13,7.866103093772434e-07,3.782716464115999e-05,6775.07718137102,0.3875768488447629,5.288662109096852e-13,0.38757684884476284,0.004709096933450057
Lang_L15.self_attn.q_proj,Base->Stage1,Lang,2.852036634838425e-05,1.3124155911442854e-09,1.7873949651171783e-05,0.001284070201108264,6.474468829077271e-13,6.402354074832571e-07,2.852036959532527e-05,6.474468829077727e-13,6.402354074832675e-07,2.852036959532626e-05,0.9999999999999296,3.1788708638818096e-13,1.762378015178647e-13,1.781074439424156e-13,0.0016479044422440287
Lang_L15.self_attn.q_proj,Stage1->Stage2,Lang,7.164712234554204e-05,8.734180665172282e-09,6.124851733557701e-05,0.003312554842056208,4.085934024221479e-12,1.6066838207676702e-06,7.164694327284198e-05,4.085934024221829e-12,1.6066838207677803e-06,7.164694327284503e-05,0.9999999999999144,3.1345448670030326e-13,1.7410851510355154e-13,1.7618470347080772e-13,0.004139764416187195
Lang_L15.self_attn.q_proj,Base->Stage2,Lang,7.507183941065669e-05,9.453573789577782e-09,6.449227671754404e-05,0.003446275565250786,4.485884205424059e-12,1.6830070816670234e-06,7.507166032492682e-05,4.485884205423304e-12,1.683007081666927e-06,7.507166032492054e-05,1.000000000000168,3.1789350398543513e-13,1.7624373023823929e-13,1.7810990554302529e-13,0.004337644760275303
Lang_L15.self_attn.k_proj,Base->Stage1,Lang,3.203575460636975e-05,1.2534555335644748e-09,1.685631724690495e-05,0.0011345167961515704,1.0148925826807426e-09,2.104419457839559e-05,0.0010208607423078972,9.99441676214413e-13,7.86083148591423e-07,3.203577181208138e-05,1015.45953789405,0.023056128782855442,5.053886001941761e-14,0.02305612878285545,0.0007238751809111168
Lang_L15.self_attn.k_proj,Stage1->Stage2,Lang,7.622954709059553e-05,8.500704454162506e-09,5.85683514877644e-05,0.00295448706694407,6.8350013362321016e-09,6.144281364648124e-05,0.002649256060531393,5.658922564116148e-12,1.8732190279702733e-06,7.622922600743529e-05,1207.8273308727705,0.059835134415755296,5.208465681560195e-14,0.05983513441575529,0.0017224706654382612
Lang_L15.self_attn.k_proj,Base->Stage2,Lang,8.140837641249706e-05,9.203139454975646e-09,6.170522093285058e-05,0.00307413288030945,7.312392724048265e-09,6.403654431264507e-05,0.00274021341756993,6.453951916341404e-12,1.998886117992409e-06,8.140807723853477e-05,1133.0101027764538,0.06188809231077633,5.0539441720532706e-14,0.06188809231077633,0.0018394916532332517
Lang_L15.self_attn.v_proj,Base->Stage1,Lang,4.1323684022203236e-05,1.284080942431014e-09,1.8004495680457033e-05,0.001469505724466726,1.0456907606280456e-09,2.2086193186248345e-05,0.0013261013505115992,1.0154294198369322e-12,7.960973494705773e-07,4.132377164386074e-05,1029.8015206177236,0.023403220437193558,4.252445681961272e-14,0.02340322043719356,0.0007296420078829517
Lang_L15.self_attn.v_proj,Stage1->Stage2,Lang,0.00010139944006454041,7.886451441990957e-09,5.858356148891186e-05,0.003641793521577636,6.28170363756933e-09,5.9897780722158986e-05,0.0032502234826691013,6.113936864222933e-12,1.9501358857689825e-06,0.00010139930469493856,1027.4400565580129,0.05736004554457783,4.053535465480517e-14,0.05736004554457784,0.0017903808898303488
Lang_L15.self_attn.v_proj,Base->Stage2,Lang,0.00010780126367454493,8.657965338989143e-09,6.22351660024556e-05,0.003815772059349756,6.824855021462142e-09,6.292114448170641e-05,0.003387826940607214,6.9103394508352754e-12,2.0680396180267877e-06,0.00010780134833724374,987.6294891182516,0.05978726058486578,4.2521078081676197e-14,0.05978726058486579,0.0019034200928853104
Lang_L15.self_attn.o_proj,Base->Stage1,Lang,3.096434288398522e-05,1.2186941543575063e-09,1.7259922996851196e-05,0.0014204547778789898,5.79113801175122e-13,6.067578820683711e-07,3.096435268290629e-05,5.791138011754189e-13,6.067578820685086e-07,3.096435268291422e-05,0.9999999999994872,2.910550824030813e-13,1.614513006764336e-13,1.6166713199826637e-13,0.001558518313246676
Lang_L15.self_attn.o_proj,Stage1->Stage2,Lang,7.493602456239598e-05,7.430442035766377e-09,5.632124961793723e-05,0.0035074176935064585,3.391729457308881e-12,1.4684120319359262e-06,7.493604444679095e-05,3.3917294573108773e-12,1.4684120319363684e-06,7.493604444681305e-05,0.9999999999994114,3.036510478025256e-13,1.6733294574232894e-13,1.6768325736103575e-13,0.00377172963369816
Lang_L15.self_attn.o_proj,Base->Stage2,Lang,7.82083265697412e-05,8.14076949307177e-09,5.981979401108346e-05,0.0036712409764349274,3.6944191412583e-12,1.5323385365353032e-06,7.820837207208284e-05,3.694419141260799e-12,1.5323385365358228e-06,7.820837207210927e-05,0.9999999999993238,2.9105978560074783e-13,1.6145401744067829e-13,1.616710322030613e-13,0.0039364345519602795
Lang_L15.mlp.gate_proj,Base->Stage1,Lang,1.2822626401841176e-05,1.3042613286156288e-09,1.7312948768857677e-05,0.0013611669540233838,1.0619417094659051e-09,2.1942186031872796e-05,0.0012282292264044043,1.157432705926543e-13,2.701249393025186e-07,1.2822625641859431e-05,9174.975823892968,0.15471952732258692,0.15471952732258692,5.087072422172955e-13,0.0016153515832959407
Lang_L15.mlp.gate_proj,Stage1->Stage2,Lang,3.3234354559415384e-05,8.930245504051651e-09,6.160179023067913e-05,0.0035617174860734678,7.248299573858044e-09,6.419283351827726e-05,0.0032088235513605926,7.775285082061087e-13,7.000415581229825e-07,3.323425363673434e-05,9322.229985600285,0.4042086738546907,0.4042086738546907,5.285649869727906e-13,0.004186753068900254
Lang_L15.mlp.gate_proj,Base->Stage2,Lang,3.47611630170591e-05,9.689861359552109e-09,6.501649622943507e-05,0.0037101079909296264,7.865036500790237e-09,6.72554332201692e-05,0.00334255175522143,8.506097747960964e-13,7.321983040682364e-07,3.476105539762834e-05,9246.350951792909,0.42105350539959363,0.42105350539959335,5.087079293037404e-13,0.004379095043174643
Lang_L15.mlp.up_proj,Base->Stage1,Lang,1.3387107481310687e-05,1.2200011692086598e-09,1.6540089148152972e-05,0.001287097735332264,9.657218948485678e-10,2.1057398420149423e-05,0.0011451369853705006,1.319808510191758e-13,2.889319792112603e-07,1.3387111016347917e-05,7317.136443591016,0.14754169828087285,0.14754169828087277,5.519669475467036e-13,0.0017249426036894929
Lang_L15.mlp.up_proj,Stage1->Stage2,Lang,3.539838446261401e-05,8.39210239612689e-09,5.894042535782121e-05,0.003375713794133594,6.546458222622991e-09,6.094698842961063e-05,0.0029814905117700008,9.227925469353128e-13,7.638743151429883e-07,3.5398288978765785e-05,7094.181941937481,0.3841357243737088,0.3841357243737089,5.471835080172168e-13,0.004561117136234029
Lang_L15.mlp.up_proj,Base->Stage2,Lang,3.709155328282539e-05,9.096195450198867e-09,6.22029015626655e-05,0.0035144722862118197,7.0660171994435175e-09,6.372495354474767e-05,0.0030975446575851294,1.0131819991830776e-12,8.004609352081657e-07,3.709146302630907e-05,6974.084819056007,0.39908702626240533,0.39908702626240555,5.519685691506428e-13,0.004779284889130476
Lang_L15.mlp.down_proj,Base->Stage1,Lang,1.3138236035450193e-05,1.2313928624472117e-09,1.6765840367234113e-05,0.0013186518323516038,9.760779122891256e-10,2.1199880784279538e-05,0.0011740161446702,1.2223928117516338e-13,2.779775054072237e-07,1.313824088698792e-05,7984.977520363932,0.14833158620469494,5.16404997619352e-13,0.14833158620469492,0.0016600630393743645
Lang_L15.mlp.down_proj,Stage1->Stage2,Lang,3.4543431134101094e-05,8.234232969452795e-09,5.857352624799746e-05,0.003409904888087464,6.427925988745108e-09,6.0407497249446215e-05,0.0030127710128467775,8.450205931364708e-13,7.302185325404979e-07,3.454334075563254e-05,7606.8276216636505,0.38064678590551104,5.225794840381656e-13,0.3806467859055109,0.00436468426573749
Lang_L15.mlp.down_proj,Base->Stage2,Lang,3.644155399132366e-05,8.94372371241259e-09,6.1897264700757e-05,0.003553774589010019,6.9541997080352694e-09,6.324384781903074e-05,0.0031336772849820897,9.404385960697185e-13,7.704043385349492e-07,3.644147210338479e-05,7394.634521698987,0.395921420463372,5.164065920146823e-13,0.395921420463372,0.00460452047864016
Lang_L16.self_attn.q_proj,Base->Stage1,Lang,2.9001485480035007e-05,1.326660965445876e-09,1.7432696192993397e-05,0.0012859335588217566,6.747813295363606e-13,6.547998242233089e-07,2.900147480256238e-05,6.747813295361253e-13,6.547998242231052e-07,2.9001474802557326e-05,1.0000000000003486,3.325911823615806e-13,1.8322902235605312e-13,1.8521900412694263e-13,0.0016823311295933064
Lang_L16.self_attn.q_proj,Stage1->Stage2,Lang,7.934409562501411e-05,9.771977892148287e-09,6.458151986245969e-05,0.0034900163362511275,5.050706351736463e-12,1.7905731236217013e-06,7.934366944387172e-05,5.0507063517395934e-12,1.7905731236221528e-06,7.934366944389634e-05,0.9999999999993803,3.2418676528327596e-13,1.799590871170124e-13,1.8117931906174435e-13,0.004602629449991251
Lang_L16.self_attn.q_proj,Base->Stage2,Lang,8.138243554217629e-05,1.0501835477056507e-08,6.76940487351653e-05,0.0036180022041015195,5.3135397843121855e-12,1.8366358020458056e-06,8.138196845013966e-05,5.313539784311432e-12,1.8366358020456203e-06,8.138196845013389e-05,1.0000000000001419,3.32594482531309e-13,1.832336436208114e-13,1.8521940667138973e-13,0.004720868688228531
Lang_L16.self_attn.k_proj,Base->Stage1,Lang,2.7884818175044444e-05,1.2881623278130222e-09,1.6836252659579998e-05,0.001144581719182774,1.0690087128267411e-09,2.1351135175135804e-05,0.001042682610614978,7.645589319650205e-13,6.910586011061007e-07,2.7884765163386986e-05,1398.2031575764124,0.023665808803952512,4.922194523509181e-14,0.023665808803952526,0.0006331264275972665
Lang_L16.self_attn.k_proj,Stage1->Stage2,Lang,8.421381515931744e-05,9.062753140924816e-09,6.034450545655545e-05,0.003035908662986223,7.427399361273336e-09,6.385231371917257e-05,0.0027483814850625798,6.973385415675492e-12,2.0776526837198e-06,8.421325631438114e-05,1065.1066761027241,0.06237321894806554,4.8549173284376376e-14,0.06237321894806555,0.0019120832337567507
Lang_L16.self_attn.k_proj,Base->Stage2,Lang,8.877582753680407e-05,9.73507818704844e-09,6.328233590391363e-05,0.003146504434414927,7.907308072217905e-09,6.633144536928886e-05,0.0028357827469257055,7.749341341063264e-12,2.1832319872831006e-06,8.877506964827477e-05,1020.384536466033,0.06435542503267198,4.922262727959812e-14,0.06435542503267198,0.0020156603565639167
Lang_L16.self_attn.v_proj,Base->Stage1,Lang,3.7381816331132175e-05,1.2899496216094383e-09,1.781856522165004e-05,0.0014347917020268964,1.0682718736899362e-09,2.203093539875595e-05,0.0013056999233885163,8.756149900697568e-13,7.3762279196843e-07,3.738170238393011e-05,1220.0246521645674,0.023656395563091667,4.2609308862768096e-14,0.023656395563091678,0.0006775503168870137
Lang_L16.self_attn.v_proj,Stage1->Stage2,Lang,9.738495832834466e-05,8.093145224873561e-09,5.9006546750839384e-05,0.003593842274808453,6.477395300482115e-09,6.072332948345307e-05,0.0032151448758630796,5.942631522798796e-12,1.918299832894421e-06,9.738447951477973e-05,1089.987705889505,0.0582484811964639,4.0883405878277895e-14,0.0582484811964639,0.0017651205046186327
Lang_L16.self_attn.v_proj,Base->Stage2,Lang,0.00010487521896654687,8.859482396977823e-09,6.264606077532875e-05,0.0037601443800959825,7.031213199722359e-09,6.380490054348966e-05,0.003349773786237688,6.891887036138437e-12,2.068483614149338e-06,0.00010487438364665409,1020.2159673908392,0.06068574883719239,4.260990234782552e-14,0.060685748837192396,0.0019008770792460384
Lang_L16.self_attn.o_proj,Base->Stage1,Lang,3.1093925702963335e-05,1.306875173928352e-09,1.8019700124535798e-05,0.0014421541922757042,6.075212904091686e-13,6.217033197212311e-07,3.1093914062571234e-05,6.075212904098517e-13,6.217033197216779e-07,3.1093914062588724e-05,0.9999999999988756,3.231669569478741e-13,1.7752014227353957e-13,1.7766067707573632e-13,0.0015962859951935944
Lang_L16.self_attn.o_proj,Stage1->Stage2,Lang,8.150481582937511e-05,8.325387015237098e-09,6.01263554836683e-05,0.003639948007468449,4.174238460376347e-12,1.6293275911976446e-06,8.150450088511858e-05,4.174238460378723e-12,1.629327591198122e-06,8.150450088514185e-05,0.9999999999994307,3.3214478674129294e-13,1.8099504437823118e-13,1.8200550899123175e-13,0.004184259202214931
Lang_L16.self_attn.o_proj,Base->Stage2,Lang,8.499647898669605e-05,9.108737381586074e-09,6.377154334500246e-05,0.0038073434498329672,4.539544312272917e-12,1.6990546920332741e-06,8.499611873092332e-05,4.5395443122731816e-12,1.6990546920333904e-06,8.499611873092579e-05,0.9999999999999416,3.2316683470303716e-13,1.7752121688572353e-13,1.7766306001163407e-13,0.004363511071046418
Lang_L16.mlp.gate_proj,Base->Stage1,Lang,1.2754125150976493e-05,1.3286473168378107e-09,1.7480626685992195e-05,0.0013449664747379817,1.082273154637143e-09,2.2144421669031018e-05,0.0012138780117944567,1.1947807505852958e-13,2.738340433482672e-07,1.27541262050332e-05,9058.34107309615,0.15619350890077263,0.15619350890077252,5.131760104757952e-13,0.0016412067522711196
Lang_L16.mlp.gate_proj,Stage1->Stage2,Lang,3.334609828365273e-05,9.183122247921534e-09,6.248793418971972e-05,0.0035359030969975033,7.457868618867421e-09,6.512671170538427e-05,0.0031864898229282336,8.167268784955203e-13,7.155089107156045e-07,3.334598848056236e-05,9131.410775417902,0.41001009182154324,0.4100100918215433,5.063167981873136e-13,0.0042909910710609
Lang_L16.mlp.gate_proj,Base->Stage2,Lang,3.5057322819876015e-05,9.961212401865958e-09,6.59368300743993e-05,0.0036826570086197865,8.087754598922163e-09,6.821391892648062e-05,0.003318326797271783,9.02701915619677e-13,7.521716647932381e-07,3.505721027925757e-05,8959.496439497603,0.42697294632761884,0.42697294632761884,5.131775174867445e-13,0.004511192594344161
Lang_L16.mlp.up_proj,Base->Stage1,Lang,1.3567441428765061e-05,1.2859352246281872e-09,1.7298010075693727e-05,0.001351466122870497,1.0126812620670002e-09,2.173942754935567e-05,0.0011993115175545784,1.296000222229357e-13,2.8626595459335724e-07,1.3567447675602822e-05,7813.897287185672,0.1510869352127305,0.1510869352127305,5.401330601454311e-13,0.0017093135076405401
Lang_L16.mlp.up_proj,Stage1->Stage2,Lang,3.692613441949554e-05,8.577513769489337e-09,6.020646284851991e-05,0.0034904019364169953,6.649690995951272e-09,6.166261363606693e-05,0.0030732328111339495,9.60011549487137e-13,7.790987615602526e-07,3.692605888459617e-05,6926.678121220217,0.3871515759703536,0.3871515759703539,5.365149884551801e-13,0.004652189701213075
Lang_L16.mlp.up_proj,Base->Stage2,Lang,3.910013428265592e-05,9.320007110759824e-09,6.360967916085361e-05,0.003638336395275483,7.19221041534861e-09,6.452701567744722e-05,0.003196140933865711,1.076380107604774e-12,8.249466414444785e-07,3.910007230344165e-05,6681.849993821561,0.4026333346080304,0.4026333346080304,5.401308267531992e-13,0.0049260863244368165
Lang_L16.mlp.down_proj,Base->Stage1,Lang,1.4204919801891314e-05,1.296927935498206e-09,1.751837660656211e-05,0.0013889347734957216,1.0236208281701991e-09,2.1870161919286182e-05,0.0012339384171856352,1.3565322562736316e-13,2.9251489495162403e-07,1.4204926507804947e-05,7545.864268514088,0.1519005187644731,5.021275556469619e-13,0.15190051876447308,0.001748776260526749
Lang_L16.mlp.down_proj,Stage1->Stage2,Lang,3.766967510407013e-05,8.442517161308056e-09,5.990632487277346e-05,0.003543715949770593,6.5563354085991615e-09,6.120480556439326e-05,0.0031228671462792076,9.53972579524712e-13,7.75704214895296e-07,3.7669588246959445e-05,6872.666520316189,0.384426171562425,5.008896000477253e-13,0.38442617156242465,0.0046375342756982026
Lang_L16.mlp.down_proj,Base->Stage2,Lang,3.934223319327618e-05,9.200177264937576e-09,6.341317465469305e-05,0.0036993125415796385,7.11545898617264e-09,6.417664771557172e-05,0.003253302051756969,1.0405682472155169e-12,8.100267322687827e-07,3.9342161052379377e-05,6838.051233269012,0.4004821311308306,5.021313091840536e-13,0.40048213113083064,0.004843446102046921
Lang_L17.self_attn.q_proj,Base->Stage1,Lang,3.196393756189426e-05,1.4900516250460822e-09,1.9683898066686495e-05,0.0014257478323846857,7.48922101395095e-13,6.888581275931525e-07,3.196394582117899e-05,7.489221013951654e-13,6.888581275931936e-07,3.196394582118053e-05,0.9999999999999061,2.8921750920759516e-13,1.633714448373051e-13,1.628092694531941e-13,0.0017723450469844053
Lang_L17.self_attn.q_proj,Stage1->Stage2,Lang,8.218684536638593e-05,1.004893721057546e-08,6.732613954870195e-05,0.003702571854470259,4.951314322583493e-12,1.766521595761101e-06,8.218710404369328e-05,4.951314322584168e-12,1.7665215957613537e-06,8.21871040436989e-05,0.9999999999998636,3.010806627603519e-13,1.677941354059777e-13,1.6865718240229427e-13,0.004557117232250238
Lang_L17.self_attn.q_proj,Base->Stage2,Lang,8.648472502124182e-05,1.101710826118297e-08,7.137640259256145e-05,0.0038768342868387173,5.482705488402199e-12,1.8584013272422511e-06,8.648501957296138e-05,5.48270548840443e-12,1.8584013272426103e-06,8.648501957297896e-05,0.9999999999995931,2.8921695229022296e-13,1.6337346850070814e-13,1.6280713682025732e-13,0.004795428402221918
Lang_L17.self_attn.k_proj,Base->Stage1,Lang,3.730453039428862e-05,1.5558070386389327e-09,2.0371807239349948e-05,0.001363759266180054,1.253902976559777e-09,2.4161263549698417e-05,0.0012243111794391435,1.1641370640174372e-12,8.475258596043614e-07,3.7304558698353485e-05,1077.109401733639,0.02562780206196198,4.691431854883499e-14,0.025627802061961975,0.0007812445795137231
Lang_L17.self_attn.k_proj,Stage1->Stage2,Lang,0.00010996169765956853,1.01273585385077e-08,6.74221591781543e-05,0.0034794904393815025,7.890770326245527e-09,6.743439424287116e-05,0.003071335475432268,1.0114936840926048e-11,2.491057617616816e-06,0.00010996364887132735,780.1106868328311,0.0642757405715061,4.514746400641092e-14,0.0642757405715061,0.002302854751488994
Lang_L17.self_attn.k_proj,Base->Stage2,Lang,0.00012142927935435853,1.1087817668378647e-08,7.133172075374228e-05,0.003640747773247227,8.56892819594354e-09,7.067389778438644e-05,0.0032005956198821856,1.2334677451814105e-11,2.7438234563881e-06,0.00012143152618600637,694.7022513899037,0.06697495376189648,4.691388147155542e-14,0.0669749537618965,0.00254301462281614
Lang_L17.self_attn.v_proj,Base->Stage1,Lang,3.7430212050779265e-05,1.3200329004764316e-09,1.8932854624231776e-05,0.0015646961202812175,1.0926736704923794e-09,2.2733583674261803e-05,0.0014235832420977509,7.553873235155183e-13,6.823447667333499e-07,3.743022813367756e-05,1446.5078198653832,0.023926506920105402,3.9069065638055163e-14,0.023926506920105405,0.0006293174946490078
Lang_L17.self_attn.v_proj,Stage1->Stage2,Lang,0.00011086136533366106,8.694458679503838e-09,6.331163761208458e-05,0.00401564298581675,7.0264622472094546e-09,6.391378173855821e-05,0.0036099582498058864,6.6265150719054845e-12,2.0078801499426953e-06,0.00011086039346778568,1060.3555822274714,0.06066613882500527,3.8262365430299216e-14,0.06066613882500529,0.0018639212252719224
Lang_L17.self_attn.v_proj,Base->Stage2,Lang,0.0001162672308134233,9.549791619588209e-09,6.713466280156011e-05,0.004208533303260719,7.665608014927437e-09,6.720202270129085e-05,0.003770571012420896,7.288527136698187e-12,2.1055736667135674e-06,0.00011626626151411616,1051.7362247758706,0.06336489710130075,3.906864214427952e-14,0.06336489710130078,0.001954811324769022
Lang_L17.self_attn.o_proj,Base->Stage1,Lang,3.1177147928719956e-05,1.2408858369214368e-09,1.774866493844951e-05,0.001467555863883869,5.600352974887054e-13,5.964053751721136e-07,3.11771511401236e-05,5.60035297488841e-13,5.964053751722382e-07,3.117715114012737e-05,0.9999999999997579,2.8464703857201977e-13,1.5675792873352442e-13,1.5836988432513394e-13,0.001532631165153128
Lang_L17.self_attn.o_proj,Stage1->Stage2,Lang,8.496761243151879e-05,8.1358146049273e-09,6.002491636509372e-05,0.003757744123784365,4.1595789648028835e-12,1.623323096128894e-06,8.496721221311042e-05,4.159578964802984e-12,1.623323096128996e-06,8.496721221311145e-05,0.9999999999999759,2.819853245329956e-13,1.5634849364772006e-13,1.5746211705817465e-13,0.004176905396389654
Lang_L17.self_attn.o_proj,Base->Stage2,Lang,8.842180289375258e-05,8.871528249599737e-09,6.348875424883743e-05,0.003923972024608133,4.504653231955171e-12,1.6891672797666212e-06,8.842139551314525e-05,4.504653231954852e-12,1.6891672797665018e-06,8.842139551314207e-05,1.0000000000000708,2.846527512914673e-13,1.567624168089694e-13,1.5837059061407494e-13,0.00434670968312828
Lang_L17.mlp.gate_proj,Base->Stage1,Lang,1.3298931820657748e-05,1.3839344917995746e-09,1.8099405332161994e-05,0.001409792014426656,1.127355249033655e-09,2.271518815637615e-05,0.001272411762499714,1.2315130957265154e-13,2.781408166168989e-07,1.3298932960396923e-05,9154.228671588637,0.15941344455790352,0.15941344455790354,4.920086566876114e-13,0.001666244403774168
Lang_L17.mlp.gate_proj,Stage1->Stage2,Lang,3.5704033511864374e-05,9.335512549014273e-09,6.363166810621719e-05,0.0036615462241824455,7.57572861760307e-09,6.588220985418156e-05,0.0032984328111460336,8.876464158909033e-13,7.466471848877918e-07,3.570388208308716e-05,8534.624239990364,0.41323484054548865,0.4132348405454887,4.897022740093468e-13,0.004473414988134711
Lang_L17.mlp.gate_proj,Base->Stage2,Lang,3.7084523136257715e-05,1.0159525485460687e-08,6.723622430176102e-05,0.0038197254619487466,8.242396869053805e-09,6.910568985386808e-05,0.003440505041142276,9.576149401761488e-13,7.754156806745494e-07,3.7084369030645864e-05,8607.21415597135,0.4310336828978298,0.43103368289782984,4.920116989880591e-13,0.004646379120935799
Lang_L17.mlp.up_proj,Base->Stage1,Lang,1.3505901310513872e-05,1.3186875890689827e-09,1.7535153243622216e-05,0.001363006961863198,1.0504839613622932e-09,2.2049696480023508e-05,0.0012165272113932827,1.2947709301895875e-13,2.8608227782325825e-07,1.3505901709821731e-05,8113.280402491548,0.15388146480287954,0.1538814648028795,5.140598682276099e-13,0.001708502649755956
Lang_L17.mlp.up_proj,Stage1->Stage2,Lang,3.673195683240416e-05,8.772758682838068e-09,6.101419354515364e-05,0.0035155500362300065,6.914094520062524e-09,6.283811662175012e-05,0.003120993384832611,9.57709733116272e-13,7.778619217290827e-07,3.6731794213159795e-05,7219.405087974719,0.3947745568073277,0.3947745568073277,5.374397268030927e-13,0.004646609084473399
Lang_L17.mlp.up_proj,Base->Stage2,Lang,3.836951235424248e-05,9.550636332963588e-09,6.453526740925463e-05,0.0036681015140750707,7.504075072733498e-09,6.587213474076445e-05,0.0032514252725667184,1.0450049694118666e-12,8.124983918864925e-07,3.8369343619609774e-05,7180.898935779056,0.4112722077568535,0.4112722077568535,5.14061548924183e-13,0.004853760739089781
Lang_L17.mlp.down_proj,Base->Stage1,Lang,1.3522053887085068e-05,1.2914491493882783e-09,1.7427672418263927e-05,0.0013811889913090169,1.0274734452219434e-09,2.1809439323465723e-05,0.001231968932754212,1.2378177194544714e-13,2.794212831999016e-07,1.3522058191447976e-05,8300.684576358864,0.1521870186867096,5.038398355585265e-13,0.1521870186867096,0.0016705040553493375
Lang_L17.mlp.down_proj,Stage1->Stage2,Lang,3.672116912201372e-05,8.443170662832171e-09,5.988792254908685e-05,0.0035315513898125056,6.629071924611539e-09,6.14845309229233e-05,0.0031292417214638527,9.12859824001945e-13,7.589774169181174e-07,3.672102483428339e-05,7261.872798333839,0.3865545268189023,4.945312879106349e-13,0.3865545268189023,0.0045365033241994085
Lang_L17.mlp.down_proj,Base->Stage2,Lang,3.861447361416035e-05,9.198172072919023e-09,6.337581393422795e-05,0.003686069430657911,7.198423924953713e-09,6.44756099893346e-05,0.0032608547637024135,1.0094193105637188e-12,7.981493173829534e-07,3.8614334178853704e-05,7131.252443480294,0.40281172688287337,5.038455603484704e-13,0.4028117268828732,0.004770402137594241
Lang_L18.self_attn.q_proj,Base->Stage1,Lang,3.20607180135567e-05,1.5596617613919375e-09,1.9716277980521765e-05,0.0014345531607901573,7.790114811797332e-13,7.03169374688275e-07,3.206072681881793e-05,7.79011481180073e-13,7.031693746883914e-07,3.2060726818824935e-05,0.9999999999995638,3.1769969384541665e-13,1.7713507502270014e-13,1.7700856041916083e-13,0.0018075981222493858
Lang_L18.self_attn.q_proj,Stage1->Stage2,Lang,8.174492760510286e-05,1.031055015921318e-08,6.750561322196869e-05,0.003688435280765887,5.064292230098469e-12,1.7892557842578426e-06,8.174489248462446e-05,5.064292230101388e-12,1.7892557842583314e-06,8.17448924846481e-05,0.9999999999994237,3.1676925564610383e-13,1.7505178842628521e-13,1.7752610241277833e-13,0.004608815591655107
Lang_L18.self_attn.q_proj,Base->Stage2,Lang,8.550369135856223e-05,1.1233508297288603e-08,7.132517175541774e-05,0.00384998425164175,5.540731418261323e-12,1.8712897508383056e-06,8.550367810615963e-05,5.540731418258811e-12,1.8712897508378258e-06,8.550367810614021e-05,1.0000000000004534,3.1770070657004736e-13,1.7713627527298037e-13,1.7701074684833786e-13,0.004820737697752138
Lang_L18.self_attn.k_proj,Base->Stage1,Lang,3.558526101308843e-05,1.5816448468860676e-09,1.9688219357077985e-05,0.0013289740158981156,1.2973074505325765e-09,2.4224620112545928e-05,0.001203603551297012,1.134013176685773e-12,8.373093500464731e-07,3.558533468470175e-05,1143.9968046262404,0.026068555424824717,4.85421809744061e-14,0.026068555424824724,0.0007710703601995285
Lang_L18.self_attn.k_proj,Stage1->Stage2,Lang,9.068193055676318e-05,1.0245335051534399e-08,6.605725310773747e-05,0.0033823975326558787,8.264606463070604e-09,6.83328813382792e-05,0.003037894273836046,7.364063183722238e-12,2.1457260255762042e-06,9.068183903223954e-05,1122.2889126398259,0.06579538333335215,4.5511423014852764e-14,0.06579538333335216,0.001964914745852187
Lang_L18.self_attn.k_proj,Base->Stage2,Lang,9.666653296683688e-05,1.113039859399849e-08,6.978134907753564e-05,0.003525469198304626,8.899228674773528e-09,7.149364827545879e-05,0.0031523740899384203,8.368161911514594e-12,2.282821635632288e-06,9.666663552914369e-05,1063.4627734112298,0.06827304067002042,4.8542607212879364e-14,0.0682730406700204,0.0020945946797087407
Lang_L18.self_attn.v_proj,Base->Stage1,Lang,4.00810184476949e-05,1.503860150807989e-09,1.987117140744843e-05,0.001591851140236064,1.2437985892154263e-09,2.400848723071755e-05,0.0014476839415170173,9.534090254512076e-13,7.699612351812791e-07,4.008098228756706e-05,1304.5802546570083,0.025526616686959457,3.958152595165496e-14,0.025526616686959453,0.0007070084236667642
Lang_L18.self_attn.v_proj,Stage1->Stage2,Lang,0.00010674144394772884,8.369998715542477e-09,6.071397211626639e-05,0.003755433891530301,6.8228668155469645e-09,6.241331417336687e-05,0.00339063368692303,6.761899205039645e-12,2.052571691860244e-06,0.0001067411240837753,1009.0163441747076,0.059779560999989545,4.1901953599108983e-14,0.05977956099998955,0.0018828655316861652
Lang_L18.self_attn.v_proj,Base->Stage2,Lang,0.00010988639761649894,9.236631579860354e-09,6.472867079510003e-05,0.003945065664443607,7.474732268361536e-09,6.587012335581567e-05,0.003548912129775911,7.1662117168880185e-12,2.1139892214513574e-06,0.0001098859691918079,1043.0521122822051,0.06257112257765877,3.958147232091325e-14,0.06257112257765877,0.0019383391882288779
Lang_L18.self_attn.o_proj,Base->Stage1,Lang,3.252148414629381e-05,1.3092897957507538e-09,1.8133296832839596e-05,0.001489983126327528,6.237551003215512e-13,6.29660241846932e-07,3.2521495882039616e-05,6.237551003212444e-13,6.296602418466889e-07,3.2521495882031654e-05,1.0000000000004918,3.064121748412817e-13,1.6723013101772114e-13,1.6943630759210178e-13,0.0016174728783809017
Lang_L18.self_attn.o_proj,Stage1->Stage2,Lang,7.971122745473877e-05,8.074808823477386e-09,5.940527462629068e-05,0.0037002234178764247,3.747244892633228e-12,1.541327188298432e-06,7.971092723686595e-05,3.7472448926316505e-12,1.5413271882981949e-06,7.971092723684915e-05,1.000000000000421,2.959958560237465e-13,1.6278735205061135e-13,1.648027997823305e-13,0.003964477801948763
Lang_L18.self_attn.o_proj,Base->Stage2,Lang,8.31881423407032e-05,8.843298244838883e-09,6.301596523794299e-05,0.003872299668020505,4.081278663300723e-12,1.6081623734058574e-06,8.318785904689581e-05,4.081278663298722e-12,1.6081623734054784e-06,8.318785904687542e-05,1.0000000000004903,3.0641327589380937e-13,1.6723057244749588e-13,1.694383366436578e-13,0.0041374053974185905
Lang_L18.mlp.gate_proj,Base->Stage1,Lang,1.2846234687722864e-05,1.3856272976892437e-09,1.8121495773651924e-05,0.0013941695203191268,1.1317891593897227e-09,2.2721089044814767e-05,0.0012600133120025188,1.1764317987770243e-13,2.710783605633266e-07,1.2846231555939564e-05,9620.525053524476,0.15972705486840016,0.15972705486840028,4.950553369183742e-13,0.0016285555017081846
Lang_L18.mlp.gate_proj,Stage1->Stage2,Lang,3.492860584158535e-05,9.49517521708646e-09,6.429506314433318e-05,0.0036495754469779737,7.715139887095034e-09,6.652628739270648e-05,0.0032897489498185163,8.697166123866882e-13,7.361963299282639e-07,3.4928484074651086e-05,8870.866414662407,0.4170198442274254,0.41701984422742544,4.9460394219688e-13,0.004428004661337278
Lang_L18.mlp.gate_proj,Base->Stage2,Lang,3.6293166596438474e-05,1.0315601917998812e-08,6.784664178963657e-05,0.0038039792706705817,8.382875295292885e-09,6.971537998490048e-05,0.0034291569057731124,9.389982344467588e-13,7.649761650523366e-07,3.6293031224585464e-05,8927.466514600987,0.4346913805698969,0.43469138056989687,4.950546738303412e-13,0.004600993020282663
Lang_L18.mlp.up_proj,Base->Stage1,Lang,1.3902732690489535e-05,1.3343458608642503e-09,1.7734515536307715e-05,0.0013845501297605847,1.0583653429941112e-09,2.2199165909691264e-05,0.0012330829232306939,1.3454006710745903e-13,2.9149366222109505e-07,1.3902736712657977e-05,7866.543890964318,0.1544572770819052,0.1544572770819053,5.291320021526025e-13,0.0017415863275348495
Lang_L18.mlp.up_proj,Stage1->Stage2,Lang,3.827679780907888e-05,8.889131601648946e-09,6.170602852016874e-05,0.0035735670469976546,6.964196604962093e-09,6.318159226471477e-05,0.003163062536105458,1.0198169820724317e-12,8.024180946374404e-07,3.827660289790879e-05,6828.869029823105,0.39619931196641683,0.3961993119664167,5.136614775464293e-13,0.0047949083050212804
Lang_L18.mlp.up_proj,Base->Stage2,Lang,4.030905851091281e-05,9.667828738603068e-09,6.520375703960747e-05,0.003726805613778131,7.544866218684529e-09,6.61589874153522e-05,0.0032922896638381805,1.1309843720012172e-12,8.449777205955524e-07,4.03088649128071e-05,6671.0614270772685,0.41238472412791194,0.4123847241279119,5.291341278543636e-13,0.00504948967524386
Lang_L18.mlp.down_proj,Base->Stage1,Lang,1.4074205507949448e-05,1.304185534355601e-09,1.760911249595892e-05,0.001402513399746021,1.0371097980439564e-09,2.1936473122261574e-05,0.001250690060565895,1.3133275717477695e-13,2.8715984656896517e-07,1.4074204618565302e-05,7896.8097552675,0.15289850937846136,4.919337830057367e-13,0.15289850937846136,0.0017207022140762532
Lang_L18.mlp.down_proj,Stage1->Stage2,Lang,3.636471346919915e-05,8.457319217223566e-09,6.014643457173513e-05,0.003571505354837862,6.6373504663218974e-09,6.156377164791498e-05,0.003163969723443935,8.767699977976617e-13,7.428124587955117e-07,3.636451370179164e-05,7570.229915478523,0.3867963959378237,5.02038875219281e-13,0.38679639593782383,0.004445923920854887
Lang_L18.mlp.down_proj,Base->Stage2,Lang,3.751078641347081e-05,9.222217985266823e-09,6.366002934468796e-05,0.003729517383375833,7.212595107530753e-09,6.457723247297243e-05,0.0032982283512443867,9.329054364763386e-13,7.662852639689446e-07,3.75105779797573e-05,7731.3249827049185,0.40320959569745796,4.919379309115764e-13,0.40320959569745807,0.0045860416914382945
Lang_L19.self_attn.q_proj,Base->Stage1,Lang,3.2653225759137696e-05,1.6186588424210905e-09,2.0631421999400823e-05,0.0014402939838527033,8.319644007812787e-13,7.241442847012884e-07,3.2653208118527864e-05,8.319644007836344e-13,7.241442847023361e-07,3.26532081185741e-05,0.9999999999971685,2.9138656693514445e-13,1.6441388702477444e-13,1.6613389139779265e-13,0.00186802345115483
Lang_L19.self_attn.q_proj,Stage1->Stage2,Lang,8.107934720388999e-05,1.0464876731795245e-08,6.867241772256366e-05,0.0036621804544295835,5.1294820876429484e-12,1.7942816198183398e-06,8.107919734397353e-05,5.129482087640187e-12,1.7942816198178559e-06,8.107919734395171e-05,1.0000000000005382,3.029193373663122e-13,1.702336345598093e-13,1.6996838805530412e-13,0.004638384119293873
Lang_L19.self_attn.q_proj,Base->Stage2,Lang,8.427863911786521e-05,1.1501878840134198e-08,7.292205564248672e-05,0.0038393444425717004,5.54226886173809e-12,1.8646837475905799e-06,8.427843781401541e-05,5.542268861734289e-12,1.8646837475900727e-06,8.427843781398652e-05,1.0000000000006857,2.9138404036230965e-13,1.6441850660713815e-13,1.6613068264119986e-13,0.004821406481084911
Lang_L19.self_attn.k_proj,Base->Stage1,Lang,3.5288926787331285e-05,1.7999162495559332e-09,2.16276229090262e-05,0.0013483075674964437,1.408156990587724e-09,2.586517674635599e-05,0.0011925823042334789,1.2329560127579906e-12,8.751000969924788e-07,3.528877759164329e-05,1142.098319823939,0.027159604746786043,5.096618847980818e-14,0.027159604746786057,0.000804005001238712
Lang_L19.self_attn.k_proj,Stage1->Stage2,Lang,9.710772808221453e-05,1.13683778929358e-08,7.076663807348282e-05,0.0033884988370372075,8.701252627316835e-09,7.088476978264153e-05,0.002964483102148935,9.336453547955237e-12,2.3856649073391627e-06,9.710666980716849e-05,931.9655030279118,0.06750282859071015,5.0070823502982356e-14,0.06750282859071015,0.0022124625551069458
Lang_L19.self_attn.k_proj,Base->Stage2,Lang,0.00010429691819138316,1.2498546682619472e-08,7.516737217372338e-05,0.0035529397963380382,9.444015413398352e-09,7.439749730554418e-05,0.00308842055200416,1.0769948664834269e-11,2.5663056120737036e-06,0.00010429534062381372,876.8858336562628,0.07032226608942677,5.096680064895431e-14,0.07032226608942677,0.002376248060617542
Lang_L19.self_attn.v_proj,Base->Stage1,Lang,5.3258563980957974e-05,1.62742303430831e-09,2.196625719456946e-05,0.0018847306538633808,1.3044187032406132e-09,2.5522903996372436e-05,0.0016873593153027891,1.2995134399426138e-12,8.988754535040205e-07,5.32585640073503e-05,1003.7746922403634,0.026138285894064788,3.635406639224674e-14,0.026138285894064788,0.0008254206820771048
Lang_L19.self_attn.v_proj,Stage1->Stage2,Lang,0.00013009919036340335,8.822503957123377e-09,6.504463830077356e-05,0.004388215975071807,6.978377644920399e-09,6.424441103014956e-05,0.003902737103816622,7.754451037259273e-12,2.197300355694471e-06,0.00013009709295467737,899.918977035263,0.06045259751004908,3.5441198209781185e-14,0.06045259751004909,0.002016324781731006
Lang_L19.self_attn.v_proj,Base->Stage2,Lang,0.00014130992905371392,9.849905733324879e-09,6.96239124988729e-05,0.004636690421877664,7.701212284806195e-09,6.800269621278851e-05,0.004099884391673063,9.148443864064124e-12,2.383277742336611e-06,0.0001413076509797769,841.8057102648047,0.06350387559049571,3.635293770094826e-14,0.06350387559049571,0.0021900729066865444
Lang_L19.self_attn.o_proj,Base->Stage1,Lang,3.375385727173977e-05,1.3142446605191819e-09,1.8748309939904326e-05,0.0015434193447821484,6.285712231784937e-13,6.317489482735972e-07,3.37538313348149e-05,6.285712231775699e-13,6.317489482731783e-07,3.37538313347901e-05,1.0000000000014697,2.7449117399400787e-13,1.5139645986988652e-13,1.5288530344506713e-13,0.0016237052674850125
Lang_L19.self_attn.o_proj,Stage1->Stage2,Lang,8.475494185527546e-05,8.417553449294892e-09,6.20247828841125e-05,0.003906032219404135,3.963130773863156e-12,1.5861967292344863e-06,8.475436640047666e-05,3.963130773864458e-12,1.5861967292347033e-06,8.475436640049062e-05,0.9999999999996715,2.6835381794198323e-13,1.490411995587895e-13,1.5060824729149846e-13,0.0040770792557102455
Lang_L19.self_attn.o_proj,Base->Stage2,Lang,8.84852516660799e-05,9.21134986393011e-09,6.568097601532437e-05,0.004086057923921113,4.319658918275236e-12,1.6558508186832032e-06,8.848458289101219e-05,4.319658918275963e-12,1.6558508186833953e-06,8.84845828910196e-05,0.9999999999998317,2.744912274145201e-13,1.5139500047657756e-13,1.528880795633052e-13,0.004256520019870757
Lang_L19.mlp.gate_proj,Base->Stage1,Lang,1.3472290765955256e-05,1.3685651469478746e-09,1.81005609595113e-05,0.001433484750228046,1.1140152034520325e-09,2.2621582888756165e-05,0.0012933197161496212,1.2088217190307436e-13,2.754050409179215e-07,1.347229135887464e-05,9215.711348612029,0.15846747248911383,0.1584674724891138,4.950030635329588e-13,0.001650822250315556
Lang_L19.mlp.gate_proj,Stage1->Stage2,Lang,3.7727817249208445e-05,9.370405531625906e-09,6.422466185939207e-05,0.0037509137508368144,7.588944752085593e-09,6.61145930140062e-05,0.00337558136179406,9.479876526981601e-13,7.707818683374907e-07,3.7727604011961886e-05,8005.32024914666,0.4135929756326223,0.4135929756326222,5.009374267359738e-13,0.004622964164871492
Lang_L19.mlp.gate_proj,Base->Stage2,Lang,3.876022809885129e-05,1.0186641229041278e-08,6.77826305197765e-05,0.003910870090878337,8.250985412306215e-09,6.930323353827337e-05,0.003519741706925989,1.0005804379522402e-12,7.912568261438208e-07,3.876001073221036e-05,8246.199005441731,0.4312564454358676,0.43125644543586755,4.950060488347632e-13,0.004749470456386001
Lang_L19.mlp.up_proj,Base->Stage1,Lang,1.3620213562682722e-05,1.2909475622186077e-09,1.7349107182080878e-05,0.0013656729850084384,1.0335456387874775e-09,2.180422988308316e-05,0.001221960723672211,1.2840544259068335e-13,2.8480634943293777e-07,1.3620220349584989e-05,8049.079680228975,0.15263565362580986,0.1526356536258098,5.177559277523104e-13,0.0017014175282552874
Lang_L19.mlp.up_proj,Stage1->Stage2,Lang,3.5958861936660504e-05,8.801179363225715e-09,6.139174075197667e-05,0.003565837546853159,6.98038677465195e-09,6.316344016727445e-05,0.0031756370576318848,8.950082555596403e-13,7.516813800132194e-07,3.5958754306318243e-05,7799.24289110292,0.39666329523100546,0.39666329523100546,5.05477208077346e-13,0.004491927180677209
Lang_L19.mlp.up_proj,Base->Stage2,Lang,3.7575526663809025e-05,9.561562565187538e-09,6.480830638613725e-05,0.0037166832745789773,7.566244629626402e-09,6.61405986015026e-05,0.003306216637948884,9.772951654897275e-13,7.857578972826152e-07,3.7575432918207344e-05,7742.026049862754,0.4129728556037887,0.4129728556037887,5.177534742699576e-13,0.004693880856193943
Lang_L19.mlp.down_proj,Base->Stage1,Lang,1.3502783586421842e-05,1.2599325465023878e-09,1.717504925380211e-05,0.001367574289287169,1.0099543759119844e-09,2.1527691279567838e-05,0.0012244136360588561,1.228265751741388e-13,2.779882778944816e-07,1.3502788065349516e-05,8222.604713028186,0.15088390430381712,4.883742532913073e-13,0.1508839043038171,0.0016640461159867712
Lang_L19.mlp.down_proj,Stage1->Stage2,Lang,3.5920908680790004e-05,8.622127117961608e-09,6.081783434723164e-05,0.0035775270591833015,6.842509121417447e-09,6.249456563763938e-05,0.0031870098744913146,8.692407317493489e-13,7.397834937851942e-07,3.5920779368587335e-05,7871.82292717333,0.3927297300321734,4.997430804594085e-13,0.3927297300321734,0.004426793065527041
Lang_L19.mlp.down_proj,Base->Stage2,Lang,3.769590848809898e-05,9.35728135270124e-09,6.41637823838582e-05,0.0037269242050346723,7.411071191210523e-09,6.541032263463754e-05,0.0033167765109793942,9.572693571276896e-13,7.763626142514407e-07,3.769578528990248e-05,7741.88699975483,0.40871974727347266,4.883765395848499e-13,0.40871974727347266,0.004645540655135822
Lang_L20.self_attn.q_proj,Base->Stage1,Lang,3.1461649603441834e-05,1.3684399012150244e-09,1.8625974892470115e-05,0.001388441784533008,7.026424466055547e-13,6.673182044645638e-07,3.146168667332351e-05,7.026424466056547e-13,6.67318204464578e-07,3.146168667332575e-05,0.9999999999998578,2.813921337376494e-13,1.5778505629144155e-13,1.597368597002379e-13,0.0017167108155912234
Lang_L20.self_attn.q_proj,Stage1->Stage2,Lang,8.25490402210581e-05,1.001764632712407e-08,6.746124860368234e-05,0.003756581801891038,4.837204354040878e-12,1.7454262916837604e-06,8.254812638753462e-05,4.8372043540405355e-12,1.7454262916837566e-06,8.254812638753168e-05,1.0000000000000708,2.74411167733465e-13,1.5434257943126937e-13,1.5634070280967818e-13,0.004504298565922294
Lang_L20.self_attn.q_proj,Base->Stage2,Lang,8.591160968146422e-05,1.0877932244965913e-08,7.099091155399022e-05,0.003914562014809247,5.23932229445774e-12,1.8156198558536476e-06,8.591075984833778e-05,5.239322294459322e-12,1.8156198558538295e-06,8.591075984835077e-05,0.9999999999996979,2.813926511317693e-13,1.5778648472461502e-13,1.597390266718934e-13,0.004687783106857647
Lang_L20.self_attn.k_proj,Base->Stage1,Lang,3.743279793809967e-05,1.609771805815304e-09,2.179914064726063e-05,0.0015103278559340269,1.3197140846426436e-09,2.5057947133034054e-05,0.0013675052425406993,9.888429795882603e-13,7.726869786495067e-07,3.74328368466103e-05,1334.6042919697454,0.02629411840470775,3.799140406711572e-14,0.02629411840470775,0.0007200267412272753
Lang_L20.self_attn.k_proj,Stage1->Stage2,Lang,0.00011273459710631225,1.0040058475881584e-08,6.84104520267681e-05,0.00377183191859143,7.88621294497172e-09,6.734211578676195e-05,0.003342862090003721,8.96884019686478e-12,2.341504317782392e-06,0.00011273333454713037,879.2901614780124,0.06426290112480834,3.9035012676617363e-14,0.06426290112480834,0.0021684684201375504
Lang_L20.self_attn.k_proj,Base->Stage2,Lang,0.00011728379633652908,1.1092362797970662e-08,7.279592664843904e-05,0.003964571393904335,8.672916330301327e-09,7.111185976261657e-05,0.003505635745441805,9.707307451961479e-12,2.434023224021756e-06,0.00011728260473547843,893.4420150202268,0.06739251167452884,3.799058526548583e-14,0.06739251167452884,0.002255975356552899
Lang_L20.self_attn.v_proj,Base->Stage1,Lang,3.4357683252902366e-05,1.3164838478225525e-09,1.8953158126167047e-05,0.0015272956687697793,1.1082098860874977e-09,2.2633255621474998e-05,0.001401284643558285,6.662195756454946e-13,6.409002299749246e-07,3.435769716201559e-05,1663.4303863163468,0.024097081537305342,3.8526768759305584e-14,0.024097081537305342,0.0005910084000046236
Lang_L20.self_attn.v_proj,Stage1->Stage2,Lang,0.00010128532854382378,7.686744134633017e-09,5.878435412776106e-05,0.003690507809658634,6.343910943325547e-09,6.0189378280779635e-05,0.0033526904313579417,5.789784204252475e-12,1.8871681432753127e-06,0.00010128522674319375,1095.7076670778295,0.057645156688847295,3.947756118140114e-14,0.05764515668884729,0.0017422727630538
Lang_L20.self_attn.v_proj,Base->Stage2,Lang,0.00011038964860127032,8.485420029698687e-09,6.259289068577534e-05,0.003877498054168299,6.969305146383557e-09,6.356369479221148e-05,0.00351406391431308,6.877432682234084e-12,2.0563276908184307e-06,0.00011038958233920521,1013.3585406639893,0.06041741120171853,3.85271547470752e-14,0.06041741120171854,0.001898882678340909
Lang_L20.self_attn.o_proj,Base->Stage1,Lang,2.949023335118005e-05,1.1509348468798898e-09,1.682216499243258e-05,0.001342253111797269,5.555705967111831e-13,5.941492658110126e-07,2.9490265071911683e-05,5.555705967103912e-13,5.941492658105159e-07,2.949026507189067e-05,1.0000000000014253,2.882716149158541e-13,1.6026932547462673e-13,1.6068834542426914e-13,0.0015265097366426391
Lang_L20.self_attn.o_proj,Stage1->Stage2,Lang,7.46740528008507e-05,7.694513355010256e-09,5.780845305229654e-05,0.0034705508994249765,3.5622249857620243e-12,1.4992197195750943e-06,7.46738446684908e-05,3.5622249857616244e-12,1.499219719575021e-06,7.467384466848658e-05,1.0000000000001124,2.807062263936229e-13,1.5552151440401477e-13,1.5803782444706256e-13,0.0038653660249295817
Lang_L20.self_attn.o_proj,Base->Stage2,Lang,7.786090398828479e-05,8.379863791152608e-09,6.109543647662627e-05,0.0036218154670989732,3.872770113286235e-12,1.5646921888119032e-06,7.786077072322194e-05,3.872770113284772e-12,1.5646921888116632e-06,7.786077072320718e-05,1.0000000000003777,2.882704776235467e-13,1.6027107858580973e-13,1.606906415525873e-13,0.004030331894178289
Lang_L20.mlp.gate_proj,Base->Stage1,Lang,1.33089232912216e-05,1.3707263347024054e-09,1.8080777271128858e-05,0.0014052423340585847,1.1192380167028364e-09,2.260869942101093e-05,0.0012698051177527053,1.229515856845676e-13,2.773764421267002e-07,1.3308923034491136e-05,9103.079154865416,0.1588383744316789,0.15883837443167884,5.137985996275914e-13,0.0016648927175892724
Lang_L20.mlp.gate_proj,Stage1->Stage2,Lang,3.5826180524055704e-05,9.619274221861636e-09,6.509950356784326e-05,0.0037225897130115375,7.81205244259626e-09,6.706880101302017e-05,0.0033547224508017857,8.909417832832125e-13,7.466929126892128e-07,3.582602986071443e-05,8768.308535051572,0.4196293189115211,0.419629318911521,4.928088935443789e-13,0.004481711021918024
Lang_L20.mlp.gate_proj,Base->Stage2,Lang,3.765476315462086e-05,1.0429923242117663e-08,6.856296196951152e-05,0.003876274964381664,8.471074135335411e-09,7.018481853284154e-05,0.0034933593421459202,9.842108101407058e-13,7.847455198485955e-07,3.76546040749997e-05,8606.971238330903,0.4369700503310447,0.43697005033104436,5.137947052933634e-13,0.0047104592600682935
Lang_L20.mlp.up_proj,Base->Stage1,Lang,1.3866329866909247e-05,1.2816962248066418e-09,1.7164513377651002e-05,0.0013326455021854969,1.0151175155925119e-09,2.161853358941002e-05,0.001185987866821418,1.3876463711582957e-13,2.9593106256651836e-07,1.3866328589422231e-05,7315.390554044207,0.1512678815563196,0.1512678815563196,5.274582320420573e-13,0.0017687179720803185
Lang_L20.mlp.up_proj,Stage1->Stage2,Lang,3.663840497426486e-05,8.783958303430822e-09,6.101720456265658e-05,0.0034887208960878826,6.870380844541803e-09,6.26009800302536e-05,0.0030854001739333593,9.687884375209764e-13,7.816553193691517e-07,3.6638321323042186e-05,7091.724651588901,0.39352232648191177,0.3935223264819119,5.177022947143477e-13,0.004673407595131508
Lang_L20.mlp.up_proj,Base->Stage2,Lang,3.856695169626355e-05,9.524451876429712e-09,6.43512290907393e-05,0.0036327966602324115,7.419390044960581e-09,6.542760285209459e-05,0.0032063076795074735,1.0734612633400492e-12,8.228092562835013e-07,3.856686008872415e-05,6911.6514012581365,0.4089420305740579,0.40894203057405804,5.274592012114931e-13,0.004919402700517938
Lang_L20.mlp.down_proj,Base->Stage1,Lang,1.3714906343955089e-05,1.2330228413389242e-09,1.6899731749778794e-05,0.0013420262703265696,9.796634159908858e-10,2.11933398170714e-05,0.0011962278287587654,1.2877602223595078e-13,2.846894020630548e-07,1.3714909916736757e-05,7607.498655268995,0.1486032596571347,5.128917796745026e-13,0.14860325965713467,0.0017038709150871175
Lang_L20.mlp.down_proj,Stage1->Stage2,Lang,3.5840211579251815e-05,8.303518574832843e-09,5.930289037190057e-05,0.0034826174363172605,6.502824569027211e-09,6.081771891904013e-05,0.0030819508487162704,8.794076047397527e-13,7.444369012491019e-07,3.584014827725207e-05,7394.551211496088,0.3828553396545328,5.235749650885151e-13,0.38285533965453283,0.004452606285511122
Lang_L20.mlp.down_proj,Base->Stage2,Lang,3.7585959451597774e-05,9.01260045569863e-09,6.258154829936128e-05,0.0036282712585542255,7.03338095938629e-09,6.362365731947573e-05,0.0032052119997552932,9.671650524432399e-13,7.807472517660176e-07,3.75859028574311e-05,7272.162017867224,0.3981665483860415,5.128893833528953e-13,0.39816654838604154,0.0046694903719421655
Lang_L21.self_attn.q_proj,Base->Stage1,Lang,3.518222830884476e-05,1.6510901831627287e-09,2.071568808246181e-05,0.0015367113666293409,8.654299350935977e-13,7.406810517101219e-07,3.518218943350028e-05,8.654299350935958e-13,7.406810517101499e-07,3.518218943350025e-05,1.0000000000000022,2.8918074350149373e-13,1.6212764161955586e-13,1.625716725050255e-13,0.0019052234090738045
Lang_L21.self_attn.q_proj,Stage1->Stage2,Lang,8.714084627022795e-05,1.058281437468377e-08,6.954704355630059e-05,0.003890513292090225,5.309207931458651e-12,1.8311685812439927e-06,8.714072751375201e-05,5.309207931457577e-12,1.8311685812438398e-06,8.714072751374321e-05,1.0000000000002023,2.84485521395864e-13,1.5960017083195912e-13,1.6108575667149413e-13,0.004718943956410614
Lang_L21.self_attn.q_proj,Base->Stage2,Lang,9.115347201210948e-05,1.1575469896115767e-08,7.36013388885539e-05,0.00406888700161391,5.809405066328346e-12,1.9144836651368636e-06,9.115324706535145e-05,5.809405066329515e-12,1.914483665136955e-06,9.115324706536053e-05,0.9999999999997988,2.89182805095069e-13,1.6213360679727214e-13,1.6257174336136613e-13,0.004936234486663505
Lang_L21.self_attn.k_proj,Base->Stage1,Lang,4.696833302791976e-05,1.9663314611037436e-09,2.3979202740553873e-05,0.0016112635399020848,1.5650949181374149e-09,2.7702954282884562e-05,0.0014375023275363065,1.6708312208002828e-12,1.0172749253711e-06,4.696826382071856e-05,936.7163473206928,0.0286301936642484,4.228031717264886e-14,0.028630193664248408,0.0009359469851925048
Lang_L21.self_attn.k_proj,Stage1->Stage2,Lang,0.0001161501536832734,1.1503666159571759e-08,7.364303737089628e-05,0.0038972419826079096,8.81594266992105e-09,7.210125583451815e-05,0.0034117218431873493,1.0217935237118564e-11,2.4986545894043547e-06,0.00011615042686971897,862.7910106432744,0.06794499898048331,4.239258863849504e-14,0.0679449989804833,0.002314549811431679
Lang_L21.self_attn.k_proj,Base->Stage2,Lang,0.00012433252896377987,1.2693772609570986e-08,7.821436175814434e-05,0.00409387515539075,9.631221132923012e-09,7.584763071170179e-05,0.0035659883052387375,1.1708245580620865e-11,2.6775218848933944e-06,0.00012433263819250408,822.6015645644056,0.07101534246672131,4.228218955476964e-14,0.07101534246672134,0.002477598163337338
Lang_L21.self_attn.v_proj,Base->Stage1,Lang,4.015474554694389e-05,1.4406120364543135e-09,1.9557807766454327e-05,0.0016040593332009355,1.1579548018633701e-09,2.3470263133054402e-05,0.0014381120094970766,9.027700780241894e-13,7.505241567619883e-07,4.0154616924103195e-05,1282.6685665055272,0.02462984738914547,4.0216939699483047e-14,0.024629847389145476,0.0006879763939752193
Lang_L21.self_attn.v_proj,Stage1->Stage2,Lang,0.00010460982260396806,8.320535034826176e-09,6.098293465868487e-05,0.0038549609827206073,6.611692780146904e-09,6.173324375791912e-05,0.003436376122253482,6.127045609267986e-12,1.954825881108005e-06,0.0001046092086090695,1079.0996512488537,0.05884882669451745,3.950796793392576e-14,0.058848826694517443,0.0017922992184319822
Lang_L21.self_attn.v_proj,Base->Stage2,Lang,0.00011123726982481799,9.159327644004097e-09,6.493078146396769e-05,0.00404460539982024,7.1942085715094505e-09,6.497333475205242e-05,0.003584560148991081,6.927938790290325e-12,2.0786000825400987e-06,0.00011123626061992633,1038.4341994464946,0.061385465821231965,4.021479483126134e-14,0.06138546582123198,0.0019058423787091457
Lang_L21.self_attn.o_proj,Base->Stage1,Lang,3.067277543522502e-05,1.1445410261443615e-09,1.6668995337719428e-05,0.0013748435901665447,5.696795344685876e-13,6.003503049951048e-07,3.067276447623627e-05,5.696795344693482e-13,6.003503049954795e-07,3.067276447625675e-05,0.999999999998665,2.874102990308023e-13,1.5963228032145947e-13,1.6013764820846315e-13,0.0015457713770616035
Lang_L21.self_attn.o_proj,Stage1->Stage2,Lang,7.990253957821092e-05,8.70229897680039e-09,6.220216536369921e-05,0.003790984116760431,3.865858413103837e-12,1.5646054099028008e-06,7.990205276057889e-05,3.865858413103914e-12,1.5646054099028844e-06,7.990205276057969e-05,0.9999999999999801,2.889800561290036e-13,1.602043212142076e-13,1.6049124643059862e-13,0.004026733838424809
Lang_L21.self_attn.o_proj,Base->Stage2,Lang,8.356004829352247e-05,9.339453671089263e-09,6.512781341144747e-05,0.003927314680219789,4.227872019300058e-12,1.6358615680644156e-06,8.355950933729389e-05,4.227872019303684e-12,1.6358615680649774e-06,8.355950933732972e-05,0.9999999999991424,2.8741119177298423e-13,1.596332376970643e-13,1.6013807804517595e-13,0.004211054561752142
Lang_L21.mlp.gate_proj,Base->Stage1,Lang,1.247976028070899e-05,1.2618209071821842e-09,1.694374584379423e-05,0.0013207015750137658,1.0299771731404367e-09,2.1503706319614437e-05,0.0011932175603249825,1.1266820954152807e-13,2.6539153443009975e-07,1.247976859860354e-05,9141.684041413653,0.15237302602510464,0.15237302602510458,5.070348931379507e-13,0.0015937488448612839
Lang_L21.mlp.gate_proj,Stage1->Stage2,Lang,3.4966663243693646e-05,9.400522031853796e-09,6.375257079441352e-05,0.003604800656959188,7.63709216878652e-09,6.607883054222222e-05,0.0032491464260170216,8.84497702936214e-13,7.437725675443717e-07,3.4966617467798846e-05,8634.383270226845,0.41490108506178447,0.4149010850617844,4.927510513052476e-13,0.004465473755617871
Lang_L21.mlp.gate_proj,Base->Stage2,Lang,3.646936075470585e-05,1.0142938022738919e-08,6.698623609879981e-05,0.003744442394040269,8.240677713101147e-09,6.898962484720763e-05,0.003375100680234583,9.621553703798832e-13,7.755077078959373e-07,3.646933731877595e-05,8564.809766480355,0.43098430936163,0.43098430936162996,5.070396178651529e-13,0.0046573812531836255
Lang_L21.mlp.up_proj,Base->Stage1,Lang,1.3317282924502953e-05,1.1784655140271743e-09,1.6232317006658394e-05,0.0012993770805462674,9.39067694425241e-10,2.066588069903085e-05,0.0011599124585102716,1.2378785548235094e-13,2.798306892505112e-07,1.3317287715484644e-05,7586.105202049715,0.14549161191550306,0.14549161191550303,5.320661560298368e-13,0.0016705451052068713
Lang_L21.mlp.up_proj,Stage1->Stage2,Lang,3.685732645811667e-05,8.57549318505345e-09,6.0172620078978445e-05,0.003505141247858795,6.732271695137252e-09,6.194726111682918e-05,0.0031056805897896793,9.481872968718478e-13,7.748396382420462e-07,3.68572591992789e-05,7100.149640632817,0.3895448606057754,0.3895448606057755,5.210800334624456e-13,0.004623450932431413
Lang_L21.mlp.up_proj,Base->Stage2,Lang,3.889406527701564e-05,9.258777526878699e-09,6.330319868427948e-05,0.0036421077909152217,7.248638564691204e-09,6.464109777382077e-05,0.003222583603967064,1.0558773261188583e-12,8.17705511229691e-07,3.889400829387514e-05,6865.038565924501,0.4042064662835449,0.4042064662835448,5.320658872952165e-13,0.00487894495735674
Lang_L21.mlp.down_proj,Base->Stage1,Lang,1.2839276392433021e-05,1.1333934502999886e-09,1.5969885455349107e-05,0.001308779727866884,9.033612583304016e-10,2.024856569310711e-05,0.001168441411942715,1.0907591932476366e-13,2.6263138484843273e-07,1.283927944062622e-05,8281.949525822702,0.14269963711332817,4.986096428598416e-13,0.14269963711332817,0.0015681356479624118
Lang_L21.mlp.down_proj,Stage1->Stage2,Lang,3.51224868750004e-05,8.138895785678594e-09,5.862900597221058e-05,0.003507181558956231,6.378518905398058e-09,6.02260859929616e-05,0.003104812860657077,8.162404206672158e-13,7.182153653628199e-07,3.5122429857505026e-05,7814.509970216978,0.3791790168481112,4.864936079745684e-13,0.3791790168481111,0.004289712983387497
Lang_L21.mlp.down_proj,Base->Stage2,Lang,3.697480347058479e-05,8.791837198817586e-09,6.16945079379592e-05,0.0036451493234398932,6.872805863734512e-09,6.287648497604942e-05,0.003222868185921252,9.046061469465841e-13,7.562340785069863e-07,3.697475222429248e-05,7597.567059358423,0.3935954843399388,4.986138023047545e-13,0.3935954843399386,0.004515948222192573
Lang_L22.self_attn.q_proj,Base->Stage1,Lang,3.370663948675023e-05,1.592316323611797e-09,2.0316380170134346e-05,0.0015024455719247257,8.01426723648673e-13,7.129862779788099e-07,3.37066804947365e-05,8.014267236501461e-13,7.129862779794505e-07,3.370668049476748e-05,0.9999999999981619,3.0042459860061783e-13,1.662073543432775e-13,1.6910454419289378e-13,0.0018334195681056484
Lang_L22.self_attn.q_proj,Stage1->Stage2,Lang,8.80874373058141e-05,1.0887331853729265e-08,7.097717039138314e-05,0.003928631834133951,5.473432945683299e-12,1.8601677394650518e-06,8.808673281754253e-05,5.473432945685202e-12,1.8601677394653628e-06,8.808673281755779e-05,0.9999999999996523,3.01111816633634e-13,1.6757467583552998e-13,1.679759242098181e-13,0.004791371588367908
Lang_L22.self_attn.q_proj,Base->Stage2,Lang,9.190099667763306e-05,1.1819348648246318e-08,7.471235496315891e-05,0.0040933357919787725,5.9576275707331424e-12,1.940878857707444e-06,9.190037349723158e-05,5.957627570735219e-12,1.9408788577078796e-06,9.190037349724759e-05,0.9999999999996514,3.004245014846255e-13,1.6620593753264906e-13,1.6910569538989976e-13,0.004998809973428179
Lang_L22.self_attn.k_proj,Base->Stage1,Lang,4.1245013991359844e-05,1.7210797541740995e-09,2.2485789442638904e-05,0.0015910769297972718,1.3946083909930445e-09,2.5990796540431843e-05,0.0014322433605493685,1.1565403023562523e-12,8.498406468008745e-07,4.1244977060976e-05,1205.8450433173573,0.0270287322690342,4.063065046164754e-14,0.027028732269034204,0.0007786913393904899
Lang_L22.self_attn.k_proj,Stage1->Stage2,Lang,0.00011730119607580721,1.1388204143475493e-08,7.426049878955787e-05,0.004092736548380431,9.076891473919924e-09,7.322300656904284e-05,0.0036538838632136994,9.3545633307886e-12,2.41215804238633e-06,0.00011729997720445038,970.3169622087247,0.06894797729622909,4.094149377445598e-14,0.06894797729622909,0.0022146072562810076
Lang_L22.self_attn.k_proj,Base->Stage2,Lang,0.0001241078027216495,1.2449242838226247e-08,7.84284570589655e-05,0.0042791512495817755,9.851793259315045e-09,7.669166484796195e-05,0.0038066575819432516,1.0471672088743281e-11,2.554236454941016e-06,0.00012410640199954172,940.8042169220915,0.0718288534309887,4.063341155339406e-14,0.07182885343098872,0.002343111609817816
Lang_L22.self_attn.v_proj,Base->Stage1,Lang,3.7288577681054176e-05,1.2164227017826936e-09,1.7310936135661592e-05,0.0013887534636019677,1.0055517029444599e-09,2.1240899208705224e-05,0.001262656153758355,8.769784171921636e-13,7.35486591230829e-07,3.728870915737156e-05,1146.6094070638037,0.022950675490825762,4.225989834831901e-14,0.022950675490825762,0.0006780776212151859
Lang_L22.self_attn.v_proj,Stage1->Stage2,Lang,9.455263864577638e-05,8.892368867033598e-09,6.303285646769297e-05,0.003754808607830268,7.190908499290023e-09,6.431168552283232e-05,0.003376532632853366,5.6387327637444756e-12,1.8694725360556005e-06,9.455180551682093e-05,1275.2703134870333,0.061376866392299,4.1910537046450654e-14,0.06137686639229901,0.0017193952201975157
Lang_L22.self_attn.v_proj,Base->Stage2,Lang,0.00010071312203822913,9.588042397594853e-09,6.617388117424738e-05,0.003898917474973529,7.707273918185702e-09,6.700233831141777e-05,0.003495662270767715,6.397486631868098e-12,1.993924020877191e-06,0.00010071258973007794,1204.7346656096317,0.06354049108730198,4.226238593904835e-14,0.06354049108730198,0.0018314271678799736
Lang_L22.self_attn.o_proj,Base->Stage1,Lang,2.8791821178601744e-05,1.1127265891333096e-09,1.6030957743028975e-05,0.0013225138959925644,5.273840251180733e-13,5.781070639006029e-07,2.87918450448618e-05,5.273840251173385e-13,5.78107063900205e-07,2.879184504484175e-05,1.0000000000013933,3.0293342345706225e-13,1.6676114412775246e-13,1.682826396353637e-13,0.0014872823962132254
Lang_L22.self_attn.o_proj,Stage1->Stage2,Lang,8.03261544619761e-05,8.665477772963731e-09,6.146784676507619e-05,0.0036906204709359486,4.104893839938903e-12,1.6113594035158508e-06,8.032562159468205e-05,4.104893839936809e-12,1.6113594035153138e-06,8.032562159466161e-05,1.00000000000051,2.9683029607571874e-13,1.6460238374325304e-13,1.651920244292699e-13,0.004149358101251606
Lang_L22.self_attn.o_proj,Base->Stage2,Lang,8.241203184242409e-05,9.304422455540242e-09,6.438623705888689e-05,0.003824263781252841,4.32085747528528e-12,1.6518348070299021e-06,8.241155345071957e-05,4.320857475290102e-12,1.6518348070306687e-06,8.241155345076553e-05,0.9999999999988841,3.0293494846436063e-13,1.6676011117946618e-13,1.6828635051521025e-13,0.004257110497983246
Lang_L22.mlp.gate_proj,Base->Stage1,Lang,1.2598829849663303e-05,1.2289748231976756e-09,1.6587140311396988e-05,0.0013176711170587634,1.0030590916355968e-09,2.1150347982688945e-05,0.0011904161022974558,1.1235418895580828e-13,2.6541997691399066e-07,1.2598828609544513e-05,8927.651927870042,0.15036855465000745,0.1503685546500075,4.998968907533734e-13,0.0015915263051009569
Lang_L22.mlp.gate_proj,Stage1->Stage2,Lang,3.5047407483849165e-05,9.383742956871091e-09,6.375156649596756e-05,0.0036410061025084293,7.627479070790026e-09,6.606490900245733e-05,0.0032826446144644354,8.694422269321506e-13,7.378930176639624e-07,3.5047231716018e-05,8772.841753619196,0.41463732408945647,0.4146373240894564,5.152043586502097e-13,0.0044273061143062535
Lang_L22.mlp.gate_proj,Base->Stage2,Lang,3.6405847053595046e-05,1.0107232268938055e-08,6.68984799524631e-05,0.003778761469947845,8.216037406250733e-09,6.889774459699192e-05,0.0034069405811839423,9.381475053737075e-13,7.664229324005787e-07,3.6405660889566314e-05,8757.724514737058,0.4303372750548787,0.43033727505487857,4.998982768463279e-13,0.004598908306303453
Lang_L22.mlp.up_proj,Base->Stage1,Lang,1.2488113792629953e-05,1.1693353857821578e-09,1.6045315531343444e-05,0.00128749733491767,9.340179786856852e-10,2.0520202929548816e-05,0.0011506795917100444,1.1001210742928006e-13,2.636846570342254e-07,1.2488119179493238e-05,8490.138044906624,0.14510088606551094,0.14510088606551094,5.566763217453868e-13,0.0015748508483456273
Lang_L22.mlp.up_proj,Stage1->Stage2,Lang,3.4732538154372016e-05,8.534435266179148e-09,5.986120773791065e-05,0.0034782626980668636,6.747384902788895e-09,6.192142950161108e-05,0.0030927351302921934,8.509802046476626e-13,7.333689470545988e-07,3.473239358984234e-05,7928.956356373252,0.38998267519795976,0.38998267519795976,5.322884471823133e-13,0.004380048459774789
Lang_L22.mlp.up_proj,Base->Stage2,Lang,3.593782959677965e-05,9.204797292592611e-09,6.292772189822661e-05,0.0036122857629971835,7.2574021709856326e-09,6.457593088739879e-05,0.003207491987257444,9.11067342849782e-13,7.587959020973933e-07,3.593769551766101e-05,7965.8240721095,0.4044530112028676,0.4044530112028676,5.566786206751957e-13,0.004532047222510499
Lang_L22.mlp.down_proj,Base->Stage1,Lang,1.315364614214466e-05,1.1206487840547717e-09,1.5760835032716623e-05,0.0012939449797294365,8.936948718480321e-10,2.0059555208649152e-05,0.0011555152480962859,1.1580580110017974e-13,2.700893884484442e-07,1.3153647689311825e-05,7717.185696724523,0.14193344974959002,5.006069852645609e-13,0.14193344974959005,0.0016157878726584356
Lang_L22.mlp.down_proj,Stage1->Stage2,Lang,3.6213960751630535e-05,8.16493825970431e-09,5.8630669659247914e-05,0.003492658964756059,6.429312303639118e-09,6.041722008210173e-05,0.003099288395790963,8.777886428691797e-13,7.437408743352403e-07,3.62138507928632e-05,7324.442342548402,0.380684574810387,4.971387417121054e-13,0.3806845748103871,0.004448505843053559
Lang_L22.mlp.down_proj,Base->Stage2,Lang,3.7543565846566966e-05,8.806069147775272e-09,6.164003979470507e-05,0.0036271939200786508,6.914889346946069e-09,6.301648928498921e-05,0.003214195928124326,9.43428614994913e-13,7.700144411323789e-07,3.7543456266636014e-05,7329.531071074576,0.394798251071209,5.006107423108196e-13,0.39479825107120897,0.004611834447704463
Lang_L23.self_attn.q_proj,Base->Stage1,Lang,3.145423774797323e-05,1.4942425783986136e-09,1.9517938804662627e-05,0.0014253850210009871,7.276361681212081e-13,6.794631852515923e-07,3.145420956197806e-05,7.27636168120524e-13,6.794631852513527e-07,3.145420956196327e-05,1.0000000000009401,3.057350252757953e-13,1.7130627915454588e-13,1.7022110479085566e-13,0.0017469766141802205
Lang_L23.self_attn.q_proj,Stage1->Stage2,Lang,8.023974281348252e-05,9.818734899263502e-09,6.625861040441411e-05,0.0036538315536254018,4.7351722547478434e-12,1.7319254106703355e-06,8.023957982676599e-05,4.735172254753508e-12,1.7319254106712994e-06,8.023957982681398e-05,0.9999999999988038,3.058054699576927e-13,1.7034851674629502e-13,1.7184246114720282e-13,0.004456540354221158
Lang_L23.self_attn.q_proj,Base->Stage2,Lang,8.378017475266365e-05,1.0687770081078644e-08,6.992368304874208e-05,0.003812100187299134,5.162243328983803e-12,1.80709698302927e-06,8.377992949956174e-05,5.162243328987007e-12,1.8070969830297876e-06,8.377992949958773e-05,0.9999999999993793,3.057341565986553e-13,1.7130800630264738e-13,1.7022306999501808e-13,0.004653172879202269
Lang_L23.self_attn.k_proj,Base->Stage1,Lang,3.850252309915836e-05,1.7535041842605309e-09,2.0980982380791602e-05,0.0013859077547292206,1.4252402082466966e-09,2.515839343848686e-05,0.0012494674724008701,1.353353790295439e-12,9.083224485508508e-07,3.850229288622108e-05,1053.117239901892,0.02732250099599201,4.969940062592939e-14,0.027322500995992014,0.0008423462186099106
Lang_L23.self_attn.k_proj,Stage1->Stage2,Lang,9.716938266627721e-05,9.888483534011239e-09,6.489095604145234e-05,0.0032911550335648653,7.977862410542046e-09,6.690744115704487e-05,0.002956152023354637,8.619797117976767e-12,2.2897083529335846e-06,9.716995808386191e-05,925.5278635159576,0.06463775243039713,5.0597937049148564e-14,0.06463775243039711,0.0021258542262793567
Lang_L23.self_attn.k_proj,Base->Stage2,Lang,0.0001053526780575286,1.0980794788178871e-08,6.931040352675666e-05,0.003468170030647192,8.77179287888094e-09,7.063471973834987e-05,0.003099757201167255,1.0132675232093688e-11,2.4839058117673103e-06,0.00010535267200995567,865.6936769371268,0.0677749329290762,4.969639687508099e-14,0.06777493292907619,0.0023048731054190236
Lang_L23.self_attn.v_proj,Base->Stage1,Lang,4.9143461716050464e-05,1.573144428974643e-09,2.080684193028759e-05,0.0017403688146754085,1.2713258553822381e-09,2.462707479897911e-05,0.0015645355437460043,1.2543341519207048e-12,8.769741410210292e-07,4.9143220972136206e-05,1013.5463930687964,0.025804748966889137,3.81898029646356e-14,0.025804748966889137,0.0008109453396143309
Lang_L23.self_attn.v_proj,Stage1->Stage2,Lang,0.00011097242851834624,8.391329273330156e-09,6.172193129971859e-05,0.004019488479516221,6.816320917801859e-09,6.267249163589615e-05,0.0036226837358716013,6.3961139422696564e-12,1.9900122718713866e-06,0.0001109720228507512,1065.6972310570022,0.05975248420496915,3.709394924138536e-14,0.059752484204969154,0.0018312306754105757
Lang_L23.self_attn.v_proj,Base->Stage2,Lang,0.00011552775182088218,9.390048312445456e-09,6.628121278628996e-05,0.004251961466937632,7.528030845581812e-09,6.642360417999862e-05,0.0038071159302820044,6.931933700611415e-12,2.0695611625083913e-06,0.00011552676355598266,1085.9929091528702,0.06279513679314037,3.8189378028028024e-14,0.06279513679314037,0.0019063917897499867
Lang_L23.self_attn.o_proj,Base->Stage1,Lang,3.174910159127763e-05,1.153951522925848e-09,1.6909497665436053e-05,0.0014476998624886452,5.549995095860528e-13,5.934764518675519e-07,3.1749073079950136e-05,5.54999509586456e-13,5.934764518678835e-07,3.174907307996166e-05,0.9999999999992736,2.695792957795778e-13,1.502352823438362e-13,1.5043280222397814e-13,0.001525724963109836
Lang_L23.self_attn.o_proj,Stage1->Stage2,Lang,7.990862056480519e-05,7.790340977305847e-09,5.854470811464396e-05,0.0037614995815532432,3.5157482208946934e-12,1.494446457221281e-06,7.990825875629857e-05,3.5157482208927603e-12,1.4944464572207233e-06,7.99082587562766e-05,1.0000000000005498,2.801121140909476e-13,1.53933562293028e-13,1.5593029752036594e-13,0.003840067294447247
Lang_L23.self_attn.o_proj,Base->Stage2,Lang,8.358508387278332e-05,8.451697140492896e-09,6.172342412359309e-05,0.003917912634770559,3.846690841958548e-12,1.5626822691331058e-06,8.358463035740227e-05,3.846690841955711e-12,1.562682269132571e-06,8.358463035737142e-05,1.0000000000007374,2.695772139095336e-13,1.5023335944408125e-13,1.5043207684805274e-13,0.004016738824616085
Lang_L23.mlp.gate_proj,Base->Stage1,Lang,1.2148086920871975e-05,1.1225552236545353e-09,1.569226545410331e-05,0.0012948065678787379,9.131576776195769e-10,2.0126615815216807e-05,0.0011678146620579665,9.881301569044747e-14,2.48976472480436e-07,1.2148093139965898e-05,9241.269191502415,0.14347208703454847,0.14347208703454858,4.968790668652664e-13,0.001492540977636284
Lang_L23.mlp.gate_proj,Stage1->Stage2,Lang,3.581682868086804e-05,9.215332329440266e-09,6.351497249593761e-05,0.0037098359140824333,7.465845782784247e-09,6.550211309876776e-05,0.003339171367296249,8.589585104582635e-13,7.340671537139115e-07,3.581667728607098e-05,8691.742024653948,0.4102187315697563,0.41021873156975625,5.033208516092944e-13,0.004400532979065045
Lang_L23.mlp.gate_proj,Base->Stage2,Lang,3.682938163894441e-05,9.87399062927618e-09,6.63954787832932e-05,0.00384012671908072,7.997896135789461e-09,6.809109610677247e-05,0.0034561062097119735,9.082119810234393e-13,7.547714271600832e-07,3.68292448185796e-05,8806.199767125787,0.42458453134987667,0.4245845313498767,4.96883106461407e-13,0.004524939740327278
Lang_L23.mlp.up_proj,Base->Stage1,Lang,1.1615149556087009e-05,1.0322118050376377e-09,1.4733739989064673e-05,0.0011987056985720654,8.294957909307974e-10,1.913214316250295e-05,0.0010745713379551438,9.691560952175238e-14,2.4739768735415933e-07,1.1615155406099966e-05,8558.949327400349,0.13674138146965442,0.13674138146965445,5.472317004862199e-13,0.001478141642959984
Lang_L23.mlp.up_proj,Stage1->Stage2,Lang,3.434732403069038e-05,8.314492257567478e-09,5.8806477035311276e-05,0.0034020756082798636,6.629945020580116e-09,6.124314346732843e-05,0.0030379530521905834,8.474800746797142e-13,7.312033172064089e-07,3.434716075245504e-05,7823.127904317695,0.3865748602828598,0.3865748602828597,5.465304426297696e-13,0.004371031484206915
Lang_L23.mlp.up_proj,Base->Stage2,Lang,3.566989054338594e-05,8.9079292542092e-09,6.15576392908397e-05,0.0035213928186985915,7.087364784819467e-09,6.365125193045172e-05,0.003141003987809461,9.14003108049462e-13,7.595227189931761e-07,3.566973894319435e-05,7754.202061680438,0.39968749854427477,0.3996874985442746,5.47241284007688e-13,0.004539343239397152
Lang_L23.mlp.down_proj,Base->Stage1,Lang,1.1643776500270294e-05,9.760631231996379e-10,1.4335672905626942e-05,0.0012008007821533598,7.830556052582484e-10,1.856538810427214e-05,0.0010755443197603895,9.177491216622047e-14,2.405814936413259e-07,1.164378019365975e-05,8532.349274712433,0.13285848110057372,5.006811875593755e-13,0.13285848110057372,0.0014384049712933922
Lang_L23.mlp.down_proj,Stage1->Stage2,Lang,3.516729016209833e-05,7.962271508633816e-09,5.7603167997517526e-05,0.0034296390750060864,6.3286954926133546e-09,5.978998685589917e-05,0.0030576447596659074,8.37170256839261e-13,7.270483687447394e-07,3.516712153873505e-05,7559.627735112526,0.37769499947175394,4.937346636716767e-13,0.3776949994717541,0.004344362754600836
Lang_L23.mlp.down_proj,Base->Stage2,Lang,3.681178613048655e-05,8.517862369198313e-09,6.024949796886114e-05,0.0035472780903483985,6.7569533305617525e-09,6.210104664206911e-05,0.0031594056241312767,9.172971339953784e-13,7.612000144566872e-07,3.6811621298553475e-05,7366.155502014024,0.39026400905938013,5.006855366958559e-13,0.3902640090593802,0.0045475156768164365
Lang_L24.self_attn.q_proj,Base->Stage1,Lang,2.766924227936043e-05,1.0915797857698601e-09,1.558665525686889e-05,0.0012334098787711446,5.493323261259786e-13,5.900923451233235e-07,2.766924178107068e-05,5.493323261265102e-13,5.900923451236044e-07,2.7669241781084068e-05,0.9999999999990322,3.0550915094430865e-13,1.7043437204397654e-13,1.7060616337014917e-13,0.001517915271944296
Lang_L24.self_attn.q_proj,Stage1->Stage2,Lang,7.999054696951758e-05,9.413119884728414e-09,6.411772864853976e-05,0.0036219632585075554,4.591112899681314e-12,1.7067417709514353e-06,7.99900985495294e-05,4.5911128996852875e-12,1.7067417709521612e-06,7.999009854956407e-05,0.9999999999991345,3.009491560221446e-13,1.680874973203924e-13,1.6761987763951412e-13,0.004388225518316217
Lang_L24.self_attn.q_proj,Base->Stage2,Lang,8.330728308278114e-05,1.0092961455823442e-08,6.701982799160863e-05,0.0037504774010345705,4.979738827979661e-12,1.7774522537413265e-06,8.330681456915152e-05,4.979738827979696e-12,1.7774522537413449e-06,8.330681456915181e-05,0.999999999999993,3.0550785226501757e-13,1.7043623264235914e-13,1.7060331317926045e-13,0.004570179261817918
Lang_L24.self_attn.k_proj,Base->Stage1,Lang,3.038387375177675e-05,1.1283474715443973e-09,1.6009192382815396e-05,0.0012054100773704448,9.423260864966973e-10,2.0085942976289265e-05,0.0011015748064137694,7.169009580302484e-13,6.705032521004523e-07,3.0383861536157025e-05,1314.443893457508,0.022218718258193743,4.2362927874169136e-14,0.022218718258193746,0.0006130763161986954
Lang_L24.self_attn.k_proj,Stage1->Stage2,Lang,9.260312987166992e-05,8.731896662513407e-09,6.078046997926023e-05,0.003353230436706749,7.273218647912857e-09,6.355348722201004e-05,0.003060359370343862,6.659238284744108e-12,2.0244047595842614e-06,9.260221682714697e-05,1092.199788761928,0.061723366414753573,4.364954774099898e-14,0.06172336641475357,0.0018685177874004624
Lang_L24.self_attn.k_proj,Base->Stage2,Lang,0.00010006809669001543,9.412490059423855e-09,6.386386132900546e-05,0.003481459690128684,7.779023968510087e-09,6.622949158350084e-05,0.0031649850331344916,7.776141488711001e-12,2.1872390590500816e-06,0.000100067069811594,1000.3706825297959,0.06383075936935981,4.236367902106258e-14,0.06383075936935981,0.0020191428054581262
Lang_L24.self_attn.v_proj,Base->Stage1,Lang,3.3219030166054796e-05,1.004609178379877e-09,1.5032808492687622e-05,0.0012491920646164267,8.459688787956558e-10,1.9023898643966184e-05,0.0011463251987020768,7.104171933501065e-13,6.670769665244944e-07,3.3219062956569016e-05,1190.8057500781053,0.021051313941449646,4.238931094924632e-14,0.02105131394144965,0.0006102976400635517
Lang_L24.self_attn.v_proj,Stage1->Stage2,Lang,8.043634898436914e-05,7.1768365675354146e-09,5.445316427857283e-05,0.003338807913047556,5.984883989531912e-09,5.74685699286058e-05,0.0030489673527310085,4.165272389914415e-12,1.6148010992809556e-06,8.043528586903489e-05,1436.8529664526657,0.055996753257397607,4.2541766881406146e-14,0.055996753257397607,0.0014777693767173037
Lang_L24.self_attn.v_proj,Base->Stage2,Lang,8.891262313676566e-05,7.74209211496578e-09,5.7262118327933154e-05,0.0034678002452732137,6.417875526679746e-09,5.997493143990741e-05,0.0031573341774288177,5.089397965934215e-12,1.785499045636936e-06,8.891153575642097e-05,1261.0284300103212,0.05798412581137701,4.238883568560216e-14,0.057984125811377026,0.0016334963363178136
Lang_L24.self_attn.o_proj,Base->Stage1,Lang,2.910723091363647e-05,1.046957102679766e-09,1.547784282773801e-05,0.001306909802629772,5.193243436342019e-13,5.7413921676213e-07,2.9107205503661252e-05,5.193243436340141e-13,5.741392167620388e-07,2.9107205503655974e-05,1.0000000000003617,3.0760878171883904e-13,1.6905681306715526e-13,1.699912694399755e-13,0.0014758740365632557
Lang_L24.self_attn.o_proj,Stage1->Stage2,Lang,7.720758045963459e-05,7.60998057305622e-09,5.6911799222521264e-05,0.0035234702118330154,3.653907442836356e-12,1.524264706165935e-06,7.720716419715629e-05,3.6539074428372664e-12,1.5242647061661085e-06,7.720716419716592e-05,0.9999999999997509,2.9988838076714036e-13,1.6489467922924595e-13,1.6676900733974229e-13,0.003914792280967423
Lang_L24.self_attn.o_proj,Base->Stage2,Lang,7.992365665351e-05,8.211313891704982e-09,5.9880671295801935e-05,0.003660034315455579,3.915503254362596e-12,1.577275648997063e-06,7.992315597611749e-05,3.915503254364893e-12,1.5772756489975525e-06,7.992315597614098e-05,0.9999999999994132,3.0760885067205267e-13,1.6905807194979367e-13,1.6999026601792409e-13,0.004052506750370158
Lang_L24.mlp.gate_proj,Base->Stage1,Lang,1.1595765521742242e-05,1.019424772816692e-09,1.4624566409428953e-05,0.0012323383051174753,8.296185050494006e-10,1.900524324683537e-05,0.0011117101524312247,9.02597726955811e-14,2.3781839963352772e-07,1.1595766838094761e-05,9191.45351548195,0.13675193760816698,0.13675193760816698,4.901016107692719e-13,0.0014264820277178037
Lang_L24.mlp.gate_proj,Stage1->Stage2,Lang,3.479845788769848e-05,8.952536036680534e-09,6.230623560187076e-05,0.003651940032309181,7.2753268446795095e-09,6.453923994272088e-05,0.0032921290645701335,8.128591221144068e-13,7.139790915949873e-07,3.4798317032993595e-05,8950.292426755266,0.4049493464123841,0.40494934641238417,4.836720758399495e-13,0.00428081863512694
Lang_L24.mlp.gate_proj,Base->Stage2,Lang,3.577152224486479e-05,9.543934108106618e-09,6.49430072373898e-05,0.0037706334392586904,7.754001567154694e-09,6.690665309025742e-05,0.0033987055504326874,8.589546385004533e-13,7.3380333641089e-07,3.577138151225938e-05,9027.253849739356,0.4180592177884198,0.41805921778841976,4.901037013278034e-13,0.004400523060834413
Lang_L24.mlp.up_proj,Base->Stage1,Lang,1.1484806949626166e-05,9.533250018541412e-10,1.3913604740626828e-05,0.0011582560858678455,7.664971939632193e-10,1.8259912442299183e-05,0.0010385786342144883,9.373019821197123e-14,2.4336867876862344e-07,1.1484811381702628e-05,8177.697354589849,0.13144584049807997,0.13144584049808009,5.344601407739905e-13,0.0014536469932163018
Lang_L24.mlp.up_proj,Stage1->Stage2,Lang,3.370067621779334e-05,8.1071050608824e-09,5.7858745184601085e-05,0.00337765877472581,6.4665448243175605e-09,6.041251643379112e-05,0.003016608974843253,8.070659629575288e-13,7.141703876187709e-07,3.3700581027952096e-05,8012.411774398986,0.3817780407998113,0.38177804079981126,5.447468480468068e-13,0.004265536892613209
Lang_L24.mlp.up_proj,Base->Stage2,Lang,3.450894298635221e-05,8.645928156787445e-09,6.040384519701539e-05,0.003488098045704187,6.883287420244957e-09,6.264682825838468e-05,0.0031122955004169723,8.462437038832639e-13,7.313118987013794e-07,3.450885883071245e-05,8133.930437129114,0.39388830780368506,0.39388830780368494,5.344645522699407e-13,0.004367841917689632
Lang_L24.mlp.down_proj,Base->Stage1,Lang,1.1863193153562531e-05,9.187110354713708e-10,1.3724184495427902e-05,0.0011705497423272167,7.393079625023637e-10,1.791817617268296e-05,0.0010500575429549608,9.436321626086573e-14,2.440609973716175e-07,1.1863197880750393e-05,7834.705002620489,0.12909309621782594,5.221287375456178e-13,0.129093096217826,0.0014585474222184225
Lang_L24.mlp.down_proj,Stage1->Stage2,Lang,3.52965346736724e-05,7.920110369044967e-09,5.7405430368250196e-05,0.003436881339336351,6.309341538046334e-09,5.967861402909017e-05,0.00306754498233958,8.353400900126035e-13,7.263361013254763e-07,3.529641391101488e-05,7553.021354393681,0.3771148491136293,5.059828039165546e-13,0.3771148491136293,0.004339611475678283
Lang_L24.mlp.down_proj,Base->Stage2,Lang,3.652883093356339e-05,8.441476999853734e-09,5.9904580093774205e-05,0.003548200412202669,6.71461499284912e-09,6.187746603334401e-05,0.003164531909123873,8.946868999352377e-13,7.513812050028691e-07,3.652872051046121e-05,7504.988609238786,0.3890375266476206,5.221266055875613e-13,0.38903752664762076,0.004491120687747063
Lang_L25.self_attn.q_proj,Base->Stage1,Lang,2.558902121376462e-05,9.289509369137741e-10,1.4449768243118138e-05,0.001184593602883093,4.334727909778869e-13,5.246943381029378e-07,2.558903542333819e-05,4.334727909789731e-13,5.246943381035659e-07,2.558903542337026e-05,0.9999999999974942,2.695875996814335e-13,1.5117008793441995e-13,1.527673640174422e-13,0.001348375563815316
Lang_L25.self_attn.q_proj,Stage1->Stage2,Lang,7.65701934638753e-05,8.32864596801923e-09,6.087189490646544e-05,0.0035469738971837038,3.881266822283313e-12,1.5679002784728072e-06,7.656980508502884e-05,3.881266822286029e-12,1.5679002784733131e-06,7.656980508505567e-05,0.9999999999993002,2.7615574387827345e-13,1.5436323925069282e-13,1.5568234182796672e-13,0.004034750668601665
Lang_L25.self_attn.q_proj,Base->Stage2,Lang,7.900137172325092e-05,8.883146561256559e-09,6.340082247302883e-05,0.0036631458055031477,4.131652218332598e-12,1.6174327999949825e-06,7.900101488223463e-05,4.131652218333565e-12,1.6174327999951805e-06,7.900101488224385e-05,0.999999999999766,2.6958907302609163e-13,1.5116985595795674e-13,1.5276761157307046e-13,0.004162860245788383
Lang_L25.self_attn.k_proj,Base->Stage1,Lang,3.553002137918233e-05,9.73934185577742e-10,1.5700898233106386e-05,0.0013801180711300483,8.056684290990469e-10,1.8854173850499917e-05,0.001255248208902018,6.454958384722741e-13,6.358034968509512e-07,3.553024161748648e-05,1248.138843165683,0.02054399722664465,3.3861236130244626e-14,0.020543997226644656,0.000581743691122604
Lang_L25.self_attn.k_proj,Stage1->Stage2,Lang,0.00010147061211415747,7.801645873717389e-09,6.0219787941573344e-05,0.0039060595921594317,6.465055664427635e-09,6.088868518342263e-05,0.003555755433720297,5.264749178263852e-12,1.8031546297802431e-06,0.00010146928282895134,1227.9893012034445,0.05819576527733296,3.6115920491332515e-14,0.05819576527733296,0.0016613984522605043
Lang_L25.self_attn.k_proj,Base->Stage2,Lang,0.00010650905314217659,8.3012343243001e-09,6.250450550338016e-05,0.004029183851545981,6.852454722062048e-09,6.290036229250043e-05,0.0036607395846092903,5.80063524134495e-12,1.897836340869463e-06,0.00010650831805658803,1181.328326459848,0.05991267704379589,3.386086523476826e-14,0.05991267704379588,0.0017439046560561331
Lang_L25.self_attn.v_proj,Base->Stage1,Lang,3.057248393588332e-05,9.646091257097584e-10,1.4477185552586036e-05,0.001200837478699562,8.20043622894548e-10,1.8376660244567327e-05,0.0011072024259393591,6.252383991026041e-13,6.25591980283647e-07,3.057252945308949e-05,1311.5695134392658,0.020727036566273338,4.3586274772019364e-14,0.020727036566273335,0.000572542565918645
Lang_L25.self_attn.v_proj,Stage1->Stage2,Lang,8.22723477032234e-05,6.90381509661506e-09,5.2841116727986304e-05,0.003212546342558243,5.8608155755135e-09,5.622429435360575e-05,0.0029599464455271215,4.5278359056967435e-12,1.6845526594406558e-06,8.227164201176992e-05,1294.3966383895793,0.0554107798191008,4.30872527260496e-14,0.05541077981910079,0.0015407433372648198
Lang_L25.self_attn.v_proj,Base->Stage2,Lang,8.531353596280056e-05,7.478364582165486e-09,5.577221254915443e-05,0.0033435524675935434,6.3159683964415906e-09,5.887647723371166e-05,0.003072732824453151,4.8687791619483635e-12,1.7469809875839804e-06,8.531293120186375e-05,1297.2386272525243,0.057522151956597156,4.358809424927483e-14,0.05752215195659716,0.0015976991235084228
Lang_L25.self_attn.o_proj,Base->Stage1,Lang,3.0670969643234564e-05,1.2319396103485269e-09,1.6992794380872486e-05,0.0013787276100500879,6.096587023044117e-13,6.225073815176555e-07,3.06709446178059e-05,6.096587023041292e-13,6.225073815175805e-07,3.06709446177988e-05,1.0000000000004634,2.972289984807399e-13,1.6435100202233957e-13,1.6625782321267423e-13,0.0015990915964099797
Lang_L25.self_attn.o_proj,Stage1->Stage2,Lang,7.274104587464475e-05,7.3637611581403876e-09,5.54888518223982e-05,0.003370797206856103,3.4291900576544857e-12,1.4752824931561984e-06,7.274088095234316e-05,3.4291900576564584e-12,1.4752824931565933e-06,7.274088095236409e-05,0.9999999999994248,2.96030626511117e-13,1.6339664482895595e-13,1.6577065139866968e-13,0.0037925012294775483
Lang_L25.self_attn.o_proj,Base->Stage2,Lang,7.553921437971527e-05,8.144874753465592e-09,5.9337582758917096e-05,0.0035450713762826,3.698083326440894e-12,1.5310083504185385e-06,7.553898147855995e-05,3.698083326442802e-12,1.5310083504189633e-06,7.553898147857946e-05,0.9999999999994841,2.972351362519362e-13,1.6435352299946174e-13,1.6626082193720335e-13,0.003938386178174044
Lang_L25.mlp.gate_proj,Base->Stage1,Lang,1.111234158057097e-05,9.655529930316872e-10,1.4019978219863122e-05,0.001186460105786565,7.863650690867138e-10,1.837304218225506e-05,0.0010707231420991287,8.469945648882423e-14,2.3004979232671904e-07,1.1112336763206283e-05,9284.180816325212,0.13313937370864454,0.13313937370864454,4.879849369292018e-13,0.001381845531047281
Lang_L25.mlp.gate_proj,Stage1->Stage2,Lang,3.567321395652505e-05,8.953368997098577e-09,6.21848339640402e-05,0.0036129169155822986,7.2515289288146966e-09,6.440874774746904e-05,0.0032514683026995963,8.728795360838992e-13,7.383660426873786e-07,3.56731852108197e-05,8307.594151362597,0.40428175772261477,0.40428175772261477,5.023736845193614e-13,0.004436049080794452
Lang_L25.mlp.gate_proj,Base->Stage2,Lang,3.630620174235234e-05,9.522542616270744e-09,6.469254045311782e-05,0.0037259857974207833,7.71101940514829e-09,6.667268886665887e-05,0.003352900230612335,9.04130440295181e-13,7.514179696725391e-07,3.63061567473006e-05,8528.658102287533,0.41689468987953127,0.4168946898795313,4.879878031054042e-13,0.004514760661663421
Lang_L25.mlp.up_proj,Base->Stage1,Lang,1.0989031823255063e-05,9.191032100996837e-10,1.3421754906034501e-05,0.0011260313049645655,7.402967329712505e-10,1.7793889557615486e-05,0.001010581257619872,8.753513213127899e-14,2.3512475480099487e-07,1.098903404615922e-05,8457.13846482811,0.1291799354625257,0.12917993546252574,5.363153998679684e-13,0.00140478668567804
Lang_L25.mlp.up_proj,Stage1->Stage2,Lang,3.337681866740313e-05,8.030263234888411e-09,5.730618602513734e-05,0.003328371781502959,6.421207782936529e-09,6.00667000056956e-05,0.002976290390254933,8.075198976213337e-13,7.142215875206782e-07,3.337671240404768e-05,7951.764163150806,0.38043654959439194,0.3804365495943917,5.276737854696034e-13,0.004266736300688857
Lang_L25.mlp.up_proj,Base->Stage2,Lang,3.4538020236056144e-05,8.56123418085261e-09,5.978426881020087e-05,0.003436648610495425,6.835141783075006e-09,6.226529092627843e-05,0.003070723440800178,8.64685962801067e-13,7.390551515059369e-07,3.4537917262158215e-05,7904.767831471697,0.3925069938216138,0.3925069938216139,5.363134291722988e-13,0.004415179768117831
Lang_L25.mlp.down_proj,Base->Stage1,Lang,1.1486427142868308e-05,9.123488516855312e-10,1.3606713498657753e-05,0.0011557940106543172,7.329673066376097e-10,1.7806576013354282e-05,0.0010359583055329984,9.010938557248505e-14,2.3862037935981017e-07,1.1486427848423035e-05,8134.194922991703,0.1285386384502527,4.997408796873871e-13,0.12853863845025265,0.0014252931594412996
Lang_L25.mlp.down_proj,Stage1->Stage2,Lang,3.266736022187686e-05,7.787116527359483e-09,5.6649918444941085e-05,0.003376655104336666,6.19144406400274e-09,5.90241445762978e-05,0.0030108862168931045,7.288331765650587e-13,6.783877421504508e-07,3.2667239270341723e-05,8495.008546650683,0.3735773868293332,5.09311250669358e-13,0.37357738682933317,0.004053528710200838
Lang_L25.mlp.down_proj,Base->Stage2,Lang,3.409535988503039e-05,8.306980630088665e-09,5.91575016721887e-05,0.0034875461691855807,6.592988573652306e-09,6.122600483626565e-05,0.003106987659300781,7.939454454462358e-13,7.081377174882772e-07,3.409523574064944e-05,8304.082618607034,0.38550030421606835,4.997415931183471e-13,0.38550030421606857,0.004230722278428473
Lang_L26.self_attn.q_proj,Base->Stage1,Lang,3.6073242780876415e-05,1.6578941317077964e-09,2.0220540964175845e-05,0.001556106440562079,8.909372723848361e-13,7.501976375041197e-07,3.6073183174198044e-05,8.909372723854413e-13,7.501976375042899e-07,3.607318317421031e-05,0.9999999999993207,2.8618589919370855e-13,1.6078500691905725e-13,1.613140974360777e-13,0.0019330964190426066
Lang_L26.self_attn.q_proj,Stage1->Stage2,Lang,8.218500393478728e-05,9.511573531853649e-09,6.470520816757083e-05,0.0037272367557043837,4.6244847800798915e-12,1.7122519859234812e-06,8.218498355442322e-05,4.624484780082989e-12,1.7122519859240516e-06,8.218498355445077e-05,0.9999999999993301,2.890797591220749e-13,1.61765131154402e-13,1.6218865674159686e-13,0.004404145207760661
Lang_L26.self_attn.q_proj,Base->Stage2,Lang,8.403935790887476e-05,1.051898129897665e-08,6.891996148161803e-05,0.003919653139616694,4.835509154276792e-12,1.7513187457444638e-06,8.403919820381444e-05,4.835509154279665e-12,1.7513187457450347e-06,8.403919820383937e-05,0.9999999999994059,2.861854920653285e-13,1.6078443537682137e-13,1.613145197372225e-13,0.004503509230348242
Lang_L26.self_attn.k_proj,Base->Stage1,Lang,4.576291490601811e-05,1.864500040516979e-09,2.2242563139929228e-05,0.001644657432548562,1.5060548844068122e-09,2.597252965537216e-05,0.0014781368800775366,1.4435587040867606e-12,9.441142766063343e-07,4.576268297204583e-05,1043.2931339356846,0.028086514357370567,3.965853735429397e-14,0.02808651435737057,0.000869965807286838
Lang_L26.self_attn.k_proj,Stage1->Stage2,Lang,8.768691570177242e-05,9.40835099742943e-09,6.445796813855931e-05,0.003694468365305017,7.725120038010562e-09,6.598883704156022e-05,0.0033477098859007012,5.30006361097319e-12,1.824744926723494e-06,8.76871061121793e-05,1457.552324846925,0.06361615788067197,4.0156886543324675e-14,0.06361615788067197,0.001666961232443608
Lang_L26.self_attn.k_proj,Base->Stage2,Lang,9.789163360825771e-05,1.0649940216744889e-08,6.96188631072181e-05,0.003930689887931495,8.637220856751377e-09,7.030534674938884e-05,0.0035398283972613745,6.605386628739991e-12,2.033681696710623e-06,9.789135004608034e-05,1307.6026192275997,0.06726424787648813,3.9659938386341104e-14,0.0672642478764881,0.00186094732456586
Lang_L26.self_attn.v_proj,Base->Stage1,Lang,3.1113986247586716e-05,1.0947677984712272e-09,1.528732155645085e-05,0.001162187720704465,9.186693777501184e-10,1.9505458053315686e-05,0.001064620673436669,7.846565162734654e-13,7.009711458406158e-07,3.111394417065791e-05,1170.7917524385248,0.021937077895817354,4.6881272712175695e-14,0.02193707789581736,0.0006413937913668813
Lang_L26.self_attn.v_proj,Stage1->Stage2,Lang,8.701229036429165e-05,7.981627087093814e-09,5.664387902107326e-05,0.003138062198284894,6.657037460182757e-09,6.0182612466622524e-05,0.002865868976488807,6.136640054540151e-12,1.958628279965439e-06,8.701240167158197e-05,1084.8016831714926,0.05905052104704498,4.8248714267170396e-14,0.05905052104704496,0.0017937019654654855
Lang_L26.self_attn.v_proj,Base->Stage2,Lang,8.859646738414798e-05,8.583884146715446e-09,5.945671218543502e-05,0.0032543012613554544,7.109847521329268e-09,6.269590219830971e-05,0.0029617334766392205,6.362108715518508e-12,1.9954376606563927e-06,8.859646090466535e-05,1117.5300264811365,0.06102659355723759,4.6878922355529465e-14,0.061026593557237586,0.0018263562780141689
Lang_L26.self_attn.o_proj,Base->Stage1,Lang,2.5609314702668606e-05,9.024663013284113e-10,1.3893252835410659e-05,0.001158218614215732,4.412097482091666e-13,5.291726891774412e-07,2.560929323661399e-05,4.4120974820999726e-13,5.291726891779163e-07,2.560929323663809e-05,0.9999999999981173,3.0386691211319717e-13,1.6905387209101226e-13,1.68686810032573e-13,0.0013603557666126106
Lang_L26.self_attn.o_proj,Stage1->Stage2,Lang,7.281584168174444e-05,7.582986387172066e-09,5.614080796491252e-05,0.0033573330255697426,3.5669881051573375e-12,1.5029454512140432e-06,7.281571443016868e-05,3.566988105157262e-12,1.5029454512141105e-06,7.281571443016791e-05,1.000000000000021,3.0070407084700837e-13,1.6705517657950263e-13,1.672477274746701e-13,0.0038679493892001125
Lang_L26.self_attn.o_proj,Base->Stage2,Lang,7.641607011512282e-05,8.090362013484918e-09,5.865657709980786e-05,0.0034678336939146844,3.928426063476398e-12,1.5766663000163467e-06,7.641587251911656e-05,3.928426063475982e-12,1.5766663000163596e-06,7.641587251911248e-05,1.000000000000106,3.0386939940582437e-13,1.6905568715168125e-13,1.6868946867611423e-13,0.004059188730736913
Lang_L26.mlp.gate_proj,Base->Stage1,Lang,1.0753945144317933e-05,8.750966366790474e-10,1.3242264656191054e-05,0.0011376045075624681,7.142707015056646e-10,1.7435555910891926e-05,0.0010277671087286489,7.820043036985575e-14,2.2119780618305428e-07,1.0753946422746854e-05,9133.846171017974,0.12688944948869382,0.12688944948869388,5.051497811815996e-13,0.0013277727709300599
Lang_L26.mlp.gate_proj,Stage1->Stage2,Lang,3.3852131544627676e-05,8.541327794337785e-09,6.039940456765641e-05,0.003554053417402641,6.9235748234500945e-09,6.277710749182218e-05,0.0031998266513323975,7.748996164001453e-13,6.962738735894661e-07,3.3851972489448994e-05,8934.802233628769,0.3950371177633034,0.39503711776330375,5.115804638197933e-13,0.004179669187098131
Lang_L26.mlp.gate_proj,Base->Stage2,Lang,3.41834347215812e-05,9.047968434292361e-09,6.268264940196561e-05,0.0036579418285869326,7.334609865578857e-09,6.48433457198325e-05,0.0032934400727718197,7.901415604628434e-13,7.03001898672682e-07,3.4183278173460653e-05,9282.652922702158,0.40659549688428787,0.40659549688428775,5.051527037650802e-13,0.004220575168556245
Lang_L26.mlp.up_proj,Base->Stage1,Lang,1.0372979462286569e-05,8.324166581732126e-10,1.2568435286755714e-05,0.0010514548835209565,6.69296975565624e-10,1.683625377021862e-05,0.0009428219663240217,8.101526579703761e-14,2.2614577401248558e-07,1.0372983610710978e-05,8261.368631960933,0.12282904733202962,0.12282904733202957,5.50681911346684e-13,0.0013514581983881274
Lang_L26.mlp.up_proj,Stage1->Stage2,Lang,3.225697988711449e-05,7.564260127288134e-09,5.471499531331751e-05,0.0031695862497525475,6.017114169667169e-09,5.779085355309963e-05,0.0028269197006962747,7.834420620867944e-13,7.031120132740451e-07,3.225691195128631e-05,7680.356290342446,0.36827171820291676,0.3682717182029168,5.463678479117133e-13,0.004202644249688107
Lang_L26.mlp.up_proj,Base->Stage2,Lang,3.35883596119592e-05,8.033529467171565e-09,5.69853864447217e-05,0.003266423880214793,6.379668485568615e-09,5.9801549929755995e-05,0.002910840455613826,8.494492039908494e-13,7.321768295454573e-07,3.358830230498794e-05,7510.359013341708,0.3792035911246128,0.3792035911246128,5.506817086931572e-13,0.004376106607849495
Lang_L26.mlp.down_proj,Base->Stage1,Lang,1.0621469759851968e-05,8.230945006803413e-10,1.2675689479870266e-05,0.0010816015477270542,6.589568072356587e-10,1.6801180674927202e-05,0.0009677672572260782,7.93751441706661e-14,2.238919292264498e-07,1.062147212266872e-05,8301.802965155217,0.12187667499241349,5.1746213981615e-13,0.12187667499241352,0.0013377083875938198
Lang_L26.mlp.down_proj,Stage1->Stage2,Lang,3.3208004770734e-05,7.1956069802355805e-09,5.355312986747412e-05,0.0031979775177732282,5.676076462706556e-09,5.621485068495638e-05,0.0028403104240091025,7.758909128209546e-13,6.981979275076257e-07,3.320794658426371e-05,7315.559918171606,0.35768759485455215,5.347099580151562e-13,0.35768759485455204,0.0041823417699592795
Lang_L26.mlp.down_proj,Base->Stage2,Lang,3.4152719839096914e-05,7.657704904497226e-09,5.586621410098341e-05,0.0032990659871925455,6.027881280671421e-09,5.824603876161096e-05,0.0029270088409045145,8.206649478129977e-13,7.177939413294385e-07,3.415266759481829e-05,7345.118488044618,0.3686056200635804,5.174618045885412e-13,0.3686056200635803,0.004301323717047597
Lang_L27.self_attn.q_proj,Base->Stage1,Lang,2.67066079614467e-05,9.474421246809253e-10,1.4447377784821552e-05,0.0011953186339040804,4.729574623604576e-13,5.467645349934064e-07,2.67065867178414e-05,4.729574623612104e-13,5.467645349937607e-07,2.6706586717862643e-05,0.9999999999984082,2.845889005049356e-13,1.5964343476693478e-13,1.5853446692495988e-13,0.0014084485706661331
Lang_L27.self_attn.q_proj,Stage1->Stage2,Lang,8.066056567563421e-05,8.935826923376024e-09,6.257111733868823e-05,0.0036709041521478343,4.3142751292096765e-12,1.6474559934992815e-06,8.066025481429844e-05,4.314275129209572e-12,1.6474559934991506e-06,8.066025481429743e-05,1.0000000000000242,2.8643094925536374e-13,1.600274839905963e-13,1.6018495607010762e-13,0.004253866644776751
Lang_L27.self_attn.q_proj,Base->Stage2,Lang,8.390816707394609e-05,9.497628075278613e-09,6.505073387404886e-05,0.003784541311664496,4.668669041805719e-12,1.7135085069405044e-06,8.390777695256001e-05,4.6686690418080515e-12,1.7135085069408039e-06,8.39077769525809e-05,0.9999999999995003,2.8459128390019135e-13,1.5964514239684678e-13,1.585382989555693e-13,0.004425134713964271
Lang_L27.self_attn.k_proj,Base->Stage1,Lang,3.704678564557413e-05,1.1463054006578854e-09,1.7533163680361064e-05,0.0015380632608663234,9.57685407596717e-10,2.0838557189153573e-05,0.0014058386022199312,6.650429598612161e-13,6.424066327637543e-07,3.7046644628855115e-05,1440.035404324212,0.022399711990749215,3.4545465916103366e-14,0.022399711990749218,0.0005904862770121905
Lang_L27.self_attn.k_proj,Stage1->Stage2,Lang,0.0001308726024894774,1.0597950321992136e-08,7.162502591395725e-05,0.00467665104395373,8.706818751083695e-09,7.081468438997064e-05,0.004238905919847072,8.299452029823577e-12,2.256767751256863e-06,0.00013087260146928988,1049.0835683845476,0.06752999082225086,3.476499605404018e-14,0.06752999082225086,0.002085977733776692
Lang_L27.self_attn.k_proj,Base->Stage2,Lang,0.00013516749268299025,1.1307925113057321e-08,7.444485295193815e-05,0.004830760290203875,9.262610728193296e-09,7.332392699046803e-05,0.004372106497887639,8.853054770423858e-12,2.3390155320693724e-06,0.00013516697712103457,1046.2615411730735,0.06965163479505214,3.454720781888255e-14,0.06965163479505214,0.0021544257655988015
Lang_L27.self_attn.v_proj,Base->Stage1,Lang,2.6981266021648904e-05,9.063963866662516e-10,1.3589281402381914e-05,0.0010992866596028217,7.804354533782111e-10,1.7425513137094756e-05,0.0010200474392545195,5.46034130281133e-13,5.759958415852863e-07,2.698123158407836e-05,1429.279618430433,0.02022097519430848,4.400970476953238e-14,0.020220975194308478,0.0005350505976978576
Lang_L27.self_attn.v_proj,Stage1->Stage2,Lang,6.962868766275427e-05,5.729342399746697e-09,4.560152441568377e-05,0.002763757479484372,4.8179783325695825e-09,4.9825441366554326e-05,0.002534428031833469,3.636408547819835e-12,1.4913369359673568e-06,6.962799302070794e-05,1324.9276777380098,0.05024060525971919,4.48904993726548e-14,0.050240605259719184,0.0013807698449485946
Lang_L27.self_attn.v_proj,Base->Stage2,Lang,7.465091456304048e-05,6.259296699230193e-09,4.8567868441207196e-05,0.0028887523463261384,5.248406671219655e-09,5.256112990015853e-05,0.0026452168565154126,4.179895334940639e-12,1.5942926812096156e-06,7.465007453740276e-05,1255.6311224702451,0.05243587185588365,4.400709095838355e-14,0.05243587185588365,0.001480361092897729
Lang_L27.self_attn.o_proj,Base->Stage1,Lang,2.5047699821852916e-05,8.397349964915249e-10,1.3413037973919462e-05,0.001138528670735338,4.0643347873497704e-13,5.081409223531135e-07,2.5047684385943942e-05,4.0643347873642416e-13,5.081409223539626e-07,2.5047684385988527e-05,0.9999999999964395,2.8084347642071146e-13,1.5710064101761438e-13,1.5826223697834156e-13,0.0013056437360926983
Lang_L27.self_attn.o_proj,Stage1->Stage2,Lang,6.722413538783788e-05,6.0831247130568746e-09,4.887388073348403e-05,0.003064321382893654,2.9275529596432935e-12,1.3630157738401483e-06,6.722384229736841e-05,2.9275529596419348e-12,1.3630157738398245e-06,6.722384229735281e-05,1.000000000000464,2.8405198526698527e-13,1.581405277179244e-13,1.5979553844253582e-13,0.0035041471271677524
Lang_L27.self_attn.o_proj,Base->Stage2,Lang,6.987079183634047e-05,6.551436697183085e-09,5.1476118936570614e-05,0.003180088644969615,3.162606103436838e-12,1.4158134504792273e-06,6.98704441483057e-05,3.1626061034372765e-12,1.415813450479284e-06,6.987044414831064e-05,0.9999999999998613,2.8084244233837275e-13,1.5709957430253103e-13,1.582609237843576e-13,0.0036421053568055114
Lang_L27.mlp.gate_proj,Base->Stage1,Lang,1.0107565213732415e-05,7.897928622123717e-10,1.2270811939384537e-05,0.0010632098171960908,6.43170339302069e-10,1.6423998697229457e-05,0.0009594566998269228,7.137869820102395e-14,2.1139231728738963e-07,1.0107568361727848e-05,9010.676231313539,0.12040847642210319,0.1204084764221032,5.064655572928802e-13,0.0012685380489618726
Lang_L27.mlp.gate_proj,Stage1->Stage2,Lang,3.1151233356633415e-05,7.288318461369421e-09,5.4326443062923286e-05,0.0032297924721666387,5.906514437523343e-09,5.742684316526866e-05,0.0029075459205209707,6.779938285632696e-13,6.505983786665612e-07,3.1151130913089045e-05,8711.752509664848,0.3648737776086562,0.36487377760865647,5.149202798024733e-13,0.00390959757785383
Lang_L27.mlp.gate_proj,Base->Stage2,Lang,3.2335238143132257e-05,7.737565570272116e-09,5.651230508929782e-05,0.0033278452197532116,6.2712049823267e-09,5.942633604516021e-05,0.0029959630018989904,7.305124913328781e-13,6.754293325030592e-07,3.2335141876694523e-05,8584.664953345819,0.37596920812404255,0.3759692081240425,5.064695226008869e-13,0.0040581959195441905
Lang_L27.mlp.up_proj,Base->Stage1,Lang,9.482921509662944e-06,7.330835029245946e-10,1.154042401738819e-05,0.0009902302300175882,5.936372677445397e-10,1.5691858007340062e-05,0.0008910868527004182,6.723037608308363e-14,2.0601431769695239e-07,9.482923075083709e-06,8829.896578459116,0.11567894048648886,0.11567894048648882,5.411437933366142e-13,0.0012311244514188842
Lang_L27.mlp.up_proj,Stage1->Stage2,Lang,2.9632034232004083e-05,6.344596774738977e-09,4.8921405253262366e-05,0.002913136311260259,5.09512033613323e-09,5.2697290714725405e-05,0.0026105740479678307,6.564535766631314e-13,6.43322445915518e-07,2.9631988945212235e-05,7761.585155850045,0.3388891887144109,0.33888918871441087,5.305152367605873e-13,0.003846991228280492
Lang_L27.mlp.up_proj,Base->Stage2,Lang,3.081679677334034e-05,6.7498084508655736e-09,5.102927055922416e-05,0.003004723528361521,5.41520640765687e-09,5.4606298567501646e-05,0.0026913259629783998,7.099965159007281e-13,6.691797995404474e-07,3.081675476304457e-05,7627.088705902925,0.34937126241449806,0.3493712624144982,5.411439944308251e-13,0.004000804180802667
Lang_L27.mlp.down_proj,Base->Stage1,Lang,9.986446000736159e-06,7.127290665355661e-10,1.1556579806536698e-05,0.0010093671007375263,5.735984499174451e-10,1.555912586210455e-05,0.0009055050870521576,6.976669348898134e-14,2.1003983000201727e-07,9.986446512541634e-06,8221.665973148589,0.11370934942471521,5.156309596046168e-13,0.11370934942471521,0.0012541320219282732
Lang_L27.mlp.down_proj,Stage1->Stage2,Lang,2.9694122891571994e-05,5.983423412021627e-09,4.760158209401752e-05,0.002924563302903645,4.766737390942303e-09,5.1009196879910757e-05,0.0026103381536189594,6.168324079566733e-13,6.247166939793431e-07,2.969407147709959e-05,7727.7674283240995,0.3277895736802703,5.25940923450275e-13,0.3277895736802704,0.00372908925457945
Lang_L27.mlp.down_proj,Base->Stage2,Lang,3.061313800748448e-05,6.36885929205253e-09,4.9723252568856717e-05,0.003017289524980118,5.066315685295428e-09,5.2906200788327816e-05,0.002691115153501574,6.556044960787354e-13,6.44085673980535e-07,3.06130865707109e-05,7727.701252199748,0.33793271173861084,5.156345634745731e-13,0.3379327117386109,0.0038445025051006957
Lang_L28.self_attn.q_proj,Base->Stage1,Lang,2.867823684111353e-05,1.0627947152527595e-09,1.5144287822135838e-05,0.0012600559794533207,5.505213941873058e-13,5.905476520147997e-07,2.8678223629432025e-05,5.505213941867458e-13,5.905476520144707e-07,2.8678223629417443e-05,1.0000000000010172,2.9769100356292104e-13,1.654650930682476e-13,1.6620073402123805e-13,0.001519557200543318
Lang_L28.self_attn.q_proj,Stage1->Stage2,Lang,8.372601274018838e-05,9.685226673784719e-09,6.54878829950932e-05,0.0038037970731344744,4.692351376810703e-12,1.7224338615831709e-06,8.372549197400715e-05,4.692351376814488e-12,1.7224338615838665e-06,8.372549197404091e-05,0.9999999999991934,2.964905343867759e-13,1.6498963491050678e-13,1.657124150864645e-13,0.004436344007082691
Lang_L28.self_attn.q_proj,Base->Stage2,Lang,8.688438924541859e-05,1.0327930996508e-08,6.816340399197138e-05,0.00392797856365909,5.053040883494119e-12,1.786709488895586e-06,8.688380880830279e-05,5.0530408834944895e-12,1.786709488895685e-06,8.688380880830599e-05,0.9999999999999266,2.9769204964403374e-13,1.6546884356343572e-13,1.6620067033341693e-13,0.004603693038181899
Lang_L28.self_attn.k_proj,Base->Stage1,Lang,4.199576586500268e-05,1.2878272439861306e-09,1.77201927047399e-05,0.001501988657316518,1.0615391318003262e-09,2.1412765512083452e-05,0.0013636592192872133,1.0067739520351462e-12,7.916265012701059e-07,4.1995604219519565e-05,1054.3966991343734,0.023580174318226368,3.599713680288695e-14,0.023580174318226354,0.0007265256373759999
Lang_L28.self_attn.k_proj,Stage1->Stage2,Lang,0.00011990996830251794,9.59636182113156e-09,6.669565682182466e-05,0.004099958640477594,7.870004120262115e-09,6.714020409193594e-05,0.0037129033849928306,8.20795333637143e-12,2.2282179545114552e-06,0.00011990674339266597,958.8266158127655,0.06420020159448378,3.7738119303679556e-14,0.06420020159448377,0.0020744472610359378
Lang_L28.self_attn.k_proj,Base->Stage2,Lang,0.00012729490236875797,1.044109127827261e-08,7.013713572945335e-05,0.004276604757888451,8.506474686085417e-09,7.009915226384405e-05,0.003860121508176974,9.250026644752288e-12,2.356136809019604e-06,0.0001272909888889812,919.6162360149847,0.06674407474440243,3.5996674496536585e-14,0.06674407474440243,0.0022021984400875157
Lang_L28.self_attn.v_proj,Base->Stage1,Lang,2.3569005396857438e-05,7.842420573292847e-10,1.2264818059826155e-05,0.0009486025999701102,6.741054503327105e-10,1.6180106660796336e-05,0.0008794743251780927,4.841322022288114e-13,5.380453505496449e-07,2.356900408164535e-05,1392.3995289495606,0.018792904400053136,4.856207299459009e-14,0.018792904400053122,0.0005038101865208157
Lang_L28.self_attn.v_proj,Stage1->Stage2,Lang,6.951449530265322e-05,5.695737812768642e-09,4.527807089527158e-05,0.0025563826764875273,4.783476405449885e-09,4.969681702573316e-05,0.0023427324283796505,4.211455883086707e-12,1.5816168753845734e-06,6.951315477013724e-05,1135.824887697488,0.05005764577129753,4.9817710205079695e-14,0.05005764577129751,0.0014859393601462224
Lang_L28.self_attn.v_proj,Base->Stage2,Lang,7.364920929195314e-05,6.159673285521302e-09,4.783887281334387e-05,0.002658457426656663,5.160464470641728e-09,5.210893190095521e-05,0.0024332978211129295,4.727348680882535e-12,1.6698886645616284e-06,7.364778491488356e-05,1091.6191757783213,0.051991965977579616,4.856168289581684e-14,0.051991965977579616,0.0015743227703373104
Lang_L28.self_attn.o_proj,Base->Stage1,Lang,2.269122513444231e-05,7.24687147671852e-10,1.2060808671337728e-05,0.0010273487370630028,3.5353354101135366e-13,4.739852122697354e-07,2.2691224018134795e-05,3.5353354101126056e-13,4.7398521226966365e-07,2.2691224018131787e-05,1.0000000000002633,3.0180880524139316e-13,1.683434919299266e-13,1.6798497376321214e-13,0.0012177139012090213
Lang_L28.self_attn.o_proj,Stage1->Stage2,Lang,6.614806959961796e-05,6.060509659235524e-09,4.887168994031216e-05,0.0029709508466498483,3.004340316333089e-12,1.3815161482772766e-06,6.614780776821023e-05,3.0043403163322348e-12,1.3815161482771652e-06,6.61478077682009e-05,1.0000000000002844,3.067458762708056e-13,1.6928646060826887e-13,1.709124579414605e-13,0.0035498051504489047
Lang_L28.self_attn.o_proj,Base->Stage2,Lang,6.788528188515208e-05,6.446016342745118e-09,5.095585631346468e-05,0.003063984710930599,3.16421500063727e-12,1.4178698899804878e-06,6.788500983774495e-05,3.1642150006363e-12,1.4178698899803434e-06,6.788500983773457e-05,1.0000000000003064,3.018075723846602e-13,1.6834365214087682e-13,1.6798392363864446e-13,0.0036430316542721444
Lang_L28.mlp.gate_proj,Base->Stage1,Lang,9.088686843582879e-06,7.249418711163243e-10,1.1593126495535288e-05,0.0010070210455624248,5.903865625910892e-10,1.5687023220601315e-05,0.0009087725214480204,5.90511594719998e-14,1.9240727504520536e-07,9.088687463242008e-06,9997.882647351436,0.11536264697275983,0.1153626469727599,5.105293213052569e-13,0.0011538076160183717
Lang_L28.mlp.gate_proj,Stage1->Stage2,Lang,3.053890227401172e-05,7.048896347793148e-09,5.2925382688873665e-05,0.0031401250514784917,5.7160959985003055e-09,5.6307972961143905e-05,0.002827718273512089,6.667038070191188e-13,6.461878510123556e-07,3.0538861963225634e-05,8573.666354265151,0.35894394350981235,0.35894394350981246,5.21952668734323e-13,0.003876909418557633
Lang_L28.mlp.gate_proj,Base->Stage2,Lang,3.110149643418757e-05,7.448817622187637e-09,5.493453710139116e-05,0.003227974178152612,6.03999498719897e-09,5.813616092375621e-05,0.002906729849896961,6.914944848510763e-13,6.577792149333598e-07,3.110145750131532e-05,8734.69726732495,0.3689742136797881,0.3689742136797882,5.105324809623642e-13,0.003948330938556803
Lang_L28.mlp.up_proj,Base->Stage1,Lang,9.040560754842202e-06,6.629355549701436e-10,1.0825545469891314e-05,0.0009428130159531655,5.36962666433042e-10,1.4885714139972419e-05,0.000848519757625523,6.095523943425194e-14,1.9636875045233338e-07,9.04056211187533e-06,8809.130624648356,0.11001861430059724,0.11001861430059721,5.588918721680912e-13,0.0011722620545840917
Lang_L28.mlp.up_proj,Stage1->Stage2,Lang,2.789581840205191e-05,6.103811878407449e-09,4.7585568917352524e-05,0.0028608164878408137,4.9239661756913984e-09,5.161252597191029e-05,0.0025694901700208063,5.803612231095158e-13,6.058948645565185e-07,2.7895787349377702e-05,8484.31283763118,0.33314987708614013,0.33314987708614,5.464284358953936e-13,0.003617165502502007
Lang_L28.mlp.up_proj,Base->Stage2,Lang,2.857059142116534e-05,6.4592542617475025e-09,4.949444223711149e-05,0.0029429346629676577,5.2067403595668706e-09,5.3347771769834966e-05,0.002642240778535218,6.08777740457948e-13,6.205288865852e-07,2.8570563905909536e-05,8552.777168971625,0.3425825682928448,0.34258256829284467,5.588940813446488e-13,0.003704661813382743
Lang_L28.mlp.down_proj,Base->Stage1,Lang,9.151119666431408e-06,6.452279127776002e-10,1.0830846812893253e-05,0.000957652939861023,5.215384139786362e-10,1.4755816664678532e-05,0.0008609832920822186,5.891766333277099e-14,1.9305195825512657e-07,9.151121678724226e-06,8851.98740881748,0.10842702303395003,5.227325611193583e-13,0.10842702303395005,0.001152502679631031
Lang_L28.mlp.down_proj,Stage1->Stage2,Lang,2.8260020618533977e-05,5.733353335949565e-09,4.6178878151233334e-05,0.002854667476317006,4.5909447787032195e-09,4.9872586992257196e-05,0.0025544782419422373,5.61877709238614e-13,5.963249613981592e-07,2.8259994628834716e-05,8170.718829412704,0.32168999721790115,5.304373310296825e-13,0.3216899972179011,0.003559099161040003
Lang_L28.mlp.down_proj,Base->Stage2,Lang,2.9072733830881327e-05,6.07762673169946e-09,4.8125190579173933e-05,0.0029391258684748865,4.863544623437173e-09,5.162967376876542e-05,0.00262922422954639,5.946600866934226e-13,6.134995090822115e-07,2.9072713486763478e-05,8178.696926643702,0.3311028720480749,5.227352469557961e-13,0.3311028720480749,0.003661453993141219
Lang_L29.self_attn.q_proj,Base->Stage1,Lang,2.280581655680017e-05,6.707634556385622e-10,1.1463995036750663e-05,0.001007376589181113,3.437772956746863e-13,4.6719955812027004e-07,2.2805823170532463e-05,3.4377729567518556e-13,4.671995581204971e-07,2.2805823170549034e-05,0.9999999999985477,2.9478016349104176e-13,1.639486289622114e-13,1.6433884987361154e-13,0.0012007941065643245
Lang_L29.self_attn.q_proj,Stage1->Stage2,Lang,6.864337621351568e-05,6.714811967782969e-09,5.24433191353129e-05,0.0031872971183578382,3.114461436683599e-12,1.4054977879101408e-06,6.864313359949423e-05,3.114461436683098e-12,1.4054977879099978e-06,6.86431335994887e-05,1.000000000000161,2.910762626702522e-13,1.6200952907684665e-13,1.6306314113763128e-13,0.0036142769763433543
Lang_L29.self_attn.q_proj,Base->Stage2,Lang,7.02467774034404e-05,7.07619485566717e-09,5.428250759442581e-05,0.003271941377493161,3.261660459521439e-12,1.4386382590830241e-06,7.024654949402533e-05,3.2616604595200228e-12,1.438638259082752e-06,7.024654949401011e-05,1.000000000000434,2.9477884702513684e-13,1.6394716414251748e-13,1.6434096159917584e-13,0.0036987018684947652
Lang_L29.self_attn.k_proj,Base->Stage1,Lang,2.305632132982596e-05,6.133218851957229e-10,1.105607763629557e-05,0.0010237462503984189,5.220943037894209e-10,1.423479493282864e-05,0.0009445448199762584,3.110891482682239e-13,4.402431013784174e-07,2.305634829532502e-05,1678.2787400197788,0.016539729593513585,3.750440996381865e-14,0.01653972959351357,0.00040385679066625894
Lang_L29.self_attn.k_proj,Stage1->Stage2,Lang,8.431772353772619e-05,6.256664557992238e-09,5.1017292196697817e-05,0.0032697555931543516,5.242656782467701e-09,5.3587391903613044e-05,0.002993088574171677,4.1604619937633855e-12,1.6066737042933283e-06,8.431690082124815e-05,1260.1140907732233,0.05240625175770779,3.856068576537726e-14,0.05240625175770779,0.0014769158059233496
Lang_L29.self_attn.k_proj,Base->Stage2,Lang,8.742506955466564e-05,6.6140210998397195e-09,5.280304320309792e-05,0.003361836929776062,5.530218048506031e-09,5.5205258728858044e-05,0.003074078710246228,4.472772432787031e-12,1.6654556662149707e-06,8.74243187658124e-05,1236.4183806820897,0.053823670123308305,3.7504845222558175e-14,0.05382367012330831,0.0015313461115113874
Lang_L29.self_attn.v_proj,Base->Stage1,Lang,1.555111733678168e-05,5.039006185766776e-10,8.86377071518396e-06,0.0007549864582861682,4.3628387916703267e-10,1.2383516607365828e-05,0.0007025080404710804,2.1379116175778203e-13,3.654632928843022e-07,1.555111703934179e-05,2040.7011944737321,0.015120391839085557,4.961138576327213e-14,0.015120391839085562,0.0003347956699476026
Lang_L29.self_attn.v_proj,Stage1->Stage2,Lang,5.5231578158111176e-05,4.946237465444162e-09,4.0452023767567624e-05,0.002365399294697849,4.2381839959058675e-09,4.5849169890065355e-05,0.002189560174728963,2.696754877069029e-12,1.2993521158888584e-06,5.523161190240061e-05,1571.5866621560142,0.04712336264249544,4.919718317387323e-14,0.04712336264249544,0.0011890652719631363
Lang_L29.self_attn.v_proj,Base->Stage2,Lang,5.8013315861994805e-05,5.207230064088605e-09,4.202860851520995e-05,0.002427003287484548,4.456591027721431e-09,4.7350887305040605e-05,0.0022452689599072977,2.9752394851388245e-12,1.3652483551604859e-06,5.8013350195983514e-05,1497.8932116160347,0.048321556014561215,4.961020931443635e-14,0.04832155601456122,0.0012489525047752871
Lang_L29.self_attn.o_proj,Base->Stage1,Lang,2.092633740721435e-05,6.390890054569705e-10,1.097317575830814e-05,0.0009607453642976938,3.032016278430016e-13,4.3893693104626756e-07,2.092634537684529e-05,3.032016278430149e-13,4.3893693104622055e-07,2.0926345376845757e-05,0.999999999999956,3.0649560060505116e-13,1.6977238348416168e-13,1.7019763753147923e-13,0.0011277055468820168
Lang_L29.self_attn.o_proj,Stage1->Stage2,Lang,6.306516071908823e-05,5.670892024363163e-09,4.658624305816858e-05,0.0028618799093952933,2.753745273248376e-12,1.3222529213692384e-06,6.306488369002092e-05,2.7537452732493685e-12,1.322252921369428e-06,6.306488369003225e-05,0.9999999999996396,3.019529343598675e-13,1.667245413655661e-13,1.694459955298294e-13,0.0033985356868173255
Lang_L29.self_attn.o_proj,Base->Stage2,Lang,6.488444159264664e-05,6.003664254844015e-09,4.846567809285371e-05,0.002944651580902168,2.914917211152026e-12,1.3597686810741828e-06,6.48841812826413e-05,2.914917211148643e-12,1.3597686810733995e-06,6.488418128260366e-05,1.0000000000011606,3.064991084231869e-13,1.6977235583837058e-13,1.7020000375696122e-13,0.0034965767428142623
Lang_L29.mlp.gate_proj,Base->Stage1,Lang,9.534570893003138e-06,7.167037256179401e-10,1.1549495788820438e-05,0.0009988712351496085,5.841520621894673e-10,1.561967198816978e-05,0.0009017842228472261,6.530148990151655e-14,2.0227632500716322e-07,9.534572398705442e-06,8945.463006593684,0.11475125986584285,0.11475125986584282,5.08734230890419e-13,0.0012133350172610653
Lang_L29.mlp.gate_proj,Stage1->Stage2,Lang,2.9227818603365147e-05,6.791608412367296e-09,5.162791825737887e-05,0.003074858661918313,5.5005905872355106e-09,5.514231702088209e-05,0.0027672188015056155,6.136397087581678e-13,6.201390278930147e-07,2.9227762298407665e-05,8963.876536554555,0.3521160858388356,0.3521160858388357,5.304121228988688e-13,0.0037194259277329744
Lang_L29.mlp.gate_proj,Base->Stage2,Lang,3.0289466752668987e-05,7.187515103956803e-09,5.366623474838741e-05,0.0031632114520188837,5.822402352310331e-09,5.7003349220162245e-05,0.0028470162498527123,6.590282642678225e-13,6.426412166742617e-07,3.028941318587918e-05,8834.829502766463,0.36226980453238405,0.362269804532384,5.087371300969403e-13,0.003854528019940608
Lang_L29.mlp.up_proj,Base->Stage1,Lang,9.05968870831749e-06,6.541793425213133e-10,1.078032768962927e-05,0.0009340850003698955,5.311712175358912e-10,1.4813851157276662e-05,0.0008416959785000597,6.153902191199043e-14,1.972954872790148e-07,9.059688799126113e-06,8631.453686338104,0.10942360139114744,0.10942360139114746,5.475283755554688e-13,0.001177862190991935
Lang_L29.mlp.up_proj,Stage1->Stage2,Lang,2.7201414821104667e-05,5.914823104666178e-09,4.668156438794203e-05,0.0028087199780672265,4.780144915437324e-09,5.0800138772558266e-05,0.0025249808837488797,5.547623977577762e-13,5.923241330499955e-07,2.7201388378642878e-05,8616.562576623046,0.3282511262710478,0.3282511262710478,5.451402840546033e-13,0.0035364921212710262
Lang_L29.mlp.up_proj,Base->Stage2,Lang,2.8077927301806233e-05,6.257760082224462e-09,4.857632565859387e-05,0.00288899651081701,5.0547084925787615e-09,5.252230304435581e-05,0.0025964838183909255,5.910907032981044e-13,6.114103144079806e-07,2.8077900288736243e-05,8551.493813682135,0.33754646015793544,0.33754646015793544,5.475292066960602e-13,0.0036504487113206427
Lang_L29.mlp.down_proj,Base->Stage1,Lang,9.165899453766182e-06,6.482984126835001e-10,1.0875054183577828e-05,0.0009550685889105203,5.241905278579897e-10,1.4796363767027556e-05,0.0008587992712048748,5.971123691409468e-14,1.9408688449109757e-07,9.16590003752124e-06,8778.758487487568,0.10870230704124481,5.238017548569582e-13,0.10870230704124477,0.0011602383609010387
Lang_L29.mlp.down_proj,Stage1->Stage2,Lang,2.862499405009259e-05,5.693227829831899e-09,4.598173519517655e-05,0.002830254571219454,4.570105245743212e-09,4.9744707318247725e-05,0.0025357668470001086,5.823668486292985e-13,6.067914703691096e-07,2.8624937100417117e-05,7847.468063300218,0.32095880811496025,5.255060969860124e-13,0.32095880811496036,0.003623410253389584
Lang_L29.mlp.down_proj,Base->Stage2,Lang,2.9766046667019508e-05,6.0376309105911625e-09,4.793016446830587e-05,0.00291460361289623,4.8426654428295245e-09,5.1503334486301414e-05,0.0026102881514869806,6.297210435344286e-13,6.30932148143987e-07,2.9765989342863368e-05,7690.175661987008,0.3303906007474446,5.238018788266918e-13,0.3303906007474447,0.00376784726578996
Lang_L30.self_attn.q_proj,Base->Stage1,Lang,2.362210005189096e-05,8.144129690437903e-10,1.306034161288952e-05,0.0010830897109233028,3.8739419462453047e-13,4.955384368691914e-07,2.3622107621722666e-05,3.8739419462429166e-13,4.955384368690028e-07,2.3622107621715364e-05,1.0000000000006164,3.054307716742312e-13,1.692322251604941e-13,1.7114194219639176e-13,0.0012746956578295243
Lang_L30.self_attn.q_proj,Stage1->Stage2,Lang,7.23942603489154e-05,7.180493768329096e-09,5.4503306562623394e-05,0.0032160190759256834,3.638514342425786e-12,1.5153902956389995e-06,7.239415559840857e-05,3.63851434242535e-12,1.5153902956389248e-06,7.239415559840421e-05,1.00000000000012,3.0425023528756053e-13,1.7042544768569353e-13,1.6906114219037705e-13,0.003906537502762774
Lang_L30.self_attn.q_proj,Base->Stage2,Lang,7.430962835614156e-05,7.660082996441734e-09,5.684268643499357e-05,0.0033216831153073893,3.833595419796448e-12,1.556205942410139e-06,7.430954464707663e-05,3.833595419795428e-12,1.5562059424100052e-06,7.430954464706676e-05,1.0000000000002662,3.0543468320297415e-13,1.69235760214125e-13,1.7114384470270804e-13,0.004009895834511121
Lang_L30.self_attn.k_proj,Base->Stage1,Lang,3.340343829180417e-05,8.807635081691166e-10,1.4505697222333414e-05,0.001329167805051054,7.487503055787701e-10,1.789925647962206e-05,0.0012255150903888925,5.56265723474751e-13,5.783004125987769e-07,3.340344867139583e-05,1346.0299169642367,0.019805730084811072,3.5120019340669944e-14,0.019805730084811082,0.0005400402240844012
Lang_L30.self_attn.k_proj,Stage1->Stage2,Lang,8.316705439371665e-05,6.210228772494431e-09,5.209056869176498e-05,0.0035294235648504362,5.248305720559901e-09,5.4194330355450064e-05,0.003244587899396921,3.448278432992542e-12,1.4643217208564034e-06,8.316702078841092e-05,1522.0075242025132,0.05243780701879072,3.5068526235256904e-14,0.05243780701879071,0.0013445783737204735
Lang_L30.self_attn.k_proj,Base->Stage2,Lang,8.569043536216045e-05,6.772103431982761e-09,5.508106287810399e-05,0.003685630326684204,5.697460067880806e-09,5.688557750574394e-05,0.0033805753973801516,3.6607043438762224e-12,1.5062614721909965e-06,8.569042736416209e-05,1556.3835624725477,0.05463553838379423,3.511842250045418e-14,0.054635538383794216,0.0013853748081447766
Lang_L30.self_attn.v_proj,Base->Stage1,Lang,1.6824416937478456e-05,6.256124918223538e-10,1.047725277725231e-05,0.0008266020136586721,5.421941185241136e-10,1.3885167819935747e-05,0.0007695222013716472,2.5917467189176567e-13,3.9533473754648783e-07,1.6824417299026084e-05,2092.002719889774,0.016856160888827208,5.151433431475021e-14,0.016856160888827205,0.0003686219884607944
Lang_L30.self_attn.v_proj,Stage1->Stage2,Lang,5.476188613737264e-05,5.073210818726599e-09,4.205982997407265e-05,0.0023538973980925214,4.379899657170394e-09,4.6627267028009357e-05,0.002187147911880921,2.745802460420284e-12,1.2868352531744032e-06,5.476217878871789e-05,1595.1255490170945,0.0479048260819978,5.0654483474729196e-14,0.0479048260819978,0.0011998296880677813
Lang_L30.self_attn.v_proj,Base->Stage2,Lang,5.69692884633495e-05,5.451942632430851e-09,4.424014380854935e-05,0.0024401791532301094,4.698631895016765e-09,4.8715895994322834e-05,0.0022653316100280695,2.9716256826194747e-12,1.3378909124001231e-06,5.696959413562614e-05,1581.1654618878317,0.049617127179631446,5.151618352551349e-14,0.049617127179631425,0.0012481937693680418
Lang_L30.self_attn.o_proj,Base->Stage1,Lang,2.113922288680416e-05,6.817514980188316e-10,1.1323512295158267e-05,0.0009656287827585726,3.2672626400936746e-13,4.549890015633452e-07,2.113923055282326e-05,3.267262640093439e-13,4.5498900156342154e-07,2.113923055282251e-05,1.0000000000000722,3.3150947671482237e-13,1.8263719708981835e-13,1.8343874881201047e-13,0.001170636269743701
Lang_L30.self_attn.o_proj,Stage1->Stage2,Lang,5.8981131711754896e-05,5.4215419043188995e-09,4.486675803461182e-05,0.002723066937607614,2.543500918929508e-12,1.2718214285842684e-06,5.898109854136751e-05,2.5435009189286574e-12,1.2718214285840945e-06,5.898109854135765e-05,1.0000000000003344,3.192788371604187e-13,1.7673896740136993e-13,1.7808338118001038e-13,0.003266223519336381
Lang_L30.self_attn.o_proj,Base->Stage2,Lang,6.1005802227787126e-05,5.790093192665915e-09,4.697572153580798e-05,0.002814101026833401,2.7211237696915076e-12,1.315250014220749e-06,6.1005790042170786e-05,2.721123769692276e-12,1.3152500142210219e-06,6.1005790042179446e-05,0.9999999999997177,3.3150696098551245e-13,1.826356955744998e-13,1.834385893454373e-13,0.0033783457951659427
Lang_L30.mlp.gate_proj,Base->Stage1,Lang,9.543939133468593e-06,7.13197567952906e-10,1.1615048150794747e-05,0.0010048485664555997,5.815225721468907e-10,1.5619473363627756e-05,0.0009073586397947588,6.433744667275056e-14,2.004958695018252e-07,9.543937819115175e-06,9038.633054631127,0.11449279366710044,0.11449279366710045,5.322438146723153e-13,0.0012043455083031662
Lang_L30.mlp.gate_proj,Stage1->Stage2,Lang,3.0145410449440573e-05,6.716368131248026e-09,5.152401824688154e-05,0.003083630382499729,5.440410887703359e-09,5.491692753137676e-05,0.0027753062931561833,6.418758290557879e-13,6.326128540190848e-07,3.0145367373485074e-05,8475.799588381933,0.3501858501822131,0.3501858501822131,5.056664493257286e-13,0.00380403669416477
Lang_L30.mlp.gate_proj,Base->Stage2,Lang,3.0757763118326035e-05,7.112270671716045e-09,5.356591133460364e-05,0.00317321287725966,5.761528121884969e-09,5.67752189957314e-05,0.0028560375490808763,6.682177306634754e-13,6.456517629566287e-07,3.075771493149725e-05,8622.231733007638,0.3603728780088538,0.3603728780088537,5.322412055606851e-13,0.0038813086859570928
Lang_L30.mlp.up_proj,Base->Stage1,Lang,8.716231761892085e-06,6.511367436370521e-10,1.0729494349959909e-05,0.0009232183372849532,5.284851975822897e-10,1.4763302684468888e-05,0.0008317345343937205,5.803914717682182e-14,1.9153872420665694e-07,8.716233007187229e-06,9105.667868830136,0.10914690533463495,0.10914690533463496,5.672494003168302e-13,0.0011438779746925757
Lang_L30.mlp.up_proj,Stage1->Stage2,Lang,2.654364455509138e-05,5.886735507387335e-09,4.6497770372311826e-05,0.002775907470541631,4.762312765700949e-09,5.0673883557504885e-05,0.0024967593286574683,5.382505291599654e-13,5.830957476774187e-07,2.654360810696991e-05,8847.762348015478,0.3276404307306728,0.327640430730673,5.50743085557048e-13,0.0034834647432671756
Lang_L30.mlp.up_proj,Base->Stage2,Lang,2.7421655563672182e-05,6.228300173242979e-09,4.837207354168019e-05,0.002855304906705542,5.035271673462067e-09,5.2381550325582236e-05,0.002567315115313514,5.744481383177442e-13,6.02425027616243e-07,2.7421621827645707e-05,8765.406896796156,0.33689892222691725,0.33689892222691725,5.672527216378871e-13,0.0035986913480208775
Lang_L30.mlp.down_proj,Base->Stage1,Lang,9.184185729748093e-06,6.352133835772652e-10,1.0775696006122701e-05,0.0009387349379842108,5.112889409656889e-10,1.4638896010048484e-05,0.0008422021804414692,6.08016160737887e-14,1.9525192615515418e-07,9.184187114214038e-06,8409.134065535196,0.10735600248791795,5.384625512294124e-13,0.10735600248791798,0.0011707839171205168
Lang_L30.mlp.down_proj,Stage1->Stage2,Lang,2.7621642171589785e-05,5.6624585398636025e-09,4.589537661435244e-05,0.0028027553149939737,4.519618060610464e-09,4.952989010538628e-05,0.002503995447516861,5.499619787947109e-13,5.881614169554795e-07,2.7621610711481337e-05,8218.05549270078,0.31918289790782817,5.556504954848106e-13,0.31918289790782806,0.0035211580531620316
Lang_L30.mlp.down_proj,Base->Stage2,Lang,2.8363343669525668e-05,5.997161739526532e-09,4.7786728246450746e-05,0.0028844004062236655,4.780808919419637e-09,5.1229695705442975e-05,0.0025753328065909347,5.798940618598575e-13,6.03714843169579e-07,2.8363315640290946e-05,8244.279832917155,0.3282761433801828,5.384609644786318e-13,0.328276143380183,0.0036157093923445197
Lang_L31.self_attn.q_proj,Base->Stage1,Lang,2.4998153309176806e-05,8.82931483135886e-10,1.4009312749193453e-05,0.0011137820560958957,4.4477756843422684e-13,5.30398929366122e-07,2.4998166332452393e-05,4.447775684338299e-13,5.303989293659461e-07,2.4998166332441232e-05,1.0000000000008924,2.9921620518651654e-13,1.6642632103160374e-13,1.6760393654302245e-13,0.0013658449159374892
Lang_L31.self_attn.q_proj,Stage1->Stage2,Lang,7.033479824394168e-05,6.928316901918413e-09,5.3241592202251525e-05,0.0031199699893565275,3.521008402122463e-12,1.49103545197063e-06,7.033477058772363e-05,3.521008402123313e-12,1.491035451970788e-06,7.033477058773214e-05,0.9999999999997586,2.9608112011251644e-13,1.6514526230830715e-13,1.6634489422451478e-13,0.0038429389306960655
Lang_L31.self_attn.q_proj,Base->Stage2,Lang,7.291277442564771e-05,7.436091686675326e-09,5.582446063589347e-05,0.003232279535038493,3.783853121137578e-12,1.54480898102897e-06,7.291278374109208e-05,3.783853121134535e-12,1.5448089810283539e-06,7.291278374106274e-05,1.0000000000008042,2.992160206375613e-13,1.6642654448827513e-13,1.6760508659956642e-13,0.003983795963824837
Lang_L31.self_attn.k_proj,Base->Stage1,Lang,3.314500497018611e-05,1.0815018484456455e-09,1.6829044347410616e-05,0.0014676998649604458,9.215631280432759e-10,2.028314162971749e-05,0.0013548342479464985,5.515565325511801e-13,5.854667737603179e-07,3.314504687768936e-05,1670.8407455182523,0.021974183994070636,3.269306579022053e-14,0.021974183994070626,0.000537749450337416
Lang_L31.self_attn.k_proj,Stage1->Stage2,Lang,8.460610313466507e-05,6.069877283152827e-09,5.140077852594516e-05,0.00347705529781508,5.0941261770224914e-09,5.3288543120080684e-05,0.0031853451032287775,3.5938185188146747e-12,1.4861019693968634e-06,8.460571758359368e-05,1417.468954081369,0.05165982455269931,3.254650112196069e-14,0.05165982455269929,0.0013726601631839938
Lang_L31.self_attn.k_proj,Base->Stage2,Lang,8.880323723735587e-05,6.756008678829699e-09,5.516555597839812e-05,0.0036683160125749307,5.65885844582365e-09,5.67069832301213e-05,0.0033572683584113952,3.959236562683473e-12,1.5585776282690894e-06,8.88029448395022e-05,1429.28020496664,0.05444730835417686,3.269480789426003e-14,0.05444730835417687,0.0014407568215962724
Lang_L31.self_attn.v_proj,Base->Stage1,Lang,1.9057824083557145e-05,6.958354229416734e-10,1.1646162556555595e-05,0.0009263335616587013,6.040760106515696e-10,1.4991270774456538e-05,0.0008630976355613352,2.9452282735169963e-13,4.120713251719686e-07,1.9057837202644905e-05,2051.0329066283957,0.01779198816368204,4.5563387563853086e-14,0.017791988163682035,0.00039295646591775015
Lang_L31.self_attn.v_proj,Stage1->Stage2,Lang,6.0019821596737166e-05,5.413869463746271e-09,4.507265505715452e-05,0.0025838517928204953,4.596048750853964e-09,4.867675149280406e-05,0.0023807074040764734,2.9211989496111503e-12,1.301062465919125e-06,6.00197631383763e-05,1573.3432847720824,0.04907227620406458,4.640556012172583e-14,0.049072276204064576,0.0012375578996126728
Lang_L31.self_attn.v_proj,Base->Stage2,Lang,6.322119519530733e-05,5.810547137745762e-09,4.728929264841142e-05,0.002676838830931554,4.9320211669404414e-09,5.079399083955672e-05,0.0024661879714115353,3.241139600831025e-12,1.36803444220255e-06,6.322117713896804e-05,1521.693532014442,0.050833643008063346,4.55622832792452e-14,0.05083364300806333,0.0013035684098046012
Lang_L31.self_attn.o_proj,Base->Stage1,Lang,2.1133031717883246e-05,6.825006701322676e-10,1.1595921908802431e-05,0.000957847583558845,3.322263091803187e-13,4.594805599284933e-07,2.1133035258721143e-05,3.3222630918015426e-13,4.5948055992838887e-07,2.1133035258715912e-05,1.000000000000495,3.134702190727137e-13,1.73798288801455e-13,1.7622642952852462e-13,0.001180448278197549
Lang_L31.self_attn.o_proj,Stage1->Stage2,Lang,6.089371418427548e-05,5.633400748811545e-09,4.643063190043484e-05,0.0027518788443438792,2.7583869859941668e-12,1.3211078635218407e-06,6.089359066324679e-05,2.7583869859933283e-12,1.3211078635217064e-06,6.089359066323755e-05,1.000000000000304,3.166860690426009e-13,1.753994548125658e-13,1.7753563366519833e-13,0.00340139876652235
Lang_L31.self_attn.o_proj,Base->Stage2,Lang,6.233210349110203e-05,6.020556869472991e-09,4.8608500301423885e-05,0.0028448692919272223,2.890240470306285e-12,1.3516832421640748e-06,6.233198749613743e-05,2.8902404703045786e-12,1.3516832421639037e-06,6.233198749611901e-05,1.0000000000005904,3.1347357813154653e-13,1.738004037030164e-13,1.7622780152144497e-13,0.0034817448449822362
Lang_L31.mlp.gate_proj,Base->Stage1,Lang,9.514060754019802e-06,7.374694755027883e-10,1.1980583114065045e-05,0.001035741332445702,6.01118464037056e-10,1.597568016354991e-05,0.0009351027130274406,6.222625497542822e-14,1.9726981697998373e-07,9.51406502014818e-06,9660.20635942858,0.11640626435115363,0.11640626435115366,5.143974641051003e-13,0.0011844207812462433
Lang_L31.mlp.gate_proj,Stage1->Stage2,Lang,2.9975843856944825e-05,6.753497081680278e-09,5.18828616225945e-05,0.0031343151613561627,5.476753102619199e-09,5.513642493452759e-05,0.00282253857910345,6.177094845439833e-13,6.208932712174676e-07,2.9975776366397067e-05,8866.227959349446,0.35135215196160885,0.3513521519616089,5.11987610461874e-13,0.0037317395166331768
Lang_L31.mlp.gate_proj,Base->Stage2,Lang,3.102872937242469e-05,7.165254315678841e-09,5.402433941123947e-05,0.0032284503356109686,5.811225976806798e-09,5.707433810056921e-05,0.0029074495468353733,6.61865595541931e-13,6.427630441484276e-07,3.102867342462109e-05,8780.069572960061,0.36192179935625834,0.3619217993562583,5.143980308488378e-13,0.00386281660738456
Lang_L31.mlp.up_proj,Base->Stage1,Lang,8.811134906593786e-06,6.382918080198855e-10,1.0568242102391846e-05,0.0008990944562711788,5.178977348555343e-10,1.4588350993992361e-05,0.0008098744356242259,6.130167806509163e-14,1.966800484500583e-07,8.81113521704313e-06,8448.345154689205,0.10804763932183645,0.10804763932183649,5.526643718543781e-13,0.0011755886058242486
Lang_L31.mlp.up_proj,Stage1->Stage2,Lang,2.6098504589307966e-05,5.784490552292162e-09,4.576295919435703e-05,0.00270662178388054,4.681050427318542e-09,5.0088957163521394e-05,0.0024348189582312977,5.378236279932324e-13,5.827361564052757e-07,2.6098464342817143e-05,8703.690547744856,0.32483240540259845,0.3248324054025983,5.760913556872853e-13,0.0034820830538274915
Lang_L31.mlp.up_proj,Base->Stage2,Lang,2.663600805573837e-05,6.119418598926049e-09,4.763306826227254e-05,0.0027838773393862935,4.948908366185502e-09,5.1795377737408486e-05,0.002503512251546269,5.602049431715436e-13,5.947562409229161e-07,2.6635967918836713e-05,8834.10335183363,0.33399712641282053,0.33399712641282037,5.526642269893089e-13,0.003553797315204887
Lang_L31.mlp.down_proj,Base->Stage1,Lang,8.756163661599867e-06,6.19756076164781e-10,1.0595926920230405e-05,0.0009111612324522851,4.960473136901036e-10,1.4424477960241536e-05,0.0008151666202972219,5.72345379688382e-14,1.882882414656742e-07,8.756164809969453e-06,8666.922653593892,0.10574392961568237,5.428579811604794e-13,0.10574392961568241,0.0011359213890195343
Lang_L31.mlp.down_proj,Stage1->Stage2,Lang,2.7435482417916487e-05,5.51006134564983e-09,4.486539607964086e-05,0.0027168329855109504,4.374397914124419e-09,4.859378539579121e-05,0.0024207161482497743,5.618954674314626e-13,5.915737661770026e-07,2.743547532492419e-05,7785.074213395373,0.3140119450747442,5.508344712186828e-13,0.3140119450747441,0.0035591554034116514
Lang_L31.mlp.down_proj,Base->Stage2,Lang,2.821288061508866e-05,5.836379004165464e-09,4.674724749230197e-05,0.0027961242603439214,4.624903678172666e-09,5.026089023162293e-05,0.0024890640400102326,5.941899510958117e-13,6.074381127599023e-07,2.8212877021291958e-05,7783.544083240328,0.32287771439771956,5.428591192427783e-13,0.3228777143977194,0.0036600063424050465
Lang_L32.self_attn.q_proj,Base->Stage1,Lang,2.3326246117587688e-05,7.905936438151153e-10,1.3150606282511142e-05,0.001068233105868976,3.7697394830601647e-13,4.886505764268177e-07,2.3326256296110372e-05,3.7697394830565594e-13,4.886505764265653e-07,2.332625629609921e-05,1.0000000000009563,2.8977881827843655e-13,1.6070834086671607e-13,1.6417475205666884e-13,0.001257435222695072
Lang_L32.self_attn.q_proj,Stage1->Stage2,Lang,7.263843862814363e-05,7.513886305148083e-09,5.617091172686883e-05,0.003293218267353711,3.6555628310543436e-12,1.517365885975552e-06,7.263824329388884e-05,3.655562831057121e-12,1.517365885976097e-06,7.263824329391642e-05,0.9999999999992403,2.87150886338903e-13,1.604348672798473e-13,1.6096107178938624e-13,0.003915678971079499
Lang_L32.self_attn.q_proj,Base->Stage2,Lang,7.438147625528288e-05,7.964851427701069e-09,5.838059147826851e-05,0.0033906038095932443,3.833109432728452e-12,1.5545628499647135e-06,7.438130869038519e-05,3.833109432733333e-12,1.5545628499656245e-06,7.438130869043257e-05,0.9999999999987267,2.8977910924584925e-13,1.6071081796044792e-13,1.6417376490910752e-13,0.004009641658072595
Lang_L32.self_attn.k_proj,Base->Stage1,Lang,3.297480183613409e-05,7.819870016423909e-10,1.4078290396707382e-05,0.0013371794585883155,6.759719327436317e-10,1.7132283159010414e-05,0.001243237957783382,4.755367491630454e-13,5.429931665380814e-07,3.29747849292593e-05,1421.492521731194,0.018819021442894265,2.9492516200293454e-14,0.01881902144289427,0.0004993177456742297
Lang_L32.self_attn.k_proj,Stage1->Stage2,Lang,0.00010490371207345636,6.945299286729147e-09,5.625907197948088e-05,0.003985066442813546,5.739019714131677e-09,5.6513171784005646e-05,0.0036225045740505978,4.81284476124072e-12,1.7216602221437996e-06,0.00010490374947980665,1192.43815224412,0.05482709180974761,3.029052670215492e-14,0.05482709180974761,0.0015884951224921576
Lang_L32.self_attn.k_proj,Base->Stage2,Lang,0.00011007046222656987,7.425704968270522e-09,5.871296837475781e-05,0.004120585494058939,6.1420715299826305e-09,5.881449782922979e-05,0.003747550718156496,5.298601723621166e-12,1.802997970914221e-06,0.00011007044503992412,1159.1872441744915,0.05671922499443488,2.949277934136895e-14,0.05671922499443489,0.0016667313222213994
Lang_L32.self_attn.v_proj,Base->Stage1,Lang,1.5627471794829974e-05,4.894892695769879e-10,8.869465107835817e-06,0.0006972499825508749,4.3406929805149207e-10,1.198516553733401e-05,0.0006565933180040562,2.4589169624244063e-13,3.824999905797914e-07,1.5627476540074265e-05,1765.2865252656393,0.015081386725758634,5.1005191292249265e-14,0.015081386725758632,0.00035905161974228255
Lang_L32.self_attn.v_proj,Stage1->Stage2,Lang,4.104348855201771e-05,3.6776500161644434e-09,3.397509505553842e-05,0.0019111870873513982,3.2312903773139518e-09,3.891900438885739e-05,0.001791455388013395,1.6961126217223766e-12,9.945950712195086e-07,4.104359059293203e-05,1905.1154598641128,0.04114873578192906,4.987216001180031e-14,0.041148735781929055,0.0009430013224898368
Lang_L32.self_attn.v_proj,Base->Stage2,Lang,4.479086325339752e-05,3.9706131861769935e-09,3.5965275142629816e-05,0.0019858516138592745,3.4854613478124354e-09,4.0857960477582585e-05,0.0018605791051354316,2.01997168023818e-12,1.0842548429918123e-06,4.479098821139958e-05,1725.5001057249754,0.04273527382800269,5.100519220194765e-14,0.0427352738280027,0.0010291000496981408
Lang_L32.self_attn.o_proj,Base->Stage1,Lang,1.7448723805586667e-05,5.6189196567055e-10,9.612461218312662e-06,0.0007942157951569753,2.7120838805425386e-13,4.151415147868942e-07,1.744872377522077e-05,2.712083880543747e-13,4.151415147869247e-07,1.744872377522466e-05,0.9999999999995546,3.974645950031645e-13,2.170155949623355e-13,2.1866503613606346e-13,0.0010665507146169918
Lang_L32.self_attn.o_proj,Stage1->Stage2,Lang,5.314305830966178e-05,5.346795345549484e-09,4.2732988836786945e-05,0.002449958409618217,2.5157580444414637e-12,1.260016545401801e-06,5.3143036577196054e-05,2.5157580444432016e-12,1.2600165454024143e-06,5.314303657721434e-05,0.9999999999993092,3.8922050662830843e-13,2.1363765028966608e-13,2.1417975588019045e-13,0.003248361745378782
Lang_L32.self_attn.o_proj,Base->Stage2,Lang,5.466582084818062e-05,5.67183852304422e-09,4.46237950178785e-05,0.002523328891025114,2.661996795706204e-12,1.2966230691912532e-06,5.4665798397842345e-05,2.66199679570637e-12,1.2966230691914425e-06,5.4665798397844066e-05,0.9999999999999376,3.974642892539337e-13,2.170129906007513e-13,2.1866590789524492e-13,0.003341440379270354
Lang_L32.mlp.gate_proj,Base->Stage1,Lang,1.0006224364702085e-05,7.685296359212225e-10,1.2200142352707144e-05,0.0010585918539108988,6.256498378969644e-10,1.6311248997949182e-05,0.0009551331229880431,6.86663774172722e-14,2.0786780408726999e-07,1.0006225965763352e-05,9111.443787037319,0.11875738590602489,0.11875738590602487,5.040412060917903e-13,0.0012442030302100662
Lang_L32.mlp.gate_proj,Stage1->Stage2,Lang,3.064279023017601e-05,6.9884716771795e-09,5.292448764885094e-05,0.0031921874157724455,5.675716030056647e-09,5.619386294123106e-05,0.0028767863259011985,6.439618514213917e-13,6.358802258564912e-07,3.0642722388100926e-05,8813.745748337205,0.3576794733172869,0.3576794733172868,5.085677241328995e-13,0.003810213020264718
Lang_L32.mlp.gate_proj,Base->Stage2,Lang,3.128607723502727e-05,7.412122937280724e-09,5.5080328888986765e-05,0.003287521361463136,6.0180406932067696e-09,5.814352866952866e-05,0.002962271338153632,6.712833712735719e-13,6.494463463424318e-07,3.1286012974691056e-05,8964.978056568309,0.3683083687729005,0.3683083687729005,5.04041615116351e-13,0.0038902018064370346
Lang_L32.mlp.up_proj,Base->Stage1,Lang,8.791759179797834e-06,6.497085958443678e-10,1.0626039360094493e-05,0.0009077405543056803,5.288728895753604e-10,1.4717475144536426e-05,0.0008189890303456608,6.094623281918272e-14,1.9643767638256967e-07,8.791760834841634e-06,8677.69614480419,0.10918667421094605,0.10918667421094609,5.592473652182548e-13,0.001172175445924824
Lang_L32.mlp.up_proj,Stage1->Stage2,Lang,2.710770317362323e-05,6.182509903790853e-09,4.7727174115012954e-05,0.002800169386252943,5.022708522693745e-09,5.20509859024946e-05,0.002523892661308143,5.79402785505307e-13,6.05532307880464e-07,2.7107669513597228e-05,8668.768339305368,0.3364787874731437,0.3364787874731438,5.484708147349219e-13,0.003614177484172751
Lang_L32.mlp.up_proj,Base->Stage2,Lang,2.7802300243651883e-05,6.523877935911704e-09,4.955652559800153e-05,0.0028764366004785887,5.299433499381097e-09,5.373037299084052e-05,0.0025924871726750475,6.094762088076785e-13,6.210910660032581e-07,2.780227095494446e-05,8695.062125145798,0.3456235947020713,0.3456235947020712,5.592467661311481e-13,0.003706786437094059
Lang_L32.mlp.down_proj,Base->Stage1,Lang,8.909833611255195e-06,6.232414970330439e-10,1.0526355754883767e-05,0.0009055027243759166,5.016781048053811e-10,1.4443500143915804e-05,0.0008124079297895496,6.034151116239699e-14,1.9481385867095674e-07,8.909835203337431e-06,8313.979798338423,0.10634210321863687,5.524306943078234e-13,0.10634210321863687,0.001166345660079106
Lang_L32.mlp.down_proj,Stage1->Stage2,Lang,2.78938539830314e-05,5.981426295885846e-09,4.715665390485491e-05,0.0028051969158286194,4.778018597381958e-09,5.0963938294294915e-05,0.0025071764097084593,5.914171114142138e-13,6.101370572385568e-07,2.7893815102312752e-05,8078.931950339786,0.3281805082937209,5.630682982962776e-13,0.32818050829372086,0.003651456485279927
Lang_L32.mlp.down_proj,Base->Stage2,Lang,2.875071631059771e-05,6.310065188377417e-09,4.896026457505698e-05,0.0028812297994259242,5.033650636486824e-09,5.257360511345285e-05,0.0025733716360296283,6.283105231410289e-13,6.289850647350357e-07,2.8750681372984616e-05,8011.40590694354,0.33684463622341027,5.524304900446338e-13,0.33684463622341027,0.0037636250749685774
Lang_L33.self_attn.q_proj,Base->Stage1,Lang,2.4152840324142832e-05,7.540045705048757e-10,1.318550509650171e-05,0.0011119030137951736,3.557766133824101e-13,4.7403867074610407e-07,2.4152862922101564e-05,3.557766133826779e-13,4.7403867074630143e-07,2.4152862922110647e-05,0.9999999999992474,2.5007133494932065e-13,1.4040516005236304e-13,1.4211359134690087e-13,0.001221570821777198
Lang_L33.self_attn.q_proj,Stage1->Stage2,Lang,6.788388851237022e-05,6.2802943732039954e-09,5.1783096936348395e-05,0.0032090021862257335,2.8104352677844385e-12,1.3329178423311474e-06,6.78839032762235e-05,2.810435267783519e-12,1.3329178423309643e-06,6.788390327621235e-05,1.0000000000003273,2.481459846808329e-13,1.4053009130067397e-13,1.4131169693763018e-13,0.003433339465506648
Lang_L33.self_attn.q_proj,Base->Stage2,Lang,7.047026282898946e-05,6.730789334269362e-09,5.415915729299354e-05,0.0033221023740558856,3.028675600731021e-12,1.3835827417877158e-06,7.047034408899014e-05,3.02867560073179e-12,1.3835827417878323e-06,7.04703440889991e-05,0.9999999999997461,2.500750949754164e-13,1.4040651656747743e-13,1.421169197177531e-13,0.0035641529410017966
Lang_L33.self_attn.k_proj,Base->Stage1,Lang,3.295573031647735e-05,7.630073356756958e-10,1.4361015950647982e-05,0.001391603897197618,6.534618031488177e-10,1.716901634718622e-05,0.0012878384372680609,4.279173461854215e-13,5.110270872383969e-07,3.295575195333804e-05,1527.0748170738214,0.018503340590468095,2.743261184563642e-14,0.018503340590468098,0.00047365803022524837
Lang_L33.self_attn.k_proj,Stage1->Stage2,Lang,8.973064827945709e-05,6.2248888934847405e-09,5.446581043688781e-05,0.003974799511787007,5.336486570273677e-09,5.55146264117394e-05,0.0036802484300387864,3.1723350642181807e-12,1.3927480745532069e-06,8.973026523077339e-05,1682.19512196731,0.052876518334455835,2.798270709866113e-14,0.052876518334455835,0.0012896577864491112
Lang_L33.self_attn.k_proj,Base->Stage2,Lang,9.48915572599873e-05,6.643040360975636e-09,5.6652030318460334e-05,0.004106131666188956,5.683929833547739e-09,5.753633250818568e-05,0.003798164582611142,3.5477512253751333e-12,1.472339523614244e-06,9.489121448016159e-05,1602.1218717066977,0.0545695860126436,2.7429651686095792e-14,0.05456958601264361,0.0013638340787828548
Lang_L33.self_attn.v_proj,Base->Stage1,Lang,9.254157014805991e-06,4.1729201589603905e-10,7.1085292513428655e-06,0.0004447832260533014,3.711852251884506e-10,1.0343669455741082e-05,0.0004194920196870604,1.8064130068548844e-13,3.2496305610028276e-07,9.254157542520821e-06,2054.8192676862695,0.013946790658982166,7.640233785671099e-14,0.013946790658982158,0.0003077467566909412
Lang_L33.self_attn.v_proj,Stage1->Stage2,Lang,3.3826711413119655e-05,4.6065744036954835e-09,3.492367520485651e-05,0.0014778048077152242,4.031555166914387e-09,4.182863110658346e-05,0.0013824974328223198,2.4135862944351395e-12,1.1941905746378546e-06,3.3826685494898e-05,1670.3588250437535,0.04596120792642252,7.318803012012036e-14,0.045961207926422526,0.0011249063654975068
Lang_L33.self_attn.v_proj,Base->Stage2,Lang,3.439652505777954e-05,4.838973208587677e-09,3.627092896107964e-05,0.0015146233188324853,4.236227193985976e-09,4.3202045635419364e-05,0.0014171559742017338,2.4955855565845177e-12,1.2158929349356397e-06,3.4396500664243334e-05,1697.4882639502518,0.047113615068320985,7.640191827709397e-14,0.04711361506832097,0.0011438555679326755
Lang_L33.self_attn.o_proj,Base->Stage1,Lang,1.6034667927594234e-05,5.248600333188173e-10,9.026244636948372e-06,0.0007344808381683784,2.501512359197923e-13,3.9839977405518266e-07,1.6034670672820122e-05,2.5015123591894963e-13,3.983997740545193e-07,1.6034670672793115e-05,1.0000000000033686,4.518555000191549e-13,2.4439009328761627e-13,2.449637869008197e-13,0.0010243096843336951
Lang_L33.self_attn.o_proj,Stage1->Stage2,Lang,5.5610756942529406e-05,5.967240569223384e-09,4.5304546553950886e-05,0.0024765388861746635,3.0088475006661714e-12,1.371892935371592e-06,5.5610713412028384e-05,3.008847500663732e-12,1.3718929353706928e-06,5.561071341200583e-05,1.0000000000008107,4.2578583453549295e-13,2.3152841334486843e-13,2.3345493911690106e-13,0.003552466904479742
Lang_L33.self_attn.o_proj,Base->Stage2,Lang,5.685619480689432e-05,6.2580596937248454e-09,4.689573777110281e-05,0.002536169228466257,3.145127770623994e-12,1.4004914405125058e-06,5.6856160035504325e-05,3.1451277706235104e-12,1.4004914405125022e-06,5.685616003549992e-05,1.0000000000001537,4.5185232108328856e-13,2.443898085223474e-13,2.449626852213011e-13,0.0036320272560702613
Lang_L33.mlp.gate_proj,Base->Stage1,Lang,1.0390086882804898e-05,7.689525103677745e-10,1.22909733584343e-05,0.0010736384594010274,6.263244531667377e-10,1.636463656062865e-05,0.0009689647644694584,7.201480156733268e-14,2.1287726348159475e-07,1.0390087018115057e-05,8697.162798971742,0.11882109359624869,0.11882109359624866,4.929198113801423e-13,0.0012741779076007197
Lang_L33.mlp.gate_proj,Stage1->Stage2,Lang,3.085494302626869e-05,6.802690936435071e-09,5.2161387636485916e-05,0.0031933562703781314,5.528737950525318e-09,5.543360489138003e-05,0.0028788564275999393,6.350865223258804e-13,6.323694685396597e-07,3.085485087822966e-05,8705.487766103735,0.35301957273591267,0.3530195727359125,4.922251420709578e-13,0.003783865012462682
Lang_L33.mlp.gate_proj,Base->Stage2,Lang,3.1673452750501925e-05,7.2285144514737336e-09,5.436872756143541e-05,0.0032917855194919926,5.874987895646471e-09,5.743177359831747e-05,0.0029676350495744467,6.692281915461216e-13,6.491809076293109e-07,3.167335857048406e-05,8778.75135844689,0.3639060715656327,0.3639060715656329,4.929223767332787e-13,0.0038842421826968208
Lang_L33.mlp.up_proj,Base->Stage1,Lang,8.465490667686744e-06,6.521955646986469e-10,1.0638788834720726e-05,0.0008977632199050469,5.310237722279939e-10,1.4724471939288234e-05,0.0008100836562918518,5.799073415172323e-14,1.9147178896464798e-07,8.465491771565308e-06,9157.045172745311,0.10940878816924335,0.10940878816924333,5.608325027907793e-13,0.0011434007955036418
Lang_L33.mlp.up_proj,Stage1->Stage2,Lang,2.5742466708217237e-05,6.2100694805085945e-09,4.76466729198744e-05,0.0027702616110478924,5.0474773609356135e-09,5.204220199926949e-05,0.002497524424248682,5.362342414153275e-13,5.821844683094392e-07,2.5742446893623038e-05,9412.8218064057,0.33730972170513307,0.3373097217051331,5.912946942415084e-13,0.0034769340880171757
Lang_L33.mlp.up_proj,Base->Stage2,Lang,2.6553564800894227e-05,6.559650865522073e-09,4.948726316925273e-05,0.002847166837922043,5.331651338346336e-09,5.3746935600539544e-05,0.0025668673433639653,5.705582671970276e-13,6.006732452035348e-07,2.655354782445818e-05,9344.622004232895,0.34667466789169404,0.34667466789169404,5.608296286981043e-13,0.0035864863961911813
Lang_L33.mlp.down_proj,Base->Stage1,Lang,8.628409647745251e-06,6.13404121097901e-10,1.0343201424888969e-05,0.000888511458821904,4.954470246649405e-10,1.431431986383619e-05,0.0007985246015278227,5.784717760939998e-14,1.9073098091661869e-07,8.62841004197916e-06,8564.757091700045,0.1056798759174937,5.479751749071467e-13,0.10567987591749368,0.0011419846694866414
Lang_L33.mlp.down_proj,Stage1->Stage2,Lang,2.7807707985456468e-05,6.078417632371445e-09,4.7412486813471166e-05,0.002796949789579713,4.871894627341852e-09,5.1419421617883676e-05,0.00250402318248551,6.008291730590484e-13,6.137247570844045e-07,2.7807689649434307e-05,8108.61863204344,0.33138932527421733,5.386119715255223e-13,0.33138932527421744,0.0036803972062598926
Lang_L33.mlp.down_proj,Base->Stage2,Lang,2.8788390388361265e-05,6.396267626249569e-09,4.912992234297721e-05,0.002869146442723935,5.122406387253398e-09,5.2977064726165547e-05,0.0025675943847022495,6.439548664683119e-13,6.356206095665327e-07,2.878837272102283e-05,7954.604668719378,0.33980189340860456,5.479747948675801e-13,0.3398018934086045,0.003810192355817533
Lang_L34.self_attn.q_proj,Base->Stage1,Lang,2.668461024258033e-05,7.786827080129843e-10,1.2886161301340487e-05,0.0011979572197575448,3.8636672570331266e-13,4.957873123752175e-07,2.6684612630000648e-05,3.8636672570379684e-13,4.957873123754833e-07,2.6684612630017378e-05,0.9999999999987469,2.814173514823859e-13,1.5495075775666073e-13,1.5621780494331278e-13,0.001273004125321807
Lang_L34.self_attn.q_proj,Stage1->Stage2,Lang,8.74391413355923e-05,8.558467062589018e-09,6.0886840864197295e-05,0.003971510988740997,4.148486492124287e-12,1.6207774411717482e-06,8.743848352398795e-05,4.1484864921233974e-12,1.6207774411716008e-06,8.743848352397859e-05,1.0000000000002145,2.9572320167271486e-13,1.6200559046290235e-13,1.624123462108357e-13,0.004171332339655897
Lang_L34.self_attn.q_proj,Base->Stage2,Lang,8.942277444131736e-05,9.018151598987909e-09,6.305987476296071e-05,0.0040767731176423495,4.338846343104917e-12,1.6574875000350885e-06,8.942210970715902e-05,4.338846343101184e-12,1.6574875000344202e-06,8.942210970712052e-05,1.0000000000008604,2.814175260951732e-13,1.5494909253700763e-13,1.5622044192769536e-13,0.004265963029874341
Lang_L34.self_attn.k_proj,Base->Stage1,Lang,3.780499767859311e-05,8.252670328793033e-10,1.4222072480085668e-05,0.0014410855342503117,6.927349901838302e-10,1.7480612964444896e-05,0.0013203104864978432,5.679525259003483e-13,5.952230064885583e-07,3.780493782006183e-05,1219.7058003847596,0.019049779688638125,3.21393626350468e-14,0.019049779688638115,0.0005456836940016092
Lang_L34.self_attn.k_proj,Stage1->Stage2,Lang,0.00015229848826451515,8.212607456709633e-09,6.306303820924342e-05,0.004545996793711035,6.565770883138025e-09,6.203528261734414e-05,0.004064727674532914,9.217351812169387e-12,2.376329135987549e-06,0.00015229711435287366,712.3272515723485,0.05862860831453546,3.147204146034538e-14,0.05862860831453546,0.0021983054716982952
Lang_L34.self_attn.k_proj,Base->Stage2,Lang,0.00016033801084122787,8.750287354390463e-09,6.555770465194177e-05,0.004692451041951394,6.988478099016496e-09,6.424896919974063e-05,0.00419353137630204,1.0216134141639586e-11,2.5048737497009053e-06,0.0001603363105346387,684.0628756559099,0.06048484713367195,3.213993169339923e-14,0.06048484713367195,0.0023143458118552503
Lang_L34.self_attn.v_proj,Base->Stage1,Lang,1.5364554784592053e-05,5.120236119481487e-10,8.527749431941345e-06,0.0006234928020798043,4.4402936847723773e-10,1.2213309534975056e-05,0.0005806204091946457,3.1093296190696256e-13,4.313780782796079e-07,1.5364549524118918e-05,1428.0549921564775,0.015252416107037953,5.875006638630783e-14,0.015252416107037965,0.00040375539715560154
Lang_L34.self_attn.v_proj,Stage1->Stage2,Lang,5.5821437973411674e-05,6.035078718208061e-09,4.3652533373704505e-05,0.0021405463434338075,5.0459344151475745e-09,4.9806149391358656e-05,0.001957284541158284,4.104205899545056e-12,1.5894301246073914e-06,5.5821015821389906e-05,1229.454500737136,0.05141366991495915,6.136002628279977e-14,0.051413669914959166,0.0014668966912024439
Lang_L34.self_attn.v_proj,Base->Stage2,Lang,5.9430638513202345e-05,6.324510313134689e-09,4.5164307095911516e-05,0.002191273657326934,5.280653934330349e-09,5.128147034869254e-05,0.002002290186528893,4.652084512964337e-12,1.695930379986384e-06,5.943016871891405e-05,1135.115649686571,0.052594052909334,5.875183568021553e-14,0.05259405290933398,0.0015617400824506765
Lang_L34.self_attn.o_proj,Base->Stage1,Lang,1.8374269099509566e-05,5.621434842796833e-10,9.776257272114605e-06,0.0008544258308674071,2.599675482164443e-13,4.065764688290423e-07,1.8374280753101574e-05,2.5996754821648107e-13,4.0657646882908943e-07,1.8374280753102895e-05,0.9999999999998587,3.292080730922312e-13,1.816398133905668e-13,1.825800473815425e-13,0.0010442140237300883
Lang_L34.self_attn.o_proj,Stage1->Stage2,Lang,5.69275064964885e-05,5.3604812534259555e-09,4.355185002013692e-05,0.0026384605752635603,2.495414908777818e-12,1.2596697771282147e-06,5.692723642009363e-05,2.495414908777107e-12,1.2596697771280135e-06,5.692723642008554e-05,1.0000000000002849,3.33897032095827e-13,1.846011787700289e-13,1.8481623475791373e-13,0.0032352014981363157
Lang_L34.self_attn.o_proj,Base->Stage2,Lang,5.8808410511347426e-05,5.669906426810121e-09,4.5329614105972874e-05,0.0027135427264470455,2.663041141554813e-12,1.3010679229234711e-06,5.880816880970746e-05,2.6630411415560016e-12,1.301067922923787e-06,5.8808168809720586e-05,0.9999999999995537,3.292109415615885e-13,1.816428281535509e-13,1.825822128055567e-13,0.003342095766460456
Lang_L34.mlp.gate_proj,Base->Stage1,Lang,1.0165352181949277e-05,7.401484868396921e-10,1.193030978705368e-05,0.0010488917166667966,6.026778883249337e-10,1.5996136133587476e-05,0.0009464852642494314,6.951885336896446e-14,2.0932923700604823e-07,1.016535448882635e-05,8669.272565907844,0.11655646932610818,0.11655646932610825,5.031276264229066e-13,0.001251902442520834
Lang_L34.mlp.gate_proj,Stage1->Stage2,Lang,3.0614423710593604e-05,6.834348853208881e-09,5.214467775931065e-05,0.0031872710643077134,5.554440194510266e-09,5.549543392136377e-05,0.002873363534695495,6.305357591753724e-13,6.305756765287173e-07,3.0614367352259135e-05,8809.080395019113,0.35384010287824846,0.35384010287824835,4.991073660612334e-13,0.0037702838461555086
Lang_L34.mlp.gate_proj,Base->Stage2,Lang,3.220412528074951e-05,7.243282743744603e-09,5.425096598884563e-05,0.0032812411362895255,5.8872743145488106e-09,5.74127994378403e-05,0.0029582002157988183,6.977193318766308e-13,6.633614342115226e-07,3.2204073304109993e-05,8437.883322960279,0.36428601009186923,0.36428601009186923,5.031317027623641e-13,0.0039660625993610124
Lang_L34.mlp.up_proj,Base->Stage1,Lang,8.897677863698463e-06,6.253125550957038e-10,1.0305954985585786e-05,0.0008849735958908996,5.10235464192584e-10,1.4375729813999236e-05,0.0007994053668085439,6.32106425675332e-14,1.9987841320509913e-07,8.897681209134734e-06,8071.986669767783,0.10724506455643665,0.10724506455643663,5.667828116297383e-13,0.001193752486459908
Lang_L34.mlp.up_proj,Stage1->Stage2,Lang,2.5917438257233573e-05,6.2010947382926076e-09,4.745473818990156e-05,0.0027868648065070417,5.042977993773734e-09,5.198643119040195e-05,0.002513189603599877,5.363158934435132e-13,5.831449704509914e-07,2.5917437004372033e-05,9402.999343156478,0.337159336719677,0.33715933671967696,5.793126473121211e-13,0.0034771987931514164
Lang_L34.mlp.up_proj,Base->Stage2,Lang,2.658187237419776e-05,6.527611685377212e-09,4.917893040189878e-05,0.00285929439925881,5.309007765346021e-09,5.3582512916694065e-05,0.0025786262432666686,5.641673980856616e-13,5.979658302338262e-07,2.6581881083699745e-05,9410.341298275296,0.34593773605549877,0.34593773605549855,5.667842175555113e-13,0.003566343570482801
Lang_L34.mlp.down_proj,Base->Stage1,Lang,8.72825122768576e-06,5.673792039836217e-10,9.800775435241266e-06,0.0008651583379151311,4.552839861185614e-10,1.3682771558627051e-05,0.0007749971015699889,5.774799882405303e-14,1.902842053612692e-07,8.728253681544648e-06,7883.978586093062,0.10130538557268672,5.584121136387736e-13,0.10130538557268665,0.0011410052851415725
Lang_L34.mlp.down_proj,Stage1->Stage2,Lang,2.8157196320622223e-05,5.865526252461348e-09,4.633810804751596e-05,0.0027817123518429137,4.664078688545046e-09,5.0262762348122476e-05,0.002480513882314698,6.009814070622354e-13,6.131225684459804e-07,2.8157185732741936e-05,7760.770356181836,0.32424377430793655,5.409241711519588e-13,0.32424377430793655,0.0036808634337165197
Lang_L34.mlp.down_proj,Base->Stage2,Lang,2.900446722828654e-05,6.1542781210769626e-09,4.791522662195081e-05,0.0028493597611841904,4.883441589375692e-09,5.1663926326306984e-05,0.0025381759589198413,6.376938778505267e-13,6.316460738732724e-07,2.900446447615071e-05,7657.97157381579,0.3317804981044748,5.584103203732005e-13,0.3317804981044746,0.0037916244087081398
Lang_L35.self_attn.q_proj,Base->Stage1,Lang,3.1041730276169346e-05,1.1238730705652563e-09,1.613920972750281e-05,0.0014407115183154692,5.217409520350134e-13,5.758410191758131e-07,3.10417258416824e-05,5.21740952035892e-13,5.758410191763351e-07,3.104172584170853e-05,0.999999999998316,2.9619399079633903e-13,1.620643613232756e-13,1.6392868551136697e-13,0.0014793039451336388
Lang_L35.self_attn.q_proj,Stage1->Stage2,Lang,8.546959277305154e-05,7.976684108920577e-09,5.9306181490975315e-05,0.0038381893743463873,3.955364195412904e-12,1.5810636820217687e-06,8.546896424281515e-05,3.955364195414082e-12,1.5810636820220328e-06,8.546896424282785e-05,0.9999999999997022,2.9986132088191596e-13,1.6401792444144574e-13,1.6471432579602546e-13,0.004073082354468427
Lang_L35.self_attn.q_proj,Base->Stage2,Lang,9.02438813311795e-05,8.708150890263976e-09,6.25693343800221e-05,0.004010312120586209,4.409594111102941e-12,1.669111484952363e-06,9.024320479984246e-05,4.4095941111033665e-12,1.6691114849524993e-06,9.024320479984677e-05,0.9999999999999034,2.962037821600921e-13,1.6206940239801055e-13,1.6393193217933794e-13,0.004300602076288539
Lang_L35.self_attn.k_proj,Base->Stage1,Lang,4.2696966076858714e-05,1.10585415176929e-09,1.7167036780119105e-05,0.0016468708433045518,9.063728738853959e-10,2.0369823200911535e-05,0.0014909533805302906,7.433155654957942e-13,6.76034490641642e-07,4.2696986878878306e-05,1219.3648511596039,0.02179031627192566,3.264500164001228e-14,0.021790316271925663,0.000624268717142433
Lang_L35.self_attn.k_proj,Stage1->Stage2,Lang,0.00014898141419372586,8.560703973392028e-09,6.44864860346317e-05,0.0045819627775245154,6.532159796685228e-09,6.228330420167843e-05,0.004002443566711652,9.04988282690081e-12,2.369670207419684e-06,0.00014897668120139574,721.7949581919844,0.05846128909075449,3.244773820526668e-14,0.05846128909075449,0.0021782435510176936
Lang_L35.self_attn.k_proj,Base->Stage2,Lang,0.000155401911683262,9.317928561769679e-09,6.777641267730061e-05,0.004780314887489274,7.076201553182702e-09,6.503219299397956e-05,0.004165785598893717,9.84672725312446e-12,2.4729089023484494e-06,0.00015539705042751453,718.6348693610211,0.060847180402288634,3.264811927962331e-14,0.06084718040228862,0.0022721181611188527
Lang_L35.self_attn.v_proj,Base->Stage1,Lang,4.0932334526692724e-05,5.173859244854173e-10,8.640912855975569e-06,0.0006448904944288919,4.462390483734707e-10,1.2297076976996703e-05,0.0005989112295805138,2.0843777283667797e-12,9.81467880634606e-07,4.093236921191586e-05,214.08741913737614,0.015259796553370137,5.896298001124357e-14,0.015259796553370144,0.0010453775540205377
Lang_L35.self_attn.v_proj,Stage1->Stage2,Lang,0.0002343047983680302,6.953045139135343e-09,4.788817207002083e-05,0.0023640696518397878,5.589517706063359e-09,5.310295228907912e-05,0.0021196292871179944,6.829753411862718e-11,5.105805660798923e-06,0.0002343016005547058,81.84069568829275,0.05380676204490008,5.879748841831542e-14,0.053806762044900085,0.005983943312564618
Lang_L35.self_attn.v_proj,Base->Stage2,Lang,0.00024032257763078666,7.264218209408023e-09,4.9371413722562596e-05,0.002416390859159393,5.831785790249917e-09,5.4511600734774005e-05,0.002165077890793083,7.185095441665763e-11,5.492315210320834e-06,0.0002403195013270401,81.1650427972311,0.05495698650262263,5.896119701923033e-14,0.0549569865026226,0.006137637427316852
Lang_L35.self_attn.o_proj,Base->Stage1,Lang,1.836916511849274e-05,5.402750136688844e-10,9.474540629626771e-06,0.0008266816980314756,2.6675790668844684e-13,4.113724617744553e-07,1.8369169928905277e-05,2.6675790668816926e-13,4.113724617741877e-07,1.836916992889572e-05,1.0000000000010405,3.5269496669519347e-13,1.9346842427586508e-13,1.9582119363885636e-13,0.0010577635629259573
Lang_L35.self_attn.o_proj,Stage1->Stage2,Lang,0.00020263436297506636,6.306743214199352e-09,4.801655587882356e-05,0.002824407925001813,3.246118936598035e-11,3.4974801270505183e-06,0.00020263154752167675,3.246118936599914e-11,3.497480127051439e-06,0.00020263154752173543,0.9999999999994211,3.545560389334076e-13,1.9488957238238882e-13,1.960681448108391e-13,0.011668423046948874
Lang_L35.self_attn.o_proj,Base->Stage2,Lang,0.00020438996179013993,6.618372443702327e-09,4.960919688349816e-05,0.0028933465124572075,3.302612267057128e-11,3.5331809355485867e-06,0.0002043871754679678,3.30261226705511e-11,3.5331809355480107e-06,0.0002043871754679053,1.000000000000611,3.5269637569883926e-13,1.9346868544498587e-13,1.9582088813200312e-13,0.011769519889170634
Lang_L35.mlp.gate_proj,Base->Stage1,Lang,9.674651366890964e-06,7.137106118509511e-10,1.1620040996862959e-05,0.001014306802588658,5.790440649136099e-10,1.566406803194931e-05,0.0009136167818502439,6.49313706073234e-14,2.020956702612902e-07,9.674656320682344e-06,8917.785956119975,0.11424842084777159,0.11424842084777165,5.17853634628578e-13,0.0012098916284600917
Lang_L35.mlp.gate_proj,Stage1->Stage2,Lang,3.300498338690129e-05,6.671601187862787e-09,5.118966769560546e-05,0.003101149810933622,5.399658419982777e-09,5.466245640934647e-05,0.00278991422838421,7.556879807641653e-13,6.814614678676114e-07,3.300494135889083e-05,7145.354375654546,0.34887165947618154,0.34887165947618143,5.204969868902588e-13,0.004127531952938946
Lang_L35.mlp.gate_proj,Base->Stage2,Lang,3.4412589089170336e-05,7.0581638417261825e-09,5.32002751421083e-05,0.0031897274495760776,5.710149826494465e-09,5.648429618601458e-05,0.0028690060225001757,8.215209064550954e-13,7.092750660133911e-07,3.4412562889264986e-05,6950.705431385859,0.3587606406119357,0.3587606406119356,5.178536735984829e-13,0.0043035662861343
Lang_L35.mlp.up_proj,Base->Stage1,Lang,8.763390313819016e-06,5.976942254771015e-10,1.0109080629396086e-05,0.0008809839542723539,4.870469183811959e-10,1.4059166611769891e-05,0.0007952686606233665,5.91408881639673e-14,1.921356778805402e-07,8.763395044943703e-06,8235.36699399686,0.10477986456004537,0.10477986456004534,5.395998945923585e-13,0.0011546838930501862
Lang_L35.mlp.up_proj,Stage1->Stage2,Lang,2.6910004685751002e-05,5.800749101283397e-09,4.582687171128982e-05,0.0027445508910542995,4.700309371306857e-09,5.01680523066726e-05,0.002470543296556215,5.576614321911231e-13,5.905249993454889e-07,2.6910052949815412e-05,8428.607574382077,0.3255011056105707,0.3255011056105706,5.425414657341816e-13,0.0035457204443253365
Lang_L35.mlp.up_proj,Base->Stage2,Lang,2.8057315674573794e-05,6.10314496145053e-09,4.747781090056471e-05,0.002815179492234505,4.944857271291049e-09,5.1693150350260394e-05,0.0025339971828725895,6.062276893821067e-13,6.135137281740454e-07,2.8057381143797854e-05,8156.7657794236675,0.3338602901391514,0.33386029013915147,5.395957462328827e-13,0.003696894618576908
Lang_L35.mlp.down_proj,Base->Stage1,Lang,1.3628350985327716e-05,5.518541966066198e-10,9.917177164237851e-06,0.0009144485075977602,4.371519625707376e-10,1.3583583154561893e-05,0.0008138854731821059,1.2257236076605773e-13,2.0962023464322813e-07,1.3628352435485539e-05,3566.4807289229598,0.0992600585164765,5.18729138701904e-13,0.09926005851647648,0.001662323184250446
Lang_L35.mlp.down_proj,Stage1->Stage2,Lang,3.368522317631032e-05,5.192073370175965e-09,4.372177779546252e-05,0.0028048993985354395,4.066163740530252e-09,4.7041360107413905e-05,0.002482214512853989,7.48832520288541e-13,5.954222881193512e-07,3.3685207519428155e-05,5430.004213710527,0.3027375238698355,5.113895068897693e-13,0.30273752386983543,0.004108767198208324
Lang_L35.mlp.down_proj,Base->Stage2,Lang,3.17508421769237e-05,5.461217689108309e-09,4.527918791361116e-05,0.002876680457284413,4.2673844231424964e-09,4.840451979837821e-05,0.002542891105063917,6.652983241609135e-13,6.143256306174787e-07,3.175083079750735e-05,6414.241954576693,0.3101415797206513,5.187308064791765e-13,0.31014157972065143,0.0038728207929673306
Vis_L0.attn.qkv,Base->Stage1,Vis,4.702899063515987e-05,8.739323199396147e-10,1.6309100979737443e-05,0.0014912270167862388,3.6853211676876235e-10,1.4554085725931968e-05,0.0009683726915494301,8.691893107884833e-13,6.725882700025915e-07,4.7028600093632925e-05,423.99522427910347,0.042507274931897446,0.04250727493189744,1.0352588216092011e-13,0.002066939597663065
Vis_L0.attn.qkv,Stage1->Stage2,Vis,0.00014577505391367429,7.811030394958299e-09,6.278680446876923e-05,0.004458138396386764,2.826437932065638e-09,4.112043399289646e-05,0.002681755061344894,8.351350204458237e-12,2.0820209856145634e-06,0.00014577321439348425,338.44083446013184,0.1175416071236063,0.11754160712360628,1.0372596574396339e-13,0.006406914743068856
Vis_L0.attn.qkv,Base->Stage2,Vis,0.0001575199077258968,8.20766719472976e-09,6.453146523938358e-05,0.004569926883754027,2.8898632808092208e-09,4.152708689240981e-05,0.002711677458260332,9.751107823571833e-12,2.242972228013986e-06,0.0001575166119269292,296.36256034657026,0.11881045674010463,0.11881045674010463,1.0352563144634684e-13,0.006923051724089629
Vis_L0.attn.proj,Base->Stage1,Vis,8.647447310529901e-05,1.0158007012494368e-09,1.9459114678568312e-05,0.00246742036005556,1.2476352814815872e-12,8.507432866151202e-07,8.647343554872966e-05,1.247635281481645e-12,8.507432866153402e-07,8.647343554873164e-05,0.9999999999999537,7.558444353053652e-14,4.392572962413799e-14,4.3853861871571705e-14,0.0014297292209294482
Vis_L0.attn.proj,Stage1->Stage2,Vis,0.0002253148170810099,7.180873809045448e-09,6.32879963283628e-05,0.006560170582105503,8.470357205671889e-12,2.251642275447566e-06,0.00022530838140816557,8.470357205669423e-12,2.2516422754473095e-06,0.0002253083814081328,1.000000000000291,7.679881017001505e-14,4.4028119610922884e-14,4.4245796751940537e-14,0.0037252963970359175
Vis_L0.attn.proj,Base->Stage2,Vis,0.00023252984216460477,7.704468405843569e-09,6.58049282192863e-05,0.006795130851489073,9.021301387455247e-12,2.3018642340026813e-06,0.0002325204104990305,9.021301387458666e-12,2.3018642340031167e-06,0.00023252041049907465,0.9999999999996211,7.55886903046132e-14,4.392845690806353e-14,4.385561212709154e-14,0.0038445416102849354
Vis_L0.mlp.gate_proj,Base->Stage1,Vis,3.923252477410467e-05,9.376647664103238e-10,1.6539288446158254e-05,0.00173634631646188,4.991812026067406e-10,1.6936311996573794e-05,0.0012668980360556312,4.787082131667003e-13,5.432471580789949e-07,3.923268133592542e-05,1042.7671572722966,0.0467220992603294,0.046722099260329386,9.90377446908397e-14,0.001447616342115047
Vis_L0.mlp.gate_proj,Stage1->Stage2,Vis,0.00013750451152549307,8.26006606387519e-09,6.542719180129695e-05,0.005153317372334329,4.147934911509812e-09,5.083568267881063e-05,0.0036518345722190743,5.880426044398117e-12,1.8912355935833315e-06,0.00013749899553674305,705.3799980124346,0.1345679170847282,0.13456791708472826,9.678658935867546e-14,0.0050736725408679255
Vis_L0.mlp.gate_proj,Base->Stage2,Vis,0.00014134356756383988,8.781374030738514e-09,6.779963464130863e-05,0.00531344717412859,4.339704633693186e-09,5.2045445336417476e-05,0.003735297655618262,6.213416424869209e-12,1.9466607821751996e-06,0.00014133846159632442,698.4409762596164,0.1376315551390868,0.1376315551390868,9.904333568979977e-14,0.005215347710508614
Vis_L0.mlp.up_proj,Base->Stage1,Vis,3.7182970949165176e-05,9.308444611748257e-10,1.630938682427441e-05,0.0016921954102615394,4.698595691995388e-10,1.647115209388325e-05,0.0012022533376215556,4.494342190311651e-13,5.28645361650544e-07,3.7183050903661175e-05,1045.4468069040317,0.045329566542503946,0.045329566542503946,1.0274711965359718e-13,0.001402655780022607
Vis_L0.mlp.up_proj,Stage1->Stage2,Vis,0.00013525514975931105,8.146633133686183e-09,6.449999637640282e-05,0.00500599030646227,3.939373186979774e-09,4.945864967783337e-05,0.0034810838707911894,5.9468052003345374e-12,1.8393022891019688e-06,0.00013525171508516607,662.4352159304234,0.13113572582511382,0.1311357258251138,1.0440201723555138e-13,0.005102228380324081
Vis_L0.mlp.up_proj,Base->Stage2,Vis,0.00013280541583157173,8.621986821876313e-09,6.668956080440365e-05,0.005149968848575744,4.1037084286531844e-09,5.052369211159659e-05,0.003552950630337631,5.733364236738867e-12,1.8393738544601798e-06,0.00013280232893027465,715.7592399863594,0.13384102201096698,0.13384102201096695,1.0274711997744027e-13,0.005009827869572771
Vis_L0.mlp.down_proj,Base->Stage1,Vis,5.670839483852197e-05,9.783040427862283e-10,1.6762314303424473e-05,0.0017615642557607912,4.483939833117321e-10,1.615840137635648e-05,0.0011925907965332175,1.0138509048496243e-12,7.588082001926813e-07,5.6708559009184747e-05,442.26816898510185,0.04425427998829265,9.774917453866924e-14,0.044254279988292664,0.002106711589437367
Vis_L0.mlp.down_proj,Stage1->Stage2,Vis,0.00015671150612288874,8.44734431703088e-09,6.61445273566953e-05,0.005176206053355392,3.511241361808096e-09,4.67804458005564e-05,0.0033371966574700746,7.742454085937936e-12,2.109794240536078e-06,0.000156707859061082,453.50496403786383,0.12383815049863195,9.572938081491368e-14,0.12383815049863198,0.0058218010105638195
Vis_L0.mlp.down_proj,Base->Stage2,Vis,0.00016263144334186425,9.019681451524506e-09,6.873751722599065e-05,0.005348685445704981,3.641033224625051e-09,4.768129974602368e-05,0.00339831614661626,8.338509286300355e-12,2.2092744871452344e-06,0.0001626281293149573,436.65277564744565,0.12610003493318664,9.775298344194688e-14,0.12610003493318664,0.006041742981268604
Vis_L1.attn.qkv,Base->Stage1,Vis,6.667224624141327e-05,9.729333429520753e-10,1.8056406188643828e-05,0.002084958139534364,3.3859627650019963e-10,1.4100045844134413e-05,0.0012299767022888432,9.94915763512026e-13,7.616071486788327e-07,6.667283962160618e-05,340.3265773023476,0.04073437359477025,0.040734373594770244,7.505295305277392e-14,0.002211381912021148
Vis_L1.attn.qkv,Stage1->Stage2,Vis,0.00024730682374953504,8.145160251006993e-09,6.677584451878715e-05,0.0060325158163168835,2.1866046652865117e-09,3.640157372572646e-05,0.003125602803941215,1.3688649602451317e-11,2.77123884185097e-06,0.0002473027558394748,159.73852270241048,0.10329746250479842,0.1032974625047984,7.628892959936141e-14,0.008202588038294299
Vis_L1.attn.qkv,Base->Stage2,Vis,0.00026116952490266355,8.717350260543869e-09,6.9401360551448e-05,0.006240809136706443,2.2131057581202785e-09,3.6545182132083886e-05,0.0031444865156315138,1.5266558131849284e-11,2.9224579823547e-06,0.0002611675533268892,144.96428985543702,0.10387924898130249,0.10387924898130249,7.505625380402911e-14,0.008662458457601146
Vis_L1.attn.proj,Base->Stage1,Vis,7.784075270726636e-05,9.732090772082268e-10,1.8776076416759935e-05,0.0023902699882876926,1.0321182436181382e-12,7.869486307493328e-07,7.784103654612268e-05,1.032118243619678e-12,7.869486307498659e-07,7.784103654618078e-05,0.9999999999985083,6.881906310567636e-14,4.0660041147730196e-14,4.0613873680726465e-14,0.0013003932214320718
Vis_L1.attn.proj,Stage1->Stage2,Vis,0.00022940265757636684,7.474867401969227e-09,6.471885925746435e-05,0.006624143504770059,8.964150170226996e-12,2.2952007748653214e-06,0.00022939426050217312,8.96415017023396e-12,2.2952007748660473e-06,0.00022939426050226226,0.9999999999992232,6.865059912703108e-14,4.0106098470067157e-14,4.1053245189722886e-14,0.0038323444050491237
Vis_L1.attn.proj,Base->Stage2,Vis,0.00023489411682882676,8.041974443043839e-09,6.735515980732743e-05,0.0068708320082195165,9.398524547959934e-12,2.3462373451763937e-06,0.00023488637523258558,9.39852454796637e-12,2.34623734517706e-06,0.00023488637523266605,0.9999999999993153,6.882318055853385e-14,4.066438526726948e-14,4.061412571564865e-14,0.003924097682192443
Vis_L1.mlp.gate_proj,Base->Stage1,Vis,3.878341213101913e-05,9.898142602229937e-10,1.743184123300016e-05,0.0018861962353531132,5.590426210643416e-10,1.7957121310248238e-05,0.0014175307225805902,4.184785776571935e-13,5.088352057974539e-07,3.8783467561311463e-05,1335.8930442606656,0.04945025923741206,0.04945025923741205,8.866469889117376e-14,0.0013534887593002498
Vis_L1.mlp.gate_proj,Stage1->Stage2,Vis,0.00013140984173997037,8.407667849992862e-09,6.682233679650077e-05,0.005497208316087341,4.5815327540373115e-09,5.3518006670974454e-05,0.0040579792271563915,4.804362223729857e-12,1.7094630417211698e-06,0.0001314081476384319,953.6193443966529,0.14149946325644894,0.14149946325644897,9.02145517172511e-14,0.0045860196326007845
Vis_L1.mlp.gate_proj,Base->Stage2,Vis,0.00013657520013390912,8.969285275578812e-09,6.933515163903817e-05,0.005677842487620186,4.8539888461983935e-09,5.5125212297607145e-05,0.004176897411280836,5.189492534893e-12,1.777825012449072e-06,0.00013657363463621207,935.3494226191185,0.1456392662977133,0.1456392662977133,8.866740087019981e-14,0.0047662902262396506
Vis_L1.mlp.up_proj,Base->Stage1,Vis,3.903937967872624e-05,9.92391493182569e-10,1.7698274136282382e-05,0.0019656941812957562,5.636268681968409e-10,1.8083176268382428e-05,0.00148139297081285,3.9143403976654186e-13,4.925608144841356e-07,3.903945360446729e-05,1439.9025402415127,0.04965385691916705,0.04965385691916705,8.97302237317551e-14,0.0013090231672823881
Vis_L1.mlp.up_proj,Stage1->Stage2,Vis,0.00012249642362774133,8.41198888066784e-09,6.729051339413859e-05,0.005722922548528917,4.541877281163815e-09,5.3369103402897e-05,0.0042051957929852245,3.853877866775947e-12,1.539053430079013e-06,0.0001224947560371052,1178.5213331016716,0.14089593932417935,0.14089593932417938,8.836011908239369e-14,0.0041074001204653016
Vis_L1.mlp.up_proj,Base->Stage2,Vis,0.00012445293911891774,8.999487425855052e-09,6.993735490168218e-05,0.005919396217948602,4.837029232509191e-09,5.512570038037641e-05,0.004339681727036545,3.977984516612405e-12,1.5639198606602188e-06,0.0001244514805568312,1215.9497384440137,0.14539805110765694,0.1453980511076569,8.973504595345919e-14,0.004173011504887386
Vis_L1.mlp.down_proj,Base->Stage1,Vis,4.9789569042380464e-05,1.0126488593664854e-09,1.7632106951461207e-05,0.0019509737863609342,4.960606467135946e-10,1.7078528800597472e-05,0.001365492700271427,6.595295355962627e-13,6.221813202474472e-07,4.978965532960718e-05,752.1431868325953,0.04656883933275899,9.720620031754123e-14,0.046568839332758995,0.0016991634691889428
Vis_L1.mlp.down_proj,Stage1->Stage2,Vis,0.00016739839911537966,8.510019832595607e-09,6.748374232032422e-05,0.005655615370680263,3.743064796135416e-09,4.8441265006821106e-05,0.003750837528568292,7.455188181882419e-12,2.0915748964846625e-06,0.00016739554094850727,502.07515958239713,0.12787593565680302,9.839949306952653e-14,0.12787593565680302,0.005712777939409901
Vis_L1.mlp.down_proj,Base->Stage2,Vis,0.0001822830934378062,9.134437610011681e-09,7.02549586175668e-05,0.005859431573532509,3.935273014119138e-09,4.9702074663533974e-05,0.003845935653184748,8.839959903975667e-12,2.2513884559961212e-06,0.00018228029702717515,445.16864972988117,0.13110075903831855,9.721048993973741e-14,0.13110075903831855,0.0062207562623562
Vis_L2.attn.qkv,Base->Stage1,Vis,6.576760542751583e-05,9.862767267227749e-10,1.7466714850855602e-05,0.001919461658424675,3.845296571188842e-10,1.5045764039649454e-05,0.0011985191268208942,1.1578951245001468e-12,8.184115717251242e-07,6.576800398206728e-05,332.0936836009931,0.0434082918863602,0.04340829188636021,8.515852429284936e-14,0.00238564165706904
Vis_L2.attn.qkv,Stage1->Stage2,Vis,0.00022556980410480182,8.49252052700958e-09,6.747963329641819e-05,0.005632714279596006,2.635674816493928e-09,4.0192929438997016e-05,0.0031379450413197246,1.3620775254718835e-11,2.69464068777711e-06,0.0002255798653181085,193.50402361134434,0.11348577036109647,0.11348577036109644,8.813716211993615e-14,0.00818222674655219
Vis_L2.attn.qkv,Base->Stage2,Vis,0.0002495704856135826,9.17342291476475e-09,7.050716561333085e-05,0.0058541672721149724,2.6986313532136887e-09,4.06464037125997e-05,0.003175200837026537,1.667368582787373e-11,2.967046107254884e-06,0.0002495831298183111,161.84971823700394,0.11476519893385861,0.11476519893385861,8.515818678577318e-14,0.009052872504413445
Vis_L2.attn.proj,Base->Stage1,Vis,7.61761598743945e-05,9.685605205174751e-10,1.8200717493890295e-05,0.0022488023664134897,1.1113838404445116e-12,8.261944395310116e-07,7.61763127414237e-05,1.1113838404424392e-12,8.26194439530284e-07,7.617631274135268e-05,1.0000000000018647,8.318196666385805e-14,4.780727310693534e-14,4.7882529341879075e-14,0.0013494040477858708
Vis_L2.attn.proj,Stage1->Stage2,Vis,0.00022407244433054075,7.971525996438885e-09,6.671635252223141e-05,0.006451360231418898,9.616146854297388e-12,2.4176241152415377e-06,0.00022406865275547452,9.616146854294982e-12,2.417624115241272e-06,0.00022406865275544655,1.0000000000002502,8.063562936118515e-14,4.6671431619141766e-14,4.718612221017519e-14,0.003969268825120932
Vis_L2.attn.proj,Base->Stage2,Vis,0.00023136953217534154,8.602489593387581e-09,6.948593715366157e-05,0.006701818119027942,1.0252700322850367e-11,2.5010470286661713e-06,0.0002313660814192481,1.0252700322854157e-11,2.501047028666574e-06,0.0002313660814192909,0.9999999999996303,8.318340301432696e-14,4.780862411631605e-14,4.788398616615533e-14,0.004098539277469993
Vis_L2.mlp.gate_proj,Base->Stage1,Vis,3.625505439787303e-05,9.795377522529428e-10,1.6987024012765956e-05,0.0018515062613926514,5.71882812130533e-10,1.8074786742585325e-05,0.001414712261848291,3.755864693908144e-13,4.857413751208787e-07,3.62551381923862e-05,1522.6395483791073,0.05001751552426345,0.050017515524263464,9.87532133074016e-14,0.0012822508835657821
Vis_L2.mlp.gate_proj,Stage1->Stage2,Vis,0.00012561425800652033,8.554706321834415e-09,6.721211202511484e-05,0.005471523371348201,4.8259602406578365e-09,5.500325605443764e-05,0.004109581294015451,4.508672427602934e-12,1.672433853844813e-06,0.0001256116868269417,1070.3727800477159,0.14524549700170036,0.1452454970017004,9.934445233347508e-14,0.00444265285826775
Vis_L2.mlp.gate_proj,Base->Stage2,Vis,0.000127248826016506,9.126857976833014e-09,6.976721261866238e-05,0.005651534099875792,5.102231432086111e-09,5.659646369242062e-05,0.004225574694624763,4.626796353876202e-12,1.693847354474558e-06,0.00012724651547718602,1102.7568628153695,0.14934403932689022,0.14934403932689022,9.875602078471711e-14,0.004500473721590702
Vis_L2.mlp.up_proj,Base->Stage1,Vis,3.793493098802524e-05,9.779210854704909e-10,1.7049429339937106e-05,0.0018755663096851711,5.631752397507123e-10,1.797571686147676e-05,0.0014233191551888918,4.0005423161497614e-13,4.991846222794649e-07,3.7934988099513356e-05,1407.7472383612444,0.049633967461219924,0.049633967461219924,9.861373880316098e-14,0.001323358380907349
Vis_L2.mlp.up_proj,Stage1->Stage2,Vis,0.00011446506674509392,8.424036177487687e-09,6.677601052365855e-05,0.00550465997684759,4.739362934221429e-09,5.451822722229413e-05,0.004128862022399518,3.642377008508364e-12,1.507654376020149e-06,0.00011446239638908283,1301.173086462652,0.14394828868867499,0.143948288688675,1.0081755516450828e-13,0.003993102752552984
Vis_L2.mlp.up_proj,Base->Stage2,Vis,0.0001207344573274819,9.018204332002009e-09,6.943691183707551e-05,0.005695481187576564,5.0398193646292585e-09,5.6259234644884894e-05,0.004257727587845551,4.052310741024535e-12,1.5898133904804323e-06,0.00012073182247568197,1243.6902514921783,0.14843406596115333,0.14843406596115338,9.861248135420314e-14,0.0042118161759399
Vis_L2.mlp.down_proj,Base->Stage1,Vis,5.400941816846492e-05,9.665247831868631e-10,1.6780939429306646e-05,0.001853765632377383,5.013362845890933e-10,1.702267789602044e-05,0.0013350972402435502,8.204359576863509e-13,6.424540166022886e-07,5.400956410044369e-05,611.0608389262626,0.046808609499334686,1.0440779103434664e-13,0.046808609499334713,0.0018951359973278356
Vis_L2.mlp.down_proj,Stage1->Stage2,Vis,0.00014177362888960008,8.5226181110765e-09,6.711841188505096e-05,0.005504592324532882,4.146986368549983e-09,5.091518799244877e-05,0.0038397676893575095,5.653198740127434e-12,1.83905882817137e-06,0.000141770467883721,733.5645816082705,0.13464040441497538,1.0154216541494572e-13,0.13464040441497538,0.004974680171104655
Vis_L2.mlp.down_proj,Base->Stage2,Vis,0.0001417441492081124,9.108247474032354e-09,6.975348669995941e-05,0.005690573759691084,4.366859884103175e-09,5.229025050800126e-05,0.003940245435021904,5.6508785271678564e-12,1.8555630142086468e-06,0.00014174137184005056,772.7753946768672,0.1381677840755377,1.0441065524244976e-13,0.1381677840755377,0.004973659200280015
Vis_L3.attn.qkv,Base->Stage1,Vis,5.676873440891059e-05,1.0076531254424203e-09,1.7640384208336137e-05,0.0019626875314773117,4.217069777684068e-10,1.5815066515934067e-05,0.0012696997349274741,8.430071013001875e-13,7.155668065518206e-07,5.6769001018681584e-05,500.24131127483895,0.04548182200450993,0.045481822004509946,9.025801418875752e-14,0.0020355708055262234
Vis_L3.attn.qkv,Stage1->Stage2,Vis,0.00017991880435659836,8.642292092670314e-09,6.817533406639598e-05,0.005748010713993217,2.960011915903615e-09,4.284637301505887e-05,0.0033639522953633474,8.467629396863728e-12,2.2563140163047518e-06,0.0001799218962821829,349.5679578277192,0.12042186973322884,0.12042186973322885,9.133141160886772e-14,0.006451363577683756
Vis_L3.attn.qkv,Base->Stage2,Vis,0.00019968653263856934,9.32961295709354e-09,7.122491510721492e-05,0.00597220782665661,3.0595052496840853e-09,4.356960399853666e-05,0.0034200204274298656,1.043062568251548e-11,2.4864647176385515e-06,0.00019969090210333483,293.31943670576106,0.12238981148418447,0.12238981148418447,9.025659402707251e-14,0.007160210287044651
Vis_L3.attn.proj,Base->Stage1,Vis,6.839711156417029e-05,9.711071606717682e-10,1.774948520125469e-05,0.0021605563764447067,9.73216371306384e-13,7.818059638931589e-07,6.83969487343368e-05,9.732163713064385e-13,7.818059638931928e-07,6.839694873433874e-05,0.9999999999999439,8.221891420175145e-14,4.7528439352289747e-14,4.830889051571753e-14,0.00126274213628455
Vis_L3.attn.proj,Stage1->Stage2,Vis,0.00022631200866559618,8.159278125387572e-09,6.702166653300423e-05,0.006262495857531416,1.0654943447270128e-11,2.545387791287799e-06,0.00022630656748612847,1.0654943447260254e-11,2.545387791286796e-06,0.00022630656748602352,1.0000000000009268,8.402138063297357e-14,4.9013983217909976e-14,4.848425034141074e-14,0.004178164590342415
Vis_L3.attn.proj,Base->Stage2,Vis,0.00023531789251225892,8.804863242614707e-09,6.993755014916309e-05,0.006505533093427442,1.1519769332836786e-11,2.6457100763264953e-06,0.00023531167460879088,1.151976933283394e-11,2.645710076326376e-06,0.00023531167460876185,1.0000000000002471,8.222116869229309e-14,4.753045204562727e-14,4.830988873906898e-14,0.004344420568374468
Vis_L3.mlp.gate_proj,Base->Stage1,Vis,3.489138375562173e-05,9.855632344324934e-10,1.6937738284730596e-05,0.0018492336003549277,5.812825642098942e-10,1.8194653569480415e-05,0.001420179295940948,3.5086252302551465e-13,4.7001488765313943e-07,3.489136980889682e-05,1656.724574620993,0.05042862296843596,0.05042862296843597,1.0311517045018575e-13,0.0012393287621920554
Vis_L3.mlp.gate_proj,Stage1->Stage2,Vis,0.00011346498713462519,8.690763003696982e-09,6.774141662160953e-05,0.005491253280903268,5.005391299185244e-09,5.6031149298738926e-05,0.004167364995468754,3.71043372541583e-12,1.5233338305166115e-06,0.00011346315660005738,1349.0043670364407,0.14795064897959206,0.14795064897959206,1.028841120018432e-13,0.0040302350646557
Vis_L3.mlp.gate_proj,Base->Stage2,Vis,0.00011997774852529491,9.290275864567802e-09,7.0414726098071e-05,0.005677495874811843,5.3215062859259076e-09,5.7833923834193085e-05,0.004296945170193675,4.148604276929614e-12,1.6101673040222783e-06,0.00011997576496355547,1282.7220748719758,0.1525460340772229,0.1525460340772229,1.0311573553992185e-13,0.004261564276493675
Vis_L3.mlp.up_proj,Base->Stage1,Vis,3.584197942220383e-05,9.807958322325077e-10,1.6873646245787348e-05,0.0018381888411279205,5.745507128417579e-10,1.8101431456341674e-05,0.0014069057461710145,3.728917151243344e-13,4.847518471104143e-07,3.584199597138698e-05,1540.7977424496646,0.05013470814001246,0.05013470814001246,1.044170613464648e-13,0.00127764266214317
Vis_L3.mlp.up_proj,Stage1->Stage2,Vis,0.00010698378603009103,8.68638931540097e-09,6.767913158071253e-05,0.005470349188113692,4.943634851091428e-09,5.5684942834397446e-05,0.0041268491763166186,3.3222651227984355e-12,1.4445285534796204e-06,0.00010698245209159615,1488.0314088019768,0.14704049100239008,0.14704049100239008,1.0613506611843161e-13,0.003813600372556416
Vis_L3.mlp.up_proj,Base->Stage2,Vis,0.0001113439263378641,9.280797141179645e-09,7.031497003926722e-05,0.005654419745814688,5.2549602484488075e-09,5.746092869770884e-05,0.004254809517042939,3.598585500067079e-12,1.503180881517488e-06,0.0001113425894441491,1460.2849503925509,0.15159657842906782,0.1515965784290678,1.0441848281425398e-13,0.003969026062536457
Vis_L3.mlp.down_proj,Base->Stage1,Vis,3.861961944847519e-05,9.781752933959951e-10,1.681005970546697e-05,0.0018490281314827773,5.297376754652024e-10,1.7485265154749278e-05,0.001360710088607704,4.267236654857229e-13,5.156085068565886e-07,3.861966821993836e-05,1241.406836113068,0.04813628659721423,1.0599152213275753e-13,0.048136286597214244,0.001366757300339127
Vis_L3.mlp.down_proj,Stage1->Stage2,Vis,0.00013383066051656057,8.605437115170756e-09,6.736887828144292e-05,0.0054842557959038024,4.427647063461238e-09,5.271150421466912e-05,0.003933849427495584,5.12437489430281e-12,1.7691967345182289e-06,0.00013382944676282402,864.03652246127,0.13913671938607375,1.0528956869255167e-13,0.13913671938607378,0.0047362921718682
Vis_L3.mlp.down_proj,Base->Stage2,Vis,0.00013365547793615018,9.194738704467154e-09,6.999095792487129e-05,0.005668927870798167,4.668020700190899e-09,5.418033757237027e-05,0.004039221058207381,5.110981104468794e-12,1.7780009876989191e-06,0.0001336544345588251,913.3316294418323,0.14286752493208776,1.0599163084667212e-13,0.14286752493208776,0.004730098400976727
Vis_L4.attn.qkv,Base->Stage1,Vis,5.093034250926419e-05,1.0215870730187462e-09,1.7721460868971677e-05,0.0019588227582266913,4.669569962477054e-10,1.6605418253926638e-05,0.001324329002416374,6.906198371977539e-13,6.460068085276125e-07,5.093038640239588e-05,676.1418816789587,0.04787241275979372,0.047872412759793696,9.785470979310639e-14,0.001842426287207822
Vis_L4.attn.qkv,Stage1->Stage2,Vis,0.000166904982766387,8.588413366909493e-09,6.788850265529889e-05,0.005679633303072058,3.386448014396188e-09,4.591469433535117e-05,0.0035664491313177698,7.416921987227112e-12,2.0981508772797717e-06,0.00016690743497339383,456.58401426199225,0.12886048619860138,0.12886048619860135,9.439725910451991e-14,0.006037851849094902
Vis_L4.attn.qkv,Base->Stage2,Vis,0.00017774962020280065,9.265689328009846e-09,7.090308646321652e-05,0.005899330055171928,3.5247009658314332e-09,4.685516487381184e-05,0.003638521673496798,8.412076586024103e-12,2.2269978859707284e-06,0.00017775238493335368,419.00485923860964,0.13144893623458495,0.13144893623458495,9.785486372827859e-14,0.006430166314771781
Vis_L4.attn.proj,Base->Stage1,Vis,7.399913481016215e-05,9.822787936869254e-10,1.7885322873101294e-05,0.002183477964612388,1.1282157937698792e-12,8.381870497928053e-07,7.399928387168554e-05,1.128215793769766e-12,8.381870497926328e-07,7.399928387168187e-05,1.0000000000001004,8.503191454067011e-14,4.9007185202453994e-14,4.953892033258583e-14,0.0013595840380470731
Vis_L4.attn.proj,Stage1->Stage2,Vis,0.0002188305508267798,8.003302852706982e-09,6.641111329365401e-05,0.006232592861790681,9.8662711867374e-12,2.4726594905973796e-06,0.00021883191278350097,9.866271186727755e-12,2.472659490596198e-06,0.00021883191278339404,1.0000000000009777,8.60858561574604e-14,4.911036740776743e-14,5.018229466533589e-14,0.00402055950239948
Vis_L4.attn.proj,Base->Stage2,Vis,0.00022653179736850575,8.601607833935211e-09,6.917278084177968e-05,0.006461360187597587,1.0572975665281631e-11,2.56038280768447e-06,0.00022653366357765496,1.0572975665280363e-11,2.560382807684359e-06,0.00022653366357764144,1.00000000000012,8.503030470302147e-14,4.900742131231872e-14,4.953879845395855e-14,0.004162062389008045
Vis_L4.mlp.gate_proj,Base->Stage1,Vis,3.603498557282024e-05,9.831504488386014e-10,1.6864841796666963e-05,0.0018505173556771953,5.854471761370251e-10,1.823698920459441e-05,0.00142799612679129,3.7280461846114345e-13,4.842411265719452e-07,3.603494086351829e-05,1570.3860605419106,0.050608323940015305,0.0506083239400153,1.0365856381101489e-13,0.001277493443339535
Vis_L4.mlp.gate_proj,Stage1->Stage2,Vis,0.00011503331960015197,8.645489430345471e-09,6.752633748008743e-05,0.005487515837723184,5.0265500561268985e-09,5.615473192898566e-05,0.0041842343503500235,3.799102071553081e-12,1.5435609160397022e-06,0.00011503274294036429,1323.0889724613357,0.14827103462746047,0.14827103462746044,1.0069446351940285e-13,0.00407810608351852
Vis_L4.mlp.gate_proj,Base->Stage2,Vis,0.00012151121763981388,9.24108922057249e-09,7.016686664815497e-05,0.005673389182045851,5.351919575697644e-09,5.799341571082077e-05,0.0043175341752156185,4.2390186240085144e-12,1.627838587637692e-06,0.00012151045774589636,1262.5374055650516,0.152990567092106,0.152990567092106,1.0366041787675354e-13,0.004307752073699189
Vis_L4.mlp.up_proj,Base->Stage1,Vis,3.8322932729321523e-05,9.77904983203184e-10,1.6773908322204466e-05,0.0018327362463078968,5.728530755612289e-10,1.806229378142585e-05,0.0014027273472866793,4.275774579543985e-13,5.182608187114465e-07,3.8322959475828795e-05,1339.7644447905486,0.05005823194047351,0.05005823194047352,1.0688532656215121e-13,0.0013681239271137596
Vis_L4.mlp.up_proj,Stage1->Stage2,Vis,0.00010960012166319218,8.629301305504782e-09,6.740706038386722e-05,0.005444245421150688,4.966247910908632e-09,5.580989615121874e-05,0.004130133364940159,3.497186502975401e-12,1.4827830542666286e-06,0.00010959967710855242,1420.0695063541382,0.14738277806350902,0.147382778063509,1.0676969592879585e-13,0.003912707967051096
Vis_L4.mlp.up_proj,Base->Stage2,Vis,0.00011397314469735902,9.206766079598165e-09,6.996448506424979e-05,0.00562345769563739,5.2676921185837696e-09,5.75328818013121e-05,0.004253633520577285,3.781833372596482e-12,1.5402095180581095e-06,0.00011397276194941623,1392.8937633143646,0.15178771417154044,0.1517877141715404,1.0688795771622088e-13,0.004068827075691271
Vis_L4.mlp.down_proj,Base->Stage1,Vis,3.890565233993109e-05,9.75444234146266e-10,1.673519896107605e-05,0.0018443911240509378,5.429658798020046e-10,1.7659142130710706e-05,0.0013760622161469586,4.3403307419427694e-13,5.221966290111668e-07,3.89056981523431e-05,1250.97812144834,0.0487337157054494,1.0599818505923701e-13,0.04873371570544938,0.001378413285481849
Vis_L4.mlp.down_proj,Stage1->Stage2,Vis,0.00011793069380239904,8.541221627316215e-09,6.699931572796248e-05,0.005457680692263132,4.545298876319396e-09,5.342208971922296e-05,0.003981340762867163,3.987953685727405e-12,1.5818608163704215e-06,0.00011792969644187329,1139.7571873983113,0.14099261799500643,1.03356306145422e-13,0.14099261799500645,0.004178237194636069
Vis_L4.mlp.down_proj,Base->Stage2,Vis,0.00012231792125083082,9.132057324809081e-09,6.965216124178153e-05,0.005643290956386381,4.8158253108044426e-09,5.504213739730899e-05,0.004098108855648511,4.290200658591894e-12,1.6423952407334118e-06,0.00012231703081805843,1122.517498373856,0.14512595503166562,1.0599596096561616e-13,0.14512595503166562,0.0043336800069977335
Vis_L5.attn.qkv,Base->Stage1,Vis,4.576852805379434e-05,1.0026544822589388e-09,1.741369722926674e-05,0.0019142213866936587,4.800254655089362e-10,1.681335018192886e-05,0.0013244899064178458,5.731917839457381e-13,5.934076708356296e-07,4.576848032982711e-05,837.4604782443608,0.04854468124270487,0.04854468124270486,9.973295266689402e-14,0.0016784970230685821
Vis_L5.attn.qkv,Stage1->Stage2,Vis,0.00015131193142404637,8.531249846186479e-09,6.742475838568537e-05,0.005583539439916201,3.5574993985296004e-09,4.714881696949368e-05,0.003605584477624965,6.2648881419233016e-12,1.9437890845016046e-06,0.00015130731279710237,567.8472333326384,0.13210888101484697,0.13210888101484694,9.792353980583477e-14,0.005549160134216838
Vis_L5.attn.qkv,Base->Stage2,Vis,0.00016031403516850783,9.142289097589911e-09,7.016978786754299e-05,0.005780038523151304,3.7094590003056708e-09,4.817734671096826e-05,0.003681786028730931,7.032490545689164e-12,2.0585313310195687e-06,0.00016030897460417258,527.4744382812611,0.13489049142102466,0.1348904914210246,9.973679813189979e-14,0.005879293965279449
Vis_L5.attn.proj,Base->Stage1,Vis,6.970225551620416e-05,1.007663446639987e-09,1.818841860338871e-05,0.00222971038750266,9.847295528962016e-13,7.868170016310477e-07,6.97026341062069e-05,9.847295528960412e-13,7.868170016309836e-07,6.970263410620123e-05,1.0000000000001628,8.497999587426356e-14,4.8829579080414826e-14,5.001545492899765e-14,0.001270189316387472
Vis_L5.attn.proj,Stage1->Stage2,Vis,0.0002106682694666309,7.947987642905473e-09,6.615192371196343e-05,0.006261927935042621,8.995324731121931e-12,2.3666631427874104e-06,0.0002106628215298405,8.99532473112374e-12,2.3666631427875815e-06,0.00021066282152986169,0.9999999999997988,8.116701723151872e-14,4.742445188958991e-14,4.780143361672623e-14,0.00383900247974303
Vis_L5.attn.proj,Base->Stage2,Vis,0.00021499487726405289,8.610396053403364e-09,6.919079360137025e-05,0.00651765004142132,9.368704310439107e-12,2.4139983159723146e-06,0.0002149904851614186,9.368704310438392e-12,2.413998315972238e-06,0.00021499048516141053,1.0000000000000764,8.49816698888348e-14,4.883164693078014e-14,5.0016339648165374e-14,0.003917867422747008
Vis_L5.mlp.gate_proj,Base->Stage1,Vis,3.662505833329597e-05,1.0022404365851506e-09,1.7082982369046068e-05,0.0018745338121235757,5.949208982311024e-10,1.8402800693407567e-05,0.0014442318903854579,3.825996581389186e-13,4.904563294322758e-07,3.66251664281986e-05,1554.9436220747793,0.05101595764647586,0.05101595764647587,1.0696039330017209e-13,0.0012941670152916626
Vis_L5.mlp.gate_proj,Stage1->Stage2,Vis,0.00010947615704028824,8.60693804127696e-09,6.737202426361616e-05,0.0054931921736180314,5.014875327248831e-09,5.608059709409192e-05,0.004193054667904345,3.4184123729819086e-12,1.4608914407356559e-06,0.0001094744268637715,1467.018832158718,0.14810925163602653,0.1481092516360265,1.0570781110369355e-13,0.0038683901049358497
Vis_L5.mlp.gate_proj,Base->Stage2,Vis,0.00011650258283344797,9.241554909546276e-09,7.020680792374123e-05,0.005692105992181436,5.359951275774648e-09,5.803028937786054e-05,0.0043349178852647805,3.871319675765755e-12,1.5535623591981678e-06,0.00011650108544966179,1384.528203477394,0.15311603764468162,0.15311603764468162,1.0696319897943222e-13,0.004116684225518415
Vis_L5.mlp.up_proj,Base->Stage1,Vis,3.538212922506922e-05,9.956545516826797e-10,1.6983152289119967e-05,0.0018627723566074753,5.883946146298264e-10,1.8297641438376838e-05,0.0014319893473281194,3.592183979220711e-13,4.7589783934211646e-07,3.538219148143636e-05,1637.9857435850845,0.050736224129750616,0.05073622412975062,1.103912432868689e-13,0.0012539993854638288
Vis_L5.mlp.up_proj,Stage1->Stage2,Vis,0.00010715436041399781,8.635728589712489e-09,6.747241675456565e-05,0.005485879564039933,4.986698603683098e-09,5.593393452206638e-05,0.004168725864022132,3.2946464073588365e-12,1.4399793572773063e-06,0.00010715222225891365,1513.5762649809515,0.14769443046659092,0.1476944304665909,1.0875253060720278e-13,0.0037977156440226075
Vis_L5.mlp.up_proj,Base->Stage2,Vis,0.00011178088007800966,9.253758323608628e-09,7.022327087450911e-05,0.005678790579321411,5.317398923672555e-09,5.781651623344491e-05,0.004304734771569131,3.5853015772532527e-12,1.5015982255427175e-06,0.00011177884628493762,1483.1106419076427,0.15251099911610846,0.1525109991161085,1.1039258884703522e-13,0.003961693600543061
Vis_L5.mlp.down_proj,Base->Stage1,Vis,4.191100895804869e-05,9.951603401626704e-10,1.6990208889870562e-05,0.0018750404175692016,5.631274807868666e-10,1.7973475016544036e-05,0.001410481727945432,4.971985901308481e-13,5.54637625300003e-07,4.191109888431178e-05,1132.600719239103,0.049628167962310295,1.081574892904055e-13,0.049628167962310316,0.001475308967015656
Vis_L5.mlp.down_proj,Stage1->Stage2,Vis,0.00013691973736231912,8.580077274216146e-09,6.72703259319265e-05,0.005505556419343795,4.6781542835436935e-09,5.417683204314392e-05,0.004065302697615058,5.306447934914448e-12,1.8039962941177229e-06,0.00013691706208095463,881.5980748182194,0.1430199869022691,1.0537243768609286e-13,0.1430199869022691,0.004819699832964859
Vis_L5.mlp.down_proj,Base->Stage2,Vis,0.0001445645909967082,9.210559646789752e-09,7.00949892595038e-05,0.005704251004937578,4.972182673965202e-09,5.592148140841808e-05,0.004191110929939257,5.9155825609924565e-12,1.9039328023894421e-06,0.00014456207652102296,840.522910922068,0.14744095830784093,1.0815806236889245e-13,0.14744095830784096,0.005088816583352221
Vis_L6.attn.qkv,Base->Stage1,Vis,4.52342492337092e-05,9.761018690380055e-10,1.698558108864138e-05,0.0018845838711515337,4.86304984497432e-10,1.6851622368474236e-05,0.0013302162787676706,5.623419614064091e-13,5.885258414040187e-07,4.523432806593205e-05,864.7851625391609,0.04886214441918996,0.04886214441918996,1.030821650059662e-13,0.0016625351751781913
Vis_L6.attn.qkv,Stage1->Stage2,Vis,0.00014098074374929473,8.430924558559107e-09,6.688410824361076e-05,0.0055385992500437105,3.7068859711175614e-09,4.807583949672804e-05,0.0036725435487927967,5.462403769905319e-12,1.8308484009662271e-06,0.00014097893990049225,678.6180823066131,0.13487617448795178,0.13487617448795178,1.0387267661735769e-13,0.005181583446190805
Vis_L6.attn.qkv,Base->Stage2,Vis,0.00014503067243090126,9.012501232681923e-09,6.950633948974512e-05,0.005726443887871597,3.860874411918272e-09,4.9095123100905734e-05,0.003748048296156388,5.780766657522754e-12,1.8828821626811084e-06,0.00014502906951298196,667.8827637669743,0.1376466032209317,0.1376466032209317,1.0308469583900104e-13,0.005330443159349497
Vis_L6.attn.proj,Base->Stage1,Vis,7.204314307740324e-05,9.50565238133505e-10,1.7461579178217336e-05,0.0021740883551542673,1.0437964674101688e-12,8.083121379894927e-07,7.20433894638822e-05,1.0437964674108629e-12,8.08312137989766e-07,7.204338946390615e-05,0.999999999999335,8.531000131825556e-14,4.8853528819396995e-14,4.941145929971201e-14,0.00130772938034058
Vis_L6.attn.proj,Stage1->Stage2,Vis,0.00018826770004476114,8.009901988790077e-09,6.649581253640236e-05,0.006310958157302796,7.128188613675813e-12,2.120863593766482e-06,0.00018826573802008348,7.1281886136791635e-12,2.1208635937669153e-06,0.00018826573802012772,0.9999999999995299,8.447668500236398e-14,4.893770249615478e-14,4.893913012349437e-14,0.0034174294761782483
Vis_L6.attn.proj,Base->Stage2,Vis,0.0001924694757864816,8.612938584263672e-09,6.92894091263696e-05,0.006544212227365843,7.449965232112113e-12,2.168444344436206e-06,0.00019246812820908452,7.449965232112526e-12,2.168444344436211e-06,0.00019246812820908983,0.9999999999999445,8.530799051272307e-14,4.8852163831161164e-14,4.94098303447626e-14,0.0034937119280634976
Vis_L6.mlp.gate_proj,Base->Stage1,Vis,3.5453563039293216e-05,1.0046977682361474e-09,1.7131202916161795e-05,0.001887688374939492,6.033115706043212e-10,1.8507965650456703e-05,0.0014627948065562303,3.5440062067937595e-13,4.724281795732051e-07,3.545355745966136e-05,1702.343436780077,0.05137597925800015,0.05137597925800015,1.0764583903581898e-13,0.0012455617837289466
Vis_L6.mlp.gate_proj,Stage1->Stage2,Vis,0.00011076401857605671,8.662132002956012e-09,6.770782277097439e-05,0.005542641246383711,5.083811082825764e-09,5.646922442651918e-05,0.0042461865685887315,3.4591726820017095e-12,1.470472175167807e-06,0.00011076192416467978,1469.6609710400262,0.14912497497423124,0.14912497497423122,1.0767219468374696e-13,0.0038913846292458277
Vis_L6.mlp.gate_proj,Base->Stage2,Vis,0.00011582597726399554,9.311594263895938e-09,7.057083610930328e-05,0.005746671770963988,5.448486803559638e-09,5.8526606979500755e-05,0.004395844510001195,3.782567133184324e-12,1.5367186692494337e-06,0.00011582376890909136,1440.4203842835364,0.15437917260241227,0.15437917260241224,1.0764769753127851e-13,0.004069221778451956
Vis_L6.mlp.up_proj,Base->Stage1,Vis,3.647050913489448e-05,1.0016755930921984e-09,1.7108625965358624e-05,0.0018912275156461272,5.904299580469894e-10,1.8317079596488605e-05,0.0014519926718957166,3.7249815461432266e-13,4.851565097518659e-07,3.647054847857934e-05,1585.0547196893071,0.05082336381958532,0.05082336381958531,1.0966591044467358e-13,0.0012769682539670517
Vis_L6.mlp.up_proj,Stage1->Stage2,Vis,0.00011245052714101718,8.560815191494684e-09,6.725751533343499e-05,0.005528785444005562,4.919208208551392e-09,5.5492929700815245e-05,0.004191020431681547,3.5412984347219407e-12,1.493194384017528e-06,0.00011244844119132984,1389.0973323002763,0.14668643169195145,0.14668643169195147,1.0779658888664688e-13,0.0039373072051643076
Vis_L6.mlp.up_proj,Base->Stage2,Vis,0.00011773869338791042,9.186039959200833e-09,7.005909307866786e-05,0.005727120763308111,5.25471227294924e-09,5.7414691425155584e-05,0.004331583054975976,3.882208865092704e-12,1.5627868112370312e-06,0.0001177366363547665,1353.5367249808598,0.15160350203147688,0.15160350203147685,1.0967048613323712e-13,0.004122469833465104
Vis_L6.mlp.down_proj,Base->Stage1,Vis,4.087981446535968e-05,9.819529459246867e-10,1.691720811888846e-05,0.0018875646365180585,5.662267479194827e-10,1.7980344515379763e-05,0.001433348129793448,4.605785284409758e-13,5.352075405180531e-07,4.0879760004353185e-05,1229.3815559229786,0.049766300687840076,1.034647293156222e-13,0.04976630068784009,0.001419939634668747
Vis_L6.mlp.down_proj,Stage1->Stage2,Vis,0.00012403949964361985,8.382975302472542e-09,6.655321812803782e-05,0.005515029612317716,4.670541508015146e-09,5.410606504517446e-05,0.004116540318754111,4.240401937452832e-12,1.6268883351630119e-06,0.0001240372895410546,1101.4383959131703,0.14291937124522097,1.0503658069971042e-13,0.14291937124522097,0.004308454887937615
Vis_L6.mlp.down_proj,Base->Stage2,Vis,0.00013242159920376454,8.989146434313436e-09,6.928027232843584e-05,0.005710945069540903,4.975450622495904e-09,5.589351972631585e-05,0.00424878705890888,4.8328521877933825e-12,1.7310080614843749e-06,0.00013241906333982546,1029.506061671551,0.14750514476724405,1.0346399208322193e-13,0.14750514476724408,0.004599597127715026
Vis_L7.attn.qkv,Base->Stage1,Vis,4.735994416144782e-05,9.637848295789328e-10,1.6622314105075772e-05,0.0018154409727802875,5.086773724271908e-10,1.71125332321437e-05,0.0013189043463985447,6.559069907318179e-13,6.300902430352905e-07,4.7360166406016984e-05,775.5327807371622,0.04997006066401942,0.04997006066401943,1.0399552631879078e-13,0.0017955261181183152
Vis_L7.attn.qkv,Stage1->Stage2,Vis,0.00012230125425875547,8.084357766807113e-09,6.477641587722201e-05,0.005257847075744118,3.804727168192094e-09,4.865403133011176e-05,0.003607006691399947,4.373988554461477e-12,1.647894236386846e-06,0.0001222993107160803,869.853023348967,0.1366683926208044,0.13666839262080444,1.0520026208209645e-13,0.004636704491650189
Vis_L7.attn.qkv,Base->Stage2,Vis,0.00013114440810381884,8.669189541590337e-09,6.749011015459448e-05,0.005444706043271555,4.0045038336935875e-09,4.9952422570080685e-05,0.0037004926427487844,5.029437910107366e-12,1.76025410619164e-06,0.0001311429394382872,796.2129974099037,0.1402019535290004,0.14020195352900042,1.0400095722692283e-13,0.004971990870442116
Vis_L7.attn.proj,Base->Stage1,Vis,6.225986408866613e-05,9.32730529720587e-10,1.635379775429158e-05,0.0018441498647245066,1.0631264078168528e-12,8.170352140811574e-07,6.226020811234819e-05,1.0631264078181485e-12,8.170352140816366e-07,6.226020811238612e-05,0.9999999999987812,9.544336110131174e-14,5.588369693305856e-14,5.5406441712867124e-14,0.0013197826739919166
Vis_L7.attn.proj,Stage1->Stage2,Vis,0.0002034341169548927,8.103363763457766e-09,6.525592484287302e-05,0.005435557107481696,1.1350404690287949e-11,2.66556075495849e-06,0.0002034309693623518,1.1350404690291923e-11,2.6655607549589147e-06,0.0002034309693623875,0.9999999999996498,9.82085399137756e-14,5.688539190117288e-14,5.691277363720575e-14,0.004312366292950344
Vis_L7.attn.proj,Base->Stage2,Vis,0.00022048994691776532,8.709937728915025e-09,6.806416343991373e-05,0.005635324386863738,1.3333561096980718e-11,2.884232505677671e-06,0.00022048775375485224,1.3333561096980873e-11,2.8842325056778084e-06,0.0002204877537548535,0.9999999999999883,9.544428443828748e-14,5.588399272404601e-14,5.540694817827808e-14,0.004673939077618948
Vis_L7.mlp.gate_proj,Base->Stage1,Vis,3.242195623553691e-05,1.002709222307894e-09,1.7103163574497743e-05,0.001887389152861529,6.032439879452735e-10,1.8498692592898148e-05,0.001463930473522821,2.9588987173488547e-13,4.3207071573346703e-07,3.2421940159375305e-05,2038.7449709186883,0.051375586172578876,0.05137558617257889,1.0433237730219127e-13,0.001138106982012955
Vis_L7.mlp.gate_proj,Stage1->Stage2,Vis,0.00011123478859195793,8.719960328906351e-09,6.796209000088561e-05,0.005565675226765548,5.142497863825892e-09,5.6807739384272693e-05,0.004274129394560502,3.482838746347941e-12,1.477156500116693e-06,0.00011123137081256214,1476.5248230967477,0.14998480785017407,0.14998480785017404,1.0843411743821184e-13,0.0039046734685518514
Vis_L7.mlp.gate_proj,Base->Stage2,Vis,0.00011344746852753922,9.348832106340818e-09,7.074879282262432e-05,0.005762876147361308,5.498904658699777e-09,5.880421922651057e-05,0.004419760138900985,3.622774382314847e-12,1.50627725300258e-06,0.000113443926511546,1517.8711336658337,0.15509597082341758,0.15509597082341758,1.0433435881891952e-13,0.003982343171553837
Vis_L7.mlp.up_proj,Base->Stage1,Vis,3.674024810311673e-05,9.961002642025807e-10,1.703106507805278e-05,0.001886991924552228,5.888524711028357e-10,1.830128240244305e-05,0.0014508474972479975,3.7761279204243036e-13,4.871579481218268e-07,3.6740229344103615e-05,1559.4081649560999,0.050755238138784936,0.050755238138784936,1.0983792507925091e-13,0.001285705159997791
Vis_L7.mlp.up_proj,Stage1->Stage2,Vis,0.00011462065456519462,8.645680562011606e-09,6.764642859108554e-05,0.005559140868911546,4.980996419193422e-09,5.588970354188087e-05,0.004219550620424747,3.675265692753848e-12,1.5188058319049923e-06,0.00011461790256431073,1355.2751924885192,0.14760636532458532,0.14760636532458532,1.0845250033983845e-13,0.004011090013524908
Vis_L7.mlp.up_proj,Base->Stage2,Vis,0.00011954582977328981,9.273701787173296e-09,7.04328379408734e-05,0.005757509320505127,5.313160725790241e-09,5.7773717084537105e-05,0.00435797328301671,3.9978950604624305e-12,1.5821877700496825e-06,0.00011954289848391085,1328.9895421056087,0.1524469233399226,0.1524469233399226,1.0983970990450481e-13,0.004183441814664132
Vis_L7.mlp.down_proj,Base->Stage1,Vis,4.115292286989547e-05,1.0117047542456685e-09,1.7236083956757083e-05,0.0019162261270251795,5.811728860566554e-10,1.8233412736378752e-05,0.0014523541639051515,4.666172043076795e-13,5.417068939780365e-07,4.1152880163059916e-05,1245.5024818875727,0.050419117859438395,1.0887804517160018e-13,0.0504191178594384,0.0014292177838164833
Vis_L7.mlp.down_proj,Stage1->Stage2,Vis,0.00011258844824900438,8.646412111675213e-09,6.775735120617734e-05,0.005601806540531089,4.800302389359105e-09,5.487844508377774e-05,0.004173923054618344,3.4925927105331912e-12,1.4847162253852946e-06,0.00011258592809412309,1374.4237554187287,0.14490520774648605,1.0832291805475081e-13,0.14490520774648602,0.003910137318513264
Vis_L7.mlp.down_proj,Base->Stage2,Vis,0.00011945340094128933,9.284012557597914e-09,7.058003147794913e-05,0.005804676220878941,5.121018682957131e-09,5.673072643338554e-05,0.004311102222802855,3.931483097349991e-12,1.572091421386585e-06,0.00011945060316157517,1302.5666284585948,0.14966389920108505,1.0887889656419684e-13,0.1496638992010851,0.004148549193026319
Vis_L8.attn.qkv,Base->Stage1,Vis,4.946549186281836e-05,9.924729052049458e-10,1.7192714493412532e-05,0.0019256457155110522,5.114293282442299e-10,1.7248762793300205e-05,0.0013823240776413513,6.548922946327533e-13,6.240701872365237e-07,4.946545387978608e-05,780.9365485526537,0.05010534055035378,0.050105340550353775,1.0399427270070933e-13,0.0017941367301794213
Vis_L8.attn.qkv,Stage1->Stage2,Vis,0.0002225653462601967,8.747055568638982e-09,6.84261112769402e-05,0.00571645245060119,4.018571520959097e-09,5.013726692602627e-05,0.003874641303234009,1.3258090336467966e-11,2.574964365235786e-06,0.0002225543767533108,303.1033443712127,0.1403086142739299,0.14030861427392988,1.024954467332761e-13,0.008072556325093516
Vis_L8.attn.qkv,Base->Stage2,Vis,0.00024428785954610724,9.435886845779159e-09,7.148070091052153e-05,0.005937272947765445,4.241937586437035e-09,5.1550847126645733e-05,0.003980868114736484,1.5972356145062842e-11,2.807462642968929e-06,0.0002442756318366584,265.5799525073979,0.14412083446970883,0.14412083446970883,1.0399921512535591e-13,0.008860435933079877
Vis_L8.attn.proj,Base->Stage1,Vis,7.403941427369657e-05,9.901681650903413e-10,1.7421110907385186e-05,0.002045444452535391,1.2973550247102751e-12,8.914322010368264e-07,7.403935547638895e-05,1.2973550247071851e-12,8.914322010358666e-07,7.403935547630081e-05,1.0000000000023819,9.10486656580537e-14,5.1783523356062074e-14,5.430042321816255e-14,0.0014579391182351386
Vis_L8.attn.proj,Stage1->Stage2,Vis,0.00020638420733155136,8.291422712724629e-09,6.70042232075474e-05,0.005918876904336263,1.008060279479407e-11,2.5122251337377e-06,0.0002063802008858645,1.0080602794791272e-11,2.512225133737373e-06,0.00020638020088583592,1.0000000000002776,9.379976327242716e-14,5.4027453237466194e-14,5.368951511678199e-14,0.004063995523986957
Vis_L8.attn.proj,Base->Stage2,Vis,0.0002332361329946766,8.913183494546526e-09,6.980867435686377e-05,0.006136789168948204,1.2874327541959037e-11,2.8183199757789373e-06,0.00023323142006666432,1.2874327541956583e-11,2.8183199757787578e-06,0.00023323142006664204,1.0000000000001905,9.10503850014173e-14,5.1783789352467906e-14,5.4302489308752364e-14,0.004592744086571955
Vis_L8.mlp.gate_proj,Base->Stage1,Vis,3.637823606623024e-05,1.0202414813344334e-09,1.725326199769018e-05,0.001892961469053301,6.129000923651711e-10,1.8643491371944118e-05,0.0014671858464722397,3.767925177993606e-13,4.869620992591203e-07,3.637821794371805e-05,1626.6249020675514,0.05178192484657728,0.051781924846577294,1.102293890557362e-13,0.0012843079560286466
Vis_L8.mlp.gate_proj,Stage1->Stage2,Vis,0.00010941940406746126,8.750761534880693e-09,6.801109287229728e-05,0.005543849723943893,5.160613522273414e-09,5.6880395627357403e-05,0.00425734840747215,3.4088517902950027e-12,1.461243799642157e-06,0.00010941896049710613,1513.886152799507,0.15024920580884116,0.15024920580884116,1.087242294568132e-13,0.0038629767792720945
Vis_L8.mlp.gate_proj,Base->Stage2,Vis,0.00011412336597455154,9.368668253207949e-09,7.07525497846605e-05,0.005736241870766887,5.5050600058741996e-09,5.880681579203266e-05,0.00439713250938693,3.708242620165581e-12,1.5228517018109395e-06,0.00011412284648258662,1484.5468783346184,0.1551808450531722,0.15518084505317226,1.1023022423961168e-13,0.00402904491089847
Vis_L8.mlp.up_proj,Base->Stage1,Vis,3.538969857814586e-05,1.018313379571815e-09,1.722603915890942e-05,0.0018963209203307508,6.097643855710712e-10,1.8599254348131806e-05,0.0014674122448823297,3.546595426176581e-13,4.7361522141615804e-07,3.538970447797068e-05,1719.2950204315514,0.05165013719082865,0.05165013719082865,1.1079532858961593e-13,0.0012460166988299394
Vis_L8.mlp.up_proj,Stage1->Stage2,Vis,0.00011801295938645564,8.729167490154126e-09,6.79554190490398e-05,0.005552085298856649,5.106435178060272e-09,5.659105773957825e-05,0.004246475552012425,3.943820861383687e-12,1.5726488168452824e-06,0.0001180125803728622,1294.7938959551734,0.14945001910335995,0.14945001910335995,1.1105181456617846e-13,0.004155053573997962
Vis_L8.mlp.up_proj,Base->Stage2,Vis,0.0001211000852929507,9.338330753244797e-09,7.065514932057276e-05,0.005742544145557807,5.445367507955315e-09,5.849495844287782e-05,0.004385138496071486,4.152855503881168e-12,1.612523711299348e-06,0.00012109971655320406,1311.2345235383686,0.15433022475617206,0.15433022475617209,1.1079608155824706e-13,0.00426374720800732
Vis_L8.mlp.down_proj,Base->Stage1,Vis,3.672532283803855e-05,1.045974909795997e-09,1.7552653616599975e-05,0.001931498001777955,6.088824455884597e-10,1.8645132110383138e-05,0.001473670386034822,3.781504184978142e-13,4.889861306644497e-07,3.672534821881176e-05,1610.1593858000165,0.05161174543538692,1.1034069467532056e-13,0.051611745435386935,0.0012866200962273321
Vis_L8.mlp.down_proj,Stage1->Stage2,Vis,0.00010816791022802901,8.746108139397313e-09,6.80531311273436e-05,0.005585213645405656,4.969752894612644e-09,5.582771648005836e-05,0.004210171302436115,3.280421271734903e-12,1.4390814509365956e-06,0.00010816759624240649,1514.9739874672593,0.14744440798961558,1.098919123935812e-13,0.1474444079896156,0.003789508168502439
Vis_L8.mlp.down_proj,Base->Stage2,Vis,0.00011324606627484869,9.386799218429896e-09,7.088218514673548e-05,0.0057861692539098245,5.301020372072303e-09,5.7727321984052076e-05,0.0043482259706194145,3.5956680532777794e-12,1.5071503957116245e-06,0.00011324581581248911,1474.279686980543,0.15227686527083584,1.1033985064845684e-13,0.1522768652708358,0.003967416851054197
Vis_L9.attn.qkv,Base->Stage1,Vis,3.852569056967817e-05,1.021559483664602e-09,1.7319920841950182e-05,0.0018980348123234533,5.441548916693515e-10,1.775012407812935e-05,0.001385267395448272,4.208751699642362e-13,5.13599786223344e-07,3.852556317883551e-05,1292.912793395702,0.051696717874945224,0.05169671787494523,1.0698301955555854e-13,0.001438292611191552
Vis_L9.attn.qkv,Stage1->Stage2,Vis,0.00013050719099865938,8.7183072903482e-09,6.791265880792115e-05,0.005544830049888088,4.253019929003428e-09,5.159576094129624e-05,0.003872762480501226,4.8297449478494984e-12,1.7271880820486438e-06,0.00013050713378552436,880.5889285928309,0.1444972629870801,0.1444972629870801,1.0766208303150841e-13,0.004872285127911733
Vis_L9.attn.qkv,Base->Stage2,Vis,0.00013226074638344538,9.269939088587983e-09,7.035199694377306e-05,0.005717558193227927,4.438730245297495e-09,5.275087278167202e-05,0.003956412174153296,4.9603735025865225e-12,1.7531803089176676e-06,0.00013226025106220522,894.8379074646247,0.14761938824762988,0.14761938824762993,1.0698410897310833e-13,0.004937735092115947
Vis_L9.attn.proj,Base->Stage1,Vis,6.954072151320509e-05,1.0273462189809194e-09,1.783618270433607e-05,0.002085287434531544,1.142520750333306e-12,8.439405956406734e-07,6.95407805482807e-05,1.1425207503329138e-12,8.439405956405391e-07,6.954078054826878e-05,1.0000000000003433,9.380200696113453e-14,5.386812127715575e-14,5.425327064392651e-14,0.0013681761572785303
Vis_L9.attn.proj,Stage1->Stage2,Vis,0.00018327891998572255,8.440682646496792e-09,6.766568167750676e-05,0.005977131337903033,7.936152569282043e-12,2.2381300592458146e-06,0.0001832774429681118,7.936152569279322e-12,2.238130059245447e-06,0.00018327744296808043,1.0000000000003428,9.451683212889144e-14,5.428338100301294e-14,5.4736528394186754e-14,0.0036059107545122694
Vis_L9.attn.proj,Base->Stage2,Vis,0.0002005711874909222,9.034356304997343e-09,7.030843445007262e-05,0.006183759922228815,9.50435836707039e-12,2.4352491614095984e-06,0.00020056974138660694,9.504358367068599e-12,2.4352491614093303e-06,0.00020056974138658794,1.0000000000001885,9.3802193996149e-14,5.3868026699269963e-14,5.4254899517343183e-14,0.003946129844367159
Vis_L9.mlp.gate_proj,Base->Stage1,Vis,3.464910887064816e-05,1.0344758953800727e-09,1.736665629516698e-05,0.0019009512215614828,6.255605956307671e-10,1.8826398528485504e-05,0.0014782417962936262,3.4368658627747045e-13,4.663755733712933e-07,3.4649109417375855e-05,1820.148416050575,0.05231572166819647,0.052315721668196466,1.1251381604870746e-13,0.0012265897440009248
Vis_L9.mlp.gate_proj,Stage1->Stage2,Vis,0.00010741931326385913,8.87546483517944e-09,6.852190286466579e-05,0.005568038510151325,5.297708376394982e-09,5.763215076339295e-05,0.004301804806451927,3.303263150811774e-12,1.443746259817578e-06,0.00010741829699864278,1603.7803028478295,0.1522357833548669,0.1522357833548669,1.1062505641522901e-13,0.0038026786307803636
Vis_L9.mlp.gate_proj,Base->Stage2,Vis,0.00011248478471612727,9.49339554837917e-09,7.123243703315691e-05,0.005758607316557522,5.649747015689216e-09,5.957372416838144e-05,0.00444243597288404,3.6221464538915777e-12,1.5114104910829496e-06,0.00011248372230254311,1559.7787355117064,0.157210675295694,0.15721067529569402,1.1251473519915886e-13,0.003981998030707168
Vis_L9.mlp.up_proj,Base->Stage1,Vis,3.531117313299509e-05,1.0321060767775035e-09,1.7291937179465032e-05,0.0018819413825543162,6.20037304729287e-10,1.8745414315797e-05,0.0014586558379667586,3.6335973192016904e-13,4.79611208386515e-07,3.531118749499014e-05,1706.4007105374862,0.0520832784122675,0.05208327841226751,1.1766041620069492e-13,0.0012612071845869463
Vis_L9.mlp.up_proj,Stage1->Stage2,Vis,0.00010575935589128503,8.86420478929773e-09,6.83587085429157e-05,0.005515213072452948,5.241259690592278e-09,5.731189211422693e-05,0.004240921602180762,3.2594906906970222e-12,1.435228291991973e-06,0.00010575898581675173,1607.9995888779379,0.15142209820845703,0.15142209820845698,1.1598468758344756e-13,0.0037773994291834274
Vis_L9.mlp.up_proj,Base->Stage2,Vis,0.0001080407637991978,9.474989694592206e-09,7.10316101850877e-05,0.005702059937442962,5.585997462242746e-09,5.9220758701090437e-05,0.0043781715243474155,3.401635659176666e-12,1.4661839962267188e-06,0.00010804042968422527,1642.1504305357569,0.15632298610449427,0.15632298610449427,1.1766062857309002e-13,0.003858885883465817
Vis_L9.mlp.down_proj,Base->Stage1,Vis,3.820651302702792e-05,1.0568862015483596e-09,1.760431714947569e-05,0.0019211924127238414,6.212159267497811e-10,1.881334027323335e-05,0.001472916203009773,4.179853137973955e-13,5.140157142896754e-07,3.820650047388575e-05,1486.2147215318068,0.052130503633262444,1.1192671786339689e-13,0.05213050363326245,0.0013526908403916535
Vis_L9.mlp.down_proj,Stage1->Stage2,Vis,0.00011692593994335713,8.901560852254031e-09,6.861771650677305e-05,0.00557552316840257,5.10300115991054e-09,5.65542344519819e-05,0.0042214862183574614,3.9147879407007844e-12,1.57147535129953e-06,0.00011692480739452897,1303.519178358625,0.14940111442959278,1.1077573064945813e-13,0.1494011144295928,0.004139731354715153
Vis_L9.mlp.down_proj,Base->Stage2,Vis,0.000124441036837237,9.513754319073428e-09,7.127795885567e-05,0.005764060205024549,5.430471703025531e-09,5.8391530598282796e-05,0.0043548311402508925,4.434181429597616e-12,1.6712545599369605e-06,0.0001244397906109567,1224.6841472876595,0.1541157363692488,1.1193001712711842e-13,0.15411573636924877,0.004405799884947854
Vis_L10.attn.qkv,Base->Stage1,Vis,4.398570231057602e-05,1.0259758611333148e-09,1.7361222872480652e-05,0.0019071129345632294,5.587923826257865e-10,1.7951749908022254e-05,0.0014074503352118437,5.457718640309086e-13,5.788979408619578e-07,4.3985892819113616e-05,1023.8570718884483,0.05238194597717246,0.05238194597717246,1.1486201579238702e-13,0.001637857706299519
Vis_L10.attn.qkv,Stage1->Stage2,Vis,0.0001414367742603797,8.812752766265184e-09,6.837538772224002e-05,0.005589414795503166,4.429951271137228e-09,5.267653755378094e-05,0.003962871785739649,5.642986422489122e-12,1.8644359375794302e-06,0.0001414376557622048,785.0366702075416,0.14746207597458033,0.1474620759745803,1.1093270492706616e-13,0.005266536514999069
Vis_L10.attn.qkv,Base->Stage2,Vis,0.00015083081415542465,9.426639307134939e-09,7.107933154600085e-05,0.005780813945149993,4.6528057300546965e-09,5.4033196314648554e-05,0.004061327452636811,6.417534796991857e-12,1.983521188084241e-06,0.00015083240747966524,725.0144918942464,0.1511168361525325,0.1511168361525325,1.1486033228062182e-13,0.005616357096390359
Vis_L10.attn.proj,Base->Stage1,Vis,6.352307300392121e-05,1.0700344182723203e-09,1.804788268170654e-05,0.0020330585517265094,1.0446295670121421e-12,8.139586275922866e-07,6.352317104682581e-05,1.0446295670122934e-12,8.139586275923126e-07,6.352317104683043e-05,0.9999999999998552,1.0144892158700503e-13,5.778175929592929e-14,5.876168362514103e-14,0.0013082511542486565
Vis_L10.attn.proj,Stage1->Stage2,Vis,0.00016525776352088007,8.782092565893947e-09,6.869990207263754e-05,0.005824422177781626,7.070037485821142e-12,2.118529630121463e-06,0.0001652588399697195,7.070037485819425e-12,2.1185296301212102e-06,0.00016525883996969948,1.000000000000243,1.0400227727238677e-13,5.930587672936161e-14,5.95294737537072e-14,0.003403461387582727
Vis_L10.attn.proj,Base->Stage2,Vis,0.00017115856455791008,9.364193575509044e-09,7.124950120381613e-05,0.006014354641797218,7.58396964607449e-12,2.1934758583740973e-06,0.0001711599436146549,7.583969646073141e-12,2.1934758583738635e-06,0.0001711599436146397,1.0000000000001779,1.0144750920433458e-13,5.778267064273513e-14,5.876031610257743e-14,0.003524993030933003
Vis_L10.mlp.gate_proj,Base->Stage1,Vis,3.372998132295165e-05,1.0685507449393595e-09,1.7703167616543437e-05,0.0019212655636663383,6.481235921556953e-10,1.916606429276506e-05,0.0014963002141813462,3.2934598474190793e-13,4.563297341005917e-07,3.3729974235006695e-05,1967.911018145849,0.0532519336371974,0.0532519336371974,1.1594457211251786e-13,0.0012007268560360327
Vis_L10.mlp.gate_proj,Stage1->Stage2,Vis,0.00010476165965578464,8.987696256734574e-09,6.899088866419632e-05,0.005571897260862279,5.408278450310932e-09,5.8234299170431245e-05,0.004322235522913052,3.177057640185323e-12,1.416801373683498e-06,0.00010475902641256066,1702.2915737831745,0.15382069229520248,0.15382069229520245,1.1500083324554267e-13,0.003729328026022285
Vis_L10.mlp.gate_proj,Base->Stage2,Vis,0.00010870862007025059,9.62625001673793e-09,7.175675059112103e-05,0.005766435984600541,5.7784895168476295e-09,6.0255591460247124e-05,0.004467721276921379,3.4209611129719754e-12,1.469690128800369e-06,0.00010870586477465265,1689.1421229361888,0.15899741955413893,0.15899741955413896,1.15947348433633e-13,0.0038698319560603817
Vis_L10.mlp.up_proj,Base->Stage1,Vis,3.342427994505698e-05,1.062011690086299e-09,1.7554293519747832e-05,0.0018930322214122891,6.39432661831478e-10,1.902886928973738e-05,0.0014688950440259721,3.310826730406487e-13,4.5789138659532104e-07,3.342424330327561e-05,1931.3383450693946,0.052893476787739827,0.05289347678773983,1.2056746563423203e-13,0.0012038884954607481
Vis_L10.mlp.up_proj,Stage1->Stage2,Vis,0.00010600893618658906,8.95187174116903e-09,6.863108899235117e-05,0.005495990301086943,5.3211200645540455e-09,5.77341474644228e-05,0.004237313153908679,3.3304141077465203e-12,1.4512691925943506e-06,0.00010600788036359647,1597.7352642655328,0.152572261913975,0.15257226191397502,1.1775681769525591e-13,0.0038182745839018912
Vis_L10.mlp.up_proj,Base->Stage2,Vis,0.00010908748702207872,9.579531412193334e-09,7.136397176994903e-05,0.005685401830366936,5.673516909355649e-09,5.9683673167671905e-05,0.004375374273009521,3.5266487557744774e-12,1.493349810666643e-06,0.00010908628095013584,1608.755876259558,0.1575433874654817,0.15754338746548172,1.2056783365253962e-13,0.003929154819204553
Vis_L10.mlp.down_proj,Base->Stage1,Vis,3.576562412703475e-05,1.091406102833641e-09,1.793831305592239e-05,0.0019382991520306091,6.414788381610595e-10,1.911757689848718e-05,0.0014859999122639593,3.7159996102434274e-13,4.852141774232093e-07,3.576559436503168e-05,1726.2618553370557,0.052976370146760744,1.1091591875435576e-13,0.05297637014676073,0.0012754277672138714
Vis_L10.mlp.down_proj,Stage1->Stage2,Vis,0.00010433568762772506,9.047063959967236e-09,6.918072446749389e-05,0.005580510624807386,5.214048910422096e-09,5.71666632734872e-05,0.004236504376401574,3.162354346217969e-12,1.4152218392232062e-06,0.00010433388395366307,1648.7870553335872,0.15103131542867343,1.1629624514474091e-13,0.1510313154286734,0.0037206884290415646
Vis_L10.mlp.down_proj,Base->Stage2,Vis,0.0001078359765987266,9.67007117514977e-09,7.189088357707315e-05,0.0057694570457612,5.5470119619525684e-09,5.901662385299805e-05,0.0043696802645297175,3.3780913939429427e-12,1.4624216150229986e-06,0.0001078340226810751,1642.0550290316567,0.15577830729086103,1.1091974683599561e-13,0.155778307290861,0.0038455081440720716
Vis_L11.attn.qkv,Base->Stage1,Vis,4.1883823396066524e-05,1.0604462807836552e-09,1.7678355772140588e-05,0.0019174858369181691,5.87501802700824e-10,1.8388429937441247e-05,0.0014272249524286092,5.059590436511622e-13,5.550010715975684e-07,4.1883745275934965e-05,1161.164742626643,0.053714000398223674,0.05371400039822366,1.143953919606512e-13,0.0015769876002537854
Vis_L11.attn.qkv,Stage1->Stage2,Vis,0.00012281223291817862,8.824106870350887e-09,6.827617799454622e-05,0.005531152093781608,4.5785740443744546e-09,5.353145065188965e-05,0.003984238631001831,4.350183720580076e-12,1.6505548907835605e-06,0.00012281008175917302,1052.5013053388752,0.14994072175084217,0.14994072175084214,1.1121551978234769e-13,0.00462406996307314
Vis_L11.attn.qkv,Base->Stage2,Vis,0.00013177512177279174,9.444902633328296e-09,7.100791735041458e-05,0.005722409903713947,4.8227622996975455e-09,5.4991920944358957e-05,0.004089103938136561,5.0082912420734616e-12,1.7657161243805435e-06,0.00013177256784362048,962.9556402756031,0.15388019230563607,0.15388019230563607,1.1439875083921773e-13,0.0049615272964118095
Vis_L11.attn.proj,Base->Stage1,Vis,5.941698535466424e-05,1.0683226215080561e-09,1.7893683867455933e-05,0.0019871078197786856,9.55168319699189e-13,7.783260541502437e-07,5.941692539990992e-05,9.55168319698463e-13,7.783260541499719e-07,5.941692539988734e-05,1.00000000000076,1.0377003897659708e-13,5.946145613841323e-14,5.993897911728696e-14,0.0012509787268350976
Vis_L11.attn.proj,Stage1->Stage2,Vis,0.00017497874905655697,8.846691740960668e-09,6.871614229339684e-05,0.005718159142743109,8.283810863986891e-12,2.2906656211287885e-06,0.00017497696444405806,8.28381086399266e-12,2.2906656211295876e-06,0.00017497696444411894,0.9999999999993036,1.0508816624078935e-13,5.945966660796054e-14,6.057982036121485e-14,0.0036840461071443674
Vis_L11.attn.proj,Base->Stage2,Vis,0.00018101357765448297,9.443695001041676e-09,7.131410958216122e-05,0.0059079493984554214,8.865045878458773e-12,2.3697179351430756e-06,0.00018101154884261067,8.865045878459957e-12,2.369717935143235e-06,0.00018101154884262284,0.9999999999998664,1.0376820829926318e-13,5.945953653526808e-14,5.993988970175401e-14,0.0038111010439594493
Vis_L11.mlp.gate_proj,Base->Stage1,Vis,3.5322837437148454e-05,1.0890809334180215e-09,1.7876232389277228e-05,0.001923785988385917,6.609177788614399e-10,1.9352867566509993e-05,0.0014986506181873483,3.671611428133145e-13,4.819195976877616e-07,3.5322793005064106e-05,1800.0755030809125,0.05377372554601459,0.05377372554601459,1.1200925981713558e-13,0.0012677872924034086
Vis_L11.mlp.gate_proj,Stage1->Stage2,Vis,0.0001024715384426814,9.177643459294343e-09,6.970400524171602e-05,0.005584504914691033,5.52410994064172e-09,5.884482047305585e-05,0.004332616439044889,3.0899621047361267e-12,1.3973362719701322e-06,0.00010246974682621803,1787.7597696666453,0.1554608235521624,0.1554608235521624,1.165202256574109e-13,0.0036778550963425505
Vis_L11.mlp.gate_proj,Base->Stage2,Vis,0.00010669052984024882,9.832792672532342e-09,7.252778860763303e-05,0.005780395144596548,5.9025079265182634e-09,6.0875749506331025e-05,0.004478549472553181,3.3496335016403663e-12,1.4548939241247064e-06,0.00010668853025666219,1762.1354466474365,0.16069606650404028,0.16069606650404025,1.1201107092066898e-13,0.0038292761217730014
Vis_L11.mlp.up_proj,Base->Stage1,Vis,3.378132821446387e-05,1.0821310182696559e-09,1.7696772795300555e-05,0.0018883696941485693,6.5548718471479e-10,1.9248345342718773e-05,0.001469701717471526,3.4630616848203193e-13,4.6819645605174935e-07,3.3781366449374284e-05,1892.7967341384506,0.05355306850358898,0.05355306850358899,1.1888337645928567e-13,0.0012312554093878909
Vis_L11.mlp.up_proj,Stage1->Stage2,Vis,0.0001017080609919497,9.133538674367575e-09,6.930380764044124e-05,0.005486036014884131,5.439416275638521e-09,5.8353728623276265e-05,0.00423365306982831,3.139182405375426e-12,1.4086313921892868e-06,0.00010170619199452038,1732.749351017085,0.15426325303486665,0.15426325303486668,1.1938346062753542e-13,0.0037070318177446857
Vis_L11.mlp.up_proj,Base->Stage2,Vis,0.00010481011021232454,9.776014759493054e-09,7.208539642755208e-05,0.005675707980896084,5.808240733292565e-09,6.0353036174939424e-05,0.004374832426001125,3.3335973358366847e-12,1.4515536324484264e-06,0.00010480830283698767,1742.3342258085831,0.15940726479579315,0.15940726479579315,1.1888684856929953e-13,0.0038200989119862687
Vis_L11.mlp.down_proj,Base->Stage1,Vis,3.809057718817178e-05,1.1044663168772048e-09,1.8004762688490935e-05,0.0019250682326678406,6.450400980408807e-10,1.9171361651960874e-05,0.0014711713066772707,4.324091065055589e-13,5.22914561341303e-07,3.809055541515121e-05,1491.73569274168,0.05312084142273607,1.147277904760106e-13,0.05312084142273606,0.001375832149878296
Vis_L11.mlp.down_proj,Stage1->Stage2,Vis,0.00010833558768280758,9.243732398285704e-09,6.989484970352174e-05,0.005569098815308778,5.2894899148295965e-09,5.756394268651423e-05,0.0042127737764847415,3.4978606841264996e-12,1.4849039116348659e-06,0.00010833343047583448,1512.2071438790051,0.1521165276509861,1.1414204545009193e-13,0.15211652765098607,0.00391308509118217
Vis_L11.mlp.down_proj,Base->Stage2,Vis,0.00011055996952024552,9.87406285463093e-09,7.260203785413547e-05,0.005755846261214237,5.620705893282302e-09,5.938964045202426e-05,0.004342668437484962,3.642969582087718e-12,1.5169210211476052e-06,0.00011055770482465203,1542.8912502917963,0.15680747789922447,1.1473047618135331e-13,0.15680747789922445,0.003993427555690375
Vis_L12.attn.qkv,Base->Stage1,Vis,4.0369617980285264e-05,1.0598740812851187e-09,1.759179910562292e-05,0.0018991659928471831,6.013641554645263e-10,1.8560522195319207e-05,0.0014305549955390975,4.788888817139758e-13,5.480690536433076e-07,4.0369481018047557e-05,1255.748835329405,0.054345793570835424,0.054345793570835424,1.1607664557036235e-13,0.0015342211807299936
Vis_L12.attn.qkv,Stage1->Stage2,Vis,0.00013042805813853238,9.095911492693236e-09,6.938999515013756e-05,0.005563477263187066,4.845804115283638e-09,5.508518181288945e-05,0.004060748867066217,4.998854297821257e-12,1.7409740125755308e-06,0.00013042427878505588,969.3829478878139,0.15424908676738955,0.15424908676738955,1.1188575718032866e-13,0.004956850678066773
Vis_L12.attn.qkv,Base->Stage2,Vis,0.00014218193545798328,9.70400983265534e-09,7.201426775136503e-05,0.0057464392335254185,5.106419625384721e-09,5.660584309949016e-05,0.0041685158280556625,5.94038124728817e-12,1.888611580743157e-06,0.00014217733315073064,859.6114311208295,0.15833207482003153,0.15833207482003156,1.160795361393949e-13,0.0054035323545502
Vis_L12.attn.proj,Base->Stage1,Vis,5.932117732655386e-05,1.0873590650222273e-09,1.7993410948755618e-05,0.001965819524941983,9.901557506143263e-13,7.919496662243755e-07,5.9321061205631285e-05,9.901557506146886e-13,7.919496662245706e-07,5.932106120564216e-05,0.9999999999996341,1.0786028911932603e-13,6.146259775524174e-14,6.155136996492152e-14,0.0012736840981213146
Vis_L12.attn.proj,Stage1->Stage2,Vis,0.00016633652862132955,8.92627443638175e-09,6.884400957469783e-05,0.005632286922269312,7.785041970581214e-12,2.219767772596072e-06,0.0001663336556012212,7.785041970586964e-12,2.219767772596861e-06,0.00016633365560128266,0.9999999999992614,1.07802392797496e-13,6.174383170853775e-14,6.165347515628518e-14,0.003571416072737771
Vis_L12.attn.proj,Base->Stage2,Vis,0.0001739277048656537,9.506126287682832e-09,7.13863664044112e-05,0.005812345781857645,8.511802200361815e-12,2.319336068955822e-06,0.00017392436027156242,8.511802200363982e-12,2.3193360689561324e-06,0.00017392436027158445,0.9999999999997454,1.0786120020765691e-13,6.146427389599588e-14,6.155178633268699e-14,0.003734399111647862
Vis_L12.mlp.gate_proj,Base->Stage1,Vis,3.436622767003147e-05,1.1106399654614898e-09,1.8102900445969402e-05,0.001941067496616408,6.75826574168002e-10,1.9571246848099632e-05,0.001514159483951758,3.481398746951552e-13,4.691626471391879e-07,3.436614934736146e-05,1941.2501218361786,0.054377995882242694,0.054377995882242694,1.160036470867467e-13,0.00123451088106404
Vis_L12.mlp.gate_proj,Stage1->Stage2,Vis,0.00010176878536869883,9.27487643433124e-09,7.007762960510647e-05,0.0056091979047288,5.5554332391200205e-09,5.899511478011025e-05,0.004341158707587177,3.0529606366901687e-12,1.3879055234206814e-06,0.00010176707667934499,1819.687149698359,0.15590182527168073,0.15590182527168073,1.1302626110605296e-13,0.003655768111242133
Vis_L12.mlp.gate_proj,Base->Stage2,Vis,0.00010597941944601451,9.922317007312533e-09,7.286589220304026e-05,0.005801672987048645,5.931647410316686e-09,6.102686120438119e-05,0.0044857427182867175,3.310801285372875e-12,1.4455151040324665e-06,0.00010597739853103314,1791.6047805474502,0.1610932882005129,0.16109328820051286,1.1600815471011234e-13,0.0038070150652247613
Vis_L12.mlp.up_proj,Base->Stage1,Vis,3.3456892851379534e-05,1.0999162213019616e-09,1.783496198517938e-05,0.0018839420665472204,6.652922206866629e-10,1.9389898301526663e-05,0.0014651900567050717,3.4689292911132243e-13,4.6877394293791496e-07,3.3456881941084385e-05,1917.860425668008,0.05395229177697734,0.05395229177697737,1.2245654484926042e-13,0.001232298050991612
Vis_L12.mlp.up_proj,Stage1->Stage2,Vis,9.735005039497733e-05,9.27446364225382e-09,6.978630421394085e-05,0.005470499810289709,5.5299738608626744e-09,5.882473467374749e-05,0.004224196817527397,2.9369522193422187e-12,1.362559187162088e-06,9.734889950943696e-05,1882.8954126128779,0.15554529745142387,0.15554529745142387,1.2172959778406813e-13,0.003585638302365773
Vis_L12.mlp.up_proj,Base->Stage2,Vis,9.979626519106722e-05,9.914706903353077e-09,7.25315052019721e-05,0.005656171196794137,5.897019727693065e-09,6.081788693195456e-05,0.004362132931468705,3.086404285724132e-12,1.3968036421744037e-06,9.979505284291264e-05,1910.6439668222229,0.16062455677286036,0.16062455677286033,1.2245826350920134e-13,0.003675737123514951
Vis_L12.mlp.down_proj,Base->Stage1,Vis,3.6614423351925035e-05,1.1242225780657936e-09,1.8175111525502844e-05,0.0019259250867215878,6.584124567647531e-10,1.935175558961234e-05,0.0014738804494707498,4.063271817808203e-13,5.070844548296933e-07,3.661433718497081e-05,1620.399732745204,0.053670119670205116,1.1953605566663835e-13,0.05367011967020512,0.0013336933196817476
Vis_L12.mlp.down_proj,Stage1->Stage2,Vis,0.00011385852199121737,9.352773992385715e-09,7.025287489573267e-05,0.005554914866032676,5.327642443246184e-09,5.7752448090474846e-05,0.0041925159404058564,3.9292042616159114e-12,1.5728638161079868e-06,0.0001138569355582222,1355.908751115717,0.15265817182262226,1.1516659335780962e-13,0.15265817182262229,0.004147346691036307
Vis_L12.mlp.down_proj,Base->Stage2,Vis,0.00011713619522901387,9.994641333814008e-09,7.301405313398841e-05,0.005742365004783567,5.66698412811758e-09,5.962646859863992e-05,0.00432397511232232,4.1586627773871854e-12,1.6170873395343891e-06,0.00011713428746700903,1362.6938348865224,0.1574449915321976,1.1953865679226538e-13,0.1574449915321976,0.004266727337701595
Vis_L13.attn.qkv,Base->Stage1,Vis,4.465100759862699e-05,1.0633516428278628e-09,1.7586761417186145e-05,0.0018948739001554812,6.08886065551728e-10,1.8643428921610974e-05,0.0014338703300913818,5.904422329125443e-13,5.921849615690491e-07,4.4650936043179864e-05,1031.2373194380145,0.05467979969514417,0.05467979969514417,1.194064964040235e-13,0.0017035673345106557
Vis_L13.attn.qkv,Stage1->Stage2,Vis,0.00016909966626171477,9.053467709763527e-09,6.911762127642144e-05,0.005528868581254404,4.904425992445839e-09,5.538094120169378e-05,0.00406932972980367,8.468408112628286e-12,2.165474569882723e-06,0.00016909457649791568,579.1437926960848,0.1551264623133363,0.15512646231333632,1.152489140674443e-13,0.006451660216966677
Vis_L13.attn.qkv,Base->Stage2,Vis,0.00018938387018386184,9.648944433244448e-09,7.169985225537209e-05,0.0057077992659549,5.167201890192194e-09,5.690188281349915e-05,0.004176923331887235,1.0621867055565079e-11,2.383077880659054e-06,0.0001893778663943518,486.4683264403088,0.15920169621882532,0.15920169621882538,1.1940859965201083e-13,0.007225551947880071
Vis_L13.attn.proj,Base->Stage1,Vis,6.104932779068864e-05,1.1304380330362777e-09,1.8423795029507417e-05,0.001988014206750512,1.0660294766363213e-12,8.208912320507355e-07,6.104930300576484e-05,1.0660294766366558e-12,8.208912320507904e-07,6.104930300577445e-05,0.9999999999996863,1.1099168751393245e-13,6.304439354592196e-14,6.335530816444711e-14,0.0013215834043001212
Vis_L13.attn.proj,Stage1->Stage2,Vis,0.00017136486622977554,8.983017843931436e-09,6.90238326324133e-05,0.005603982729916552,8.39945999565853e-12,2.3043786129649093e-06,0.00017136074438382448,8.399459995659063e-12,2.30437861296492e-06,0.0001713607443838299,0.9999999999999365,1.1024639293147087e-13,6.275117569352378e-14,6.316254954419459e-14,0.003709673200820768
Vis_L13.attn.proj,Base->Stage2,Vis,0.0001747225845567551,9.566175623129192e-09,7.156287155013263e-05,0.0057830218327008425,8.731835219368855e-12,2.347899956465951e-06,0.00017471831101488721,8.731835219374896e-12,2.3478999564667273e-06,0.0001747183110149477,0.9999999999993082,1.1099618130556865e-13,6.304499340387113e-14,6.335935827062051e-14,0.003782358896697117
Vis_L13.mlp.gate_proj,Base->Stage1,Vis,3.754653922268098e-05,1.1595801613236903e-09,1.8627890036542442e-05,0.001974962940260925,7.032282657442041e-10,1.9989255558804565e-05,0.0015380013673502507,4.191042098299609e-13,5.139855290293589e-07,3.754650991188976e-05,1677.931763151504,0.055467138306359916,0.05546713830635992,1.1477940379266261e-13,0.0013545001251205687
Vis_L13.mlp.gate_proj,Stage1->Stage2,Vis,0.00010189480884693561,9.522183188448004e-09,7.116362038777369e-05,0.005659408746581924,5.693780635459052e-09,5.9730422452592655e-05,0.004376260452681462,3.0866472018777085e-12,1.3959417266360834e-06,0.00010189345585720051,1844.64898741759,0.15783067812949997,0.15783067812949997,1.139449224833181e-13,0.0036758817705334138
Vis_L13.mlp.gate_proj,Base->Stage2,Vis,0.00010683281746128697,1.0234307779616231e-08,7.417068387326191e-05,0.005867215397031139,6.0996101631728776e-09,6.187755406593781e-05,0.004529537246739768,3.3930601718951527e-12,1.463218801541985e-06,0.00010683131550509824,1797.672264611215,0.1633569983374814,0.16335699833748138,1.1477891207882663e-13,0.0038540187088918266
Vis_L13.mlp.up_proj,Base->Stage1,Vis,3.3985773472636147e-05,1.1405288678746882e-09,1.8172222932598585e-05,0.0018831217643734775,6.921270181446413e-10,1.977086960473333e-05,0.0014669596324144844,3.714864058556681e-13,4.846768512127506e-07,3.398573953268249e-05,1863.1287908111237,0.05502925285731304,0.05502925285731302,1.2358483706345693e-13,0.0012752328768792676
Vis_L13.mlp.up_proj,Stage1->Stage2,Vis,0.00010443188509108311,9.569164199149753e-09,7.088011753789932e-05,0.005454516056681601,5.703793969965953e-09,5.9739865526477006e-05,0.0042111541197152585,3.5076456337994405e-12,1.4889559827580378e-06,0.00010443043256450528,1626.1032514244234,0.1579640955193748,0.1579640955193748,1.202692505017196e-13,0.003918554520039303
Vis_L13.mlp.up_proj,Base->Stage2,Vis,0.0001069747706143404,1.0246882028946833e-08,7.374374564130853e-05,0.005644364988094527,6.100930679816896e-09,6.18502795966065e-05,0.004355291888102917,3.680538262211497e-12,1.5251196974603556e-06,0.00010697317589012044,1657.6191429541277,0.16337136999979324,0.16337136999979332,1.2358663494209353e-13,0.004013966155395065
Vis_L13.mlp.down_proj,Base->Stage1,Vis,3.951802586787296e-05,1.1637799009344126e-09,1.851672961723222e-05,0.001928735458755268,6.753231600549619e-10,1.9617992258967858e-05,0.0014692410728451692,4.88556759585166e-13,5.525370354617326e-07,3.9517981342004546e-05,1382.2818880417894,0.054352070020702394,1.1827417570867146e-13,0.054352070020702394,0.0014624315610516688
Vis_L13.mlp.down_proj,Stage1->Stage2,Vis,0.00011097961722963727,9.536598019627597e-09,7.086704093881093e-05,0.005521119851122299,5.390289551123039e-09,5.808171476475669e-05,0.004150844688750478,3.853114971832992e-12,1.5567624323906024e-06,0.00011097787899204182,1398.9433459751624,0.15355542415849363,1.2806052766500106e-13,0.1535554241584936,0.004106993559855689
Vis_L13.mlp.down_proj,Base->Stage2,Vis,0.0001161908424936852,1.0207890273753022e-08,7.371136756842898e-05,0.005712134604483192,5.7327564441495146e-09,5.9960465604879984e-05,0.004280674266815623,4.22345961376131e-12,1.6264503864894313e-06,0.00011618889172143953,1357.3603084709177,0.15835637863266622,1.1827761620747766e-13,0.15835637863266624,0.004299839160387459
Vis_L14.attn.qkv,Base->Stage1,Vis,3.972577721321022e-05,1.1128602582817587e-09,1.810588943944443e-05,0.0019353583565735867,6.527664890653275e-10,1.9288413401674783e-05,0.001482245023162543,4.688800336880625e-13,5.42458422205876e-07,3.972573535479509e-05,1392.1823113918333,0.05662292793805775,0.05662292793805774,1.177043795905378e-13,0.001518103798026856
Vis_L14.attn.qkv,Stage1->Stage2,Vis,0.0001275716211881206,9.260139691166736e-09,6.997743439330683e-05,0.0055826057008210766,5.220013918293798e-09,5.717099483310677e-05,0.0041914473588510505,4.8353286593912264e-12,1.7366597376391998e-06,0.0001275678349824198,1079.5572102747208,0.16010268685248324,0.16010268685248327,1.1544969245397568e-13,0.004875100760665339
Vis_L14.attn.qkv,Base->Stage2,Vis,0.00012793680643755046,9.898138263766508e-09,7.270309577095032e-05,0.005771715872278881,5.523821320061469e-09,5.886950745307656e-05,0.004311694646724043,4.863041160993277e-12,1.7438521302493228e-06,0.00012793287459256775,1135.8779696064153,0.1646992806288,0.16469928062880002,1.1770479292442514e-13,0.004889051023922142
Vis_L14.attn.proj,Base->Stage1,Vis,6.41025960656465e-05,1.198711826111499e-09,1.9224867709866088e-05,0.0020816485183353392,1.1367110980608794e-12,8.477077862982023e-07,6.410251320604345e-05,1.1367110980609545e-12,8.477077862982861e-07,6.410251320604559e-05,0.9999999999999339,1.1080653524038714e-13,6.287217656488018e-14,6.310465988613698e-14,0.0013646931754292125
Vis_L14.attn.proj,Stage1->Stage2,Vis,0.0002077312442663617,9.070885610917367e-09,6.953505040662832e-05,0.005726120453030871,1.1937231916428377e-11,2.7147306664138456e-06,0.000207724369789966,1.193723191643131e-11,2.714730666414313e-06,0.00020772436978999155,0.9999999999997542,1.1021833217580817e-13,6.288164103971688e-14,6.24925623888335e-14,0.004422438328782106
Vis_L14.attn.proj,Base->Stage2,Vis,0.00021123282990253667,9.725162738169659e-09,7.236238486612478e-05,0.005929035805340776,1.2343027553738754e-11,2.7664834859532566e-06,0.0002112255665152268,1.2343027553737067e-11,2.766483485953169e-06,0.00021122556651521223,1.0000000000001366,1.1080863446102053e-13,6.28732934182963e-14,6.310824868975103e-14,0.0044969785794511845
Vis_L14.mlp.gate_proj,Base->Stage1,Vis,3.6668651437599944e-05,1.1844061864873277e-09,1.8950207474660085e-05,0.0020176397088450355,7.113826860503885e-10,2.014291271979512e-05,0.0015636693679106518,3.9120345508137693e-13,4.971816027854517e-07,3.6668624899814046e-05,1818.446838365497,0.055789040291499205,0.0557890402914992,1.1391169859897416e-13,0.0013086375529397871
Vis_L14.mlp.gate_proj,Stage1->Stage2,Vis,0.00010756739939399288,9.509420355984263e-09,7.124855324645938e-05,0.005716968076736749,5.617649641784746e-09,5.934053695772197e-05,0.004394060875547192,3.3664701811913617e-12,1.4574440533058492e-06,0.00010756627526735059,1668.7061935587124,0.1567673202591563,0.15676732025915627,1.147315531130845e-13,0.0038388878422250493
Vis_L14.mlp.gate_proj,Base->Stage2,Vis,0.00011143891555415767,1.0225076465021824e-08,7.427563914740541e-05,0.0059281888013621945,6.024585507384894e-09,6.150448990061427e-05,0.004550428877334827,3.613154725922065e-12,1.5101927269315548e-06,0.00011143767031884802,1667.4031322717408,0.1623454219618987,0.1623454219618987,1.1391140906277148e-13,0.003977052442223565
Vis_L14.mlp.up_proj,Base->Stage1,Vis,3.408670387246004e-05,1.1551209809948247e-09,1.8288677811906966e-05,0.0018865297205032253,6.963842260581507e-10,1.9845889143673345e-05,0.0014647866663394776,3.771126779425731e-13,4.882569486000557e-07,3.4086741087895286e-05,1846.6210944098686,0.05519801176825717,0.05519801176825716,1.240906425362173e-13,0.0012848534776235805
Vis_L14.mlp.up_proj,Stage1->Stage2,Vis,0.00010247813607503713,9.60547282872634e-09,7.093043833713022e-05,0.005440075841131165,5.687310037442981e-09,5.96528531611634e-05,0.004185998153157743,3.4084945545962953e-12,1.4663731875346081e-06,0.00010247711317790547,1668.5694949325189,0.1577371151808554,0.15773711518085545,1.244137651290141e-13,0.003862774360767238
Vis_L14.mlp.up_proj,Base->Stage2,Vis,0.00010477972881671444,1.0291307088104097e-08,7.384513211322603e-05,0.005630939343941284,6.072344391759183e-09,6.170523961451319e-05,0.004325375118490522,3.5633268290448915e-12,1.5002149870131342e-06,0.00010477879734201741,1704.1222102511445,0.16298957351364357,0.1629895735136436,1.2409118813832512e-13,0.003949534089842359
Vis_L14.mlp.down_proj,Base->Stage1,Vis,3.806537017490473e-05,1.1648496177480539e-09,1.8432355149733585e-05,0.0019070240939718954,6.508020046138698e-10,1.929643187054823e-05,0.0014254293288088545,4.641071048795543e-13,5.415662099161632e-07,3.806539649478346e-05,1402.2668426564314,0.05335642790115249,1.2453033460237838e-13,0.053356427901152484,0.0014253684654575239
Vis_L14.mlp.down_proj,Stage1->Stage2,Vis,0.0001327929203112447,9.428423073521392e-09,7.025739290806252e-05,0.005425468782661096,5.081661079898227e-09,5.636794917205591e-05,0.003983094279208133,5.6481646043360435e-12,1.864027923580073e-06,0.00013279184664620036,899.7013075711503,0.14906450649626726,1.2449384649902822e-13,0.14906450649626726,0.004972464718018769
Vis_L14.mlp.down_proj,Base->Stage2,Vis,0.00013527167712005795,1.0110150144437293e-08,7.316332948445283e-05,0.005618191529048843,5.391441185617165e-09,5.810777136295923e-05,0.0041027038969769555,5.861001747943351e-12,1.8981367919153799e-06,0.0001352706769451041,919.8839067927328,0.15354229303227426,1.2453261493259224e-13,0.1535422930322742,0.005065285900301857
Vis_L15.attn.qkv,Base->Stage1,Vis,3.3485972250845684e-05,1.1220957764429957e-09,1.777966352919306e-05,0.001786486502102985,7.11816315451304e-10,1.9818226807613654e-05,0.0014228815382016312,3.9423768417106446e-13,4.974128612845397e-07,3.3486043948103916e-05,1805.5511789746572,0.05913340033117195,0.05913340033117194,1.2213643998067042e-13,0.0013920334282040846
Vis_L15.attn.qkv,Stage1->Stage2,Vis,0.0001108233894231,9.182574336233482e-09,6.856600064087577e-05,0.005110438858750788,5.684384991221229e-09,5.935199130719722e-05,0.004020848524116374,4.3181060710112315e-12,1.6427491478116226e-06,0.00011082114258071114,1316.4069843912002,0.1670864327054559,0.16708643270545584,1.1965929707279466e-13,0.00460698979380619
Vis_L15.attn.qkv,Base->Stage2,Vis,0.00010892695597916286,9.835784089298457e-09,7.139196593914488e-05,0.005289083991329653,6.066327645206124e-09,6.138999751370708e-05,0.004153736108744196,4.1716036947595065e-12,1.6158743644464525e-06,0.00010892498080542101,1454.1955777886635,0.17261406427417247,0.1726140642741725,1.2213864521744175e-13,0.0045281636985075886
Vis_L15.attn.proj,Base->Stage1,Vis,4.875242961939233e-05,1.0863189874351459e-09,1.6724757732262675e-05,0.0015869326565550281,1.025259919058623e-12,8.066171734648148e-07,4.875248999976918e-05,1.0252599190569169e-12,8.066171734641356e-07,4.8752489999728615e-05,1.000000000001664,1.4201257185457218e-13,8.010969462778373e-14,8.050320149174853e-14,0.0012960655274263152
Vis_L15.attn.proj,Stage1->Stage2,Vis,0.0001391446270812287,9.350573089288893e-09,6.772961778843011e-05,0.004655792307005951,8.35166870246501e-12,2.3006137725778027e-06,0.00013914291993673392,8.351668702470785e-12,2.300613772578678e-06,0.000139142919936782,0.9999999999993087,1.37951047277486e-13,7.926332619339755e-14,7.806842358019198e-14,0.0036991044865113147
Vis_L15.attn.proj,Base->Stage2,Vis,0.000145417846544152,9.96501159601091e-09,7.041065190463769e-05,0.004806327809166826,9.121722784806481e-12,2.4035469967949478e-06,0.00014541624253375422,9.12172278480492e-12,2.403546996794647e-06,0.00014541624253374175,1.0000000000001712,1.4201691583768038e-13,8.011155516340003e-14,8.050524359109014e-14,0.003865880315093106
Vis_L15.mlp.gate_proj,Base->Stage1,Vis,3.655317505622252e-05,1.2273562149637583e-09,1.931077153083032e-05,0.002034213727434065,7.46582711228496e-10,2.0623458045966952e-05,0.0015865370992692533,3.963021905874628e-13,5.00389339166128e-07,3.655312437386463e-05,1883.8722796908871,0.057153173469792644,0.05715317346979263,1.185196576344519e-13,0.0013171379842353945
Vis_L15.mlp.gate_proj,Stage1->Stage2,Vis,0.00010540679649355148,9.782766836585528e-09,7.224828373436358e-05,0.005742946789326577,5.897017909231403e-09,6.080444591053003e-05,0.004458822299297479,3.295449749312505e-12,1.4408831158173695e-06,0.0001054050182811661,1789.4425216047175,0.16062147573920219,0.1606214757392022,1.1336273692061748e-13,0.0037981786191002695
Vis_L15.mlp.gate_proj,Base->Stage2,Vis,0.00011124721171853233,1.0514263063804937e-08,7.531571520121095e-05,0.005953787918216521,6.327216141032752e-09,6.305476909456261e-05,0.004618599203143799,3.670747652411515e-12,1.5184020680196042e-06,0.00011124518073257296,1723.685946342854,0.16637495555598086,0.1663749555559809,1.185169598459403e-13,0.004008623819117556
Vis_L15.mlp.up_proj,Base->Stage1,Vis,3.202522330518293e-05,1.2080410922579154e-09,1.8699561031523208e-05,0.0018850759649410638,7.401086469398805e-10,2.0418595349714243e-05,0.00147548820320731,3.4866501283969327e-13,4.6945523707555566e-07,3.2025224831810795e-05,2122.692612350418,0.056906500753040774,0.056906500753040774,1.2679143615122138e-13,0.0012354416053407956
Vis_L15.mlp.up_proj,Stage1->Stage2,Vis,9.583293671915111e-05,9.858669709684558e-09,7.17356998194867e-05,0.005385052145028751,5.9390158678391785e-09,6.093751613077732e-05,0.004179631536748318,3.1221487387488202e-12,1.405001227340508e-06,9.583133739498647e-05,1902.2206706971938,0.16119558515952248,0.16119558515952254,1.229706668211794e-13,0.003696960686665039
Vis_L15.mlp.up_proj,Base->Stage2,Vis,9.884117773885838e-05,1.0567411054238995e-08,7.470495231260503e-05,0.00557525909878701,6.353798457881889e-09,6.30888135894161e-05,0.004323121805051311,3.321236939886997e-12,1.4490365708074946e-06,9.88395329227868e-05,1913.0819549712926,0.16672932272415458,0.1667293227241545,1.2679479264166696e-13,0.003813010205605189
Vis_L15.mlp.down_proj,Base->Stage1,Vis,3.4923985163880504e-05,1.202319483954376e-09,1.8703836365251212e-05,0.0019061337144743683,7.03099454249362e-10,1.9992321976305705e-05,0.0014576451127430363,4.0360906401974354e-13,5.056264752113074e-07,3.492399165949682e-05,1742.0308831690859,0.05546263131262172,1.3001323929817844e-13,0.05546263131262171,0.0013292249766886073
Vis_L15.mlp.down_proj,Stage1->Stage2,Vis,0.00010747417012154849,9.819385718828145e-09,7.170777620415904e-05,0.005447291750189837,5.587382554709623e-09,5.913324746230446e-05,0.004109061864536361,3.8222699826556806e-12,1.5526231122500369e-06,0.00010747294657630584,1461.7969374386153,0.1563396098083415,1.302335041351817e-13,0.15633960980834147,0.004090521858647561
Vis_L15.mlp.down_proj,Base->Stage2,Vis,0.00011282118074470011,1.0520389009935845e-08,7.463402769046393e-05,0.005638380437575473,5.956728433233113e-09,6.112790601209894e-05,0.004242700514592938,4.212060512643605e-12,1.629417401359484e-06,0.00011281991730994542,1414.2077055522896,0.16142197840305791,1.300167669163107e-13,0.16142197840305794,0.004294032615170575
Vis_L16.attn.qkv,Base->Stage1,Vis,3.4806279984222945e-05,1.2019348959651564e-09,1.8763821076414426e-05,0.0019358304198416742,7.369610331923246e-10,2.0388619143103674e-05,0.0015158251224628035,3.88564195461283e-13,4.955956630619768e-07,3.480632955141656e-05,1896.6261992241543,0.06016952295597622,0.06016952295597623,1.2230696510377511e-13,0.001381980728350182
Vis_L16.attn.qkv,Stage1->Stage2,Vis,0.00010399792028257664,9.767455910723469e-09,7.168326804736817e-05,0.0055184669144595,5.826419298750311e-09,6.036656756896202e-05,0.004262148538505687,3.468930773261021e-12,1.4796863889722743e-06,0.00010399812990228358,1679.6009143973483,0.169173144610795,0.1691731446107949,1.2111090945298971e-13,0.004129223720838163
Vis_L16.attn.qkv,Base->Stage2,Vis,0.0001088787548348931,1.0490756657802631e-08,7.47086293020871e-05,0.0057191451640048515,6.221534013711122e-09,6.246609796769659e-05,0.004404295536399834,3.8021903217302925e-12,1.5486395484030701e-06,0.00010887912934561913,1636.3026275023076,0.17481311783566278,0.17481311783566275,1.223079765346479e-13,0.004323022769934107
Vis_L16.attn.proj,Base->Stage1,Vis,5.865139310534228e-05,1.2372391017368252e-09,1.936215432086108e-05,0.002035997048257363,1.0267261958643407e-12,8.070842994525359e-07,5.86513005744693e-05,1.026726195863899e-12,8.070842994523043e-07,5.865130057445667e-05,1.00000000000043,1.2065977875641597e-13,6.789207449365996e-14,6.833584270236989e-14,0.001296991981202433
Vis_L16.attn.proj,Stage1->Stage2,Vis,0.00016510414675356745,9.868052187933746e-09,7.254178205165829e-05,0.0057499612431728304,8.136081891357252e-12,2.2733963154854337e-06,0.0001651037183263698,8.136081891358277e-12,2.2733963154856146e-06,0.0001651037183263802,0.9999999999998741,1.151355338910968e-13,6.601884117924276e-14,6.512187672092323e-14,0.0036510486946631365
Vis_L16.attn.proj,Base->Stage2,Vis,0.00017478836499534045,1.0600517276688131e-08,7.561487809138789e-05,0.005959539843607492,9.118491937205802e-12,2.4049514220288936e-06,0.00017478763568586777,9.118491937210255e-12,2.404951422029466e-06,0.00017478763568591044,0.9999999999995117,1.206624805667288e-13,6.789014375724856e-14,6.833966464980464e-14,0.003865195621171752
Vis_L16.mlp.gate_proj,Base->Stage1,Vis,3.6306708008354236e-05,1.2173127017802267e-09,1.910771017767394e-05,0.001997712725405824,7.427681364445451e-10,2.054349318154044e-05,0.0015604813828983019,4.020773324845372e-13,5.043803782239643e-07,3.630669812754515e-05,1847.3265624172184,0.05700667488655744,0.05700667488655745,1.2007865063076862e-13,0.0013267003168328214
Vis_L16.mlp.gate_proj,Stage1->Stage2,Vis,0.00010112518033911607,9.815151265464957e-09,7.221787224873616e-05,0.005672485714773666,5.95579275852675e-09,6.108222021401138e-05,0.004418701873191664,3.1192824349576663e-12,1.4035677295904022e-06,0.00010112353947252683,1909.347063856877,0.1614231569078076,0.1614231569078076,1.1808501199980804e-13,0.0036952632906561175
Vis_L16.mlp.gate_proj,Base->Stage2,Vis,0.00010589997122245462,1.054149203189998e-08,7.525548662983639e-05,0.005878627673156116,6.381352661964647e-09,6.330019876649193e-05,0.004573843341057983,3.4207987847516054e-12,1.4685155948496734e-06,0.00010589822405965598,1865.4568898965558,0.16708923789682184,0.16708923789682187,1.2007942952706003e-13,0.0038697401411630496
Vis_L16.mlp.up_proj,Base->Stage1,Vis,3.0909404313301445e-05,1.189119356436024e-09,1.8392228221825213e-05,0.0018379421777418433,7.322687378642481e-10,2.026429733012183e-05,0.0014422958925325458,3.363125263517541e-13,4.611630428952951e-07,3.090940475595166e-05,2177.346011484442,0.056604684675700574,0.05660468467570056,1.2657809704329663e-13,0.0012133596809509694
Vis_L16.mlp.up_proj,Stage1->Stage2,Vis,9.298269476846716e-05,9.965056178230036e-09,7.191873930903764e-05,0.005320478726191627,6.072255696600708e-09,6.157222820003599e-05,0.0041532288373096055,3.0434489200710098e-12,1.3865068613759107e-06,9.298092104780632e-05,1995.1889635982554,0.16299658509390696,0.16299658509390702,1.3030274949079504e-13,0.0036500687654485156
Vis_L16.mlp.up_proj,Base->Stage2,Vis,9.701900529613441e-05,1.0663121487813272e-08,7.483350824890034e-05,0.005503677961485191,6.49143897528355e-09,6.374264138129837e-05,0.004294190676746163,3.3134117489421337e-12,1.4468531280180675e-06,9.701715596880028e-05,1959.140447110462,0.16852747776211163,0.1685274777621116,1.2658275765458174e-13,0.003808515625827085
Vis_L16.mlp.down_proj,Base->Stage1,Vis,3.4517091439297386e-05,1.1816672145959971e-09,1.8370206967725715e-05,0.0018530597848476942,7.022205930494208e-10,1.9919584285341898e-05,0.0014284946514231535,4.1000139102729045e-13,5.096502064576752e-07,3.451711608144513e-05,1712.7273429242578,0.05542771972031943,1.361637959179039e-13,0.05542771972031943,0.001339709703391398
Vis_L16.mlp.down_proj,Stage1->Stage2,Vis,0.0001147728809418588,9.900184197575805e-09,7.17416206531149e-05,0.005363598744831299,5.793550516181212e-09,6.01742764399592e-05,0.004103052198670051,4.5330957260563885e-12,1.6557235128507004e-06,0.00011477097950636933,1278.0560716773941,0.15919093785558028,1.3177623970380567e-13,0.15919093785558022,0.004454669443447454
Vis_L16.mlp.down_proj,Base->Stage2,Vis,0.00011718819551889166,1.0587459694206543e-08,7.4617246310884e-05,0.005546647008287732,6.164608774639782e-09,6.215259656331703e-05,0.004232406796048031,4.725901635817503e-12,1.6964381922559533e-06,0.00011718633772962776,1304.430191250353,0.1642105873528003,1.3616431410769485e-13,0.1642105873528003,0.004548418076755334
Vis_L17.attn.qkv,Base->Stage1,Vis,3.548529934104837e-05,1.2046647470667542e-09,1.8693984641690403e-05,0.0018972034948522088,7.324387883407881e-10,2.0326788410100902e-05,0.0014793348315711768,4.214391783988472e-13,5.155337065619855e-07,3.5485282627075074e-05,1737.9466026948564,0.05998321325725068,0.05998321325725071,1.2630545649514227e-13,0.001439256005603594
Vis_L17.attn.qkv,Stage1->Stage2,Vis,9.902188929578816e-05,9.735308860666988e-09,7.123247153570489e-05,0.005393263228661291,5.782762612627149e-09,6.009950173696983e-05,0.004156659332090965,3.281714424293388e-12,1.4418512300904392e-06,9.902096243495528e-05,1762.1163407209879,0.1685412492396802,0.1685412492396802,1.2669941243376759e-13,0.004016252325027257
Vis_L17.attn.qkv,Base->Stage2,Vis,0.00010338599987917014,1.0431316874071876e-08,7.41625646770346e-05,0.005582726078235987,6.146636712058625e-09,6.204488846364557e-05,0.004285441026021181,3.5773499368651977e-12,1.5053679411891445e-06,0.00010338498347366623,1718.2095183690283,0.17376127950186632,0.1737612795018663,1.2630498881155845e-13,0.004193255347540837
Vis_L17.attn.proj,Base->Stage1,Vis,5.9290904590739876e-05,1.2353307795012956e-09,1.920429067002516e-05,0.0019886486860555496,1.098108395481111e-12,8.208905814698158e-07,5.929103646975598e-05,1.0981083954826897e-12,8.2089058147047e-07,5.92910364697986e-05,0.9999999999985624,1.2147154712710628e-13,6.830761007477624e-14,6.908040222928103e-14,0.0013413205415406264
Vis_L17.attn.proj,Stage1->Stage2,Vis,0.00016784321650871163,9.772370790665684e-09,7.183675870752636e-05,0.005593230937718338,8.799838758380237e-12,2.359394730545495e-06,0.00016784180447248744,8.799838758386062e-12,2.359394730546205e-06,0.00016784180447254295,0.999999999999338,1.2603699105129214e-13,7.058276209411212e-14,7.102022612151805e-14,0.003797058838329968
Vis_L17.attn.proj,Base->Stage2,Vis,0.00017198827470420256,1.047736916696554e-08,7.479831376649315e-05,0.005791471265540089,9.23988868101545e-12,2.421466834045017e-06,0.00017198721034174553,9.239888681016469e-12,2.4214668340452246e-06,0.00017198721034175507,0.9999999999998896,1.2147361657686918e-13,6.830785531752952e-14,6.90834399046421e-14,0.0038908397056390525
Vis_L17.mlp.gate_proj,Base->Stage1,Vis,3.3825945705290224e-05,1.2064667980003708e-09,1.8936273657412055e-05,0.001957444159669766,7.39799400879341e-10,2.0477118044087963e-05,0.0015328112599314273,3.6027596198761416e-13,4.779948753052074e-07,3.3825898210667576e-05,2053.4242606637586,0.05689422500646016,0.05689422500646018,1.2125686424012115e-13,0.0012558439597326497
Vis_L17.mlp.gate_proj,Stage1->Stage2,Vis,9.416026479540756e-05,9.909403571261647e-09,7.24882348245706e-05,0.005609824540168382,6.070435031831816e-09,6.166312189841838e-05,0.004390716816152318,2.7917206145416075e-12,1.32969756618691e-06,9.4158926116812e-05,2174.4421702558384,0.16297494909646046,0.16297494909646043,1.197321287675131e-13,0.0034958598602085503
Vis_L17.mlp.gate_proj,Base->Stage2,Vis,9.71218398804898e-05,1.0634771779367863e-08,7.55037599795374e-05,0.005811518266727129,6.500569650461122e-09,6.38762345206707e-05,0.004543611896100984,2.970087156756533e-12,1.3716275145924472e-06,9.712032273142856e-05,2188.679761694277,0.16865001490661427,0.16865001490661427,1.2125990488979342e-13,0.0036058083056947723
Vis_L17.mlp.up_proj,Base->Stage1,Vis,3.0283048484704835e-05,1.164949333723155e-09,1.8072426552452914e-05,0.0017409061136447242,7.196584567024623e-10,2.004557140896488e-05,0.0013683117247220741,3.524962501249238e-13,4.723934528457916e-07,3.0283012960017704e-05,2041.6059928223838,0.056114343308744895,0.05611434330874489,1.3272371353707813e-13,0.0012422107649456534
Vis_L17.mlp.up_proj,Stage1->Stage2,Vis,9.126221964852144e-05,9.989535611016689e-09,7.188198686629631e-05,0.00509785540508621,6.115335938502445e-09,6.177355783842853e-05,0.003988641678944205,3.2013885780707884e-12,1.4222589758182555e-06,9.126075532060175e-05,1910.2135805668586,0.16357184772693342,0.1635718477269334,1.32243410255334e-13,0.0037435809914255487
Vis_L17.mlp.up_proj,Base->Stage2,Vis,9.558947745237933e-05,1.0679396333721847e-08,7.475300029848539e-05,0.005270941734430983,6.530951986386497e-09,6.391024872697886e-05,0.004121953695943512,3.512169705669338e-12,1.4896401397466184e-06,9.558783155922478e-05,1859.520619360803,0.16903725140431627,0.1690372514043162,1.3272609228927106e-13,0.003921080731576193
Vis_L17.mlp.down_proj,Base->Stage1,Vis,3.182556403200861e-05,1.1614409675873102e-09,1.8104787413544966e-05,0.0018245679789911382,6.902117514887813e-10,1.972258165868508e-05,0.0014065418317207002,3.5336882045843726e-13,4.7328203551942976e-07,3.182552611076879e-05,1953.233311850622,0.054953743202912166,1.3571597757760566e-13,0.05495374320291216,0.001243747300877013
Vis_L17.mlp.down_proj,Stage1->Stage2,Vis,9.781831728968092e-05,9.959667941849785e-09,7.192565836249497e-05,0.00534290833565622,5.819980680269475e-09,6.031134482711936e-05,0.004084285243547445,3.3382389385591833e-12,1.4545024246853847e-06,9.78169243254339e-05,1743.428432591897,0.1595693806241145,1.3313922330156448e-13,0.15956938062411447,0.0038227574834714118
Vis_L17.mlp.down_proj,Base->Stage2,Vis,0.00010201986680802656,1.063126200771619e-08,7.472052814212113e-05,0.005520109650110594,6.185137909541952e-09,6.224676532286266e-05,0.004210464282246944,3.6311610628028594e-12,1.5164760862554745e-06,0.000102018292453967,1703.3499210215978,0.16449776827867593,1.3571702255896772e-13,0.16449776827867593,0.003986950045902984
Vis_L18.attn.qkv,Base->Stage1,Vis,3.2346318089766886e-05,1.1701249677426488e-09,1.8129328047929992e-05,0.0018106993578709885,7.312783819930387e-10,2.016725741310876e-05,0.0014314348682078087,3.734132690370239e-13,4.859195523102913e-07,3.234633630448185e-05,1958.3620685973335,0.059937652039377474,0.059937652039377474,1.3207018313386738e-13,0.0013547696852125011
Vis_L18.attn.qkv,Stage1->Stage2,Vis,9.981525855220817e-05,9.955969792709672e-09,7.1724362376836e-05,0.005281645293641003,6.063352148170903e-09,6.147061925974455e-05,0.004121770838000181,3.555768049509087e-12,1.4969466928114258e-06,9.981462003287177e-05,1705.2158812799996,0.17258005199100293,0.1725800519910029,1.3251953417725598e-13,0.0041805874129058765
Vis_L18.attn.qkv,Base->Stage2,Vis,0.00010421155060110499,1.0613839896883958e-08,7.446027061686362e-05,0.005453354275146731,6.431968419686891e-09,6.338890536434289e-05,0.004245212144265375,3.875892794731819e-12,1.5637152713501458e-06,0.0001042109426412691,1659.4804759381723,0.17774670471801096,0.17774670471801096,1.3207320964451128e-13,0.004364720869043731
Vis_L18.attn.proj,Base->Stage1,Vis,5.087467306018537e-05,1.164898130136953e-09,1.7989758204013385e-05,0.0017992073356206666,9.313819310491556e-13,7.695460612397617e-07,5.087461588070989e-05,9.313819310506427e-13,7.695460612403686e-07,5.087461588075053e-05,0.9999999999984033,1.306702217732897e-13,7.377143259065888e-14,7.407460948547156e-14,0.0012353040742397695
Vis_L18.attn.proj,Stage1->Stage2,Vis,0.00014825913418868073,1.009753046945515e-08,7.22657670798732e-05,0.005297144561918965,7.909853521247578e-12,2.240146465673476e-06,0.0001482581100623112,7.909853521248565e-12,2.2401464656736058e-06,0.00014825811006232044,0.9999999999998752,1.3217380921233053e-13,7.451586172228627e-14,7.493414867262732e-14,0.0035999311117316745
Vis_L18.attn.proj,Base->Stage2,Vis,0.00015370383497226184,1.0733614476896799e-08,7.490589468204689e-05,0.005461440861570015,8.5014685512098e-12,2.32215649914717e-06,0.000153702600484941,8.501468551207728e-12,2.3221564991468186e-06,0.0001537026004849222,1.0000000000002436,1.3067018680978538e-13,7.37719666633423e-14,7.407473673536361e-14,0.003732131572479558
Vis_L18.mlp.gate_proj,Base->Stage1,Vis,3.36135573668697e-05,1.1925023459862935e-09,1.867483475393118e-05,0.0019316010933826233,7.346894453248967e-10,2.036919766200723e-05,0.0015161414525875735,3.6112235861838983e-13,4.785789497960704e-07,3.361359868164126e-05,2034.4612505737086,0.05669715309491497,0.056697153094914986,1.2756488673348174e-13,0.0012573182719931588
Vis_L18.mlp.gate_proj,Stage1->Stage2,Vis,9.99714099900279e-05,9.888386125507416e-09,7.218324161460142e-05,0.005562183305143792,6.052265492056295e-09,6.156258632560474e-05,0.004351525915475898,3.194302135311257e-12,1.4232573972799735e-06,9.997020549153243e-05,1894.7066481757695,0.16272517056497507,0.16272517056497512,1.2410560908779203e-13,0.0037394353888707014
Vis_L18.mlp.gate_proj,Base->Stage2,Vis,0.00010196915584408712,1.0609548503079844e-08,7.520115263538727e-05,0.005761439956666981,6.4898790905932384e-09,6.380753555966462e-05,0.004506100688777449,3.323250452419935e-12,1.4511668915180465e-06,0.00010196805260574517,1952.8708965848234,0.16850608727605232,0.1685060872760523,1.2757133555030063e-13,0.0038141658564505958
Vis_L18.mlp.up_proj,Base->Stage1,Vis,3.086203092072022e-05,1.1561541731878976e-09,1.7938356274265444e-05,0.0017886855222958634,7.144918993773044e-10,1.9965903200362015e-05,0.0014061277232663258,3.441890336144312e-13,4.668048347369742e-07,3.086204006363551e-05,2075.870610618278,0.05591273420556324,0.05591273420556322,1.3480278332960805e-13,0.0012274860135865235
Vis_L18.mlp.up_proj,Stage1->Stage2,Vis,9.2831167861198e-05,1.0008064983044788e-08,7.186700244427644e-05,0.005262564687368528,6.140143618697597e-09,6.189601434458088e-05,0.004122034797044039,3.114120373129545e-12,1.4041199572370942e-06,9.283037114331231e-05,1971.710429589798,0.16390410845315817,0.16390410845315817,1.346674048074654e-13,0.0036922044019002936
Vis_L18.mlp.up_proj,Base->Stage2,Vis,9.540189896929641e-05,1.0672985583567688e-08,7.461772180162588e-05,0.005434572043023607,6.544277361429813e-09,6.398263257244362e-05,0.004255525895859187,3.2889862936645336e-12,1.4425405377013547e-06,9.540110845099123e-05,1989.7551333782812,0.16921200205616524,0.16921200205616527,1.3480182201554387e-13,0.0037944520551913496
Vis_L18.mlp.down_proj,Base->Stage1,Vis,3.2114246274609346e-05,1.1411552350060564e-09,1.781415436435932e-05,0.0017911868962247287,6.808901384178984e-10,1.9558124282439898e-05,0.0013835888772930401,3.668253246244135e-13,4.819419962396965e-07,3.211428041626515e-05,1856.1699335100454,0.05458062657641809,1.3974918819355085e-13,0.05458062657641808,0.0012672073788752311
Vis_L18.mlp.down_proj,Stage1->Stage2,Vis,9.6577765110484e-05,9.976175998390819e-09,7.181128642315072e-05,0.00529598529919459,5.8410319239427174e-09,6.039772329212209e-05,0.004052373901284158,3.3175480564356e-12,1.4504924451429372e-06,9.657691558075682e-05,1760.6472685789422,0.15985776697009754,1.339716367203138e-13,0.15985776697009754,0.0038108920703494717
Vis_L18.mlp.down_proj,Base->Stage2,Vis,0.0001000894527227455,1.0633728794704834e-08,7.454329838773904e-05,0.005467735652178831,6.1958676533532294e-09,6.226917205263326e-05,0.0041736476879429074,3.563202239670731e-12,1.5030763268580583e-06,0.00010008867871025458,1738.8481586511853,0.16464090131074358,1.3975039282617891e-13,0.16464090131074355,0.0039494650428105555
Vis_L19.attn.qkv,Base->Stage1,Vis,3.336085054643899e-05,1.1876060826978003e-09,1.8284088520034252e-05,0.0018216187512365162,7.424106435173009e-10,2.032605368269172e-05,0.001440268214316012,3.983203080018827e-13,5.021673249999227e-07,3.3360880614779305e-05,1863.8533577198173,0.060391335476423495,0.06039133547642351,1.3437258801879e-13,0.0013992226334257364
Vis_L19.attn.qkv,Stage1->Stage2,Vis,0.00010327118254304126,1.0124114323689399e-08,7.241728355350752e-05,0.005318522777629649,6.161730322509797e-09,6.199750046011258e-05,0.004149195007132073,3.816943551216908e-12,1.5527234243181727e-06,0.00010326909517072126,1614.3100467245135,0.1739723469470887,0.17397234694708874,1.353959865169715e-13,0.004331401729572235
Vis_L19.attn.qkv,Base->Stage2,Vis,0.00010624935098607025,1.0814490833676375e-08,7.528236664769715e-05,0.005496870956058161,6.545038896098116e-09,6.39788058315793e-05,0.004276304470083087,4.04027374813484e-12,1.597119771315063e-06,0.00010624729917852938,1619.9493658368028,0.1793016025153757,0.17930160251537572,1.343744260874544e-13,0.004456316138564717
Vis_L19.attn.proj,Base->Stage1,Vis,5.562744851694222e-05,1.1993280725267215e-09,1.8324725813059217e-05,0.0018133249755737375,1.128667024197366e-12,8.468428081620585e-07,5.562750250482351e-05,1.1286670241983087e-12,8.468428081624236e-07,5.5627502504846755e-05,0.9999999999991648,1.3700941173243784e-13,7.704651112012453e-14,7.699136236530868e-14,0.0013598558939999891
Vis_L19.attn.proj,Stage1->Stage2,Vis,0.00015317402674006503,1.0298475278307485e-08,7.298140006241738e-05,0.005313603430803002,8.557698306175976e-12,2.3206577237014205e-06,0.000153172626407362,8.55769830617278e-12,2.320657723701118e-06,0.00015317262640733345,1.0000000000003735,1.3891979376642308e-13,7.784013296927991e-14,7.758983163060385e-14,0.0037444536189988366
Vis_L19.attn.proj,Base->Stage2,Vis,0.0001556584309205817,1.0953789854751266e-08,7.569347225263811e-05,0.005480054475532634,8.837569707047667e-12,2.3612962701399163e-06,0.00015565715894437672,8.837569707047286e-12,2.3612962701399434e-06,0.0001556571589443734,1.000000000000043,1.3700701273599977e-13,7.704592435392122e-14,7.698963631483957e-14,0.0038051904299293963
Vis_L19.mlp.gate_proj,Base->Stage1,Vis,3.296194623147928e-05,1.187648409754811e-09,1.8506735519873094e-05,0.0018950296906139932,7.34608376873112e-10,2.033074137109525e-05,0.0014903902854929703,3.593203281929485e-13,4.775005571617764e-07,3.296195535167042e-05,2044.4386783445236,0.05669418107480224,0.056694181074802244,1.3246054704036172e-13,0.0012541772875863486
Vis_L19.mlp.gate_proj,Stage1->Stage2,Vis,9.722721422494443e-05,1.0120903144395866e-08,7.294927948718946e-05,0.005531933101107792,6.247977681562577e-09,6.255061717843563e-05,0.0043464733370807305,3.126306395032231e-12,1.407375557297474e-06,9.722614235445969e-05,1998.5173850812416,0.16533732937563492,0.16533732937563492,1.2737362937759057e-13,0.0036994214243436904
Vis_L19.mlp.gate_proj,Base->Stage2,Vis,0.00010141928831118173,1.0822764036942736e-08,7.58553462641595e-05,0.005720531481914935,6.671788050113382e-09,6.471276432990397e-05,0.004491468990840114,3.401709412924147e-12,1.4681933499112307e-06,0.00010141819828693721,1961.3045208286146,0.1708516280106226,0.17085162801062256,1.3246168067297772e-13,0.0038589277171277433
Vis_L19.mlp.up_proj,Base->Stage1,Vis,3.1229023449522904e-05,1.1418165977848097e-09,1.7738756882966575e-05,0.0017620827839149027,7.067445811891029e-10,1.98415569693719e-05,0.0013863068711677895,3.586416022691175e-13,4.768720687003128e-07,3.122902786573557e-05,1970.6151676703023,0.05560808763241488,0.05560808763241488,1.3892205533532237e-13,0.0012529922099092587
Vis_L19.mlp.up_proj,Stage1->Stage2,Vis,8.99374751501372e-05,1.012318562905723e-08,7.222633000170505e-05,0.005246671231491711,6.184536501001413e-09,6.21195624563002e-05,0.004100896696970827,2.9745763336179072e-12,1.3732023129836466e-06,8.993687847098171e-05,2079.1318854740252,0.16449735932643403,0.16449735932643397,1.3748561329254146e-13,0.003608532299709367
Vis_L19.mlp.up_proj,Base->Stage2,Vis,9.40309125266632e-05,1.0799713811857085e-08,7.502402334811801e-05,0.005419152521612673,6.5911259558611095e-09,6.421211933907454e-05,0.004233553539065654,3.2515104943887775e-12,1.435516175221358e-06,9.403030198731203e-05,2027.0966270093852,0.16981710134247802,0.16981710134247804,1.389240827496688e-13,0.003772772500461207
Vis_L19.mlp.down_proj,Base->Stage1,Vis,3.2442164461141346e-05,1.1399415348472282e-09,1.774455649183936e-05,0.0017731919809013891,6.833984466297912e-10,1.9557924697508542e-05,0.00137293970001074,3.8158332246792257e-13,4.921023628604157e-07,3.24421152058018e-05,1790.954704754531,0.054680610149061046,1.4334590170330167e-13,0.05468061014906107,0.0012924469631035462
Vis_L19.mlp.down_proj,Stage1->Stage2,Vis,9.43763627790355e-05,1.0018183803754808e-08,7.187295539061016e-05,0.005256632766375277,5.90753512036438e-09,6.0728244410314956e-05,0.00403660539406535,3.2292192473296395e-12,1.431299861404364e-06,9.437607386162609e-05,1829.4004426145852,0.1607662007080735,1.4010048874758696e-13,0.1607662007080735,0.00375981783828821
Vis_L19.mlp.down_proj,Base->Stage2,Vis,9.656394079623562e-05,1.0673350992444395e-08,7.460798407190862e-05,0.005425796934039766,6.2695093021927706e-09,6.263000510007309e-05,0.004158434982677258,3.380646059518262e-12,1.4641927100686174e-06,9.656349857407264e-05,1854.5299306151462,0.16561883172259742,1.4334780459711866e-13,0.16561883172259742,0.003846961942903406
Vis_L20.attn.qkv,Base->Stage1,Vis,3.1528043951746404e-05,1.1841712774209503e-09,1.8102722136106308e-05,0.001778766041033161,7.419860566284223e-10,2.029158614798164e-05,0.0014080219987700694,3.7202382153125945e-13,4.854157308264773e-07,3.1528037831882416e-05,1994.4584558440074,0.06037511683614173,0.060375116836141725,1.3772935353018018e-13,0.001352246829388202
Vis_L20.attn.qkv,Stage1->Stage2,Vis,9.558286356402296e-05,1.0388206884811761e-08,7.32063724477161e-05,0.005268431112255622,6.336699303929118e-09,6.286138650065256e-05,0.004114741532404381,3.419297891359885e-12,1.469397103332142e-06,9.558274086980513e-05,1853.216509722982,0.17643157616893773,0.17643157616893776,1.3618394539790664e-13,0.004099577172784054
Vis_L20.attn.qkv,Base->Stage2,Vis,9.800402339792831e-05,1.1067490617860745e-08,7.59835264655558e-05,0.0054379547812474635,6.7174362058949506e-09,6.480826015014713e-05,0.004236554386922243,3.594715346111512e-12,1.5077088628564942e-06,9.800387857244767e-05,1868.697673978931,0.18165446639153765,0.18165446639153765,1.3773156210677392e-13,0.004203420615309311
Vis_L20.attn.proj,Base->Stage1,Vis,5.0338585243290636e-05,1.1983923984595165e-09,1.828785018672008e-05,0.0018102098467825548,9.267123269050597e-13,7.675968352735853e-07,5.033868544730291e-05,9.267123269050744e-13,7.675968352735516e-07,5.033868544730331e-05,0.9999999999999841,1.3304964191120046e-13,7.519162116092006e-14,7.559616573311076e-14,0.0012322035044590948
Vis_L20.attn.proj,Stage1->Stage2,Vis,0.00015205126813496302,1.0578961959129417e-08,7.412915330742286e-05,0.0053783497586108375,8.455149536597631e-12,2.3171057387687816e-06,0.00015205060763831289,8.455149536599607e-12,2.3171057387689785e-06,0.0001520506076383307,0.9999999999997663,1.349463027097262e-13,7.594328376883236e-14,7.577337840400669e-14,0.0037219506983253822
Vis_L20.attn.proj,Base->Stage2,Vis,0.00015737181134432553,1.1264311414286576e-08,7.691581878938259e-05,0.005549832014794008,9.057259602567435e-12,2.3988255911313396e-06,0.00015737144099863898,9.057259602573007e-12,2.3988255911321215e-06,0.00015737144099868742,0.9999999999993848,1.3305288614541549e-13,7.519433510106949e-14,7.559544994487238e-14,0.003852196014334631
Vis_L20.mlp.gate_proj,Base->Stage1,Vis,3.278355487119421e-05,1.184270187050356e-09,1.8401609558077193e-05,0.00186890756955582,7.312162725098336e-10,2.02752350588094e-05,0.0014685385403274014,3.6440830470373553e-13,4.805742808668338e-07,3.278359362478915e-05,2006.5850944432057,0.056562814994229924,0.05656281499422992,1.2937827353030378e-13,0.001263025650836542
Vis_L20.mlp.gate_proj,Stage1->Stage2,Vis,9.208998116526104e-05,1.0058346351207302e-08,7.249345035521541e-05,0.0054465605118000976,6.189183785202734e-09,6.220619872241247e-05,0.004272437610422716,2.8754109261380683e-12,1.349105869230549e-06,9.208926343130431e-05,2152.451925720181,0.164560521901125,0.164560521901125,1.2783975328685303e-13,0.003547872442783422
Vis_L20.mlp.gate_proj,Base->Stage2,Vis,9.535706465948315e-05,1.0772181530945494e-08,7.546040124709993e-05,0.005636517655671008,6.618233844555804e-09,6.439546496010703e-05,0.004418044583026375,3.08305963224341e-12,1.395130063893295e-06,9.535643418356824e-05,2146.644773049686,0.1701681763006447,0.17016817630064465,1.293774056587581e-13,0.0036737449348190655
Vis_L20.mlp.up_proj,Base->Stage1,Vis,3.053982152596251e-05,1.144680387578179e-09,1.7699477062945145e-05,0.0017423402698335624,7.068481539966867e-10,1.9836066261968105e-05,0.0013691591007279544,3.516833322478476e-13,4.719441717345559e-07,3.0539839217760314e-05,2009.8995010048927,0.05561240022786247,0.055612400227862485,1.3914283312665924e-13,0.001240777560744945
Vis_L20.mlp.up_proj,Stage1->Stage2,Vis,8.714532000050304e-05,1.0100465033969691e-08,7.193537341394418e-05,0.005175590046186141,6.184560439293165e-09,6.208110683482621e-05,0.0040498935045757125,2.863560948317222e-12,1.3468797909357824e-06,8.714498505182093e-05,2159.7446504246877,0.16449912377004816,0.1644991237700482,1.378161711229439e-13,0.0035405542514348612
Vis_L20.mlp.up_proj,Base->Stage2,Vis,9.177583850505378e-05,1.0781973889186225e-08,7.475535927652276e-05,0.005347346443651505,6.598632737614923e-09,6.420649049118028e-05,0.004183272569827234,3.1759636163191868e-12,1.4182869725895252e-06,9.1775538924534e-05,2077.678945599028,0.16991464781947005,0.16991464781947005,1.391452498351593e-13,0.003728685871295525
Vis_L20.mlp.down_proj,Base->Stage1,Vis,3.1696144151558186e-05,1.1391906310482368e-09,1.7660483524937483e-05,0.0017507143699742028,6.812416329798511e-10,1.9518456575503423e-05,0.0013538410705058546,3.7340384625205207e-13,4.861142604123461e-07,3.169614812176425e-05,1824.4097906801014,0.05459448258566732,1.4419339026496028e-13,0.05459448258566729,0.0012785197211435508
Vis_L20.mlp.down_proj,Stage1->Stage2,Vis,9.688602251525253e-05,1.0031316303021006e-08,7.171369120220777e-05,0.005195102741091993,5.932035795267553e-09,6.084203353338375e-05,0.003995002542179683,3.488896337086287e-12,1.4839036799023023e-06,9.688559515085285e-05,1700.2614070848624,0.16109639007731175,1.4474391484732346e-13,0.16109639007731175,0.00390806763058534
Vis_L20.mlp.down_proj,Base->Stage2,Vis,9.80361132922859e-05,1.0696121652822698e-08,7.447458260291964e-05,0.005364488830621493,6.295167834624546e-09,6.274988723741099e-05,0.004115464266193298,3.5722191183697675e-12,1.5010993465979422e-06,9.803569313449756e-05,1762.2569125875557,0.1659554151755844,1.4419412790229028e-13,0.1659554151755844,0.003954459054355665
Vis_L21.attn.qkv,Base->Stage1,Vis,3.172330509268827e-05,1.1627228582490903e-09,1.7847641491418227e-05,0.0017465068822442701,7.341513531936853e-10,2.0136273743292314e-05,0.00138779397574082,3.836120197993753e-13,4.918046258349985e-07,3.172329570088967e-05,1913.786104975642,0.06005490711499465,0.06005490711499466,1.4267682908940847e-13,0.0013731459498967657
Vis_L21.attn.qkv,Stage1->Stage2,Vis,9.591284458724729e-05,1.0376891642973978e-08,7.305948761264483e-05,0.005217416494848388,6.389294428345342e-09,6.310123774954011e-05,0.004094004510005253,3.5066235954191904e-12,1.4883017874124183e-06,9.591056322850044e-05,1822.06451718738,0.17716304039858446,0.17716304039858444,1.3838496811900703e-13,0.004151596836905577
Vis_L21.attn.qkv,Base->Stage2,Vis,0.00010187056407626801,1.1062725358644281e-08,7.586167555358051e-05,0.005387073876862495,6.7807485531409675e-09,6.509069699085749e-05,0.004217554331366283,3.9557858484701146e-12,1.5780081132298378e-06,0.0001018681108502991,1714.134387675055,0.18250579220536184,0.1825057922053619,1.4268349924495319e-13,0.004409476000887215
Vis_L21.attn.proj,Base->Stage1,Vis,5.0564424096208786e-05,1.1761815578545126e-09,1.7986474961577264e-05,0.0017606946004556337,9.700543027842297e-13,7.850059938878042e-07,5.056440169489153e-05,9.700543027833276e-13,7.850059938873404e-07,5.0564401694867994e-05,1.00000000000093,1.41688981081789e-13,7.880401630060023e-14,8.009075035852271e-14,0.0012606890852546492
Vis_L21.attn.proj,Stage1->Stage2,Vis,0.0001429876182121934,1.0454151670671823e-08,7.344055012762141e-05,0.005249127795863229,7.757167421749156e-12,2.2192341495507916e-06,0.00014298626778586776,7.757167421757975e-12,2.2192341495520207e-06,0.0001429862677859491,0.999999999998863,1.3929556536807269e-13,7.82170837770624e-14,7.882053378093761e-14,0.003565016564310504
Vis_L21.attn.proj,Base->Stage2,Vis,0.00015166614181374514,1.1165465046867265e-08,7.632066060648854e-05,0.005424767832776858,8.727366093192113e-12,2.3521616309558924e-06,0.0001516646422332016,8.7273660931872e-12,2.3521616309552974e-06,0.00015166464223315886,1.0000000000005629,1.416895912138323e-13,7.880745986638175e-14,8.008928709786218e-14,0.0037813908297183326
Vis_L21.mlp.gate_proj,Base->Stage1,Vis,3.0523939067540436e-05,1.1744434315004857e-09,1.8182172972752884e-05,0.0018244843179871081,7.264358047776328e-10,2.0169699826754685e-05,0.0014349035300331436,3.2872491181083495e-13,4.5668973144719234e-07,3.052392599498046e-05,2209.8593038657837,0.05637896080442597,0.05637896080442597,1.3359649979545064e-13,0.001199594170518976
Vis_L21.mlp.gate_proj,Stage1->Stage2,Vis,8.957899711863365e-05,1.0074755789794233e-08,7.231701504509689e-05,0.0053436497600123116,6.208326564281589e-09,6.228441206359531e-05,0.004194768499990202,2.8311587737218883e-12,1.3401507355453116e-06,8.957830372796182e-05,2192.857080961242,0.1648155464019742,0.1648155464019742,1.3551478500856502e-13,0.00352046597027225
Vis_L21.mlp.gate_proj,Base->Stage2,Vis,9.255519389952064e-05,1.0771101308130742e-08,7.519908599470505e-05,0.005525235287620979,6.623275738454757e-09,6.440404960188806e-05,0.00433268523763445,3.022407732149043e-12,1.3848066040780444e-06,9.25544378329438e-05,2191.3905486687477,0.17023399264443315,0.17023399264443312,1.335980972248894e-13,0.0036374293241595284
Vis_L21.mlp.up_proj,Base->Stage1,Vis,3.0357809579834118e-05,1.1591756244875994e-09,1.7763190303997613e-05,0.001729787645631424,7.207134017749886e-10,2.000206577139233e-05,0.0013639532026945207,3.5702974785207923e-13,4.7563712896466936e-07,3.0357805388512207e-05,2018.636839397447,0.05615527311478604,0.05615527311478605,1.4557020110987708e-13,0.001250173357657754
Vis_L21.mlp.up_proj,Stage1->Stage2,Vis,8.743700965439176e-05,1.0139903343675569e-08,7.192969467727066e-05,0.005116022324780584,6.24731631355436e-09,6.239399336783075e-05,0.004015709344161452,2.961789920014972e-12,1.3702119644372738e-06,8.743647660818098e-05,2109.3043336182263,0.16533099663640025,0.1653309966364003,1.404640008214195e-13,0.0036007681894086895
Vis_L21.mlp.up_proj,Base->Stage2,Vis,9.038619934135032e-05,1.0814072957802311e-08,7.4727901024107e-05,0.005283359599879477,6.663972468610583e-09,6.450488597924218e-05,0.004147459181012467,3.164956813339117e-12,1.4161582130024056e-06,9.038563583681291e-05,2105.549257583679,0.17075486698410564,0.17075486698410566,1.4556977933429608e-13,0.003722219088940537
Vis_L21.mlp.down_proj,Base->Stage1,Vis,3.048328016346713e-05,1.1568350827421905e-09,1.7760497180454595e-05,0.0017404371341468651,6.971752219967695e-10,1.9738241310252284e-05,0.001351118956595231,3.5487783450593845e-13,4.73232242714614e-07,3.048330508723674e-05,1964.5499217142656,0.055230317595969566,1.414165067720733e-13,0.05523031759596954,0.00124640009962018
Vis_L21.mlp.down_proj,Stage1->Stage2,Vis,8.93287297184041e-05,1.0161959268491551e-08,7.20724793780668e-05,0.005158312235890642,6.10153337117506e-09,6.169650595762061e-05,0.003997039105546381,3.0474534852819745e-12,1.3901963690439198e-06,8.932796586607928e-05,2002.1744058254258,0.16338952405874493,1.442587634379642e-13,0.16338952405874493,0.003652469353351288
Vis_L21.mlp.down_proj,Base->Stage2,Vis,9.097073587299052e-05,1.0830032600689153e-08,7.483088414493568e-05,0.005325173765399822,6.479623669613195e-09,6.36516099357178e-05,0.004119018982434595,3.1605225605969787e-12,1.4155451224168497e-06,9.09700323587622e-05,2050.1747876747586,0.16837646766024003,1.4141679688941208e-13,0.16837646766023998,0.0037196106733459805
Vis_L22.attn.qkv,Base->Stage1,Vis,3.151733174022456e-05,1.1621456584645055e-09,1.7812948616916144e-05,0.0017387935888590923,7.300726098774374e-10,2.0075542645138087e-05,0.001378163602124503,3.818258010869771e-13,4.908342446545722e-07,3.151740002981745e-05,1912.0567751028752,0.059887824385169965,0.05988782438516996,1.4478666763325718e-13,0.001369945319165225
Vis_L22.attn.qkv,Stage1->Stage2,Vis,9.339743264415718e-05,1.0085260337258887e-08,7.17460000378208e-05,0.005122271412007799,6.181852938882849e-09,6.201928452826696e-05,0.004010313871932368,3.3530063834549826e-12,1.455526753643904e-06,9.339770827633203e-05,1843.6746704051857,0.17426202502144647,0.17426202502144642,1.4166458444739256e-13,0.004059642468981467
Vis_L22.attn.qkv,Base->Stage2,Vis,9.525542521183144e-05,1.0767978781549845e-08,7.458501397341018e-05,0.0052928078224025055,6.562967587187873e-09,6.400002635877791e-05,0.00413208417079811,3.487753841199824e-12,1.48498576673021e-06,9.525591272065071e-05,1881.717542580397,0.17955377689941718,0.17955377689941715,1.447861270714831e-13,0.004140411535133359
Vis_L22.attn.proj,Base->Stage1,Vis,5.449035145034855e-05,1.17816338577569e-09,1.7953084027203526e-05,0.0017542864306320989,1.1366973356113426e-12,8.441670363685375e-07,5.449042110923508e-05,1.1366973356108456e-12,8.441670363685e-07,5.449042110922315e-05,1.0000000000004372,1.3930138493998048e-13,7.758810229999526e-14,7.944354792456281e-14,0.0013646849140606812
Vis_L22.attn.proj,Stage1->Stage2,Vis,0.00015646414333278844,1.0134516752998141e-08,7.189279214154798e-05,0.005145155605975383,9.372040720186638e-12,2.420607266439195e-06,0.0001564638724414877,9.372040720181722e-12,2.4206072664386907e-06,0.00015646387244144656,1.0000000000005245,1.3643939071468326e-13,7.736294282919568e-14,7.71069975435529e-14,0.0039185649817178895
Vis_L22.attn.proj,Base->Stage2,Vis,0.00016638862423822798,1.0829129091426837e-08,7.477425097638712e-05,0.005318556249243495,1.0598706985290828e-11,2.562759304072602e-06,0.00016638854887032802,1.0598706985281088e-11,2.56275930407157e-06,0.00016638854887025164,1.000000000000919,1.3930161237131386e-13,7.758789894661452e-14,7.944420855002302e-14,0.004167123891208964
Vis_L22.mlp.gate_proj,Base->Stage1,Vis,3.055492654557729e-05,1.186787609410045e-09,1.8241111179084297e-05,0.001815676980373122,7.38062426973966e-10,2.0313532406538568e-05,0.001431853661046136,3.360913954037145e-13,4.617054333069645e-07,3.055489409035457e-05,2196.0170271166926,0.05682830027615367,0.05682830027615367,1.3326841527983162e-13,0.0012129607135102517
Vis_L22.mlp.gate_proj,Stage1->Stage2,Vis,9.610866889554257e-05,1.0252079202217043e-08,7.291824796096224e-05,0.005336478831626059,6.352280170240073e-09,6.299777747658713e-05,0.00420062233298549,3.3252243572955815e-12,1.450526845107331e-06,9.610794501283217e-05,1910.331300293496,0.16670986795734666,0.16670986795734666,1.346911643777961e-13,0.0038152984347881807
Vis_L22.mlp.gate_proj,Base->Stage2,Vis,9.986468566388167e-05,1.0961200807730872e-08,7.583363446462255e-05,0.00551795153552348,6.786450030480802e-09,6.518960556904035e-05,0.004341803281523503,3.5902011732614316e-12,1.5072160056181956e-06,9.98638274163393e-05,1890.2701277644048,0.1723121017889203,0.1723121017889203,1.3326765283284533e-13,0.003964399658973506
Vis_L22.mlp.up_proj,Base->Stage1,Vis,2.9485276754875283e-05,1.1390415803991718e-09,1.7500413553718094e-05,0.0016990962673131271,7.024544681358586e-10,1.97471645614843e-05,0.001334311675968171,3.430154757313779e-13,4.661475349742702e-07,2.9485266260033203e-05,2047.8798125305702,0.05543957757970736,0.055439577579707376,1.4424905689804055e-13,0.0012253915890692575
Vis_L22.mlp.up_proj,Stage1->Stage2,Vis,8.575595862967603e-05,1.0154183602223883e-08,7.183964489496907e-05,0.005073006581637635,6.230394981417025e-09,6.228250304665239e-05,0.003973751545837126,2.901564430792644e-12,1.356290181137315e-06,8.57549166658485e-05,2147.253707447405,0.16510825391155276,0.16510825391155276,1.4051129538421123e-13,0.003563970882630481
Vis_L22.mlp.up_proj,Base->Stage2,Vis,9.096168876542719e-05,1.0824163879336961e-08,7.461464057868322e-05,0.005237693724143801,6.630455918559792e-09,6.433181250375121e-05,0.004099346377264606,3.2645274658301025e-12,1.4383221572717026e-06,9.096055117415976e-05,2031.0614592650709,0.17032399601048248,0.17032399601048248,1.4425251737044043e-13,0.003780316843125436
Vis_L22.mlp.down_proj,Base->Stage1,Vis,3.264122440862385e-05,1.1525731490631826e-09,1.7669826131008295e-05,0.0017214342425233204,6.971636437018641e-10,1.972575814748011e-05,0.0013388242011967433,4.1440113313033984e-13,5.105242552630498e-07,3.264124053836464e-05,1682.3400998823722,0.05522751632859798,1.4497868158257947e-13,0.055227516328597966,0.0013468787623210096
Vis_L22.mlp.down_proj,Stage1->Stage2,Vis,9.053801146116758e-05,1.0273504145323513e-08,7.242788214213094e-05,0.005139378475743308,6.1450790474387975e-09,6.192221667036452e-05,0.003974797774399373,3.188229131803455e-12,1.4218293168737697e-06,9.053699252770639e-05,1927.4270428495738,0.1639698270437076,1.4273665136699168e-13,0.16396982704370766,0.00373587899260439
Vis_L22.mlp.down_proj,Base->Stage2,Vis,9.581832817484645e-05,1.0974495727018573e-08,7.531419283857657e-05,0.005311822912536681,6.537745653344931e-09,6.394066207337732e-05,0.004099824924637745,3.570962009749885e-12,1.5042385009718225e-06,9.58172971638521e-05,1830.8079546897347,0.1691248882685936,1.4497647390748812e-13,0.16912488826859362,0.003953763181309813
Vis_L23.attn.qkv,Base->Stage1,Vis,2.8589802779619513e-05,1.1167426618600774e-09,1.716913291168224e-05,0.0016055322942501464,7.282127082171159e-10,1.9747823328492015e-05,0.001296497305956986,3.541087322071641e-13,4.7106615076219683e-07,2.8589779777720774e-05,2056.4663957258467,0.05981265821359197,0.05981265821359198,1.489758035655115e-13,0.0013192858827959372
Vis_L23.attn.qkv,Stage1->Stage2,Vis,8.565381169187729e-05,9.670220856111917e-09,6.923875299863269e-05,0.0047245414456525015,6.102888432855549e-09,6.129246990774474e-05,0.0037532645944485334,3.1783989235668818e-12,1.4078403844952702e-06,8.565360950281027e-05,1920.114051009912,0.17314868962173516,0.17314868962173519,1.5103230963554754e-13,0.003952526582973974
Vis_L23.attn.qkv,Base->Stage2,Vis,9.007883531597767e-05,1.0350737035729774e-08,7.212198060237096e-05,0.004887953934483884,6.513945712223632e-09,6.340805755319089e-05,0.0038776047085476565,3.5152793426280428e-12,1.481125610085158e-06,9.007855020886262e-05,1853.0378605285375,0.17888275215682695,0.17888275215682692,1.4897959991904728e-13,0.0041567175781962095
Vis_L23.attn.proj,Base->Stage1,Vis,3.7347834624290206e-05,9.892422032366306e-10,1.4867271806071613e-05,0.0013011791742005851,8.150025874023884e-13,7.199456760545964e-07,3.7347821921252724e-05,8.150025874023341e-13,7.199456760545548e-07,3.734782192125148e-05,1.0000000000000666,1.794130702534194e-13,1.0046414170387905e-13,1.001258249824379e-13,0.001155551919733589
Vis_L23.attn.proj,Stage1->Stage2,Vis,0.00012380363806275809,9.934950808494746e-09,6.76796407203284e-05,0.004123517867735938,8.955611444082226e-12,2.3870308381299074e-06,0.00012380341986716897,8.95561144408043e-12,2.3870308381296914e-06,0.00012380341986715655,1.0000000000002005,1.814614826709257e-13,1.0146736711713502e-13,1.010606227033104e-13,0.003830518736409127
Vis_L23.attn.proj,Base->Stage2,Vis,0.00012677607499382237,1.0494876783044527e-08,7.005142833593325e-05,0.004238124321805515,9.390803150177397e-12,2.444365419569396e-06,0.00012677580843947737,9.390803150183435e-12,2.444365419570214e-06,0.00012677580843951816,0.9999999999993571,1.7941024993162601e-13,1.00462894726496e-13,1.0012447012375984e-13,0.003922485421421033
Vis_L23.mlp.gate_proj,Base->Stage1,Vis,3.085952985859567e-05,1.1992434032682811e-09,1.826639290896327e-05,0.0018018639498043013,7.473181396499682e-10,2.0423303416188215e-05,0.0014223978568596823,3.5175649231296357e-13,4.723675023920601e-07,3.085953574608137e-05,2124.5326127060275,0.05718299233812858,0.05718299233812857,1.3735884551134649e-13,0.0012409066124206241
Vis_L23.mlp.gate_proj,Stage1->Stage2,Vis,9.305033471303267e-05,1.0406050625060444e-08,7.333592363499775e-05,0.005307691000767392,6.484026617041853e-09,6.361335650864909e-05,0.004189720567731015,3.1981529132667247e-12,1.4241149656494776e-06,9.304912139430696e-05,2027.4285792103674,0.16843191462078017,0.16843191462078017,1.3372607847808176e-13,0.003741688682014634
Vis_L23.mlp.gate_proj,Base->Stage2,Vis,9.498522339617271e-05,1.1121688177005178e-08,7.625182548214724e-05,0.005487165022876419,6.930649882755309e-09,6.584830420861794e-05,0.004331612958865381,3.3325418205672543e-12,1.4539558666885393e-06,9.498400296909244e-05,2079.6887948957824,0.1741366625779521,0.17413666257795213,1.3736477702763005e-13,0.003819494086095069
Vis_L23.mlp.up_proj,Base->Stage1,Vis,2.9175481696491876e-05,1.1415246380450155e-09,1.7373011668382123e-05,0.0016628920427305086,7.114858691883372e-10,1.9814443835232588e-05,0.0013128180822008157,3.5139364567367886e-13,4.7209831534160773e-07,2.91755036747039e-05,2024.7545109254975,0.055794662722424955,0.05579466272242496,1.4626233903790194e-13,0.0012402664323850332
Vis_L23.mlp.up_proj,Stage1->Stage2,Vis,8.642512428926269e-05,1.0390512745420695e-08,7.247642782727801e-05,0.005016873166938173,6.454881539600517e-09,6.337169425890282e-05,0.00395420126009485,3.0834520896953678e-12,1.3971359363221324e-06,8.642377538014278e-05,2093.394465629019,0.16805488314088898,0.16805488314088896,1.4422005236608718e-13,0.0036739787516873916
Vis_L23.mlp.up_proj,Base->Stage2,Vis,8.861609812613472e-05,1.1049715089745804e-08,7.517683978276129e-05,0.0051735681225911585,6.861527293838685e-09,6.541788556241618e-05,0.004076852786526966,3.2417765827283464e-12,1.4325796914923106e-06,8.861478177507071e-05,2116.5947494333127,0.17326759226200475,0.17326759226200472,1.4626413569307509e-13,0.0037671210716609064
Vis_L23.mlp.down_proj,Base->Stage1,Vis,2.91581744889134e-05,1.162794511695071e-09,1.7620236624185182e-05,0.0016907038384893806,7.135709275519663e-10,1.9884873288983216e-05,0.0013244471277406634,3.4585054036239287e-13,4.672997782751763e-07,2.9158171183302912e-05,2063.234965035083,0.05587666332389445,1.513327424039904e-13,0.05587666332389445,0.0012304451737035714
Vis_L23.mlp.down_proj,Stage1->Stage2,Vis,8.926474533451766e-05,1.045685037973487e-08,7.282133757211186e-05,0.005070010725591119,6.349875254875163e-09,6.288531530898971e-05,0.00395085442568851,3.2413642405132056e-12,1.416241453083161e-06,8.926317893919924e-05,1959.0131758440657,0.16668034203117107,1.491946716075964e-13,0.16668034203117113,0.0037668814819782448
Vis_L23.mlp.down_proj,Base->Stage2,Vis,9.133261503210498e-05,1.114955580068841e-08,7.566473060289051e-05,0.0052352474480659,6.7562316623097e-09,6.494507914199016e-05,0.004075310442611919,3.39327910267914e-12,1.4557336182132324e-06,9.133100199638519e-05,1991.0627619683169,0.17193133358743476,1.513310833496773e-13,0.17193133358743476,0.0038541430435167037
Vis_L24.attn.qkv,Base->Stage1,Vis,2.896284170814691e-05,1.1811560716764653e-09,1.7716131534361393e-05,0.001674086182753587,7.53102056940499e-10,2.0299173797116706e-05,0.0013367527475853598,3.535361911964339e-13,4.732413461950505e-07,2.896283752102406e-05,2130.1979138029915,0.06082666179658071,0.0608266617965807,1.4927884176944594e-13,0.0013182189070745085
Vis_L24.attn.qkv,Stage1->Stage2,Vis,9.248838864737795e-05,1.0613011906151675e-08,7.329521333608276e-05,0.005018064541425109,6.611088395306469e-09,6.408455277351781e-05,0.003960530837410197,3.6051728284629913e-12,1.5114290108839448e-06,9.248684437922388e-05,1833.7784927012785,0.1802090690735106,0.1802090690735106,1.491859112904395e-13,0.00420953031661031
Vis_L24.attn.qkv,Base->Stage2,Vis,9.512650378858107e-05,1.1309863004136205e-08,7.613292618988688e-05,0.005180188808652668,7.020968985114036e-09,6.614922478631258e-05,0.004081459058317414,3.813770964003228e-12,1.5548201360208121e-06,9.51249017200626e-05,1840.9519217022632,0.18571116572174756,0.18571116572174756,1.492814217438416e-13,0.00432960125672892
Vis_L24.attn.proj,Base->Stage1,Vis,4.8146343597842774e-05,1.2126279484426877e-09,1.7981907574515787e-05,0.001684029431804294,9.91186192133178e-13,7.934912837790612e-07,4.81463659315261e-05,9.911861921336402e-13,7.934912837793646e-07,4.8146365931537306e-05,0.9999999999995336,1.5047824952411983e-13,8.416924456635949e-14,8.475352606072274e-14,0.0012743466785736742
Vis_L24.attn.proj,Stage1->Stage2,Vis,0.00013744691815151348,1.0348570313968623e-08,7.192202887120303e-05,0.004919502301752848,8.077895521294776e-12,2.2646708628407777e-06,0.00013744536741125602,8.077895521291708e-12,2.2646708628403576e-06,0.00013744536741122998,1.0000000000003797,1.4922077836541952e-13,8.331114912854413e-14,8.427135576309736e-14,0.0036379697665159805
Vis_L24.attn.proj,Base->Stage2,Vis,0.00014109249897664906,1.1050541310663439e-08,7.483728699943626e-05,0.005083616339384944,8.512095213571956e-12,2.3253427471545155e-06,0.00014109097255322298,8.512095213574681e-12,2.3253427471547467e-06,0.00014109097255324556,0.9999999999996798,1.5048187410223106e-13,8.41711444440539e-14,8.47541741696681e-14,0.0037344633882153344
Vis_L24.mlp.gate_proj,Base->Stage1,Vis,2.918061755337302e-05,1.1775989587842876e-09,1.7880921116751445e-05,0.0017363041059683178,7.360768875663802e-10,2.020261387928876e-05,0.001372741225562842,3.3260967869058414e-13,4.594916792936424e-07,2.918062080704484e-05,2213.0350820341832,0.056751827833990943,0.05675182783399096,1.4075862968335424e-13,0.001206661563751784
Vis_L24.mlp.gate_proj,Stage1->Stage2,Vis,9.099691933345456e-05,1.0450077373312532e-08,7.306998523653781e-05,0.005172306020304385,6.52251792423262e-09,6.373599007444106e-05,0.0040863174258928105,3.234440809068928e-12,1.4321917390002834e-06,9.099636896863586e-05,2016.582868341376,0.1689304063833071,0.16893040638330714,1.386548182469252e-13,0.0037628563732595675
Vis_L24.mlp.gate_proj,Base->Stage2,Vis,9.219319488237803e-05,1.1153498732984602e-08,7.59532553918992e-05,0.005343551756160906,6.965323191738032e-09,6.596010931906088e-05,0.004222747323551093,3.3200425986948846e-12,1.4508550375231498e-06,9.219264756185412e-05,2097.9619943660105,0.17457155323963258,0.17457155323963255,1.4075992149608156e-13,0.003812324550723185
Vis_L24.mlp.up_proj,Base->Stage1,Vis,2.7968710242584527e-05,1.1318108959481217e-09,1.711875114918055e-05,0.0016083713052942434,7.067332412926468e-10,1.9692285334147623e-05,0.0012709461224799357,3.422522042365888e-13,4.6571643722882585e-07,2.7968714641315875e-05,2064.948691474615,0.05560827268632915,0.055608272686329153,1.5208847005725587e-13,0.0012240274707971605
Vis_L24.mlp.up_proj,Stage1->Stage2,Vis,8.75631691531272e-05,1.0452573504749058e-08,7.227831399634616e-05,0.004887729056665038,6.457606083010026e-09,6.332476355500596e-05,0.003841769311350062,3.3546265583259253e-12,1.4580040807349915e-06,8.756238833983509e-05,1924.9850827606263,0.16808627660687836,0.1680862766068784,1.4878704175377026e-13,0.0038321290716424937
Vis_L24.mlp.up_proj,Base->Stage2,Vis,9.101248622791286e-05,1.1121740616519088e-08,7.501035713874528e-05,0.00504175676181114,6.868576364197446e-09,6.538921513593541e-05,0.003962131395500835,3.6241263574944843e-12,1.5154076583704551e-06,9.101168897016452e-05,1895.2364478113811,0.17335121348629198,0.17335121348629196,1.5208853006852516e-13,0.003983086183171015
Vis_L24.mlp.down_proj,Base->Stage1,Vis,2.9325401440284438e-05,1.1609446153448997e-09,1.745190887731224e-05,0.0016431470223397587,7.128864912844079e-10,1.9835001243865544e-05,0.0012875996974546012,3.697829494339831e-13,4.844635631193216e-07,2.9325411465276257e-05,1927.851168842707,0.05584889547059872,1.5197572543889079e-13,0.055848895470598715,0.0012723057177589838
Vis_L24.mlp.down_proj,Stage1->Stage2,Vis,8.512322716905575e-05,1.0496869331631985e-08,7.254805615274807e-05,0.004940788513970939,6.3849285622420226e-09,6.300427258221419e-05,0.0038534026389194878,3.115694111530087e-12,1.4019661890672673e-06,8.512238354193331e-05,2049.2796576575506,0.16714144839281353,1.545630532152865e-13,0.16714144839281356,0.003693137222285968
Vis_L24.mlp.down_proj,Base->Stage2,Vis,8.834574580905676e-05,1.1180855284200046e-08,7.53517451934471e-05,0.005099221560090213,6.787469213364457e-09,6.50481940753074e-05,0.0039730159224996425,3.356063990296975e-12,1.4546894577311474e-06,8.834490044564144e-05,2022.4492837408145,0.1723287846455163,1.5197560125330864e-13,0.1723287846455163,0.0038329500027947205
Vis_L25.attn.qkv,Base->Stage1,Vis,2.9173449634166488e-05,1.1832426608217574e-09,1.7533860453831097e-05,0.0016218829015207609,7.471253016986331e-10,2.019487850696466e-05,0.001288781542837502,3.8283358668300334e-13,4.922488593544995e-07,2.9173437284032176e-05,1951.5667582146423,0.060583487043403335,0.06058348704340332,1.5292567510759135e-13,0.0013717520349043767
Vis_L25.attn.qkv,Stage1->Stage2,Vis,8.55294001435722e-05,1.0526861147716485e-08,7.236548273395223e-05,0.004837526967472146,6.528267049913594e-09,6.360078331719694e-05,0.0038095432424421864,3.290528684234505e-12,1.4432378041185767e-06,8.552769982606407e-05,1983.9568885059887,0.17908283022383464,0.17908283022383467,1.5604223863509058e-13,0.004021642275084825
Vis_L25.attn.qkv,Base->Stage2,Vis,8.905246545151862e-05,1.1150332096678045e-08,7.489049979833092e-05,0.0049787217253636435,6.885237053584144e-09,6.541112294136252e-05,0.003912311267990937,3.5671909387396715e-12,1.5023542700267045e-06,8.905065739752605e-05,1930.1565774936555,0.18391218559679415,0.18391218559679412,1.5293057626283758e-13,0.004187297087871034
Vis_L25.attn.proj,Base->Stage1,Vis,4.745733845072159e-05,1.2242804743226255e-09,1.797851701212494e-05,0.001661506511658058,9.98808944926301e-13,7.970939079486342e-07,4.745727502927109e-05,9.988089449292139e-13,7.970939079497907e-07,4.745727502934029e-05,0.9999999999970837,1.472312917229655e-13,8.358615524839205e-14,8.332025108754896e-14,0.0012792374976414757
Vis_L25.attn.proj,Stage1->Stage2,Vis,0.00014577791158838183,1.1086858861857445e-08,7.470824609075777e-05,0.004999868578103121,9.424542478865416e-12,2.440632720477823e-06,0.0001457754758345378,9.424542478868747e-12,2.4406327204781646e-06,0.00014577547583456357,0.9999999999996465,1.5038760891583154e-13,8.42962707092632e-14,8.473574825932893e-14,0.003929525467200659
Vis_L25.attn.proj,Base->Stage2,Vis,0.0001483022387901508,1.1772661707066292e-08,7.74236181831256e-05,0.005152187526434543,9.753737907316171e-12,2.4834096816095203e-06,0.0001482995626721344,9.753737907314971e-12,2.483409681609525e-06,0.00014829956267212527,1.000000000000123,1.472353103266811e-13,8.35869214601365e-14,8.332319367451447e-14,0.003997564782132348
Vis_L25.mlp.gate_proj,Base->Stage1,Vis,2.8712177103956255e-05,1.1775338454083793e-09,1.774441511030146e-05,0.001694409602711494,7.352242210043954e-10,2.0172808317843224e-05,0.0013388798564401368,3.3811788913378907e-13,4.6323601704009977e-07,2.8712154295859857e-05,2174.4611705933025,0.05671876823922808,0.056718768239228064,1.4472479493568425e-13,0.0012166120464108825
Vis_L25.mlp.gate_proj,Stage1->Stage2,Vis,8.757313102970423e-05,1.0614069392036496e-08,7.340661787659946e-05,0.0050870802571505525,6.6233077178119585e-09,6.42062462895841e-05,0.004018510380136661,3.1454178392462697e-12,1.4122317139255732e-06,8.757230901469531e-05,2105.700436734055,0.17023240325738462,0.17023240325738467,1.4659992245457437e-13,0.0037107116747444116
Vis_L25.mlp.gate_proj,Base->Stage2,Vis,9.125742703964899e-05,1.1308133089623002e-08,7.623161813675098e-05,0.005250771069395599,7.0539471521445265e-09,6.635026439744194e-05,0.0041470925629983986,3.4156419628127644e-12,1.471394237684877e-06,9.125649795017767e-05,2065.189275967214,0.17567817983340522,0.17567817983340522,1.4472568108918202e-13,0.003866822242670221
Vis_L25.mlp.up_proj,Base->Stage1,Vis,2.844837577730115e-05,1.1566108419822244e-09,1.723646010252425e-05,0.0015816720753035682,7.202852418159773e-10,1.9877134114887584e-05,0.0012481738392218368,3.7417017723756224e-13,4.868660873373502e-07,2.8448370962074097e-05,1925.0204469360078,0.056137895582943666,0.05613789558294363,1.561175309704446e-13,0.0012798309919185243
Vis_L25.mlp.up_proj,Stage1->Stage2,Vis,8.438187425567853e-05,1.0511653906404954e-08,7.210226492458308e-05,0.0047682126022446005,6.497138621542043e-09,6.345424660657684e-05,0.0037487040116413756,3.2919459788698357e-12,1.4434302729336352e-06,8.438134322420029e-05,1973.6467922759134,0.1686011843637067,0.1686011843637067,1.5927718884028298e-13,0.0037961589425497704
Vis_L25.mlp.up_proj,Base->Stage2,Vis,8.698096265256004e-05,1.117497406921667e-08,7.480580331113849e-05,0.004916356264270835,6.9050835501674e-09,6.549840757011174e-05,0.0038646000346686175,3.4978617265111523e-12,1.487907787319411e-06,8.698040054200718e-05,1974.0870537654696,0.17381327947905917,0.1738132794790591,1.5611960925364767e-13,0.003913085674244205
Vis_L25.mlp.down_proj,Base->Stage1,Vis,2.737433420706319e-05,1.1719703544864177e-09,1.7446478774432198e-05,0.001611932046894936,7.203219505145529e-10,1.9921857306255925e-05,0.0012637225675535253,3.3799492940131366e-13,4.6286273288684483e-07,2.7374330670629932e-05,2131.1620023130245,0.05614081619538635,1.5517664525559598e-13,0.05614081619538633,0.0012163908101211517
Vis_L25.mlp.down_proj,Stage1->Stage2,Vis,9.403746161985165e-05,1.0701242266900266e-08,7.300819649228191e-05,0.004870811641664314,6.519778257824597e-09,6.360824874440988e-05,0.0038018996527315494,3.988641119004791e-12,1.5738461035679732e-06,9.40365566895479e-05,1634.5863323625747,0.1688860657926762,1.553295977220635e-13,0.16888606579267615,0.00417859729604988
Vis_L25.mlp.down_proj,Base->Stage2,Vis,9.866726045317501e-05,1.1396643539989497e-08,7.584793948308388e-05,0.005026581397406064,6.926488782470802e-09,6.566663207517083e-05,0.00391868906361661,4.391058212960726e-12,1.6475803056238297e-06,9.866629822332239e-05,1577.4076422003363,0.17407183161370632,1.5517840411430815e-13,0.17407183161370632,0.0043843239425317175
Vis_L26.attn.qkv,Base->Stage1,Vis,2.6165148111897178e-05,1.134039903296253e-09,1.6956092854719293e-05,0.0015499951111188801,7.230658101032139e-10,1.9777977402737932e-05,0.0012376705965595747,3.2315798139328214e-13,4.519673944282889e-07,2.616517257603563e-05,2237.4994638403973,0.05960199770189475,0.05960199770189477,1.5980160072298176e-13,0.0012603119098636895
Vis_L26.attn.qkv,Stage1->Stage2,Vis,8.295148266422257e-05,1.047748408705205e-08,7.179524900263227e-05,0.004711311038815964,6.524235270394506e-09,6.351659291405559e-05,0.0037177319952711183,3.247999737612758e-12,1.4313881999323745e-06,8.295093104238633e-05,2008.6932873922406,0.17902649861272937,0.1790264986127294,1.6218270163897848e-13,0.003995568584108429
Vis_L26.attn.qkv,Base->Stage2,Vis,8.732874747750489e-05,1.1141682915598019e-08,7.451759049579288e-05,0.004858348555740176,6.908798826312166e-09,6.547847013189111e-05,0.0038257320178815167,3.599837976733343e-12,1.5070156833375233e-06,8.732824839810455e-05,1919.197161362669,0.18422450966911605,0.18422450966911605,1.5980207181767298e-13,0.004206414580523385
Vis_L26.attn.proj,Base->Stage1,Vis,4.4052073879623066e-05,1.1776777286285662e-09,1.732270659438484e-05,0.0015511038777972577,9.498995926823437e-13,7.765726002867073e-07,4.4052088523886387e-05,9.498995926801925e-13,7.765726002856987e-07,4.405208852383651e-05,1.0000000000022646,1.5531729714582122e-13,8.711728732381898e-14,8.790009844919933e-14,0.001247523744322018
Vis_L26.attn.proj,Stage1->Stage2,Vis,0.00013526667676238335,1.094280621491487e-08,7.345463730593416e-05,0.004728173475966754,8.956252638280436e-12,2.3823197555578964e-06,0.00013526711144195745,8.956252638272925e-12,2.382319755556916e-06,0.00013526711144190077,1.0000000000008387,1.5174438937310016e-13,8.612770517668827e-14,8.571238309074845e-14,0.0038306558606257452
Vis_L26.attn.proj,Base->Stage2,Vis,0.0001381656429338002,1.1645902767256081e-08,7.629084942052166e-05,0.004877706090639863,9.344264178907537e-12,2.434957494962676e-06,0.0001381661328597059,9.344264178906994e-12,2.4349574949627247e-06,0.00013816613285970187,1.0000000000000582,1.5531723885660295e-13,8.711921957202187e-14,8.790157697558455e-14,0.0039127538167793305
Vis_L26.mlp.gate_proj,Base->Stage1,Vis,2.9779144282584148e-05,1.2120946446781885e-09,1.7957926479040683e-05,0.0016811050235365573,7.585612942808896e-10,2.0471971245123956e-05,0.0013299089820790748,3.8034065098928367e-13,4.912079264258417e-07,2.9779194922501043e-05,1994.4260291605342,0.05761058980369501,0.05761058980369501,1.4783082092208983e-13,0.0012903407432808944
Vis_L26.mlp.gate_proj,Stage1->Stage2,Vis,8.556051904389189e-05,1.0824507074608799e-08,7.392553081271076e-05,0.0050237479404284845,6.758098161682216e-09,6.48330285616904e-05,0.003969501996036712,3.1397398241831874e-12,1.4117858950497246e-06,8.555996685021833e-05,2152.438908991561,0.1719567355880138,0.1719567355880138,1.4914161592935802e-13,0.003707360928523729
Vis_L26.mlp.gate_proj,Base->Stage2,Vis,8.949142693220183e-05,1.1532972504505298e-08,7.678213072066568e-05,0.0051855449732170055,7.2022290092622994e-09,6.702295210367106e-05,0.004097861161510615,3.434876948471802e-12,1.4764470525737494e-06,8.949100154965923e-05,2096.793893145609,0.17751537586669558,0.17751537586669552,1.478363532518235e-13,0.0038776948474100125
Vis_L26.mlp.up_proj,Base->Stage1,Vis,2.6610583188956912e-05,1.1692015565534583e-09,1.7192340950392313e-05,0.0015440250670027372,7.270108349886474e-10,1.9943724090997223e-05,0.0012175311914041141,3.472877100482599e-13,4.687770161781847e-07,2.6610581296621702e-05,2093.3963798708,0.056400583816587795,0.05640058381658779,1.6118024293573685e-13,0.0012329990590050199
Vis_L26.mlp.up_proj,Stage1->Stage2,Vis,8.256305317267834e-05,1.0818595973753836e-08,7.290026466700558e-05,0.004696694943124169,6.680534237273043e-09,6.431219739830974e-05,0.0036907319038934866,3.3431216559705587e-12,1.4542825238476413e-06,8.256252993322283e-05,1998.2922922778241,0.17096390722705632,0.17096390722705632,1.582071575111e-13,0.0038255521642210958
Vis_L26.mlp.up_proj,Base->Stage2,Vis,8.584287779910362e-05,1.1512138649990553e-08,7.57054930323263e-05,0.004844901006603688,7.106319159272642e-09,6.64258970937235e-05,0.0038065299949036784,3.614008474302517e-12,1.5122624508597008e-06,8.584232766958336e-05,1966.3260918734068,0.17632672155678566,0.17632672155678566,1.611808385613622e-13,0.003977522281157793
Vis_L26.mlp.down_proj,Base->Stage1,Vis,2.8473366710500236e-05,1.2055218558514742e-09,1.761341298001929e-05,0.0015900797769653847,7.39279375191289e-10,2.0168591900063306e-05,0.001245190116893883,3.865585730004306e-13,4.927169698685792e-07,2.8473380029891345e-05,1912.4640528680384,0.056873203135874295,1.5904745318761663e-13,0.056873203135874295,0.0013008454209346649
Vis_L26.mlp.down_proj,Stage1->Stage2,Vis,8.916411552278878e-05,1.0990864816517095e-08,7.376188641016729e-05,0.00480113612554866,6.685488423699817e-09,6.440867374094929e-05,0.003744507088384626,3.790683037654533e-12,1.5356560384210933e-06,8.916344140784464e-05,1763.6632652453136,0.17102283362198029,1.609065175706562e-13,0.1710228336219803,0.004073584915726744
Vis_L26.mlp.down_proj,Base->Stage2,Vis,9.472731045685676e-05,1.1708373445164089e-08,7.665515220146011e-05,0.004955373220333004,7.108529947883299e-09,6.649758892054088e-05,0.0038611616603780358,4.2784659500839355e-12,1.6239651461596274e-06,9.472663859365175e-05,1661.4669909302054,0.17634719785248726,1.590513019775139e-13,0.17634719785248723,0.004327749131256042
Vis_L27.attn.qkv,Base->Stage1,Vis,2.7924490273447937e-05,1.1894067456389013e-09,1.749305601880913e-05,0.001572019179887186,7.460700475063972e-10,2.0179362252713203e-05,0.0012450375338678389,3.7530528472944194e-13,4.864731630136458e-07,2.7924472746034792e-05,1987.901790522987,0.06054104532468146,0.06054104532468148,1.5755783763059026e-13,0.0013581975318421662
Vis_L27.attn.qkv,Stage1->Stage2,Vis,8.892027641247e-05,1.0637644525765331e-08,7.228376679521734e-05,0.004701247014944723,6.495498759180508e-09,6.338156508084607e-05,0.003673639922105576,3.8055402911722915e-12,1.5479693967502063e-06,8.891980386639547e-05,1706.8532355965617,0.17862347536597067,0.17862347536597067,1.5774370696757912e-13,0.0043249267784749865
Vis_L27.attn.qkv,Base->Stage2,Vis,9.407203953812716e-05,1.1334395658275468e-08,7.51320225381898e-05,0.004852767878603826,6.885290004492331e-09,6.537438850563373e-05,0.0037822606331869004,4.259271172139027e-12,1.6375920812129966e-06,9.407148056828849e-05,1616.5418275151765,0.1839013906267467,0.18390139062674674,1.575582255430471e-13,0.004575496657773642
Vis_L27.attn.proj,Base->Stage1,Vis,4.8661384543654285e-05,1.360416691048086e-09,1.9127441047501748e-05,0.0016625338805185675,1.1654683584664126e-12,8.608427144468958e-07,4.866141935592146e-05,1.1654683584662682e-12,8.608427144468723e-07,4.866141935591847e-05,1.000000000000124,1.4901454020776734e-13,8.479922877999581e-14,8.414380654656994e-14,0.0013818478058422842
Vis_L27.attn.proj,Stage1->Stage2,Vis,0.0001316069065179267,1.1237305958933047e-08,7.464211954169353e-05,0.004778160615425784,8.524880593318831e-12,2.3130672025224984e-06,0.00013160542553035227,8.524880593321773e-12,2.31306720252318e-06,0.00013160542553037499,0.9999999999996549,1.501678506013959e-13,8.467741536545048e-14,8.58877181076662e-14,0.003737266964520784
Vis_L27.attn.proj,Base->Stage2,Vis,0.00013657425588180165,1.2082949431099352e-08,7.801828122869448e-05,0.004954685815619051,9.180561621758229e-12,2.4036025266112806e-06,0.00013657281669992867,9.180561621760583e-12,2.4036025266114826e-06,0.00013657281669994623,0.9999999999997436,1.4901249443095845e-13,8.480013866581774e-14,8.414641149016696e-14,0.003878328526709997
Vis_L27.mlp.gate_proj,Base->Stage1,Vis,2.831621358219869e-05,1.2267721447260027e-09,1.797501649860202e-05,0.0016487174464070843,7.683217049066667e-10,2.058173356220641e-05,0.0013047756147770847,3.6186158786484945e-13,4.790076505651406e-07,2.8316235964578526e-05,2123.24748100543,0.057981009087917194,0.05798100908791718,1.5051014058607216e-13,0.0012586044998478137
Vis_L27.mlp.gate_proj,Stage1->Stage2,Vis,8.305491020191413e-05,1.1150142627881803e-08,7.486559475766455e-05,0.004970504449953886,6.9575636223442296e-09,6.5773504295038e-05,0.003926348537121896,3.113164468923245e-12,1.4050303245536917e-06,8.305414048554154e-05,2234.8846942707955,0.17447720497661395,0.17447720497661395,1.5512005189210164e-13,0.0036916376825412325
Vis_L27.mlp.gate_proj,Base->Stage2,Vis,8.597767069600208e-05,1.1872453569069278e-08,7.773042329931448e-05,0.005128973975892638,7.4060262760032815e-09,6.793530240381047e-05,0.004050912661991332,3.336133919145596e-12,1.4546033127822067e-06,8.597694185274299e-05,2219.9427407578437,0.18001176549067938,0.18001176549067935,1.5051110979138178e-13,0.003821552020377553
Vis_L27.mlp.up_proj,Base->Stage1,Vis,2.5440965248911077e-05,1.1914480269624532e-09,1.7250711545700957e-05,0.0015094013633092371,7.381850383520402e-10,2.007533197840395e-05,0.0011880912734946207,3.3848038686004615e-13,4.6292949477069966e-07,2.544098612179172e-05,2180.8797998604946,0.05683288864620013,0.05683288864620013,1.7151693645237627e-13,0.0012172640393598008
Vis_L27.mlp.up_proj,Stage1->Stage2,Vis,8.374431575575096e-05,1.1200768864516908e-08,7.393622182277599e-05,0.004627923083851326,6.8873240358802435e-09,6.526134260873862e-05,0.0036290042163723427,3.6675521971328e-12,1.5221706087234732e-06,8.374335701248292e-05,1877.9075704129257,0.17358714252863341,0.17358714252863336,1.7368426462808337e-13,0.0040068786477966325
Vis_L27.mlp.up_proj,Base->Stage2,Vis,8.701853823452927e-05,1.1897506713566874e-08,7.669760870578756e-05,0.00476969044382792,7.3013990587223716e-09,6.729099741103854e-05,0.003736502330161582,3.959951860410341e-12,1.581691013413766e-06,8.701761339937515e-05,1843.8100552984451,0.17872761080343136,0.17872761080343136,1.71523372913313e-13,0.004163542393699422
Vis_L27.mlp.down_proj,Base->Stage1,Vis,2.7703895777131107e-05,1.230294183581261e-09,1.77122377254547e-05,0.0015615900195224213,7.562427112621794e-10,2.036819860338728e-05,0.0012243149148984873,3.872195025281766e-13,4.947598692723073e-07,2.7703915288802445e-05,1953.0078064886472,0.057522336440796816,1.648679568707548e-13,0.0575223364407968,0.0013019570247390449
Vis_L27.mlp.down_proj,Stage1->Stage2,Vis,8.491698562397893e-05,1.1350256131804054e-08,7.476578169303138e-05,0.004743081738112148,6.8972792909867515e-09,6.535068826879802e-05,0.003697402104376896,3.638011436110787e-12,1.5173022235472595e-06,8.491605466181826e-05,1895.8926908597853,0.17371409082692243,1.703591620321642e-13,0.17371409082692243,0.003990709067661859
Vis_L27.mlp.down_proj,Base->Stage2,Vis,8.661419203560073e-05,1.2080222493773167e-08,7.765675570332158e-05,0.004893225660735487,7.326439521589655e-09,6.747106288609845e-05,0.003810695634279423,3.784893382311791e-12,1.5475211492671967e-06,8.661330346773921e-05,1935.705654438992,0.17903740734269152,1.6487118146736812e-13,0.17903740734269152,0.0040704728558741314
Vis_L28.attn.qkv,Base->Stage1,Vis,2.6647739124031955e-05,1.1798227562746987e-09,1.713316029896994e-05,0.0015040509044108048,7.466609141585355e-10,2.0074238783098405e-05,0.0011965086970798892,3.7035122969423294e-13,4.829994164582547e-07,2.6647780745487196e-05,2016.088659338296,0.060565183153267,0.06056518315326701,1.6613382835757362e-13,0.0013492036036837048
Vis_L28.attn.qkv,Stage1->Stage2,Vis,8.40372203352884e-05,1.1586860667072962e-08,7.54197698716208e-05,0.004713369029866183,7.213573122911258e-09,6.670303653679304e-05,0.003718979383779331,3.6832827257618095e-12,1.5229765008434002e-06,8.403613686232591e-05,1958.463050489637,0.1882450023777736,0.18824500237777372,1.6366616614143856e-13,0.004254887924924043
Vis_L28.attn.qkv,Base->Stage2,Vis,8.645041924877898e-05,1.2312901258717607e-08,7.825843800989792e-05,0.004858796947215655,7.62911228603967e-09,6.871238573368466e-05,0.0038245958992717197,3.897869208374542e-12,1.5661708921250238e-06,8.644943968930551e-05,1957.2519954360143,0.19359011769660758,0.19359011769660764,1.661345591663057e-13,0.0043770774191236985
Vis_L28.attn.proj,Base->Stage1,Vis,4.5351162283621125e-05,1.3789269778579861e-09,1.8822566702274558e-05,0.0015645967714505763,1.1585517577245958e-12,8.556474351197955e-07,4.535127651495248e-05,1.1585517577190909e-12,8.556474351179296e-07,4.5351276514844754e-05,1.0000000000047515,1.6590334918363513e-13,9.291752439475979e-14,9.329962700988925e-14,0.0013777413399644214
Vis_L28.attn.proj,Stage1->Stage2,Vis,0.00013799383642748111,1.1706677596183883e-08,7.525023936604924e-05,0.004558758481529814,1.0726444414671716e-11,2.59578973447104e-06,0.0001379931881656468,1.0726444414666724e-11,2.595789734470519e-06,0.00013799318816561473,1.0000000000004654,1.6024470214770332e-13,9.032311847031271e-14,9.150997142367577e-14,0.004192160126830793
Vis_L28.attn.proj,Base->Stage2,Vis,0.000144357663042233,1.2503183673911609e-08,7.839553796354259e-05,0.004711292420634332,1.1738653471432063e-11,2.708275008481836e-06,0.00014435734849345955,1.173865347142588e-11,2.7082750084813578e-06,0.00014435734849342153,1.0000000000005267,1.6590664887449855e-13,9.291771784997757e-14,9.330288013508767e-14,0.004385499954119732
Vis_L28.mlp.gate_proj,Base->Stage1,Vis,2.7974338384761574e-05,1.2605452353239234e-09,1.816273768343558e-05,0.001630354873614399,7.878264144188552e-10,2.0832494427964194e-05,0.0012888969541152285,3.711194392186575e-13,4.851973375916048e-07,2.797433556213823e-05,2122.837909211974,0.05871240123081789,0.05871240123081789,1.525853711342913e-13,0.0012746028625119255
Vis_L28.mlp.gate_proj,Stage1->Stage2,Vis,8.220387945513902e-05,1.1838602363619844e-08,7.7220624333609e-05,0.004996331615969001,7.372564373320077e-09,6.770210562175438e-05,0.003942850636586276,3.204636467844852e-12,1.425189709695388e-06,8.220352177265081e-05,2300.5930461367416,0.17960462362550758,0.17960462362550758,1.532651911729861e-13,0.003745479488882249
Vis_L28.mlp.gate_proj,Base->Stage2,Vis,8.353097605112436e-05,1.2566313968662617e-08,8.002789689994935e-05,0.00514760236737875,7.824649216379375e-09,6.983716783064336e-05,0.004061939749538149,3.3089420982066428e-12,1.4482686037405722e-06,8.353060416603832e-05,2364.698137395672,0.18502997797227091,0.18502997797227094,1.525841157605576e-13,0.0038059459966096995
Vis_L28.mlp.up_proj,Base->Stage1,Vis,2.530805488346506e-05,1.218693070991353e-09,1.7331422387448854e-05,0.0014802852115342127,7.589478906823548e-10,2.0308211736963997e-05,0.0011681650501605468,3.562229175545472e-13,4.7476518828532005e-07,2.530807761189079e-05,2130.5420097406836,0.05762627178640993,0.05762627178640994,1.7176661558346553e-13,0.0012487599624774908
Vis_L28.mlp.up_proj,Stage1->Stage2,Vis,7.935631974563648e-05,1.1602830317444497e-08,7.494622817578393e-05,0.004567474757004092,7.1652433817346334e-09,6.650287411980054e-05,0.0035892991708352546,3.5024067264859067e-12,1.4863709617026376e-06,7.935558077556802e-05,2045.8056249006195,0.17705810007229844,0.17705810007229847,1.7269521907250035e-13,0.003915627112719582
Vis_L28.mlp.up_proj,Base->Stage2,Vis,8.056615636796038e-05,1.2282779957460167e-08,7.762722539407525e-05,0.004699401174804214,7.579852012968377e-09,6.850665365510117e-05,0.0036916842492829924,3.6100200245956703e-12,1.5087638631694237e-06,8.056547848524211e-05,2099.670351223976,0.1821091919935561,0.1821091919935561,1.717676653309424e-13,0.003975326861991353
Vis_L28.mlp.down_proj,Base->Stage1,Vis,2.691373895230939e-05,1.2579578453330511e-09,1.7808922339957448e-05,0.0015334163180933855,7.712864211777866e-10,2.0558224893911743e-05,0.0012007010193085096,3.8751976798045164e-13,4.953488580393044e-07,2.6913734713647666e-05,1990.3150365652934,0.05809195371661178,1.6510234829918433e-13,0.0580919537166118,0.0013024617216299392
Vis_L28.mlp.down_proj,Stage1->Stage2,Vis,8.176199666567931e-05,1.170191779850511e-08,7.558855784774702e-05,0.004676823685355214,7.114142257919624e-09,6.633898839607884e-05,0.0036465632311523267,3.576423204816414e-12,1.5037291894915379e-06,8.176113806907216e-05,1989.1779720976308,0.1764254041519965,1.633102437239052e-13,0.17642540415199648,0.003956785339313259
Vis_L28.mlp.down_proj,Base->Stage2,Vis,8.418922044487441e-05,1.2424489036221979e-08,7.842255652415678e-05,0.004819053464206462,7.533472988416992e-09,6.837684612298682e-05,0.0037524947530627713,3.791916508798954e-12,1.5487394755986836e-06,8.418832310069189e-05,1986.7191091723519,0.18155002782897048,1.6510856174369852e-13,0.18155002782897048,0.004074247624889569
Vis_L29.attn.qkv,Base->Stage1,Vis,2.7330560166273187e-05,1.2048939043252782e-09,1.7286695867160993e-05,0.0014940825629759249,7.484094038493905e-10,2.013988778927597e-05,0.0011775241191973942,4.031790320191441e-13,5.027769584434224e-07,2.7330599779562686e-05,1856.2706500417758,0.060634857740594725,0.06063485774059472,1.6339643892572134e-13,0.0014077306483061647
Vis_L29.attn.qkv,Stage1->Stage2,Vis,9.041199695525202e-05,1.1334504447336303e-08,7.419430007465588e-05,0.004582463536734499,6.830326398126148e-09,6.494901415351441e-05,0.0035572835014669605,4.412164908641779e-12,1.6631186548522849e-06,9.041148809487119e-05,1548.0668876968075,0.1831640827660456,0.1831640827660456,1.5932705259155875e-13,0.004656895205923801
Vis_L29.attn.qkv,Base->Stage2,Vis,9.453783064290757e-05,1.2038055522882052e-08,7.697838091233625e-05,0.004722542993114638,7.2105135088938456e-09,6.684921602330078e-05,0.00365494500579128,4.824053730749232e-12,1.738194947850076e-06,9.453743558506386e-05,1494.7000824084867,0.18818997369410345,0.18818997369410348,1.633983527083092e-13,0.0048694136091914225
Vis_L29.attn.proj,Base->Stage1,Vis,4.952983178013312e-05,1.493747640361937e-09,1.9708169991048407e-05,0.0015817010426022937,1.464741477104584e-12,9.587667642022384e-07,4.9529765818298465e-05,1.4647414771048648e-12,9.587667642022835e-07,4.952976581830319e-05,0.9999999999998084,1.572392698914533e-13,8.916644576276148e-14,9.038165420322695e-14,0.001549139256519119
Vis_L29.attn.proj,Stage1->Stage2,Vis,0.00013511605464024053,1.1929825990511336e-08,7.562860846405784e-05,0.004469920698802018,1.0900397647768869e-11,2.622592051979861e-06,0.0001351151147765308,1.0900397647769135e-11,2.6225920519799855e-06,0.00013511511477653246,0.9999999999999756,1.5571227571679598e-13,8.912965966131096e-14,8.990067762465723e-14,0.004226016032400368
Vis_L29.attn.proj,Base->Stage2,Vis,0.00013648668284999043,1.2816885669602075e-08,7.907686878908748e-05,0.004633125016036264,1.1122638733733969e-11,2.6504087510616553e-06,0.00013648555168626432,1.112263873372619e-11,2.6504087510608286e-06,0.00013648555168621656,1.0000000000006994,1.5723373480549196e-13,8.916250331392878e-14,9.038371954217733e-14,0.0042688793964384825
Vis_L29.mlp.gate_proj,Base->Stage1,Vis,2.905081850012986e-05,1.2742025137787983e-09,1.8143734651694597e-05,0.001605426614531432,7.945833228210726e-10,2.0895043658693193e-05,0.0012677714064810571,4.172291828141746e-13,5.143642151366224e-07,2.9050831556442006e-05,1904.428921921705,0.05896203004938787,0.058962030049387874,1.5800682871683128e-13,0.0013514667848997736
Vis_L29.mlp.gate_proj,Stage1->Stage2,Vis,8.5224235552705e-05,1.2164617062155925e-08,7.804053656326061e-05,0.004960405355004408,7.562717678262387e-09,6.85360617403409e-05,0.003911171779991411,3.5907384279563334e-12,1.5088444264198948e-06,8.52235913204029e-05,2106.1733763120983,0.181902745547794,0.18190274554779406,1.613849802903199e-13,0.003964696273640851
Vis_L29.mlp.gate_proj,Base->Stage2,Vis,8.613676121625751e-05,1.291106666448503e-08,8.089495327632906e-05,0.005110330738701757,8.017095637923062e-09,7.066339237740331e-05,0.004026952239963686,3.668047975168769e-12,1.5245086473787935e-06,8.613614879808315e-05,2185.6572466324383,0.1872886898447486,0.18728868984474858,1.580103520685281e-13,0.004007149462660307
Vis_L29.mlp.up_proj,Base->Stage1,Vis,2.644864170317731e-05,1.2705162794004569e-09,1.767718219779007e-05,0.001480215823097316,7.839198556964918e-10,2.0663869458457273e-05,0.001162708259807845,4.056360396159631e-13,5.069331972638537e-07,2.644863067710232e-05,1932.569542979144,0.0585652822435622,0.058565282243562194,1.790848198921332e-13,0.001332558564200028
Vis_L29.mlp.up_proj,Stage1->Stage2,Vis,8.023808898698695e-05,1.170791771436888e-08,7.491389731393749e-05,0.004493349848520941,7.2085459488351215e-09,6.664531698311891e-05,0.0035257721140463,3.73328635205479e-12,1.5352028457052726e-06,8.023725346788273e-05,1930.8848207873361,0.1775902478999177,0.17759024789991776,1.7950433684150854e-13,0.004042627157524553
Vis_L29.mlp.up_proj,Base->Stage2,Vis,8.343517367667144e-05,1.2419522353299578e-08,7.772810590355667e-05,0.004627888103667292,7.632189864555309e-09,6.868654181152232e-05,0.0036278973121898436,4.0367154406271345e-12,1.5959547572643903e-06,8.343427008384945e-05,1890.6930589513115,0.18273273441760943,0.18273273441760943,1.7908870643090573e-13,0.004203703785103009
Vis_L29.mlp.down_proj,Base->Stage1,Vis,2.6911456903491367e-05,1.3101670118216245e-09,1.8158609217386866e-05,0.0015304873752183383,7.970956765835943e-10,2.0902374488876833e-05,0.0011937727142939275,4.050800865808537e-13,5.059754080676011e-07,2.6911435751982014e-05,1967.7483613465522,0.05905575901339066,1.685149438017982e-13,0.059055759013390684,0.0013316450679578032
Vis_L29.mlp.down_proj,Stage1->Stage2,Vis,8.134844822581765e-05,1.183439742919757e-08,7.560533824082022e-05,0.004599755649785224,7.1320790236174e-09,6.635388986742865e-05,0.0035708348101520073,3.7013972936817e-12,1.5307767795843354e-06,8.134756134791286e-05,1926.8612520444337,0.1766467553248634,1.65595460850354e-13,0.17664675532486337,0.004025324433237773
Vis_L29.mlp.down_proj,Base->Stage2,Vis,8.377440636025918e-05,1.259570837908048e-08,7.859295119704533e-05,0.004745401739523785,7.564467470628116e-09,6.84473735024311e-05,0.003677484630875656,3.925447674470053e-12,1.5751999023009856e-06,8.377342719089167e-05,1927.0330667824635,0.18192223176933958,1.6851242863294392e-13,0.18192223176933958,0.0041453636438508155
Vis_L30.attn.qkv,Base->Stage1,Vis,2.843791048603195e-05,1.2972892900146505e-09,1.804806621778473e-05,0.0014973437633634718,8.04054520427049e-10,2.089408844765508e-05,0.0011788155352061974,4.679406593089682e-13,5.403479433938903e-07,2.843796353481364e-05,1718.2830866085396,0.06284715629256758,0.06284715629256757,1.6639822111451987e-13,0.0015165823184500873
Vis_L30.attn.qkv,Stage1->Stage2,Vis,8.875266265396556e-05,1.3055964212322408e-08,8.01633526465843e-05,0.004750127797304728,7.821145237360212e-09,6.943544237812023e-05,0.0036765120514943707,4.557813798551448e-12,1.6863751905962786e-06,8.875219607159174e-05,1715.9861247174922,0.1960022934033285,0.1960022934033285,1.6627034533673146e-13,0.0047331349423653775
Vis_L30.attn.qkv,Base->Stage2,Vis,9.328582297747744e-05,1.3854331817019504e-08,8.312147430842299e-05,0.004893207255534339,8.246117881342153e-09,7.141050951681621e-05,0.0037750750326315057,5.035315777692112e-12,1.7709975010729736e-06,9.328550658062964e-05,1637.6565533138582,0.20125303193049238,0.20125303193049232,1.6640596396786833e-13,0.004974895386891296
Vis_L30.attn.proj,Base->Stage1,Vis,4.496906103754107e-05,1.524608098318456e-09,1.9367722372347628e-05,0.001446217486240378,1.474079896384004e-12,9.652467393612806e-07,4.496918418138684e-05,1.474079896386108e-12,9.652467393619614e-07,4.4969184181418925e-05,0.9999999999985727,1.6889136751002037e-13,9.666570810742264e-14,9.767070937784261e-14,0.0015540696581038444
Vis_L30.attn.proj,Stage1->Stage2,Vis,0.00014387326553470193,1.1833482116375033e-08,7.355550253086207e-05,0.004029134682047236,1.5088678597555545e-11,3.0835450743887297e-06,0.00014387359955799872,1.5088678597548937e-11,3.083545074387972e-06,0.0001438735995579673,1.0000000000004379,1.680436935015645e-13,9.561604520907083e-14,9.72532057764304e-14,0.004972050986687906
Vis_L30.attn.proj,Base->Stage2,Vis,0.00014726265923709043,1.2709420741500914e-08,7.70159401778514e-05,0.004175595145255065,1.580806312509202e-11,3.1552064420513723e-06,0.000147263404396249,1.5808063125088687e-11,3.1552064420510784e-06,0.00014726340439623345,1.000000000000211,1.688948741325312e-13,9.666939357524057e-14,9.767198848167173e-14,0.005089197444012691
Vis_L30.mlp.gate_proj,Base->Stage1,Vis,2.82420819921079e-05,1.367010844072426e-09,1.8906550900871082e-05,0.0016418093653231807,8.484201809212941e-10,2.1642639941565587e-05,0.0012934279573848574,4.0450116214756573e-13,5.068146300267426e-07,2.824207718860475e-05,2097.448067681404,0.06092823885035028,0.06092823885035028,1.6290675869504538e-13,0.001330693160505901
Vis_L30.mlp.gate_proj,Stage1->Stage2,Vis,9.232800732533596e-05,1.2811112223195669e-08,8.015585483690301e-05,0.00502605946204104,7.925462423856261e-09,7.020185304229921e-05,0.003953179277711282,4.323081542386377e-12,1.6514284168105857e-06,9.232746643064258e-05,1833.2900608396435,0.18620790009871868,0.18620790009871865,1.654101093769185e-13,0.004350255367211286
Vis_L30.mlp.gate_proj,Base->Stage2,Vis,9.519642926166186e-05,1.3590781701673212e-08,8.309386558344803e-05,0.005176740830752808,8.406200986966546e-09,7.24057152551347e-05,0.00407130922521953,4.5958693264019095e-12,1.7029823748595568e-06,9.519585537140951e-05,1829.077458463714,0.19177158710871944,0.19177158710871944,1.6290683224242693e-13,0.004485407179204249
Vis_L30.mlp.up_proj,Base->Stage1,Vis,2.7042433760657227e-05,1.3561629899189976e-09,1.833199404643105e-05,0.0015079754074972076,8.392456962632967e-10,2.1423442030075386e-05,0.0011862681666148355,4.361295644364244e-13,5.259677704925012e-07,2.7042452700029444e-05,1924.3036122712463,0.060596621525927395,0.060596621525927374,1.8386634546879726e-13,0.0013817383186685136
Vis_L30.mlp.up_proj,Stage1->Stage2,Vis,8.13454383858171e-05,1.2207939930085206e-08,7.643588835669388e-05,0.004524317565774276,7.518719016524568e-09,6.808419930907262e-05,0.0035506169053339514,3.946297098585508e-12,1.5790334170046e-06,8.134423479437304e-05,1905.2592414340882,0.18137065476274994,0.18137065476274997,1.8177437480047498e-13,0.004156357802062752
Vis_L30.mlp.up_proj,Base->Stage2,Vis,8.457385278666639e-05,1.2969561769836333e-08,7.937277722861815e-05,0.0046633127189519485,7.982720863612277e-09,7.028081698252215e-05,0.0036585362343163085,4.265757955868608e-12,1.6419977462877773e-06,8.457266065850334e-05,1871.3487605713926,0.18688188492827507,0.1868818849282751,1.838678693778479e-13,0.0043213171635058745
Vis_L30.mlp.down_proj,Base->Stage1,Vis,2.7986322340945652e-05,1.393001366464494e-09,1.8756506531276526e-05,0.0015447868115307847,8.323510972432436e-10,2.142858680643629e-05,0.0011941147420741175,4.572002598796055e-13,5.362335993856439e-07,2.7986334208710063e-05,1820.5394228394064,0.060346374393071174,1.6709928463061507e-13,0.06034637439307119,0.0014147225373369015
Vis_L30.mlp.down_proj,Stage1->Stage2,Vis,8.085200081699677e-05,1.2176146189291271e-08,7.642632269677073e-05,0.004567114205131212,7.217244293347949e-09,6.673560054950919e-05,0.003516192536439836,3.8158911678187815e-12,1.5562797312457339e-06,8.085091416528876e-05,1891.3653392985602,0.17769709298868758,1.6826468603780063e-13,0.1776970929886876,0.004087107189228524
Vis_L30.mlp.down_proj,Base->Stage2,Vis,8.427250563379197e-05,1.2986465589700737e-08,7.958352328927775e-05,0.004716636738061993,7.660220826614241e-09,6.88844319692735e-05,0.003622493289382533,4.145592579415568e-12,1.6208670178249787e-06,8.42714087461077e-05,1847.7987597358529,0.18306749403634642,1.6710210033842377e-13,0.18306749403634645,0.004260017144994791
Vis_L31.attn.qkv,Base->Stage1,Vis,2.879791103933577e-05,1.740002637659604e-09,2.2489906812546146e-05,0.0016452637531623403,1.1394012199994167e-09,2.470062929282237e-05,0.0013313704596099659,5.330902801837477e-13,5.508798206963545e-07,2.8797909237543697e-05,2137.3513311979414,0.07481783162178053,0.07481783162178055,1.7353135484677505e-13,0.0016187171912224684
Vis_L31.attn.qkv,Stage1->Stage2,Vis,7.462587654839992e-05,1.1987596195258554e-08,7.609485248925389e-05,0.004318435740411685,7.747369584076835e-09,6.822089049710537e-05,0.0034716628816174712,3.5797915420635596e-12,1.4241827739756546e-06,7.462584774870718e-05,2164.1957340373197,0.19508941574761307,0.19508941574761302,1.7455024134646617e-13,0.004194686089274239
Vis_L31.attn.qkv,Base->Stage2,Vis,7.968697779825076e-05,1.3021397274184627e-08,8.004811004451348e-05,0.0045007947010884146,8.39090799026944e-09,7.107125429671975e-05,0.003612974433623116,4.08181676220801e-12,1.5127976903595945e-06,7.968694205964406e-05,2055.6797326028122,0.20302719601409236,0.20302719601409244,1.7352921128788762e-13,0.004479167975149494
Vis_L31.attn.proj,Base->Stage1,Vis,3.5436585826522584e-05,1.544963352710578e-09,1.792411571290842e-05,0.001113799479614745,1.5638934036780653e-12,9.902728346077036e-07,3.5436554883227925e-05,1.5638934036798548e-12,9.90272834608121e-07,3.543655488324819e-05,0.9999999999988558,2.496318796463226e-13,1.404390993269034e-13,1.407954131340294e-13,0.0016007132637012394
Vis_L31.attn.proj,Stage1->Stage2,Vis,9.246004456476359e-05,1.0249327741831154e-08,6.2102529059338e-05,0.0028687575248560614,1.0646634814265358e-11,2.5899482402805094e-06,9.245966819248606e-05,1.0646634814266295e-11,2.589948240280682e-06,9.245966819249015e-05,0.999999999999912,2.542338885554157e-13,1.4314870611701243e-13,1.425464971285336e-13,0.004176535224285066
Vis_L31.attn.proj,Base->Stage2,Vis,9.78048064306315e-05,1.1017684653221244e-08,6.543431741015126e-05,0.002974344855252917,1.1913072868471386e-11,2.7358332618083066e-06,9.780432289860605e-05,1.1913072868481284e-11,2.7358332618095322e-06,9.780432289864662e-05,0.9999999999991692,2.496344758564458e-13,1.4044226943779162e-13,1.4079678026566522e-13,0.00441796090835124
Vis_L31.mlp.gate_proj,Base->Stage1,Vis,2.9203203044253775e-05,1.5050742013371107e-09,1.9877054684168963e-05,0.0016424541821347734,9.306980710519368e-10,2.2697815183798552e-05,0.001291572276879948,4.758082807449682e-13,5.497999843362567e-07,2.9203190776283844e-05,1956.0358840219267,0.06381308656496593,0.06381308656496593,1.6575498693498872e-13,0.0014432249754591873
Vis_L31.mlp.gate_proj,Stage1->Stage2,Vis,8.373401156102285e-05,1.2920705312796013e-08,7.980487800471144e-05,0.004812332293525752,8.010476909409044e-09,7.04651129518315e-05,0.0037891490028259043,3.911786836865157e-12,1.573944782882026e-06,8.373366250824017e-05,2047.779504219742,0.18720864405731466,0.18720864405731477,1.653890673292465e-13,0.004138144276974996
Vis_L31.mlp.gate_proj,Base->Stage2,Vis,8.619514432700075e-05,1.3792617400000935e-08,8.306636919378096e-05,0.0049720540580703585,8.52893612032942e-09,7.282958998730325e-05,0.003909848486115706,4.1451153669653404e-12,1.6217684921703664e-06,8.619474880523473e-05,2057.5871514460396,0.19317171593689447,0.19317171593689453,1.6575833480573927e-13,0.0042597719458237985
Vis_L31.mlp.up_proj,Base->Stage1,Vis,2.663451184374584e-05,1.490373499525072e-09,1.9249458232719152e-05,0.0015096355036311382,9.183584406016884e-10,2.2433758067201206e-05,0.001185033566660126,4.639170320850166e-13,5.420187927570674e-07,2.663450929060084e-05,1979.5747452389107,0.06338885534690006,0.06338885534690009,1.8575500388395025e-13,0.001425076559225984
Vis_L31.mlp.up_proj,Stage1->Stage2,Vis,7.721289460709266e-05,1.2328132145398682e-08,7.601007923578797e-05,0.0043418133409278475,7.583565838761358e-09,6.826574709227658e-05,0.003405330271571293,3.898796660756441e-12,1.5642163231788523e-06,7.721253318328458e-05,1945.1042202570272,0.18215141523649647,0.18215141523649647,1.7797792727608255e-13,0.004131267633805322
Vis_L31.mlp.up_proj,Base->Stage2,Vis,8.142439526890634e-05,1.3179226330226878e-08,7.928553669212864e-05,0.004489184620784991,8.100462820700235e-09,7.069495366894359e-05,0.003519471273719642,4.335706923940653e-12,1.6528656280159707e-06,8.142400632633697e-05,1868.3142017675532,0.1882542617735931,0.18825426177359308,1.8575804640248364e-13,0.004356603106807252
Vis_L31.mlp.down_proj,Base->Stage1,Vis,2.8250760771423156e-05,1.5775070183580231e-09,2.0322348481548115e-05,0.0015753106155170532,9.355676411018932e-10,2.277013577610172e-05,0.001213160176647456,5.073402609788073e-13,5.668597801862194e-07,2.8250765064143262e-05,1844.0634679710033,0.06397882941807775,1.690275869130932e-13,0.06397882941807775,0.0014902794122112894
Vis_L31.mlp.down_proj,Stage1->Stage2,Vis,7.659197741508389e-05,1.1649941191531032e-08,7.404414822110006e-05,0.004280938518601804,6.9888771290155705e-09,6.549637370885759e-05,0.0033157427353234016,3.729112325766222e-12,1.535913028839068e-06,7.659137331878651e-05,1874.1396124557773,0.17485963382087488,1.7194875568292112e-13,0.17485963382087483,0.004040366582041064
Vis_L31.mlp.down_proj,Base->Stage2,Vis,7.915213459122193e-05,1.2546869280530947e-08,7.763712429690308e-05,0.004442677729741044,7.467751735613837e-09,6.786960322095113e-05,0.003427457354630485,3.982578051031353e-12,1.5873340539922728e-06,7.915152232964906e-05,1875.1049295016185,0.1807503629376109,1.69029267013633e-13,0.1807503629376109,0.0041754201795980795
