/home/zs7752/miniconda3/envs/best176/lib/python3.12/site-packages/transformers/utils/hub.py:110: FutureWarning: Using `TRANSFORMERS_CACHE` is deprecated and will be removed in v5 of Transformers. Use `HF_HOME` instead.
  warnings.warn(
/home/zs7752/miniconda3/envs/best176/lib/python3.12/site-packages/transformers/models/auto/modeling_auto.py:2284: FutureWarning: The class `AutoModelForVision2Seq` is deprecated and will be removed in v5.0. Please use `AutoModelForImageTextToText` instead.
  warnings.warn(
`torch_dtype` is deprecated! Use `dtype` instead!
Loading Models (Float64 for Precision)...
Loading checkpoint shards:   0%|          | 0/2 [00:00<?, ?it/s]Loading checkpoint shards:  50%|█████     | 1/2 [00:01<00:01,  1.54s/it]Loading checkpoint shards: 100%|██████████| 2/2 [00:02<00:00,  1.43s/it]Loading checkpoint shards: 100%|██████████| 2/2 [00:02<00:00,  1.44s/it]
/home/zs7752/miniconda3/envs/best176/lib/python3.12/site-packages/transformers/models/auto/modeling_auto.py:2284: FutureWarning: The class `AutoModelForVision2Seq` is deprecated and will be removed in v5.0. Please use `AutoModelForImageTextToText` instead.
  warnings.warn(
Loading checkpoint shards:   0%|          | 0/2 [00:00<?, ?it/s]Loading checkpoint shards:  50%|█████     | 1/2 [00:01<00:01,  1.94s/it]Loading checkpoint shards: 100%|██████████| 2/2 [00:03<00:00,  1.51s/it]Loading checkpoint shards: 100%|██████████| 2/2 [00:03<00:00,  1.58s/it]
Loading checkpoint shards:   0%|          | 0/2 [00:00<?, ?it/s]Loading checkpoint shards:  50%|█████     | 1/2 [00:01<00:01,  1.96s/it]Loading checkpoint shards: 100%|██████████| 2/2 [00:03<00:00,  1.56s/it]Loading checkpoint shards: 100%|██████████| 2/2 [00:03<00:00,  1.62s/it]

=== Scanning Language Layers ===
Processing Lang_L0.self_attn.q_proj...
  r=  128/2048  ret_E=0.383  e_src=5.681e-02 e_L=4.047e-02 e_R=3.987e-02 e_tgt=3.120e-04  ∠U=0.07° ∠V=0.07°
  r=  256/2048  ret_E=0.550  e_src=5.255e-02 e_L=3.751e-02 e_R=3.680e-02 e_tgt=4.141e-04  ∠U=0.05° ∠V=0.05°
  r=  512/2048  ret_E=0.762  e_src=6.088e-02 e_L=4.343e-02 e_R=4.267e-02 e_tgt=5.710e-04  ∠U=0.05° ∠V=0.05°
  r= 1024/2048  ret_E=0.945  e_src=8.683e-02 e_L=6.174e-02 e_R=6.109e-02 e_tgt=7.640e-04  ∠U=0.10° ∠V=0.10°
  r=  128/2048  ret_E=0.383  e_src=1.572e-01 e_L=1.124e-01 e_R=1.099e-01 e_tgt=1.455e-03  ∠U=0.18° ∠V=0.18°
  r=  256/2048  ret_E=0.550  e_src=1.847e-01 e_L=1.317e-01 e_R=1.296e-01 e_tgt=1.745e-03  ∠U=0.17° ∠V=0.17°
  r=  512/2048  ret_E=0.762  e_src=2.084e-01 e_L=1.482e-01 e_R=1.465e-01 e_tgt=2.242e-03  ∠U=0.18° ∠V=0.18°
  r= 1024/2048  ret_E=0.945  e_src=1.991e-01 e_L=1.416e-01 e_R=1.401e-01 e_tgt=2.822e-03  ∠U=0.21° ∠V=0.21°
  r=  128/2048  ret_E=0.383  e_src=1.636e-01 e_L=1.172e-01 e_R=1.143e-01 e_tgt=1.483e-03  ∠U=0.19° ∠V=0.18°
  r=  256/2048  ret_E=0.550  e_src=1.869e-01 e_L=1.333e-01 e_R=1.310e-01 e_tgt=1.783e-03  ∠U=0.17° ∠V=0.17°
  r=  512/2048  ret_E=0.762  e_src=2.129e-01 e_L=1.516e-01 e_R=1.496e-01 e_tgt=2.299e-03  ∠U=0.18° ∠V=0.18°
  r= 1024/2048  ret_E=0.945  e_src=2.062e-01 e_L=1.467e-01 e_R=1.449e-01 e_tgt=2.892e-03  ∠U=0.21° ∠V=0.21°
Processing Lang_L0.self_attn.k_proj...
  r=  128/256  ret_E=0.718  e_src=1.927e-02 e_L=1.207e-02 e_R=1.502e-02 e_tgt=2.611e-04  ∠U=0.03° ∠V=0.03°
  r=  128/256  ret_E=0.718  e_src=6.841e-02 e_L=4.293e-02 e_R=5.327e-02 e_tgt=8.614e-04  ∠U=0.09° ∠V=0.11°
  r=  128/256  ret_E=0.718  e_src=6.862e-02 e_L=4.288e-02 e_R=5.357e-02 e_tgt=8.577e-04  ∠U=0.09° ∠V=0.11°
Processing Lang_L0.self_attn.v_proj...
  r=  128/256  ret_E=0.645  e_src=3.307e-02 e_L=2.132e-02 e_R=2.528e-02 e_tgt=3.296e-04  ∠U=0.13° ∠V=0.15°
  r=  128/256  ret_E=0.645  e_src=8.959e-02 e_L=5.791e-02 e_R=6.837e-02 e_tgt=9.810e-04  ∠U=0.34° ∠V=0.39°
  r=  128/256  ret_E=0.645  e_src=9.247e-02 e_L=5.958e-02 e_R=7.072e-02 e_tgt=1.051e-03  ∠U=0.35° ∠V=0.41°
Processing Lang_L0.self_attn.o_proj...
  r=  128/2048  ret_E=0.229  e_src=8.168e-02 e_L=5.857e-02 e_R=5.694e-02 e_tgt=4.479e-04  ∠U=0.17° ∠V=0.17°
  r=  256/2048  ret_E=0.378  e_src=1.425e-01 e_L=1.013e-01 e_R=1.002e-01 e_tgt=5.949e-04  ∠U=0.24° ∠V=0.24°
  r=  512/2048  ret_E=0.597  e_src=1.310e-01 e_L=9.291e-02 e_R=9.234e-02 e_tgt=7.592e-04  ∠U=0.18° ∠V=0.18°
  r= 1024/2048  ret_E=0.868  e_src=1.015e-01 e_L=7.209e-02 e_R=7.150e-02 e_tgt=1.002e-03  ∠U=0.13° ∠V=0.13°
  r=  128/2048  ret_E=0.229  e_src=2.436e-01 e_L=1.745e-01 e_R=1.700e-01 e_tgt=1.496e-03  ∠U=0.51° ∠V=0.50°
  r=  256/2048  ret_E=0.378  e_src=4.224e-01 e_L=3.016e-01 e_R=2.983e-01 e_tgt=1.880e-03  ∠U=0.72° ∠V=0.72°
  r=  512/2048  ret_E=0.597  e_src=3.536e-01 e_L=2.510e-01 e_R=2.493e-01 e_tgt=2.271e-03  ∠U=0.49° ∠V=0.49°
  r= 1024/2048  ret_E=0.868  e_src=2.865e-01 e_L=2.036e-01 e_R=2.018e-01 e_tgt=2.910e-03  ∠U=0.38° ∠V=0.38°
  r=  128/2048  ret_E=0.229  e_src=2.588e-01 e_L=1.855e-01 e_R=1.806e-01 e_tgt=1.647e-03  ∠U=0.54° ∠V=0.53°
  r=  256/2048  ret_E=0.378  e_src=3.982e-01 e_L=2.844e-01 e_R=2.803e-01 e_tgt=2.033e-03  ∠U=0.68° ∠V=0.67°
  r=  512/2048  ret_E=0.597  e_src=3.711e-01 e_L=2.635e-01 e_R=2.615e-01 e_tgt=2.450e-03  ∠U=0.52° ∠V=0.51°
  r= 1024/2048  ret_E=0.868  e_src=2.902e-01 e_L=2.063e-01 e_R=2.044e-01 e_tgt=3.055e-03  ∠U=0.38° ∠V=0.38°
Processing Lang_L0.mlp.gate_proj...
  r=  128/2048  ret_E=0.241  e_src=8.549e-02 e_L=6.791e-02 e_R=5.193e-02 e_tgt=4.698e-04  ∠U=0.07° ∠V=0.05°
  r=  256/2048  ret_E=0.390  e_src=1.226e-01 e_L=9.628e-02 e_R=7.592e-02 e_tgt=6.079e-04  ∠U=0.08° ∠V=0.06°
  r=  512/2048  ret_E=0.607  e_src=1.423e-01 e_L=1.149e-01 e_R=8.395e-02 e_tgt=7.962e-04  ∠U=0.08° ∠V=0.06°
  r= 1024/2048  ret_E=0.857  e_src=1.420e-01 e_L=1.232e-01 e_R=7.049e-02 e_tgt=1.030e-03  ∠U=0.07° ∠V=0.05°
  r=  128/2048  ret_E=0.241  e_src=2.798e-01 e_L=2.217e-01 e_R=1.708e-01 e_tgt=1.649e-03  ∠U=0.22° ∠V=0.18°
  r=  256/2048  ret_E=0.390  e_src=4.166e-01 e_L=3.242e-01 e_R=2.616e-01 e_tgt=2.011e-03  ∠U=0.26° ∠V=0.22°
  r=  512/2048  ret_E=0.607  e_src=4.821e-01 e_L=3.857e-01 e_R=2.893e-01 e_tgt=2.624e-03  ∠U=0.26° ∠V=0.21°
  r= 1024/2048  ret_E=0.857  e_src=4.515e-01 e_L=3.938e-01 e_R=2.209e-01 e_tgt=3.444e-03  ∠U=0.23° ∠V=0.16°
  r=  128/2048  ret_E=0.241  e_src=2.925e-01 e_L=2.324e-01 e_R=1.776e-01 e_tgt=1.776e-03  ∠U=0.23° ∠V=0.19°
  r=  256/2048  ret_E=0.390  e_src=4.231e-01 e_L=3.317e-01 e_R=2.627e-01 e_tgt=2.140e-03  ∠U=0.27° ∠V=0.22°
  r=  512/2048  ret_E=0.607  e_src=4.785e-01 e_L=3.880e-01 e_R=2.801e-01 e_tgt=2.769e-03  ∠U=0.26° ∠V=0.20°
  r= 1024/2048  ret_E=0.857  e_src=4.689e-01 e_L=4.097e-01 e_R=2.280e-01 e_tgt=3.614e-03  ∠U=0.24° ∠V=0.16°
Processing Lang_L0.mlp.up_proj...
  r=  128/2048  ret_E=0.191  e_src=1.361e-01 e_L=1.012e-01 e_R=9.111e-02 e_tgt=4.609e-04  ∠U=0.12° ∠V=0.11°
  r=  256/2048  ret_E=0.339  e_src=1.338e-01 e_L=1.037e-01 e_R=8.456e-02 e_tgt=6.067e-04  ∠U=0.10° ∠V=0.08°
  r=  512/2048  ret_E=0.559  e_src=1.520e-01 e_L=1.213e-01 e_R=9.152e-02 e_tgt=8.200e-04  ∠U=0.09° ∠V=0.07°
  r= 1024/2048  ret_E=0.830  e_src=1.582e-01 e_L=1.331e-01 e_R=8.540e-02 e_tgt=1.043e-03  ∠U=0.09° ∠V=0.06°
  r=  128/2048  ret_E=0.191  e_src=4.020e-01 e_L=3.014e-01 e_R=2.661e-01 e_tgt=1.549e-03  ∠U=0.36° ∠V=0.33°
  r=  256/2048  ret_E=0.339  e_src=4.575e-01 e_L=3.509e-01 e_R=2.937e-01 e_tgt=2.001e-03  ∠U=0.33° ∠V=0.28°
  r=  512/2048  ret_E=0.559  e_src=4.912e-01 e_L=3.912e-01 e_R=2.972e-01 e_tgt=2.740e-03  ∠U=0.29° ∠V=0.23°
  r= 1024/2048  ret_E=0.830  e_src=4.750e-01 e_L=4.056e-01 e_R=2.474e-01 e_tgt=3.470e-03  ∠U=0.26° ∠V=0.19°
  r=  128/2048  ret_E=0.191  e_src=4.583e-01 e_L=3.410e-01 e_R=3.064e-01 e_tgt=1.630e-03  ∠U=0.41° ∠V=0.38°
  r=  256/2048  ret_E=0.339  e_src=4.749e-01 e_L=3.653e-01 e_R=3.036e-01 e_tgt=2.141e-03  ∠U=0.34° ∠V=0.29°
  r=  512/2048  ret_E=0.559  e_src=5.171e-01 e_L=4.118e-01 e_R=3.128e-01 e_tgt=2.875e-03  ∠U=0.31° ∠V=0.25°
  r= 1024/2048  ret_E=0.830  e_src=4.926e-01 e_L=4.216e-01 e_R=2.548e-01 e_tgt=3.636e-03  ∠U=0.27° ∠V=0.19°
Processing Lang_L0.mlp.down_proj...
  r=  128/2048  ret_E=0.151  e_src=1.396e-01 e_L=9.592e-02 e_R=1.014e-01 e_tgt=4.835e-04  ∠U=0.13° ∠V=0.14°
  r=  256/2048  ret_E=0.263  e_src=2.064e-01 e_L=1.424e-01 e_R=1.494e-01 e_tgt=6.324e-04  ∠U=0.15° ∠V=0.15°
  r=  512/2048  ret_E=0.450  e_src=2.320e-01 e_L=1.578e-01 e_R=1.701e-01 e_tgt=8.304e-04  ∠U=0.13° ∠V=0.13°
  r= 1024/2048  ret_E=0.726  e_src=2.256e-01 e_L=1.469e-01 e_R=1.712e-01 e_tgt=1.086e-03  ∠U=0.10° ∠V=0.11°
  r=  128/2048  ret_E=0.151  e_src=5.109e-01 e_L=3.547e-01 e_R=3.680e-01 e_tgt=1.873e-03  ∠U=0.48° ∠V=0.49°
  r=  256/2048  ret_E=0.263  e_src=5.888e-01 e_L=4.055e-01 e_R=4.271e-01 e_tgt=2.203e-03  ∠U=0.41° ∠V=0.43°
  r=  512/2048  ret_E=0.450  e_src=7.786e-01 e_L=5.353e-01 e_R=5.665e-01 e_tgt=2.694e-03  ∠U=0.43° ∠V=0.45°
  r= 1024/2048  ret_E=0.726  e_src=7.146e-01 e_L=4.720e-01 e_R=5.374e-01 e_tgt=3.439e-03  ∠U=0.32° ∠V=0.36°
  r=  128/2048  ret_E=0.151  e_src=5.041e-01 e_L=3.492e-01 e_R=3.638e-01 e_tgt=2.047e-03  ∠U=0.47° ∠V=0.49°
  r=  256/2048  ret_E=0.263  e_src=6.267e-01 e_L=4.323e-01 e_R=4.540e-01 e_tgt=2.407e-03  ∠U=0.44° ∠V=0.46°
  r=  512/2048  ret_E=0.450  e_src=8.115e-01 e_L=5.582e-01 e_R=5.902e-01 e_tgt=2.902e-03  ∠U=0.45° ∠V=0.47°
  r= 1024/2048  ret_E=0.726  e_src=7.382e-01 e_L=4.877e-01 e_R=5.550e-01 e_tgt=3.677e-03  ∠U=0.33° ∠V=0.37°
Processing Lang_L1.self_attn.q_proj...
  r=  128/2048  ret_E=0.465  e_src=4.031e-02 e_L=2.935e-02 e_R=2.764e-02 e_tgt=4.889e-04  ∠U=0.05° ∠V=0.05°
  r=  256/2048  ret_E=0.645  e_src=5.210e-02 e_L=3.739e-02 e_R=3.629e-02 e_tgt=6.021e-04  ∠U=0.06° ∠V=0.06°
  r=  512/2048  ret_E=0.836  e_src=5.936e-02 e_L=4.235e-02 e_R=4.160e-02 e_tgt=7.336e-04  ∠U=0.07° ∠V=0.07°
  r= 1024/2048  ret_E=0.970  e_src=5.400e-02 e_L=3.852e-02 e_R=3.784e-02 e_tgt=8.996e-04  ∠U=0.08° ∠V=0.08°
  r=  128/2048  ret_E=0.465  e_src=1.284e-01 e_L=9.154e-02 e_R=9.006e-02 e_tgt=1.965e-03  ∠U=0.15° ∠V=0.16°
  r=  256/2048  ret_E=0.645  e_src=1.939e-01 e_L=1.363e-01 e_R=1.380e-01 e_tgt=2.310e-03  ∠U=0.22° ∠V=0.23°
  r=  512/2048  ret_E=0.836  e_src=2.372e-01 e_L=1.664e-01 e_R=1.694e-01 e_tgt=2.693e-03  ∠U=0.29° ∠V=0.29°
  r= 1024/2048  ret_E=0.970  e_src=1.610e-01 e_L=1.117e-01 e_R=1.161e-01 e_tgt=3.182e-03  ∠U=0.25° ∠V=0.25°
  r=  128/2048  ret_E=0.465  e_src=1.393e-01 e_L=9.953e-02 e_R=9.750e-02 e_tgt=2.040e-03  ∠U=0.17° ∠V=0.17°
  r=  256/2048  ret_E=0.645  e_src=1.989e-01 e_L=1.400e-01 e_R=1.413e-01 e_tgt=2.382e-03  ∠U=0.23° ∠V=0.23°
  r=  512/2048  ret_E=0.836  e_src=2.503e-01 e_L=1.757e-01 e_R=1.787e-01 e_tgt=2.797e-03  ∠U=0.30° ∠V=0.31°
  r= 1024/2048  ret_E=0.970  e_src=1.608e-01 e_L=1.114e-01 e_R=1.161e-01 e_tgt=3.274e-03  ∠U=0.24° ∠V=0.25°
Processing Lang_L1.self_attn.k_proj...
  r=  128/256  ret_E=0.884  e_src=1.409e-02 e_L=7.748e-03 e_R=1.177e-02 e_tgt=3.463e-04  ∠U=0.02° ∠V=0.03°
  r=  128/256  ret_E=0.884  e_src=7.058e-02 e_L=4.492e-02 e_R=5.446e-02 e_tgt=1.360e-03  ∠U=0.15° ∠V=0.16°
  r=  128/256  ret_E=0.884  e_src=7.470e-02 e_L=4.792e-02 e_R=5.732e-02 e_tgt=1.412e-03  ∠U=0.16° ∠V=0.17°
Processing Lang_L1.self_attn.v_proj...
  r=  128/256  ret_E=0.665  e_src=3.256e-02 e_L=2.113e-02 e_R=2.477e-02 e_tgt=3.747e-04  ∠U=0.12° ∠V=0.14°
  r=  128/256  ret_E=0.665  e_src=9.663e-02 e_L=6.400e-02 e_R=7.241e-02 e_tgt=1.119e-03  ∠U=0.36° ∠V=0.40°
  r=  128/256  ret_E=0.665  e_src=1.031e-01 e_L=6.851e-02 e_R=7.708e-02 e_tgt=1.162e-03  ∠U=0.39° ∠V=0.43°
Processing Lang_L1.self_attn.o_proj...
  r=  128/2048  ret_E=0.326  e_src=4.411e-02 e_L=3.152e-02 e_R=3.085e-02 e_tgt=4.676e-04  ∠U=0.08° ∠V=0.07°
  r=  256/2048  ret_E=0.507  e_src=7.104e-02 e_L=5.050e-02 e_R=4.996e-02 e_tgt=5.712e-04  ∠U=0.11° ∠V=0.11°
  r=  512/2048  ret_E=0.731  e_src=1.019e-01 e_L=7.223e-02 e_R=7.186e-02 e_tgt=7.283e-04  ∠U=0.15° ∠V=0.15°
  r= 1024/2048  ret_E=0.934  e_src=7.306e-02 e_L=5.187e-02 e_R=5.146e-02 e_tgt=9.611e-04  ∠U=0.11° ∠V=0.11°
  r=  128/2048  ret_E=0.326  e_src=1.271e-01 e_L=9.054e-02 e_R=8.923e-02 e_tgt=1.114e-03  ∠U=0.22° ∠V=0.22°
  r=  256/2048  ret_E=0.507  e_src=1.877e-01 e_L=1.335e-01 e_R=1.319e-01 e_tgt=1.555e-03  ∠U=0.28° ∠V=0.28°
  r=  512/2048  ret_E=0.731  e_src=2.194e-01 e_L=1.557e-01 e_R=1.546e-01 e_tgt=1.986e-03  ∠U=0.30° ∠V=0.30°
  r= 1024/2048  ret_E=0.934  e_src=1.867e-01 e_L=1.326e-01 e_R=1.315e-01 e_tgt=2.599e-03  ∠U=0.29° ∠V=0.29°
  r=  128/2048  ret_E=0.326  e_src=1.331e-01 e_L=9.479e-02 e_R=9.345e-02 e_tgt=1.263e-03  ∠U=0.23° ∠V=0.23°
  r=  256/2048  ret_E=0.507  e_src=2.022e-01 e_L=1.439e-01 e_R=1.421e-01 e_tgt=1.702e-03  ∠U=0.30° ∠V=0.30°
  r=  512/2048  ret_E=0.731  e_src=2.530e-01 e_L=1.795e-01 e_R=1.785e-01 e_tgt=2.123e-03  ∠U=0.35° ∠V=0.35°
  r= 1024/2048  ret_E=0.934  e_src=1.886e-01 e_L=1.338e-01 e_R=1.328e-01 e_tgt=2.729e-03  ∠U=0.28° ∠V=0.28°
Processing Lang_L1.mlp.gate_proj...
  r=  128/2048  ret_E=0.416  e_src=6.134e-02 e_L=4.051e-02 e_R=4.605e-02 e_tgt=1.053e-03  ∠U=0.08° ∠V=0.08°
  r=  256/2048  ret_E=0.596  e_src=6.000e-02 e_L=3.954e-02 e_R=4.513e-02 e_tgt=1.133e-03  ∠U=0.06° ∠V=0.06°
  r=  512/2048  ret_E=0.811  e_src=8.018e-02 e_L=5.450e-02 e_R=5.882e-02 e_tgt=1.228e-03  ∠U=0.09° ∠V=0.09°
  r= 1024/2048  ret_E=0.975  e_src=8.930e-02 e_L=6.074e-02 e_R=6.558e-02 e_tgt=1.393e-03  ∠U=0.15° ∠V=0.15°
  r=  128/2048  ret_E=0.416  e_src=1.650e-01 e_L=1.049e-01 e_R=1.274e-01 e_tgt=5.440e-03  ∠U=0.19° ∠V=0.21°
  r=  256/2048  ret_E=0.596  e_src=1.960e-01 e_L=1.292e-01 e_R=1.474e-01 e_tgt=5.573e-03  ∠U=0.21° ∠V=0.21°
  r=  512/2048  ret_E=0.811  e_src=2.485e-01 e_L=1.683e-01 e_R=1.830e-01 e_tgt=5.778e-03  ∠U=0.27° ∠V=0.27°
  r= 1024/2048  ret_E=0.975  e_src=2.338e-01 e_L=1.566e-01 e_R=1.749e-01 e_tgt=6.090e-03  ∠U=0.37° ∠V=0.38°
  r=  128/2048  ret_E=0.416  e_src=1.751e-01 e_L=1.121e-01 e_R=1.345e-01 e_tgt=4.916e-03  ∠U=0.21° ∠V=0.22°
  r=  256/2048  ret_E=0.596  e_src=2.054e-01 e_L=1.358e-01 e_R=1.541e-01 e_tgt=5.078e-03  ∠U=0.22° ∠V=0.22°
  r=  512/2048  ret_E=0.811  e_src=2.397e-01 e_L=1.613e-01 e_R=1.773e-01 e_tgt=5.308e-03  ∠U=0.25° ∠V=0.26°
  r= 1024/2048  ret_E=0.975  e_src=1.949e-01 e_L=1.259e-01 e_R=1.490e-01 e_tgt=5.662e-03  ∠U=0.28° ∠V=0.29°
Processing Lang_L1.mlp.up_proj...
  r=  128/2048  ret_E=0.525  e_src=4.336e-02 e_L=2.987e-02 e_R=3.143e-02 e_tgt=3.784e-04  ∠U=0.07° ∠V=0.07°
  r=  256/2048  ret_E=0.705  e_src=3.724e-02 e_L=2.503e-02 e_R=2.756e-02 e_tgt=4.576e-04  ∠U=0.05° ∠V=0.05°
  r=  512/2048  ret_E=0.882  e_src=4.427e-02 e_L=2.959e-02 e_R=3.293e-02 e_tgt=5.734e-04  ∠U=0.06° ∠V=0.07°
  r= 1024/2048  ret_E=0.988  e_src=3.104e-02 e_L=1.855e-02 e_R=2.488e-02 e_tgt=7.131e-04  ∠U=0.06° ∠V=0.07°
  r=  128/2048  ret_E=0.525  e_src=1.137e-01 e_L=7.709e-02 e_R=8.353e-02 e_tgt=1.454e-03  ∠U=0.17° ∠V=0.18°
  r=  256/2048  ret_E=0.705  e_src=1.170e-01 e_L=7.823e-02 e_R=8.695e-02 e_tgt=1.678e-03  ∠U=0.15° ∠V=0.16°
  r=  512/2048  ret_E=0.882  e_src=1.396e-01 e_L=9.332e-02 e_R=1.039e-01 e_tgt=2.060e-03  ∠U=0.20° ∠V=0.21°
  r= 1024/2048  ret_E=0.988  e_src=1.034e-01 e_L=6.285e-02 e_R=8.217e-02 e_tgt=2.498e-03  ∠U=0.21° ∠V=0.23°
  r=  128/2048  ret_E=0.525  e_src=1.044e-01 e_L=6.988e-02 e_R=7.750e-02 e_tgt=1.511e-03  ∠U=0.15° ∠V=0.16°
  r=  256/2048  ret_E=0.705  e_src=1.209e-01 e_L=8.087e-02 e_R=8.981e-02 e_tgt=1.760e-03  ∠U=0.16° ∠V=0.17°
  r=  512/2048  ret_E=0.882  e_src=1.464e-01 e_L=9.810e-02 e_R=1.087e-01 e_tgt=2.126e-03  ∠U=0.21° ∠V=0.22°
  r= 1024/2048  ret_E=0.988  e_src=1.058e-01 e_L=6.428e-02 e_R=8.402e-02 e_tgt=2.564e-03  ∠U=0.22° ∠V=0.24°
Processing Lang_L1.mlp.down_proj...
  r=  128/2048  ret_E=0.451  e_src=7.217e-02 e_L=6.070e-02 e_R=3.903e-02 e_tgt=9.310e-04  ∠U=0.11° ∠V=0.11°
  r=  256/2048  ret_E=0.607  e_src=1.045e-01 e_L=8.072e-02 e_R=6.645e-02 e_tgt=9.912e-04  ∠U=0.16° ∠V=0.15°
  r=  512/2048  ret_E=0.807  e_src=9.493e-02 e_L=7.400e-02 e_R=5.946e-02 e_tgt=1.106e-03  ∠U=0.13° ∠V=0.13°
  r= 1024/2048  ret_E=0.974  e_src=7.024e-02 e_L=5.695e-02 e_R=4.111e-02 e_tgt=1.309e-03  ∠U=0.12° ∠V=0.11°
  r=  128/2048  ret_E=0.451  e_src=1.995e-01 e_L=1.665e-01 e_R=1.099e-01 e_tgt=1.732e-03  ∠U=0.32° ∠V=0.30°
  r=  256/2048  ret_E=0.607  e_src=2.333e-01 e_L=1.868e-01 e_R=1.399e-01 e_tgt=1.946e-03  ∠U=0.33° ∠V=0.32°
  r=  512/2048  ret_E=0.807  e_src=2.966e-01 e_L=2.264e-01 e_R=1.925e-01 e_tgt=2.314e-03  ∠U=0.43° ∠V=0.42°
  r= 1024/2048  ret_E=0.974  e_src=1.800e-01 e_L=1.489e-01 e_R=1.013e-01 e_tgt=2.913e-03  ∠U=0.30° ∠V=0.28°
  r=  128/2048  ret_E=0.451  e_src=2.060e-01 e_L=1.739e-01 e_R=1.105e-01 e_tgt=1.896e-03  ∠U=0.32° ∠V=0.30°
  r=  256/2048  ret_E=0.607  e_src=2.241e-01 e_L=1.841e-01 e_R=1.277e-01 e_tgt=2.096e-03  ∠U=0.30° ∠V=0.28°
  r=  512/2048  ret_E=0.807  e_src=2.881e-01 e_L=2.230e-01 e_R=1.830e-01 e_tgt=2.452e-03  ∠U=0.40° ∠V=0.39°
  r= 1024/2048  ret_E=0.974  e_src=1.796e-01 e_L=1.510e-01 e_R=9.721e-02 e_tgt=3.041e-03  ∠U=0.28° ∠V=0.26°
Processing Lang_L2.self_attn.q_proj...
  r=  128/2048  ret_E=0.460  e_src=7.039e-02 e_L=5.016e-02 e_R=4.938e-02 e_tgt=4.660e-04  ∠U=0.10° ∠V=0.10°
  r=  256/2048  ret_E=0.630  e_src=5.542e-02 e_L=3.972e-02 e_R=3.864e-02 e_tgt=5.914e-04  ∠U=0.06° ∠V=0.06°
  r=  512/2048  ret_E=0.820  e_src=7.067e-02 e_L=5.039e-02 e_R=4.955e-02 e_tgt=7.667e-04  ∠U=0.08° ∠V=0.08°
  r= 1024/2048  ret_E=0.964  e_src=7.881e-02 e_L=5.610e-02 e_R=5.540e-02 e_tgt=9.667e-04  ∠U=0.13° ∠V=0.13°
  r=  128/2048  ret_E=0.460  e_src=1.433e-01 e_L=1.015e-01 e_R=1.011e-01 e_tgt=2.062e-03  ∠U=0.19° ∠V=0.19°
  r=  256/2048  ret_E=0.630  e_src=1.726e-01 e_L=1.212e-01 e_R=1.229e-01 e_tgt=2.380e-03  ∠U=0.20° ∠V=0.20°
  r=  512/2048  ret_E=0.820  e_src=2.269e-01 e_L=1.590e-01 e_R=1.621e-01 e_tgt=2.803e-03  ∠U=0.27° ∠V=0.27°
  r= 1024/2048  ret_E=0.964  e_src=1.732e-01 e_L=1.203e-01 e_R=1.246e-01 e_tgt=3.234e-03  ∠U=0.25° ∠V=0.26°
  r=  128/2048  ret_E=0.460  e_src=1.651e-01 e_L=1.173e-01 e_R=1.163e-01 e_tgt=2.169e-03  ∠U=0.22° ∠V=0.22°
  r=  256/2048  ret_E=0.630  e_src=1.834e-01 e_L=1.291e-01 e_R=1.303e-01 e_tgt=2.506e-03  ∠U=0.21° ∠V=0.21°
  r=  512/2048  ret_E=0.820  e_src=2.371e-01 e_L=1.663e-01 e_R=1.692e-01 e_tgt=2.931e-03  ∠U=0.28° ∠V=0.28°
  r= 1024/2048  ret_E=0.964  e_src=1.834e-01 e_L=1.277e-01 e_R=1.318e-01 e_tgt=3.367e-03  ∠U=0.27° ∠V=0.27°
Processing Lang_L2.self_attn.k_proj...
  r=  128/256  ret_E=0.876  e_src=1.394e-02 e_L=7.256e-03 e_R=1.190e-02 e_tgt=3.157e-04  ∠U=0.02° ∠V=0.03°
  r=  128/256  ret_E=0.876  e_src=4.623e-02 e_L=2.235e-02 e_R=4.047e-02 e_tgt=1.208e-03  ∠U=0.07° ∠V=0.11°
  r=  128/256  ret_E=0.876  e_src=4.837e-02 e_L=2.396e-02 e_R=4.202e-02 e_tgt=1.274e-03  ∠U=0.07° ∠V=0.11°
Processing Lang_L2.self_attn.v_proj...
  r=  128/256  ret_E=0.671  e_src=3.004e-02 e_L=1.904e-02 e_R=2.323e-02 e_tgt=3.588e-04  ∠U=0.11° ∠V=0.13°
  r=  128/256  ret_E=0.671  e_src=9.016e-02 e_L=5.879e-02 e_R=6.838e-02 e_tgt=9.501e-04  ∠U=0.33° ∠V=0.37°
  r=  128/256  ret_E=0.671  e_src=9.218e-02 e_L=5.986e-02 e_R=7.011e-02 e_tgt=9.802e-04  ∠U=0.33° ∠V=0.38°
Processing Lang_L2.self_attn.o_proj...
  r=  128/2048  ret_E=0.362  e_src=4.847e-02 e_L=3.490e-02 e_R=3.363e-02 e_tgt=3.940e-04  ∠U=0.08° ∠V=0.08°
  r=  256/2048  ret_E=0.544  e_src=5.714e-02 e_L=4.088e-02 e_R=3.992e-02 e_tgt=5.235e-04  ∠U=0.08° ∠V=0.08°
  r=  512/2048  ret_E=0.758  e_src=7.593e-02 e_L=5.396e-02 e_R=5.342e-02 e_tgt=7.053e-04  ∠U=0.11° ∠V=0.11°
  r= 1024/2048  ret_E=0.942  e_src=7.418e-02 e_L=5.247e-02 e_R=5.245e-02 e_tgt=9.578e-04  ∠U=0.12° ∠V=0.12°
  r=  128/2048  ret_E=0.362  e_src=1.403e-01 e_L=1.004e-01 e_R=9.804e-02 e_tgt=1.336e-03  ∠U=0.24° ∠V=0.24°
  r=  256/2048  ret_E=0.544  e_src=1.532e-01 e_L=1.095e-01 e_R=1.071e-01 e_tgt=1.577e-03  ∠U=0.22° ∠V=0.22°
  r=  512/2048  ret_E=0.758  e_src=1.895e-01 e_L=1.346e-01 e_R=1.334e-01 e_tgt=2.026e-03  ∠U=0.26° ∠V=0.26°
  r= 1024/2048  ret_E=0.942  e_src=1.863e-01 e_L=1.317e-01 e_R=1.318e-01 e_tgt=2.566e-03  ∠U=0.30° ∠V=0.30°
  r=  128/2048  ret_E=0.362  e_src=1.571e-01 e_L=1.125e-01 e_R=1.097e-01 e_tgt=1.432e-03  ∠U=0.27° ∠V=0.27°
  r=  256/2048  ret_E=0.544  e_src=1.589e-01 e_L=1.138e-01 e_R=1.109e-01 e_tgt=1.677e-03  ∠U=0.23° ∠V=0.23°
  r=  512/2048  ret_E=0.758  e_src=1.989e-01 e_L=1.414e-01 e_R=1.400e-01 e_tgt=2.140e-03  ∠U=0.27° ∠V=0.27°
  r= 1024/2048  ret_E=0.942  e_src=1.913e-01 e_L=1.353e-01 e_R=1.353e-01 e_tgt=2.676e-03  ∠U=0.31° ∠V=0.31°
Processing Lang_L2.mlp.gate_proj...
  r=  128/2048  ret_E=0.354  e_src=6.561e-02 e_L=4.410e-02 e_R=4.858e-02 e_tgt=1.019e-02  ∠U=0.09° ∠V=0.09°
  r=  256/2048  ret_E=0.513  e_src=7.686e-02 e_L=5.288e-02 e_R=5.577e-02 e_tgt=1.019e-02  ∠U=0.09° ∠V=0.09°
  r=  512/2048  ret_E=0.721  e_src=1.036e-01 e_L=7.271e-02 e_R=7.386e-02 e_tgt=1.020e-02  ∠U=0.12° ∠V=0.11°
  r= 1024/2048  ret_E=0.925  e_src=8.663e-02 e_L=6.146e-02 e_R=6.106e-02 e_tgt=1.022e-02  ∠U=0.11° ∠V=0.10°
  r=  128/2048  ret_E=0.354  e_src=1.839e-01 e_L=1.272e-01 e_R=1.328e-01 e_tgt=1.568e-02  ∠U=0.26° ∠V=0.26°
  r=  256/2048  ret_E=0.513  e_src=2.480e-01 e_L=1.744e-01 e_R=1.764e-01 e_tgt=1.572e-02  ∠U=0.31° ∠V=0.30°
  r=  512/2048  ret_E=0.721  e_src=3.504e-01 e_L=2.485e-01 e_R=2.480e-01 e_tgt=1.578e-02  ∠U=0.40° ∠V=0.40°
  r= 1024/2048  ret_E=0.925  e_src=2.380e-01 e_L=1.705e-01 e_R=1.661e-01 e_tgt=1.588e-02  ∠U=0.29° ∠V=0.28°
  r=  128/2048  ret_E=0.354  e_src=1.958e-01 e_L=1.354e-01 e_R=1.414e-01 e_tgt=2.581e-02  ∠U=0.28° ∠V=0.27°
  r=  256/2048  ret_E=0.513  e_src=2.472e-01 e_L=1.738e-01 e_R=1.759e-01 e_tgt=2.583e-02  ∠U=0.30° ∠V=0.29°
  r=  512/2048  ret_E=0.721  e_src=3.257e-01 e_L=2.309e-01 e_R=2.302e-01 e_tgt=2.588e-02  ∠U=0.37° ∠V=0.36°
  r= 1024/2048  ret_E=0.925  e_src=2.463e-01 e_L=1.766e-01 e_R=1.719e-01 e_tgt=2.595e-02  ∠U=0.30° ∠V=0.29°
Processing Lang_L2.mlp.up_proj...
  r=  128/2048  ret_E=0.372  e_src=5.366e-02 e_L=3.728e-02 e_R=3.859e-02 e_tgt=2.686e-03  ∠U=0.06° ∠V=0.06°
  r=  256/2048  ret_E=0.539  e_src=6.523e-02 e_L=4.605e-02 e_R=4.620e-02 e_tgt=2.706e-03  ∠U=0.07° ∠V=0.06°
  r=  512/2048  ret_E=0.745  e_src=7.200e-02 e_L=5.128e-02 e_R=5.054e-02 e_tgt=2.740e-03  ∠U=0.07° ∠V=0.06°
  r= 1024/2048  ret_E=0.934  e_src=7.234e-02 e_L=5.189e-02 e_R=5.041e-02 e_tgt=2.795e-03  ∠U=0.08° ∠V=0.08°
  r=  128/2048  ret_E=0.372  e_src=1.681e-01 e_L=1.208e-01 e_R=1.170e-01 e_tgt=2.608e-03  ∠U=0.20° ∠V=0.20°
  r=  256/2048  ret_E=0.539  e_src=1.832e-01 e_L=1.322e-01 e_R=1.268e-01 e_tgt=2.817e-03  ∠U=0.19° ∠V=0.18°
  r=  512/2048  ret_E=0.745  e_src=2.532e-01 e_L=1.815e-01 e_R=1.766e-01 e_tgt=3.106e-03  ∠U=0.24° ∠V=0.24°
  r= 1024/2048  ret_E=0.934  e_src=2.165e-01 e_L=1.564e-01 e_R=1.498e-01 e_tgt=3.555e-03  ∠U=0.23° ∠V=0.23°
  r=  128/2048  ret_E=0.372  e_src=1.606e-01 e_L=1.149e-01 e_R=1.122e-01 e_tgt=5.092e-03  ∠U=0.19° ∠V=0.18°
  r=  256/2048  ret_E=0.539  e_src=1.961e-01 e_L=1.409e-01 e_R=1.364e-01 e_tgt=5.215e-03  ∠U=0.20° ∠V=0.19°
  r=  512/2048  ret_E=0.745  e_src=2.599e-01 e_L=1.862e-01 e_R=1.814e-01 e_tgt=5.384e-03  ∠U=0.25° ∠V=0.24°
  r= 1024/2048  ret_E=0.934  e_src=2.254e-01 e_L=1.627e-01 e_R=1.561e-01 e_tgt=5.670e-03  ∠U=0.24° ∠V=0.24°
Processing Lang_L2.mlp.down_proj...
  r=  128/2048  ret_E=0.356  e_src=8.402e-02 e_L=6.583e-02 e_R=5.221e-02 e_tgt=1.929e-03  ∠U=0.11° ∠V=0.11°
  r=  256/2048  ret_E=0.503  e_src=8.828e-02 e_L=6.786e-02 e_R=5.647e-02 e_tgt=1.960e-03  ∠U=0.10° ∠V=0.10°
  r=  512/2048  ret_E=0.706  e_src=1.026e-01 e_L=7.645e-02 e_R=6.842e-02 e_tgt=2.017e-03  ∠U=0.10° ∠V=0.10°
  r= 1024/2048  ret_E=0.917  e_src=8.768e-02 e_L=6.431e-02 e_R=5.960e-02 e_tgt=2.108e-03  ∠U=0.09° ∠V=0.09°
  r=  128/2048  ret_E=0.356  e_src=2.084e-01 e_L=1.590e-01 e_R=1.348e-01 e_tgt=4.425e-03  ∠U=0.29° ∠V=0.29°
  r=  256/2048  ret_E=0.503  e_src=3.172e-01 e_L=2.314e-01 e_R=2.173e-01 e_tgt=4.521e-03  ∠U=0.39° ∠V=0.39°
  r=  512/2048  ret_E=0.706  e_src=2.880e-01 e_L=2.099e-01 e_R=1.973e-01 e_tgt=4.728e-03  ∠U=0.30° ∠V=0.30°
  r= 1024/2048  ret_E=0.917  e_src=2.431e-01 e_L=1.759e-01 e_R=1.679e-01 e_tgt=5.044e-03  ∠U=0.27° ∠V=0.27°
  r=  128/2048  ret_E=0.356  e_src=1.970e-01 e_L=1.543e-01 e_R=1.225e-01 e_tgt=6.255e-03  ∠U=0.26° ∠V=0.26°
  r=  256/2048  ret_E=0.503  e_src=3.308e-01 e_L=2.424e-01 e_R=2.256e-01 e_tgt=6.328e-03  ∠U=0.40° ∠V=0.40°
  r=  512/2048  ret_E=0.706  e_src=2.968e-01 e_L=2.175e-01 e_R=2.021e-01 e_tgt=6.478e-03  ∠U=0.31° ∠V=0.31°
  r= 1024/2048  ret_E=0.917  e_src=2.472e-01 e_L=1.799e-01 e_R=1.696e-01 e_tgt=6.725e-03  ∠U=0.27° ∠V=0.27°
Processing Lang_L3.self_attn.q_proj...
  r=  128/2048  ret_E=0.317  e_src=6.117e-02 e_L=4.410e-02 e_R=4.239e-02 e_tgt=4.426e-04  ∠U=0.09° ∠V=0.08°
  r=  256/2048  ret_E=0.501  e_src=3.879e-01 e_L=2.756e-01 e_R=2.753e-01 e_tgt=5.610e-04  ∠U=0.48° ∠V=0.48°
  r=  512/2048  ret_E=0.733  e_src=8.723e-02 e_L=6.249e-02 e_R=6.086e-02 e_tgt=7.100e-04  ∠U=0.10° ∠V=0.09°
  r= 1024/2048  ret_E=0.938  e_src=8.152e-02 e_L=5.839e-02 e_R=5.691e-02 e_tgt=9.493e-04  ∠U=0.11° ∠V=0.11°
  r=  128/2048  ret_E=0.317  e_src=1.638e-01 e_L=1.189e-01 e_R=1.126e-01 e_tgt=1.468e-03  ∠U=0.23° ∠V=0.22°
  r=  256/2048  ret_E=0.501  e_src=2.491e-01 e_L=1.786e-01 e_R=1.738e-01 e_tgt=1.824e-03  ∠U=0.29° ∠V=0.29°
  r=  512/2048  ret_E=0.733  e_src=2.323e-01 e_L=1.667e-01 e_R=1.618e-01 e_tgt=2.346e-03  ∠U=0.25° ∠V=0.24°
  r= 1024/2048  ret_E=0.938  e_src=2.045e-01 e_L=1.467e-01 e_R=1.425e-01 e_tgt=3.024e-03  ∠U=0.25° ∠V=0.25°
  r=  128/2048  ret_E=0.317  e_src=1.752e-01 e_L=1.273e-01 e_R=1.204e-01 e_tgt=1.529e-03  ∠U=0.25° ∠V=0.24°
  r=  256/2048  ret_E=0.501  e_src=5.293e-01 e_L=3.780e-01 e_R=3.753e-01 e_tgt=1.877e-03  ∠U=0.65° ∠V=0.65°
  r=  512/2048  ret_E=0.733  e_src=2.396e-01 e_L=1.723e-01 e_R=1.666e-01 e_tgt=2.395e-03  ∠U=0.25° ∠V=0.25°
  r= 1024/2048  ret_E=0.938  e_src=2.141e-01 e_L=1.538e-01 e_R=1.490e-01 e_tgt=3.080e-03  ∠U=0.27° ∠V=0.27°
Processing Lang_L3.self_attn.k_proj...
  r=  128/256  ret_E=0.746  e_src=2.243e-02 e_L=1.400e-02 e_R=1.752e-02 e_tgt=3.256e-04  ∠U=0.04° ∠V=0.05°
  r=  128/256  ret_E=0.746  e_src=1.080e-01 e_L=7.255e-02 e_R=8.004e-02 e_tgt=1.167e-03  ∠U=0.21° ∠V=0.23°
  r=  128/256  ret_E=0.746  e_src=1.116e-01 e_L=7.510e-02 e_R=8.254e-02 e_tgt=1.279e-03  ∠U=0.22° ∠V=0.24°
Processing Lang_L3.self_attn.v_proj...
  r=  128/256  ret_E=0.670  e_src=4.496e-02 e_L=3.053e-02 e_R=3.302e-02 e_tgt=3.751e-04  ∠U=0.19° ∠V=0.20°
  r=  128/256  ret_E=0.670  e_src=1.236e-01 e_L=8.421e-02 e_R=9.072e-02 e_tgt=1.103e-03  ∠U=0.53° ∠V=0.56°
  r=  128/256  ret_E=0.670  e_src=1.469e-01 e_L=1.011e-01 e_R=1.071e-01 e_tgt=1.188e-03  ∠U=0.64° ∠V=0.66°
Processing Lang_L3.self_attn.o_proj...
  r=  128/2048  ret_E=0.310  e_src=6.623e-02 e_L=4.679e-02 e_R=4.688e-02 e_tgt=3.926e-04  ∠U=0.12° ∠V=0.12°
  r=  256/2048  ret_E=0.490  e_src=6.583e-02 e_L=4.658e-02 e_R=4.652e-02 e_tgt=5.372e-04  ∠U=0.10° ∠V=0.10°
  r=  512/2048  ret_E=0.718  e_src=7.579e-02 e_L=5.370e-02 e_R=5.349e-02 e_tgt=7.268e-04  ∠U=0.10° ∠V=0.10°
  r= 1024/2048  ret_E=0.929  e_src=7.902e-02 e_L=5.608e-02 e_R=5.568e-02 e_tgt=9.700e-04  ∠U=0.12° ∠V=0.12°
  r=  128/2048  ret_E=0.310  e_src=1.614e-01 e_L=1.136e-01 e_R=1.146e-01 e_tgt=1.136e-03  ∠U=0.29° ∠V=0.29°
  r=  256/2048  ret_E=0.490  e_src=1.796e-01 e_L=1.267e-01 e_R=1.273e-01 e_tgt=1.490e-03  ∠U=0.26° ∠V=0.26°
  r=  512/2048  ret_E=0.718  e_src=2.124e-01 e_L=1.502e-01 e_R=1.503e-01 e_tgt=1.915e-03  ∠U=0.28° ∠V=0.28°
  r= 1024/2048  ret_E=0.929  e_src=2.018e-01 e_L=1.429e-01 e_R=1.427e-01 e_tgt=2.523e-03  ∠U=0.31° ∠V=0.31°
  r=  128/2048  ret_E=0.310  e_src=1.480e-01 e_L=1.041e-01 e_R=1.053e-01 e_tgt=1.180e-03  ∠U=0.26° ∠V=0.26°
  r=  256/2048  ret_E=0.490  e_src=1.854e-01 e_L=1.307e-01 e_R=1.314e-01 e_tgt=1.571e-03  ∠U=0.27° ∠V=0.27°
  r=  512/2048  ret_E=0.718  e_src=2.197e-01 e_L=1.553e-01 e_R=1.554e-01 e_tgt=2.021e-03  ∠U=0.29° ∠V=0.29°
  r= 1024/2048  ret_E=0.929  e_src=2.129e-01 e_L=1.507e-01 e_R=1.504e-01 e_tgt=2.669e-03  ∠U=0.32° ∠V=0.32°
Processing Lang_L3.mlp.gate_proj...
  r=  128/2048  ret_E=0.280  e_src=7.223e-02 e_L=5.001e-02 e_R=5.212e-02 e_tgt=2.074e-03  ∠U=0.08° ∠V=0.08°
  r=  256/2048  ret_E=0.413  e_src=1.068e-01 e_L=7.622e-02 e_R=7.483e-02 e_tgt=2.102e-03  ∠U=0.10° ∠V=0.10°
  r=  512/2048  ret_E=0.605  e_src=1.364e-01 e_L=9.888e-02 e_R=9.396e-02 e_tgt=2.150e-03  ∠U=0.11° ∠V=0.11°
  r= 1024/2048  ret_E=0.839  e_src=1.344e-01 e_L=1.005e-01 e_R=8.919e-02 e_tgt=2.247e-03  ∠U=0.11° ∠V=0.10°
  r=  128/2048  ret_E=0.280  e_src=1.973e-01 e_L=1.446e-01 e_R=1.342e-01 e_tgt=5.118e-03  ∠U=0.23° ∠V=0.21°
  r=  256/2048  ret_E=0.413  e_src=2.863e-01 e_L=2.100e-01 e_R=1.946e-01 e_tgt=5.230e-03  ∠U=0.28° ∠V=0.26°
  r=  512/2048  ret_E=0.605  e_src=5.234e-01 e_L=3.790e-01 e_R=3.631e-01 e_tgt=5.411e-03  ∠U=0.45° ∠V=0.44°
  r= 1024/2048  ret_E=0.839  e_src=3.906e-01 e_L=2.942e-01 e_R=2.572e-01 e_tgt=5.727e-03  ∠U=0.32° ∠V=0.29°
  r=  128/2048  ret_E=0.280  e_src=2.127e-01 e_L=1.555e-01 e_R=1.452e-01 e_tgt=6.973e-03  ∠U=0.25° ∠V=0.23°
  r=  256/2048  ret_E=0.413  e_src=3.013e-01 e_L=2.208e-01 e_R=2.050e-01 e_tgt=7.059e-03  ∠U=0.30° ∠V=0.27°
  r=  512/2048  ret_E=0.605  e_src=5.151e-01 e_L=3.737e-01 e_R=3.561e-01 e_tgt=7.212e-03  ∠U=0.44° ∠V=0.43°
  r= 1024/2048  ret_E=0.839  e_src=4.085e-01 e_L=3.074e-01 e_R=2.693e-01 e_tgt=7.475e-03  ∠U=0.33° ∠V=0.31°
Processing Lang_L3.mlp.up_proj...
  r=  128/2048  ret_E=0.258  e_src=6.745e-02 e_L=5.007e-02 e_R=4.519e-02 e_tgt=1.200e-03  ∠U=0.07° ∠V=0.07°
  r=  256/2048  ret_E=0.402  e_src=8.397e-02 e_L=6.258e-02 e_R=5.599e-02 e_tgt=1.256e-03  ∠U=0.07° ∠V=0.07°
  r=  512/2048  ret_E=0.606  e_src=1.137e-01 e_L=8.439e-02 e_R=7.619e-02 e_tgt=1.347e-03  ∠U=0.09° ∠V=0.08°
  r= 1024/2048  ret_E=0.843  e_src=1.238e-01 e_L=9.359e-02 e_R=8.101e-02 e_tgt=1.482e-03  ∠U=0.09° ∠V=0.08°
  r=  128/2048  ret_E=0.258  e_src=2.002e-01 e_L=1.494e-01 e_R=1.332e-01 e_tgt=2.937e-03  ∠U=0.22° ∠V=0.20°
  r=  256/2048  ret_E=0.402  e_src=2.620e-01 e_L=1.950e-01 e_R=1.751e-01 e_tgt=3.154e-03  ∠U=0.23° ∠V=0.21°
  r=  512/2048  ret_E=0.606  e_src=4.023e-01 e_L=2.946e-01 e_R=2.742e-01 e_tgt=3.498e-03  ∠U=0.31° ∠V=0.30°
  r= 1024/2048  ret_E=0.843  e_src=3.951e-01 e_L=2.958e-01 e_R=2.627e-01 e_tgt=3.978e-03  ∠U=0.30° ∠V=0.28°
  r=  128/2048  ret_E=0.258  e_src=2.188e-01 e_L=1.631e-01 e_R=1.459e-01 e_tgt=3.981e-03  ∠U=0.24° ∠V=0.22°
  r=  256/2048  ret_E=0.402  e_src=2.717e-01 e_L=2.027e-01 e_R=1.809e-01 e_tgt=4.166e-03  ∠U=0.24° ∠V=0.22°
  r=  512/2048  ret_E=0.606  e_src=4.095e-01 e_L=3.006e-01 e_R=2.783e-01 e_tgt=4.449e-03  ∠U=0.31° ∠V=0.30°
  r= 1024/2048  ret_E=0.843  e_src=3.970e-01 e_L=2.984e-01 e_R=2.625e-01 e_tgt=4.856e-03  ∠U=0.30° ∠V=0.28°
Processing Lang_L3.mlp.down_proj...
  r=  128/2048  ret_E=0.295  e_src=9.090e-02 e_L=6.979e-02 e_R=5.824e-02 e_tgt=1.361e-03  ∠U=0.09° ∠V=0.09°
  r=  256/2048  ret_E=0.424  e_src=1.075e-01 e_L=7.938e-02 e_R=7.245e-02 e_tgt=1.416e-03  ∠U=0.09° ∠V=0.10°
  r=  512/2048  ret_E=0.609  e_src=1.444e-01 e_L=1.027e-01 e_R=1.016e-01 e_tgt=1.496e-03  ∠U=0.11° ∠V=0.12°
  r= 1024/2048  ret_E=0.837  e_src=1.393e-01 e_L=9.519e-02 e_R=1.017e-01 e_tgt=1.638e-03  ∠U=0.10° ∠V=0.11°
  r=  128/2048  ret_E=0.295  e_src=2.240e-01 e_L=1.622e-01 e_R=1.546e-01 e_tgt=1.384e-03  ∠U=0.24° ∠V=0.25°
  r=  256/2048  ret_E=0.424  e_src=3.328e-01 e_L=2.355e-01 e_R=2.354e-01 e_tgt=1.720e-03  ∠U=0.31° ∠V=0.32°
  r=  512/2048  ret_E=0.609  e_src=4.088e-01 e_L=2.854e-01 e_R=2.929e-01 e_tgt=2.207e-03  ∠U=0.32° ∠V=0.34°
  r= 1024/2048  ret_E=0.837  e_src=3.663e-01 e_L=2.463e-01 e_R=2.712e-01 e_tgt=2.877e-03  ∠U=0.26° ∠V=0.28°
  r=  128/2048  ret_E=0.295  e_src=2.357e-01 e_L=1.718e-01 e_R=1.613e-01 e_tgt=2.049e-03  ∠U=0.25° ∠V=0.26°
  r=  256/2048  ret_E=0.424  e_src=3.590e-01 e_L=2.548e-01 e_R=2.531e-01 e_tgt=2.318e-03  ∠U=0.33° ∠V=0.34°
  r=  512/2048  ret_E=0.609  e_src=4.377e-01 e_L=3.064e-01 e_R=3.129e-01 e_tgt=2.735e-03  ∠U=0.35° ∠V=0.36°
  r= 1024/2048  ret_E=0.837  e_src=3.831e-01 e_L=2.584e-01 e_R=2.829e-01 e_tgt=3.359e-03  ∠U=0.27° ∠V=0.30°
Processing Lang_L4.self_attn.q_proj...
  r=  128/2048  ret_E=0.367  e_src=4.709e-02 e_L=3.393e-02 e_R=3.266e-02 e_tgt=5.325e-04  ∠U=0.06° ∠V=0.06°
  r=  256/2048  ret_E=0.551  e_src=6.122e-02 e_L=4.399e-02 e_R=4.258e-02 e_tgt=6.494e-04  ∠U=0.07° ∠V=0.07°
  r=  512/2048  ret_E=0.769  e_src=1.589e-01 e_L=1.128e-01 e_R=1.122e-01 e_tgt=7.892e-04  ∠U=0.19° ∠V=0.19°
  r= 1024/2048  ret_E=0.950  e_src=6.454e-02 e_L=4.611e-02 e_R=4.516e-02 e_tgt=1.002e-03  ∠U=0.08° ∠V=0.08°
  r=  128/2048  ret_E=0.367  e_src=1.493e-01 e_L=1.074e-01 e_R=1.037e-01 e_tgt=1.627e-03  ∠U=0.20° ∠V=0.19°
  r=  256/2048  ret_E=0.551  e_src=2.017e-01 e_L=1.443e-01 e_R=1.409e-01 e_tgt=1.970e-03  ∠U=0.23° ∠V=0.23°
  r=  512/2048  ret_E=0.769  e_src=2.776e-01 e_L=1.975e-01 e_R=1.955e-01 e_tgt=2.404e-03  ∠U=0.31° ∠V=0.31°
  r= 1024/2048  ret_E=0.950  e_src=1.870e-01 e_L=1.326e-01 e_R=1.319e-01 e_tgt=3.063e-03  ∠U=0.24° ∠V=0.24°
  r=  128/2048  ret_E=0.367  e_src=1.539e-01 e_L=1.110e-01 e_R=1.067e-01 e_tgt=1.837e-03  ∠U=0.20° ∠V=0.20°
  r=  256/2048  ret_E=0.551  e_src=2.072e-01 e_L=1.485e-01 e_R=1.444e-01 e_tgt=2.201e-03  ∠U=0.24° ∠V=0.23°
  r=  512/2048  ret_E=0.769  e_src=2.286e-01 e_L=1.632e-01 e_R=1.601e-01 e_tgt=2.652e-03  ∠U=0.25° ∠V=0.24°
  r= 1024/2048  ret_E=0.950  e_src=1.937e-01 e_L=1.376e-01 e_R=1.364e-01 e_tgt=3.292e-03  ∠U=0.25° ∠V=0.25°
Processing Lang_L4.self_attn.k_proj...
  r=  128/256  ret_E=0.790  e_src=2.070e-02 e_L=1.254e-02 e_R=1.647e-02 e_tgt=3.589e-04  ∠U=0.04° ∠V=0.05°
  r=  128/256  ret_E=0.790  e_src=6.379e-02 e_L=3.693e-02 e_R=5.202e-02 e_tgt=1.310e-03  ∠U=0.11° ∠V=0.15°
  r=  128/256  ret_E=0.790  e_src=6.814e-02 e_L=4.034e-02 e_R=5.491e-02 e_tgt=1.404e-03  ∠U=0.12° ∠V=0.16°
Processing Lang_L4.self_attn.v_proj...
  r=  128/256  ret_E=0.680  e_src=7.518e-02 e_L=5.229e-02 e_R=5.408e-02 e_tgt=3.379e-04  ∠U=0.27° ∠V=0.28°
  r=  128/256  ret_E=0.680  e_src=8.256e-02 e_L=5.168e-02 e_R=6.439e-02 e_tgt=1.186e-03  ∠U=0.25° ∠V=0.31°
  r=  128/256  ret_E=0.680  e_src=1.011e-01 e_L=6.562e-02 e_R=7.697e-02 e_tgt=1.198e-03  ∠U=0.33° ∠V=0.37°
Processing Lang_L4.self_attn.o_proj...
  r=  128/2048  ret_E=0.314  e_src=5.427e-02 e_L=3.837e-02 e_R=3.838e-02 e_tgt=3.986e-04  ∠U=0.09° ∠V=0.09°
  r=  256/2048  ret_E=0.498  e_src=7.938e-02 e_L=5.621e-02 e_R=5.606e-02 e_tgt=5.393e-04  ∠U=0.11° ∠V=0.11°
  r=  512/2048  ret_E=0.728  e_src=8.396e-02 e_L=5.951e-02 e_R=5.923e-02 e_tgt=7.117e-04  ∠U=0.11° ∠V=0.11°
  r= 1024/2048  ret_E=0.933  e_src=8.236e-02 e_L=5.849e-02 e_R=5.799e-02 e_tgt=9.609e-04  ∠U=0.13° ∠V=0.13°
  r=  128/2048  ret_E=0.314  e_src=1.523e-01 e_L=1.078e-01 e_R=1.076e-01 e_tgt=1.301e-03  ∠U=0.25° ∠V=0.25°
  r=  256/2048  ret_E=0.498  e_src=2.291e-01 e_L=1.624e-01 e_R=1.617e-01 e_tgt=1.651e-03  ∠U=0.33° ∠V=0.33°
  r=  512/2048  ret_E=0.728  e_src=2.461e-01 e_L=1.749e-01 e_R=1.733e-01 e_tgt=2.106e-03  ∠U=0.32° ∠V=0.32°
  r= 1024/2048  ret_E=0.933  e_src=2.149e-01 e_L=1.528e-01 e_R=1.512e-01 e_tgt=2.765e-03  ∠U=0.33° ∠V=0.32°
  r=  128/2048  ret_E=0.314  e_src=1.622e-01 e_L=1.148e-01 e_R=1.146e-01 e_tgt=1.345e-03  ∠U=0.27° ∠V=0.27°
  r=  256/2048  ret_E=0.498  e_src=2.271e-01 e_L=1.610e-01 e_R=1.603e-01 e_tgt=1.759e-03  ∠U=0.32° ∠V=0.32°
  r=  512/2048  ret_E=0.728  e_src=2.484e-01 e_L=1.765e-01 e_R=1.749e-01 e_tgt=2.201e-03  ∠U=0.32° ∠V=0.32°
  r= 1024/2048  ret_E=0.933  e_src=2.314e-01 e_L=1.646e-01 e_R=1.630e-01 e_tgt=2.915e-03  ∠U=0.36° ∠V=0.35°
Processing Lang_L4.mlp.gate_proj...
  r=  128/2048  ret_E=0.301  e_src=6.884e-02 e_L=4.683e-02 e_R=5.046e-02 e_tgt=9.863e-04  ∠U=0.06° ∠V=0.06°
  r=  256/2048  ret_E=0.429  e_src=2.040e-01 e_L=1.448e-01 e_R=1.438e-01 e_tgt=1.072e-03  ∠U=0.19° ∠V=0.18°
  r=  512/2048  ret_E=0.612  e_src=1.404e-01 e_L=1.026e-01 e_R=9.576e-02 e_tgt=1.177e-03  ∠U=0.11° ∠V=0.10°
  r= 1024/2048  ret_E=0.836  e_src=1.384e-01 e_L=1.057e-01 e_R=8.941e-02 e_tgt=1.334e-03  ∠U=0.10° ∠V=0.09°
  r=  128/2048  ret_E=0.301  e_src=2.139e-01 e_L=1.564e-01 e_R=1.459e-01 e_tgt=3.260e-03  ∠U=0.22° ∠V=0.19°
  r=  256/2048  ret_E=0.429  e_src=4.080e-01 e_L=2.961e-01 e_R=2.812e-01 e_tgt=3.409e-03  ∠U=0.37° ∠V=0.35°
  r=  512/2048  ret_E=0.612  e_src=3.970e-01 e_L=2.955e-01 e_R=2.653e-01 e_tgt=3.724e-03  ∠U=0.30° ∠V=0.27°
  r= 1024/2048  ret_E=0.836  e_src=3.884e-01 e_L=3.008e-01 e_R=2.458e-01 e_tgt=4.214e-03  ∠U=0.28° ∠V=0.24°
  r=  128/2048  ret_E=0.301  e_src=2.199e-01 e_L=1.607e-01 e_R=1.500e-01 e_tgt=3.290e-03  ∠U=0.22° ∠V=0.19°
  r=  256/2048  ret_E=0.429  e_src=5.334e-01 e_L=3.841e-01 e_R=3.717e-01 e_tgt=3.457e-03  ∠U=0.49° ∠V=0.47°
  r=  512/2048  ret_E=0.612  e_src=4.004e-01 e_L=2.990e-01 e_R=2.664e-01 e_tgt=3.785e-03  ∠U=0.30° ∠V=0.27°
  r= 1024/2048  ret_E=0.836  e_src=3.959e-01 e_L=3.076e-01 e_R=2.492e-01 e_tgt=4.274e-03  ∠U=0.28° ∠V=0.24°
Processing Lang_L4.mlp.up_proj...
  r=  128/2048  ret_E=0.263  e_src=8.267e-02 e_L=5.979e-02 e_R=5.709e-02 e_tgt=1.243e-03  ∠U=0.08° ∠V=0.08°
  r=  256/2048  ret_E=0.405  e_src=1.005e-01 e_L=7.413e-02 e_R=6.783e-02 e_tgt=1.300e-03  ∠U=0.09° ∠V=0.08°
  r=  512/2048  ret_E=0.601  e_src=1.938e-01 e_L=1.403e-01 e_R=1.337e-01 e_tgt=1.401e-03  ∠U=0.15° ∠V=0.15°
  r= 1024/2048  ret_E=0.833  e_src=1.330e-01 e_L=1.024e-01 e_R=8.479e-02 e_tgt=1.560e-03  ∠U=0.10° ∠V=0.08°
  r=  128/2048  ret_E=0.263  e_src=2.598e-01 e_L=1.891e-01 e_R=1.781e-01 e_tgt=4.292e-03  ∠U=0.27° ∠V=0.25°
  r=  256/2048  ret_E=0.405  e_src=3.176e-01 e_L=2.340e-01 e_R=2.148e-01 e_tgt=4.439e-03  ∠U=0.28° ∠V=0.26°
  r=  512/2048  ret_E=0.601  e_src=4.905e-01 e_L=3.583e-01 e_R=3.360e-01 e_tgt=4.685e-03  ∠U=0.38° ∠V=0.36°
  r= 1024/2048  ret_E=0.833  e_src=4.035e-01 e_L=3.079e-01 e_R=2.611e-01 e_tgt=5.096e-03  ∠U=0.29° ∠V=0.26°
  r=  128/2048  ret_E=0.263  e_src=2.794e-01 e_L=2.030e-01 e_R=1.920e-01 e_tgt=5.195e-03  ∠U=0.29° ∠V=0.27°
  r=  256/2048  ret_E=0.405  e_src=3.308e-01 e_L=2.438e-01 e_R=2.237e-01 e_tgt=5.333e-03  ∠U=0.29° ∠V=0.26°
  r=  512/2048  ret_E=0.601  e_src=4.382e-01 e_L=3.233e-01 e_R=2.961e-01 e_tgt=5.562e-03  ∠U=0.33° ∠V=0.31°
  r= 1024/2048  ret_E=0.833  e_src=4.107e-01 e_L=3.143e-01 e_R=2.646e-01 e_tgt=5.934e-03  ∠U=0.30° ∠V=0.27°
Processing Lang_L4.mlp.down_proj...
  r=  128/2048  ret_E=0.273  e_src=9.564e-02 e_L=7.391e-02 e_R=6.069e-02 e_tgt=1.480e-03  ∠U=0.09° ∠V=0.10°
  r=  256/2048  ret_E=0.392  e_src=1.302e-01 e_L=9.505e-02 e_R=8.892e-02 e_tgt=1.526e-03  ∠U=0.11° ∠V=0.12°
  r=  512/2048  ret_E=0.573  e_src=1.634e-01 e_L=1.154e-01 e_R=1.157e-01 e_tgt=1.620e-03  ∠U=0.12° ∠V=0.13°
  r= 1024/2048  ret_E=0.810  e_src=1.991e-01 e_L=1.368e-01 e_R=1.447e-01 e_tgt=1.758e-03  ∠U=0.14° ∠V=0.15°
  r=  128/2048  ret_E=0.273  e_src=2.397e-01 e_L=1.761e-01 e_R=1.627e-01 e_tgt=2.065e-03  ∠U=0.25° ∠V=0.26°
  r=  256/2048  ret_E=0.392  e_src=3.968e-01 e_L=2.812e-01 e_R=2.802e-01 e_tgt=2.302e-03  ∠U=0.36° ∠V=0.37°
  r=  512/2048  ret_E=0.573  e_src=4.238e-01 e_L=2.943e-01 e_R=3.051e-01 e_tgt=2.718e-03  ∠U=0.31° ∠V=0.33°
  r= 1024/2048  ret_E=0.810  e_src=5.254e-01 e_L=3.588e-01 e_R=3.854e-01 e_tgt=3.387e-03  ∠U=0.37° ∠V=0.39°
  r=  128/2048  ret_E=0.273  e_src=2.651e-01 e_L=1.950e-01 e_R=1.796e-01 e_tgt=2.216e-03  ∠U=0.28° ∠V=0.29°
  r=  256/2048  ret_E=0.392  e_src=4.333e-01 e_L=3.076e-01 e_R=3.055e-01 e_tgt=2.464e-03  ∠U=0.40° ∠V=0.41°
  r=  512/2048  ret_E=0.573  e_src=4.470e-01 e_L=3.110e-01 e_R=3.211e-01 e_tgt=2.898e-03  ∠U=0.33° ∠V=0.35°
  r= 1024/2048  ret_E=0.810  e_src=4.819e-01 e_L=3.255e-01 e_R=3.558e-01 e_tgt=3.571e-03  ∠U=0.32° ∠V=0.35°
Processing Lang_L5.self_attn.q_proj...
  r=  128/2048  ret_E=0.439  e_src=4.634e-02 e_L=3.413e-02 e_R=3.134e-02 e_tgt=4.895e-04  ∠U=0.06° ∠V=0.06°
  r=  256/2048  ret_E=0.625  e_src=7.010e-02 e_L=5.054e-02 e_R=4.857e-02 e_tgt=6.169e-04  ∠U=0.08° ∠V=0.08°
  r=  512/2048  ret_E=0.822  e_src=7.055e-02 e_L=5.078e-02 e_R=4.898e-02 e_tgt=7.882e-04  ∠U=0.08° ∠V=0.08°
  r= 1024/2048  ret_E=0.966  e_src=8.678e-02 e_L=6.178e-02 e_R=6.100e-02 e_tgt=1.049e-03  ∠U=0.15° ∠V=0.15°
  r=  128/2048  ret_E=0.439  e_src=1.595e-01 e_L=1.155e-01 e_R=1.101e-01 e_tgt=1.903e-03  ∠U=0.21° ∠V=0.20°
  r=  256/2048  ret_E=0.625  e_src=2.399e-01 e_L=1.718e-01 e_R=1.677e-01 e_tgt=2.277e-03  ∠U=0.29° ∠V=0.29°
  r=  512/2048  ret_E=0.822  e_src=2.156e-01 e_L=1.542e-01 e_R=1.507e-01 e_tgt=2.636e-03  ∠U=0.25° ∠V=0.25°
  r= 1024/2048  ret_E=0.966  e_src=3.612e-01 e_L=2.617e-01 e_R=2.615e-01 e_tgt=3.301e-03  ∠U=0.67° ∠V=0.67°
  r=  128/2048  ret_E=0.439  e_src=1.686e-01 e_L=1.223e-01 e_R=1.160e-01 e_tgt=1.965e-03  ∠U=0.22° ∠V=0.21°
  r=  256/2048  ret_E=0.625  e_src=2.243e-01 e_L=1.613e-01 e_R=1.560e-01 e_tgt=2.368e-03  ∠U=0.27° ∠V=0.26°
  r=  512/2048  ret_E=0.822  e_src=2.177e-01 e_L=1.562e-01 e_R=1.518e-01 e_tgt=2.761e-03  ∠U=0.25° ∠V=0.25°
  r= 1024/2048  ret_E=0.966  e_src=4.051e-01 e_L=2.966e-01 e_R=2.963e-01 e_tgt=3.450e-03  ∠U=0.77° ∠V=0.77°
Processing Lang_L5.self_attn.k_proj...
  r=  128/256  ret_E=0.844  e_src=2.077e-02 e_L=1.205e-02 e_R=1.692e-02 e_tgt=3.952e-04  ∠U=0.04° ∠V=0.05°
  r=  128/256  ret_E=0.844  e_src=5.600e-02 e_L=3.025e-02 e_R=4.713e-02 e_tgt=1.252e-03  ∠U=0.09° ∠V=0.13°
  r=  128/256  ret_E=0.844  e_src=5.807e-02 e_L=3.173e-02 e_R=4.863e-02 e_tgt=1.362e-03  ∠U=0.10° ∠V=0.14°
Processing Lang_L5.self_attn.v_proj...
  r=  128/256  ret_E=0.697  e_src=3.463e-02 e_L=2.266e-02 e_R=2.620e-02 e_tgt=3.807e-04  ∠U=0.10° ∠V=0.12°
  r=  128/256  ret_E=0.697  e_src=1.739e-01 e_L=1.206e-01 e_R=1.259e-01 e_tgt=9.360e-04  ∠U=0.57° ∠V=0.59°
  r=  128/256  ret_E=0.697  e_src=1.927e-01 e_L=1.341e-01 e_R=1.392e-01 e_tgt=1.012e-03  ∠U=0.63° ∠V=0.65°
Processing Lang_L5.self_attn.o_proj...
  r=  128/2048  ret_E=0.369  e_src=4.680e-02 e_L=3.271e-02 e_R=3.347e-02 e_tgt=4.998e-04  ∠U=0.08° ∠V=0.08°
  r=  256/2048  ret_E=0.558  e_src=5.728e-02 e_L=4.007e-02 e_R=4.092e-02 e_tgt=6.091e-04  ∠U=0.08° ∠V=0.08°
  r=  512/2048  ret_E=0.771  e_src=7.564e-02 e_L=5.308e-02 e_R=5.389e-02 e_tgt=7.969e-04  ∠U=0.10° ∠V=0.11°
  r= 1024/2048  ret_E=0.946  e_src=7.109e-02 e_L=5.000e-02 e_R=5.053e-02 e_tgt=1.027e-03  ∠U=0.12° ∠V=0.12°
  r=  128/2048  ret_E=0.369  e_src=1.299e-01 e_L=9.085e-02 e_R=9.283e-02 e_tgt=1.310e-03  ∠U=0.21° ∠V=0.21°
  r=  256/2048  ret_E=0.558  e_src=1.952e-01 e_L=1.372e-01 e_R=1.389e-01 e_tgt=1.639e-03  ∠U=0.28° ∠V=0.29°
  r=  512/2048  ret_E=0.771  e_src=2.004e-01 e_L=1.408e-01 e_R=1.426e-01 e_tgt=2.120e-03  ∠U=0.28° ∠V=0.28°
  r= 1024/2048  ret_E=0.946  e_src=1.900e-01 e_L=1.338e-01 e_R=1.349e-01 e_tgt=2.712e-03  ∠U=0.31° ∠V=0.31°
  r=  128/2048  ret_E=0.369  e_src=1.415e-01 e_L=9.890e-02 e_R=1.012e-01 e_tgt=1.369e-03  ∠U=0.23° ∠V=0.23°
  r=  256/2048  ret_E=0.558  e_src=1.966e-01 e_L=1.379e-01 e_R=1.401e-01 e_tgt=1.703e-03  ∠U=0.28° ∠V=0.29°
  r=  512/2048  ret_E=0.771  e_src=2.088e-01 e_L=1.465e-01 e_R=1.488e-01 e_tgt=2.199e-03  ∠U=0.29° ∠V=0.29°
  r= 1024/2048  ret_E=0.946  e_src=1.970e-01 e_L=1.385e-01 e_R=1.401e-01 e_tgt=2.830e-03  ∠U=0.32° ∠V=0.32°
Processing Lang_L5.mlp.gate_proj...
  r=  128/2048  ret_E=0.269  e_src=8.855e-02 e_L=6.539e-02 e_R=5.972e-02 e_tgt=8.388e-04  ∠U=0.08° ∠V=0.07°
  r=  256/2048  ret_E=0.386  e_src=1.975e-01 e_L=1.424e-01 e_R=1.369e-01 e_tgt=8.987e-04  ∠U=0.15° ∠V=0.14°
  r=  512/2048  ret_E=0.560  e_src=1.885e-01 e_L=1.389e-01 e_R=1.275e-01 e_tgt=1.012e-03  ∠U=0.12° ∠V=0.11°
  r= 1024/2048  ret_E=0.791  e_src=1.777e-01 e_L=1.365e-01 e_R=1.139e-01 e_tgt=1.181e-03  ∠U=0.10° ∠V=0.09°
  r=  128/2048  ret_E=0.269  e_src=2.853e-01 e_L=2.153e-01 e_R=1.872e-01 e_tgt=2.626e-03  ∠U=0.26° ∠V=0.23°
  r=  256/2048  ret_E=0.386  e_src=3.771e-01 e_L=2.840e-01 e_R=2.482e-01 e_tgt=2.868e-03  ∠U=0.28° ∠V=0.26°
  r=  512/2048  ret_E=0.560  e_src=4.605e-01 e_L=3.495e-01 e_R=2.999e-01 e_tgt=3.181e-03  ∠U=0.28° ∠V=0.25°
  r= 1024/2048  ret_E=0.791  e_src=4.988e-01 e_L=3.892e-01 e_R=3.122e-01 e_tgt=3.682e-03  ∠U=0.28° ∠V=0.24°
  r=  128/2048  ret_E=0.269  e_src=3.306e-01 e_L=2.466e-01 e_R=2.205e-01 e_tgt=3.222e-03  ∠U=0.30° ∠V=0.28°
  r=  256/2048  ret_E=0.386  e_src=4.619e-01 e_L=3.422e-01 e_R=3.107e-01 e_tgt=3.439e-03  ∠U=0.35° ∠V=0.32°
  r=  512/2048  ret_E=0.560  e_src=5.076e-01 e_L=3.825e-01 e_R=3.339e-01 e_tgt=3.720e-03  ∠U=0.31° ∠V=0.29°
  r= 1024/2048  ret_E=0.791  e_src=5.021e-01 e_L=3.939e-01 e_R=3.115e-01 e_tgt=4.168e-03  ∠U=0.28° ∠V=0.24°
Processing Lang_L5.mlp.up_proj...
  r=  128/2048  ret_E=0.197  e_src=7.699e-02 e_L=5.939e-02 e_R=4.900e-02 e_tgt=5.293e-04  ∠U=0.07° ∠V=0.06°
  r=  256/2048  ret_E=0.327  e_src=1.158e-01 e_L=8.759e-02 e_R=7.573e-02 e_tgt=6.483e-04  ∠U=0.08° ∠V=0.08°
  r=  512/2048  ret_E=0.522  e_src=1.635e-01 e_L=1.227e-01 e_R=1.081e-01 e_tgt=8.130e-04  ∠U=0.10° ∠V=0.09°
  r= 1024/2048  ret_E=0.777  e_src=1.653e-01 e_L=1.288e-01 e_R=1.035e-01 e_tgt=1.034e-03  ∠U=0.09° ∠V=0.08°
  r=  128/2048  ret_E=0.197  e_src=2.306e-01 e_L=1.795e-01 e_R=1.448e-01 e_tgt=1.958e-03  ∠U=0.22° ∠V=0.18°
  r=  256/2048  ret_E=0.327  e_src=3.420e-01 e_L=2.597e-01 e_R=2.226e-01 e_tgt=2.197e-03  ∠U=0.25° ∠V=0.22°
  r=  512/2048  ret_E=0.522  e_src=4.368e-01 e_L=3.318e-01 e_R=2.842e-01 e_tgt=2.697e-03  ∠U=0.26° ∠V=0.24°
  r= 1024/2048  ret_E=0.777  e_src=5.821e-01 e_L=4.409e-01 e_R=3.814e-01 e_tgt=3.266e-03  ∠U=0.32° ∠V=0.30°
  r=  128/2048  ret_E=0.197  e_src=2.401e-01 e_L=1.874e-01 e_R=1.501e-01 e_tgt=2.175e-03  ∠U=0.22° ∠V=0.19°
  r=  256/2048  ret_E=0.327  e_src=3.650e-01 e_L=2.767e-01 e_R=2.381e-01 e_tgt=2.417e-03  ∠U=0.27° ∠V=0.24°
  r=  512/2048  ret_E=0.522  e_src=4.424e-01 e_L=3.376e-01 e_R=2.859e-01 e_tgt=2.885e-03  ∠U=0.27° ∠V=0.24°
  r= 1024/2048  ret_E=0.777  e_src=5.810e-01 e_L=4.424e-01 e_R=3.777e-01 e_tgt=3.478e-03  ∠U=0.32° ∠V=0.29°
Processing Lang_L5.mlp.down_proj...
  r=  128/2048  ret_E=0.174  e_src=1.016e-01 e_L=7.084e-02 e_R=7.286e-02 e_tgt=9.980e-04  ∠U=0.09° ∠V=0.10°
  r=  256/2048  ret_E=0.289  e_src=1.603e-01 e_L=1.109e-01 e_R=1.158e-01 e_tgt=1.073e-03  ∠U=0.12° ∠V=0.12°
  r=  512/2048  ret_E=0.476  e_src=5.163e-01 e_L=3.645e-01 e_R=3.681e-01 e_tgt=1.177e-03  ∠U=0.32° ∠V=0.33°
  r= 1024/2048  ret_E=0.740  e_src=1.994e-01 e_L=1.309e-01 e_R=1.504e-01 e_tgt=1.361e-03  ∠U=0.10° ∠V=0.11°
  r=  128/2048  ret_E=0.174  e_src=3.041e-01 e_L=2.093e-01 e_R=2.206e-01 e_tgt=1.419e-03  ∠U=0.28° ∠V=0.31°
  r=  256/2048  ret_E=0.289  e_src=4.400e-01 e_L=3.024e-01 e_R=3.197e-01 e_tgt=1.804e-03  ∠U=0.32° ∠V=0.34°
  r=  512/2048  ret_E=0.476  e_src=2.038e+00 e_L=1.547e+00 e_R=1.554e+00 e_tgt=2.304e-03  ∠U=1.38° ∠V=1.38°
  r= 1024/2048  ret_E=0.740  e_src=5.996e-01 e_L=3.981e-01 e_R=4.488e-01 e_tgt=3.000e-03  ∠U=0.30° ∠V=0.33°
  r=  128/2048  ret_E=0.174  e_src=3.157e-01 e_L=2.176e-01 e_R=2.287e-01 e_tgt=1.404e-03  ∠U=0.29° ∠V=0.32°
  r=  256/2048  ret_E=0.289  e_src=4.618e-01 e_L=3.178e-01 e_R=3.353e-01 e_tgt=1.831e-03  ∠U=0.34° ∠V=0.36°
  r=  512/2048  ret_E=0.476  e_src=2.321e+00 e_L=1.823e+00 e_R=1.829e+00 e_tgt=2.342e-03  ∠U=1.63° ∠V=1.63°
  r= 1024/2048  ret_E=0.740  e_src=6.303e-01 e_L=4.194e-01 e_R=4.711e-01 e_tgt=3.101e-03  ∠U=0.32° ∠V=0.34°
Processing Lang_L6.self_attn.q_proj...
  r=  128/2048  ret_E=0.365  e_src=4.887e-02 e_L=3.532e-02 e_R=3.378e-02 e_tgt=4.392e-04  ∠U=0.07° ∠V=0.06°
  r=  256/2048  ret_E=0.544  e_src=6.832e-02 e_L=4.889e-02 e_R=4.772e-02 e_tgt=5.791e-04  ∠U=0.08° ∠V=0.08°
  r=  512/2048  ret_E=0.760  e_src=7.497e-02 e_L=5.356e-02 e_R=5.247e-02 e_tgt=7.711e-04  ∠U=0.08° ∠V=0.08°
  r= 1024/2048  ret_E=0.946  e_src=7.497e-02 e_L=5.339e-02 e_R=5.265e-02 e_tgt=1.010e-03  ∠U=0.10° ∠V=0.10°
  r=  128/2048  ret_E=0.365  e_src=1.545e-01 e_L=1.110e-01 e_R=1.074e-01 e_tgt=1.594e-03  ∠U=0.21° ∠V=0.20°
  r=  256/2048  ret_E=0.544  e_src=2.406e-01 e_L=1.712e-01 e_R=1.691e-01 e_tgt=1.948e-03  ∠U=0.29° ∠V=0.29°
  r=  512/2048  ret_E=0.760  e_src=2.347e-01 e_L=1.666e-01 e_R=1.654e-01 e_tgt=2.430e-03  ∠U=0.26° ∠V=0.26°
  r= 1024/2048  ret_E=0.946  e_src=2.387e-01 e_L=1.690e-01 e_R=1.691e-01 e_tgt=3.015e-03  ∠U=0.33° ∠V=0.33°
  r=  128/2048  ret_E=0.365  e_src=1.571e-01 e_L=1.133e-01 e_R=1.089e-01 e_tgt=1.681e-03  ∠U=0.21° ∠V=0.21°
  r=  256/2048  ret_E=0.544  e_src=2.391e-01 e_L=1.705e-01 e_R=1.677e-01 e_tgt=2.050e-03  ∠U=0.28° ∠V=0.28°
  r=  512/2048  ret_E=0.760  e_src=2.434e-01 e_L=1.730e-01 e_R=1.713e-01 e_tgt=2.515e-03  ∠U=0.27° ∠V=0.26°
  r= 1024/2048  ret_E=0.946  e_src=2.559e-01 e_L=1.815e-01 e_R=1.813e-01 e_tgt=3.133e-03  ∠U=0.35° ∠V=0.36°
Processing Lang_L6.self_attn.k_proj...
  r=  128/256  ret_E=0.788  e_src=1.874e-02 e_L=1.032e-02 e_R=1.564e-02 e_tgt=3.277e-04  ∠U=0.03° ∠V=0.05°
  r=  128/256  ret_E=0.788  e_src=6.022e-02 e_L=3.369e-02 e_R=4.992e-02 e_tgt=1.159e-03  ∠U=0.11° ∠V=0.15°
  r=  128/256  ret_E=0.788  e_src=6.222e-02 e_L=3.512e-02 e_R=5.136e-02 e_tgt=1.218e-03  ∠U=0.11° ∠V=0.15°
Processing Lang_L6.self_attn.v_proj...
  r=  128/256  ret_E=0.634  e_src=4.401e-02 e_L=2.966e-02 e_R=3.252e-02 e_tgt=3.833e-04  ∠U=0.14° ∠V=0.15°
  r=  128/256  ret_E=0.634  e_src=1.407e-01 e_L=9.631e-02 e_R=1.026e-01 e_tgt=1.061e-03  ∠U=0.47° ∠V=0.49°
  r=  128/256  ret_E=0.634  e_src=1.521e-01 e_L=1.044e-01 e_R=1.107e-01 e_tgt=1.075e-03  ∠U=0.50° ∠V=0.53°
Processing Lang_L6.self_attn.o_proj...
  r=  128/2048  ret_E=0.270  e_src=7.487e-02 e_L=5.287e-02 e_R=5.302e-02 e_tgt=3.841e-04  ∠U=0.13° ∠V=0.13°
  r=  256/2048  ret_E=0.443  e_src=1.152e-01 e_L=8.156e-02 e_R=8.140e-02 e_tgt=5.469e-04  ∠U=0.16° ∠V=0.16°
  r=  512/2048  ret_E=0.688  e_src=8.527e-02 e_L=6.054e-02 e_R=6.005e-02 e_tgt=7.361e-04  ∠U=0.10° ∠V=0.10°
  r= 1024/2048  ret_E=0.923  e_src=1.158e-01 e_L=8.207e-02 e_R=8.182e-02 e_tgt=9.747e-04  ∠U=0.17° ∠V=0.17°
  r=  128/2048  ret_E=0.270  e_src=2.039e-01 e_L=1.445e-01 e_R=1.439e-01 e_tgt=1.092e-03  ∠U=0.35° ∠V=0.35°
  r=  256/2048  ret_E=0.443  e_src=4.858e-01 e_L=3.460e-01 e_R=3.451e-01 e_tgt=1.502e-03  ∠U=0.69° ∠V=0.69°
  r=  512/2048  ret_E=0.688  e_src=2.315e-01 e_L=1.652e-01 e_R=1.621e-01 e_tgt=2.000e-03  ∠U=0.27° ∠V=0.27°
  r= 1024/2048  ret_E=0.923  e_src=3.335e-01 e_L=2.388e-01 e_R=2.373e-01 e_tgt=2.724e-03  ∠U=0.50° ∠V=0.50°
  r=  128/2048  ret_E=0.270  e_src=2.076e-01 e_L=1.471e-01 e_R=1.466e-01 e_tgt=1.144e-03  ∠U=0.36° ∠V=0.35°
  r=  256/2048  ret_E=0.443  e_src=5.499e-01 e_L=3.925e-01 e_R=3.917e-01 e_tgt=1.648e-03  ∠U=0.78° ∠V=0.78°
  r=  512/2048  ret_E=0.688  e_src=2.389e-01 e_L=1.705e-01 e_R=1.674e-01 e_tgt=2.164e-03  ∠U=0.28° ∠V=0.27°
  r= 1024/2048  ret_E=0.923  e_src=2.896e-01 e_L=2.065e-01 e_R=2.047e-01 e_tgt=2.925e-03  ∠U=0.42° ∠V=0.42°
Processing Lang_L6.mlp.gate_proj...
  r=  128/2048  ret_E=0.243  e_src=8.237e-02 e_L=5.894e-02 e_R=5.753e-02 e_tgt=7.146e-04  ∠U=0.07° ∠V=0.06°
  r=  256/2048  ret_E=0.357  e_src=1.393e-01 e_L=1.015e-01 e_R=9.541e-02 e_tgt=8.081e-04  ∠U=0.10° ∠V=0.09°
  r=  512/2048  ret_E=0.531  e_src=1.719e-01 e_L=1.278e-01 e_R=1.150e-01 e_tgt=9.292e-04  ∠U=0.10° ∠V=0.09°
  r= 1024/2048  ret_E=0.771  e_src=1.849e-01 e_L=1.427e-01 e_R=1.176e-01 e_tgt=1.128e-03  ∠U=0.09° ∠V=0.08°
  r=  128/2048  ret_E=0.243  e_src=2.215e-01 e_L=1.720e-01 e_R=1.396e-01 e_tgt=3.732e-03  ∠U=0.19° ∠V=0.15°
  r=  256/2048  ret_E=0.357  e_src=3.802e-01 e_L=2.861e-01 e_R=2.505e-01 e_tgt=3.912e-03  ∠U=0.27° ∠V=0.24°
  r=  512/2048  ret_E=0.531  e_src=5.807e-01 e_L=4.311e-01 e_R=3.895e-01 e_tgt=4.156e-03  ∠U=0.34° ∠V=0.31°
  r= 1024/2048  ret_E=0.771  e_src=5.466e-01 e_L=4.240e-01 e_R=3.451e-01 e_tgt=4.587e-03  ∠U=0.28° ∠V=0.24°
  r=  128/2048  ret_E=0.243  e_src=2.388e-01 e_L=1.837e-01 e_R=1.525e-01 e_tgt=3.544e-03  ∠U=0.20° ∠V=0.16°
  r=  256/2048  ret_E=0.357  e_src=3.960e-01 e_L=2.976e-01 e_R=2.613e-01 e_tgt=3.740e-03  ∠U=0.28° ∠V=0.25°
  r=  512/2048  ret_E=0.531  e_src=5.948e-01 e_L=4.420e-01 e_R=3.984e-01 e_tgt=4.007e-03  ∠U=0.34° ∠V=0.32°
  r= 1024/2048  ret_E=0.771  e_src=5.724e-01 e_L=4.433e-01 e_R=3.624e-01 e_tgt=4.487e-03  ∠U=0.29° ∠V=0.25°
Processing Lang_L6.mlp.up_proj...
  r=  128/2048  ret_E=0.171  e_src=9.177e-02 e_L=6.838e-02 e_R=6.121e-02 e_tgt=6.429e-04  ∠U=0.08° ∠V=0.07°
  r=  256/2048  ret_E=0.294  e_src=1.270e-01 e_L=9.509e-02 e_R=8.424e-02 e_tgt=7.288e-04  ∠U=0.09° ∠V=0.08°
  r=  512/2048  ret_E=0.487  e_src=1.613e-01 e_L=1.220e-01 e_R=1.056e-01 e_tgt=8.823e-04  ∠U=0.09° ∠V=0.08°
  r= 1024/2048  ret_E=0.752  e_src=2.036e-01 e_L=1.554e-01 e_R=1.316e-01 e_tgt=1.101e-03  ∠U=0.10° ∠V=0.09°
  r=  128/2048  ret_E=0.171  e_src=2.592e-01 e_L=1.978e-01 e_R=1.676e-01 e_tgt=1.540e-03  ∠U=0.24° ∠V=0.20°
  r=  256/2048  ret_E=0.294  e_src=3.794e-01 e_L=2.855e-01 e_R=2.500e-01 e_tgt=1.869e-03  ∠U=0.27° ∠V=0.24°
  r=  512/2048  ret_E=0.487  e_src=4.844e-01 e_L=3.654e-01 e_R=3.182e-01 e_tgt=2.299e-03  ∠U=0.28° ∠V=0.25°
  r= 1024/2048  ret_E=0.752  e_src=5.179e-01 e_L=4.022e-01 e_R=3.265e-01 e_tgt=2.994e-03  ∠U=0.26° ∠V=0.23°
  r=  128/2048  ret_E=0.171  e_src=2.747e-01 e_L=2.092e-01 e_R=1.780e-01 e_tgt=1.477e-03  ∠U=0.25° ∠V=0.21°
  r=  256/2048  ret_E=0.294  e_src=3.957e-01 e_L=2.979e-01 e_R=2.605e-01 e_tgt=1.857e-03  ∠U=0.28° ∠V=0.25°
  r=  512/2048  ret_E=0.487  e_src=5.125e-01 e_L=3.860e-01 e_R=3.373e-01 e_tgt=2.345e-03  ∠U=0.29° ∠V=0.26°
  r= 1024/2048  ret_E=0.752  e_src=5.562e-01 e_L=4.298e-01 e_R=3.535e-01 e_tgt=3.102e-03  ∠U=0.28° ∠V=0.25°
Processing Lang_L6.mlp.down_proj...
  r=  128/2048  ret_E=0.171  e_src=1.128e-01 e_L=8.004e-02 e_R=7.941e-02 e_tgt=1.413e-03  ∠U=0.10° ∠V=0.11°
  r=  256/2048  ret_E=0.281  e_src=1.616e-01 e_L=1.123e-01 e_R=1.162e-01 e_tgt=1.454e-03  ∠U=0.11° ∠V=0.12°
  r=  512/2048  ret_E=0.464  e_src=1.928e-01 e_L=1.312e-01 e_R=1.412e-01 e_tgt=1.537e-03  ∠U=0.10° ∠V=0.11°
  r= 1024/2048  ret_E=0.730  e_src=2.185e-01 e_L=1.442e-01 e_R=1.642e-01 e_tgt=1.666e-03  ∠U=0.10° ∠V=0.11°
  r=  128/2048  ret_E=0.171  e_src=3.044e-01 e_L=2.104e-01 e_R=2.200e-01 e_tgt=3.675e-03  ∠U=0.27° ∠V=0.29°
  r=  256/2048  ret_E=0.281  e_src=4.679e-01 e_L=3.223e-01 e_R=3.392e-01 e_tgt=3.795e-03  ∠U=0.33° ∠V=0.35°
  r=  512/2048  ret_E=0.464  e_src=5.300e-01 e_L=3.583e-01 e_R=3.905e-01 e_tgt=4.001e-03  ∠U=0.29° ∠V=0.31°
  r= 1024/2048  ret_E=0.730  e_src=6.673e-01 e_L=4.457e-01 e_R=4.977e-01 e_tgt=4.418e-03  ∠U=0.31° ∠V=0.34°
  r=  128/2048  ret_E=0.171  e_src=3.194e-01 e_L=2.211e-01 e_R=2.305e-01 e_tgt=2.517e-03  ∠U=0.28° ∠V=0.31°
  r=  256/2048  ret_E=0.281  e_src=4.924e-01 e_L=3.396e-01 e_R=3.567e-01 e_tgt=2.716e-03  ∠U=0.34° ∠V=0.36°
  r=  512/2048  ret_E=0.464  e_src=5.522e-01 e_L=3.736e-01 e_R=4.068e-01 e_tgt=3.034e-03  ∠U=0.30° ∠V=0.32°
  r= 1024/2048  ret_E=0.730  e_src=7.172e-01 e_L=4.815e-01 e_R=5.333e-01 e_tgt=3.599e-03  ∠U=0.34° ∠V=0.37°
Processing Lang_L7.self_attn.q_proj...
  r=  128/2048  ret_E=0.367  e_src=5.195e-02 e_L=3.725e-02 e_R=3.622e-02 e_tgt=4.380e-04  ∠U=0.07° ∠V=0.07°
  r=  256/2048  ret_E=0.546  e_src=1.420e-01 e_L=1.007e-01 e_R=1.002e-01 e_tgt=5.929e-04  ∠U=0.19° ∠V=0.19°
  r=  512/2048  ret_E=0.758  e_src=9.215e-02 e_L=6.557e-02 e_R=6.477e-02 e_tgt=7.454e-04  ∠U=0.11° ∠V=0.11°
  r= 1024/2048  ret_E=0.943  e_src=6.890e-02 e_L=4.915e-02 e_R=4.829e-02 e_tgt=9.934e-04  ∠U=0.09° ∠V=0.09°
  r=  128/2048  ret_E=0.367  e_src=1.345e-01 e_L=9.631e-02 e_R=9.395e-02 e_tgt=1.456e-03  ∠U=0.19° ∠V=0.18°
  r=  256/2048  ret_E=0.546  e_src=5.990e-01 e_L=4.286e-01 e_R=4.280e-01 e_tgt=1.780e-03  ∠U=0.81° ∠V=0.81°
  r=  512/2048  ret_E=0.758  e_src=2.828e-01 e_L=2.009e-01 e_R=1.996e-01 e_tgt=2.236e-03  ∠U=0.34° ∠V=0.34°
  r= 1024/2048  ret_E=0.943  e_src=2.058e-01 e_L=1.460e-01 e_R=1.451e-01 e_tgt=2.925e-03  ∠U=0.28° ∠V=0.28°
  r=  128/2048  ret_E=0.367  e_src=1.329e-01 e_L=9.537e-02 e_R=9.252e-02 e_tgt=1.529e-03  ∠U=0.18° ∠V=0.18°
  r=  256/2048  ret_E=0.546  e_src=4.851e-01 e_L=3.457e-01 e_R=3.448e-01 e_tgt=1.909e-03  ∠U=0.65° ∠V=0.65°
  r=  512/2048  ret_E=0.758  e_src=2.596e-01 e_L=1.846e-01 e_R=1.827e-01 e_tgt=2.353e-03  ∠U=0.31° ∠V=0.31°
  r= 1024/2048  ret_E=0.943  e_src=2.170e-01 e_L=1.541e-01 e_R=1.528e-01 e_tgt=3.050e-03  ∠U=0.30° ∠V=0.30°
Processing Lang_L7.self_attn.k_proj...
  r=  128/256  ret_E=0.789  e_src=1.858e-02 e_L=1.027e-02 e_R=1.548e-02 e_tgt=3.972e-04  ∠U=0.04° ∠V=0.05°
  r=  128/256  ret_E=0.789  e_src=1.425e-01 e_L=9.780e-02 e_R=1.039e-01 e_tgt=9.891e-04  ∠U=0.40° ∠V=0.42°
  r=  128/256  ret_E=0.789  e_src=1.419e-01 e_L=9.715e-02 e_R=1.036e-01 e_tgt=1.039e-03  ∠U=0.40° ∠V=0.42°
Processing Lang_L7.self_attn.v_proj...
  r=  128/256  ret_E=0.681  e_src=2.733e-02 e_L=1.710e-02 e_R=2.132e-02 e_tgt=3.099e-04  ∠U=0.08° ∠V=0.09°
  r=  128/256  ret_E=0.681  e_src=8.170e-02 e_L=5.210e-02 e_R=6.293e-02 e_tgt=9.460e-04  ∠U=0.23° ∠V=0.27°
  r=  128/256  ret_E=0.681  e_src=8.586e-02 e_L=5.496e-02 e_R=6.598e-02 e_tgt=9.879e-04  ∠U=0.24° ∠V=0.28°
Processing Lang_L7.self_attn.o_proj...
  r=  128/2048  ret_E=0.328  e_src=4.475e-02 e_L=3.144e-02 e_R=3.184e-02 e_tgt=3.893e-04  ∠U=0.07° ∠V=0.07°
  r=  256/2048  ret_E=0.511  e_src=1.700e-01 e_L=1.202e-01 e_R=1.204e-01 e_tgt=5.083e-04  ∠U=0.24° ∠V=0.24°
  r=  512/2048  ret_E=0.736  e_src=7.982e-02 e_L=5.636e-02 e_R=5.652e-02 e_tgt=6.934e-04  ∠U=0.10° ∠V=0.10°
  r= 1024/2048  ret_E=0.935  e_src=7.317e-02 e_L=5.173e-02 e_R=5.176e-02 e_tgt=9.400e-04  ∠U=0.11° ∠V=0.11°
  r=  128/2048  ret_E=0.328  e_src=1.205e-01 e_L=8.537e-02 e_R=8.508e-02 e_tgt=1.074e-03  ∠U=0.19° ∠V=0.19°
  r=  256/2048  ret_E=0.511  e_src=2.010e-01 e_L=1.423e-01 e_R=1.420e-01 e_tgt=1.430e-03  ∠U=0.28° ∠V=0.28°
  r=  512/2048  ret_E=0.736  e_src=2.040e-01 e_L=1.444e-01 e_R=1.442e-01 e_tgt=1.893e-03  ∠U=0.25° ∠V=0.25°
  r= 1024/2048  ret_E=0.935  e_src=1.989e-01 e_L=1.409e-01 e_R=1.406e-01 e_tgt=2.497e-03  ∠U=0.29° ∠V=0.29°
  r=  128/2048  ret_E=0.328  e_src=1.239e-01 e_L=8.758e-02 e_R=8.767e-02 e_tgt=1.154e-03  ∠U=0.19° ∠V=0.19°
  r=  256/2048  ret_E=0.511  e_src=1.827e-01 e_L=1.292e-01 e_R=1.292e-01 e_tgt=1.527e-03  ∠U=0.25° ∠V=0.25°
  r=  512/2048  ret_E=0.736  e_src=2.129e-01 e_L=1.506e-01 e_R=1.506e-01 e_tgt=1.999e-03  ∠U=0.26° ∠V=0.26°
  r= 1024/2048  ret_E=0.935  e_src=2.012e-01 e_L=1.424e-01 e_R=1.423e-01 e_tgt=2.597e-03  ∠U=0.29° ∠V=0.29°
Processing Lang_L7.mlp.gate_proj...
  r=  128/2048  ret_E=0.225  e_src=7.317e-02 e_L=5.522e-02 e_R=4.800e-02 e_tgt=6.011e-04  ∠U=0.06° ∠V=0.05°
  r=  256/2048  ret_E=0.339  e_src=1.249e-01 e_L=9.303e-02 e_R=8.334e-02 e_tgt=7.000e-04  ∠U=0.09° ∠V=0.08°
  r=  512/2048  ret_E=0.515  e_src=1.848e-01 e_L=1.371e-01 e_R=1.239e-01 e_tgt=8.312e-04  ∠U=0.11° ∠V=0.10°
  r= 1024/2048  ret_E=0.761  e_src=2.028e-01 e_L=1.546e-01 e_R=1.312e-01 e_tgt=1.081e-03  ∠U=0.10° ∠V=0.09°
  r=  128/2048  ret_E=0.225  e_src=2.466e-01 e_L=1.882e-01 e_R=1.594e-01 e_tgt=2.290e-03  ∠U=0.21° ∠V=0.18°
  r=  256/2048  ret_E=0.339  e_src=5.846e-01 e_L=4.254e-01 e_R=4.022e-01 e_tgt=2.563e-03  ∠U=0.42° ∠V=0.40°
  r=  512/2048  ret_E=0.515  e_src=6.348e-01 e_L=4.680e-01 e_R=4.297e-01 e_tgt=2.927e-03  ∠U=0.37° ∠V=0.34°
  r= 1024/2048  ret_E=0.761  e_src=6.924e-01 e_L=5.212e-01 e_R=4.579e-01 e_tgt=3.434e-03  ∠U=0.35° ∠V=0.32°
  r=  128/2048  ret_E=0.225  e_src=2.571e-01 e_L=1.962e-01 e_R=1.663e-01 e_tgt=2.552e-03  ∠U=0.22° ∠V=0.19°
  r=  256/2048  ret_E=0.339  e_src=6.081e-01 e_L=4.426e-01 e_R=4.184e-01 e_tgt=2.817e-03  ∠U=0.43° ∠V=0.42°
  r=  512/2048  ret_E=0.515  e_src=6.202e-01 e_L=4.594e-01 e_R=4.171e-01 e_tgt=3.179e-03  ∠U=0.36° ∠V=0.33°
  r= 1024/2048  ret_E=0.761  e_src=7.264e-01 e_L=5.461e-01 e_R=4.817e-01 e_tgt=3.709e-03  ∠U=0.37° ∠V=0.34°
Processing Lang_L7.mlp.up_proj...
  r=  128/2048  ret_E=0.166  e_src=1.045e-01 e_L=7.838e-02 e_R=6.914e-02 e_tgt=4.210e-04  ∠U=0.10° ∠V=0.09°
  r=  256/2048  ret_E=0.282  e_src=3.956e-01 e_L=2.821e-01 e_R=2.780e-01 e_tgt=5.880e-04  ∠U=0.30° ∠V=0.29°
  r=  512/2048  ret_E=0.470  e_src=1.801e-01 e_L=1.349e-01 e_R=1.193e-01 e_tgt=7.498e-04  ∠U=0.11° ∠V=0.10°
  r= 1024/2048  ret_E=0.737  e_src=2.255e-01 e_L=1.701e-01 e_R=1.481e-01 e_tgt=9.899e-04  ∠U=0.12° ∠V=0.11°
  r=  128/2048  ret_E=0.166  e_src=3.058e-01 e_L=2.302e-01 e_R=2.012e-01 e_tgt=1.415e-03  ∠U=0.30° ∠V=0.26°
  r=  256/2048  ret_E=0.282  e_src=1.534e+00 e_L=1.116e+00 e_R=1.106e+00 e_tgt=1.800e-03  ∠U=1.18° ∠V=1.17°
  r=  512/2048  ret_E=0.470  e_src=5.796e-01 e_L=4.298e-01 e_R=3.891e-01 e_tgt=2.295e-03  ∠U=0.35° ∠V=0.32°
  r= 1024/2048  ret_E=0.737  e_src=6.110e-01 e_L=4.639e-01 e_R=3.982e-01 e_tgt=2.999e-03  ∠U=0.32° ∠V=0.29°
  r=  128/2048  ret_E=0.166  e_src=3.174e-01 e_L=2.396e-01 e_R=2.082e-01 e_tgt=1.429e-03  ∠U=0.31° ∠V=0.27°
  r=  256/2048  ret_E=0.282  e_src=1.839e+00 e_L=1.354e+00 e_R=1.346e+00 e_tgt=1.836e-03  ∠U=1.43° ∠V=1.42°
  r=  512/2048  ret_E=0.470  e_src=6.054e-01 e_L=4.491e-01 e_R=4.063e-01 e_tgt=2.356e-03  ∠U=0.36° ∠V=0.33°
  r= 1024/2048  ret_E=0.737  e_src=6.278e-01 e_L=4.774e-01 e_R=4.082e-01 e_tgt=3.068e-03  ∠U=0.33° ∠V=0.29°
Processing Lang_L7.mlp.down_proj...
  r=  128/2048  ret_E=0.177  e_src=1.187e-01 e_L=8.355e-02 e_R=8.427e-02 e_tgt=6.200e-04  ∠U=0.11° ∠V=0.12°
  r=  256/2048  ret_E=0.286  e_src=1.809e-01 e_L=1.258e-01 e_R=1.300e-01 e_tgt=7.075e-04  ∠U=0.13° ∠V=0.14°
  r=  512/2048  ret_E=0.467  e_src=3.020e-01 e_L=2.102e-01 e_R=2.170e-01 e_tgt=8.465e-04  ∠U=0.18° ∠V=0.18°
  r= 1024/2048  ret_E=0.730  e_src=1.991e-01 e_L=1.290e-01 e_R=1.517e-01 e_tgt=1.077e-03  ∠U=0.09° ∠V=0.10°
  r=  128/2048  ret_E=0.177  e_src=3.278e-01 e_L=2.257e-01 e_R=2.378e-01 e_tgt=1.861e-03  ∠U=0.30° ∠V=0.33°
  r=  256/2048  ret_E=0.286  e_src=4.878e-01 e_L=3.358e-01 e_R=3.539e-01 e_tgt=2.161e-03  ∠U=0.35° ∠V=0.37°
  r=  512/2048  ret_E=0.467  e_src=5.838e-01 e_L=3.972e-01 e_R=4.281e-01 e_tgt=2.538e-03  ∠U=0.33° ∠V=0.36°
  r= 1024/2048  ret_E=0.730  e_src=6.586e-01 e_L=4.382e-01 e_R=4.925e-01 e_tgt=3.208e-03  ∠U=0.32° ∠V=0.35°
  r=  128/2048  ret_E=0.177  e_src=3.455e-01 e_L=2.382e-01 e_R=2.502e-01 e_tgt=2.223e-03  ∠U=0.32° ∠V=0.34°
  r=  256/2048  ret_E=0.286  e_src=5.186e-01 e_L=3.576e-01 e_R=3.758e-01 e_tgt=2.501e-03  ∠U=0.38° ∠V=0.40°
  r=  512/2048  ret_E=0.467  e_src=6.025e-01 e_L=4.097e-01 e_R=4.419e-01 e_tgt=2.838e-03  ∠U=0.34° ∠V=0.37°
  r= 1024/2048  ret_E=0.730  e_src=6.840e-01 e_L=4.555e-01 e_R=5.113e-01 e_tgt=3.467e-03  ∠U=0.33° ∠V=0.36°
Processing Lang_L8.self_attn.q_proj...
  r=  128/2048  ret_E=0.336  e_src=1.053e-01 e_L=7.463e-02 e_R=7.437e-02 e_tgt=3.926e-04  ∠U=0.16° ∠V=0.16°
  r=  256/2048  ret_E=0.510  e_src=8.939e-02 e_L=6.344e-02 e_R=6.298e-02 e_tgt=5.366e-04  ∠U=0.11° ∠V=0.11°
  r=  512/2048  ret_E=0.730  e_src=9.948e-02 e_L=7.062e-02 e_R=7.008e-02 e_tgt=7.191e-04  ∠U=0.12° ∠V=0.12°
  r= 1024/2048  ret_E=0.934  e_src=7.588e-02 e_L=5.402e-02 e_R=5.330e-02 e_tgt=9.475e-04  ∠U=0.10° ∠V=0.10°
  r=  128/2048  ret_E=0.336  e_src=1.884e-01 e_L=1.340e-01 e_R=1.325e-01 e_tgt=1.371e-03  ∠U=0.28° ∠V=0.28°
  r=  256/2048  ret_E=0.510  e_src=2.107e-01 e_L=1.498e-01 e_R=1.482e-01 e_tgt=1.706e-03  ∠U=0.26° ∠V=0.26°
  r=  512/2048  ret_E=0.730  e_src=2.738e-01 e_L=1.942e-01 e_R=1.932e-01 e_tgt=2.159e-03  ∠U=0.32° ∠V=0.32°
  r= 1024/2048  ret_E=0.934  e_src=2.298e-01 e_L=1.631e-01 e_R=1.621e-01 e_tgt=2.861e-03  ∠U=0.30° ∠V=0.30°
  r=  128/2048  ret_E=0.336  e_src=1.826e-01 e_L=1.300e-01 e_R=1.282e-01 e_tgt=1.393e-03  ∠U=0.27° ∠V=0.27°
  r=  256/2048  ret_E=0.510  e_src=2.275e-01 e_L=1.617e-01 e_R=1.600e-01 e_tgt=1.757e-03  ∠U=0.28° ∠V=0.28°
  r=  512/2048  ret_E=0.730  e_src=2.789e-01 e_L=1.980e-01 e_R=1.966e-01 e_tgt=2.238e-03  ∠U=0.32° ∠V=0.32°
  r= 1024/2048  ret_E=0.934  e_src=2.325e-01 e_L=1.651e-01 e_R=1.638e-01 e_tgt=2.944e-03  ∠U=0.30° ∠V=0.30°
Processing Lang_L8.self_attn.k_proj...
  r=  128/256  ret_E=0.788  e_src=1.714e-02 e_L=9.404e-03 e_R=1.433e-02 e_tgt=3.041e-04  ∠U=0.03° ∠V=0.05°
  r=  128/256  ret_E=0.788  e_src=5.674e-02 e_L=3.180e-02 e_R=4.700e-02 e_tgt=1.110e-03  ∠U=0.11° ∠V=0.15°
  r=  128/256  ret_E=0.788  e_src=5.800e-02 e_L=3.251e-02 e_R=4.804e-02 e_tgt=1.182e-03  ∠U=0.11° ∠V=0.16°
Processing Lang_L8.self_attn.v_proj...
  r=  128/256  ret_E=0.633  e_src=3.201e-02 e_L=2.091e-02 e_R=2.424e-02 e_tgt=2.848e-04  ∠U=0.09° ∠V=0.10°
  r=  128/256  ret_E=0.633  e_src=9.846e-02 e_L=6.514e-02 e_R=7.383e-02 e_tgt=9.260e-04  ∠U=0.28° ∠V=0.31°
  r=  128/256  ret_E=0.633  e_src=9.932e-02 e_L=6.547e-02 e_R=7.470e-02 e_tgt=9.803e-04  ∠U=0.28° ∠V=0.31°
Processing Lang_L8.self_attn.o_proj...
  r=  128/2048  ret_E=0.277  e_src=5.732e-02 e_L=4.057e-02 e_R=4.050e-02 e_tgt=3.894e-04  ∠U=0.09° ∠V=0.09°
  r=  256/2048  ret_E=0.458  e_src=7.178e-02 e_L=5.085e-02 e_R=5.066e-02 e_tgt=5.086e-04  ∠U=0.09° ∠V=0.09°
  r=  512/2048  ret_E=0.699  e_src=8.155e-02 e_L=5.785e-02 e_R=5.749e-02 e_tgt=6.977e-04  ∠U=0.10° ∠V=0.09°
  r= 1024/2048  ret_E=0.925  e_src=7.686e-02 e_L=5.445e-02 e_R=5.424e-02 e_tgt=9.432e-04  ∠U=0.10° ∠V=0.10°
  r=  128/2048  ret_E=0.277  e_src=1.921e-01 e_L=1.359e-01 e_R=1.359e-01 e_tgt=1.039e-03  ∠U=0.32° ∠V=0.32°
  r=  256/2048  ret_E=0.458  e_src=1.924e-01 e_L=1.365e-01 e_R=1.357e-01 e_tgt=1.389e-03  ∠U=0.25° ∠V=0.25°
  r=  512/2048  ret_E=0.699  e_src=2.314e-01 e_L=1.642e-01 e_R=1.632e-01 e_tgt=1.839e-03  ∠U=0.27° ∠V=0.27°
  r= 1024/2048  ret_E=0.925  e_src=2.358e-01 e_L=1.674e-01 e_R=1.666e-01 e_tgt=2.535e-03  ∠U=0.33° ∠V=0.33°
  r=  128/2048  ret_E=0.277  e_src=2.031e-01 e_L=1.437e-01 e_R=1.437e-01 e_tgt=1.032e-03  ∠U=0.33° ∠V=0.33°
  r=  256/2048  ret_E=0.458  e_src=2.021e-01 e_L=1.433e-01 e_R=1.425e-01 e_tgt=1.377e-03  ∠U=0.27° ∠V=0.26°
  r=  512/2048  ret_E=0.699  e_src=2.417e-01 e_L=1.715e-01 e_R=1.704e-01 e_tgt=1.867e-03  ∠U=0.29° ∠V=0.29°
  r= 1024/2048  ret_E=0.925  e_src=2.432e-01 e_L=1.727e-01 e_R=1.718e-01 e_tgt=2.636e-03  ∠U=0.34° ∠V=0.34°
Processing Lang_L8.mlp.gate_proj...
  r=  128/2048  ret_E=0.207  e_src=7.368e-02 e_L=5.846e-02 e_R=4.485e-02 e_tgt=4.372e-04  ∠U=0.06° ∠V=0.05°
  r=  256/2048  ret_E=0.318  e_src=1.379e-01 e_L=1.038e-01 e_R=9.083e-02 e_tgt=5.565e-04  ∠U=0.09° ∠V=0.08°
  r=  512/2048  ret_E=0.493  e_src=1.997e-01 e_L=1.491e-01 e_R=1.329e-01 e_tgt=7.558e-04  ∠U=0.10° ∠V=0.10°
  r= 1024/2048  ret_E=0.744  e_src=2.132e-01 e_L=1.642e-01 e_R=1.361e-01 e_tgt=9.941e-04  ∠U=0.10° ∠V=0.08°
  r=  128/2048  ret_E=0.207  e_src=2.321e-01 e_L=1.853e-01 e_R=1.398e-01 e_tgt=1.293e-03  ∠U=0.19° ∠V=0.15°
  r=  256/2048  ret_E=0.318  e_src=4.174e-01 e_L=3.160e-01 e_R=2.727e-01 e_tgt=1.718e-03  ∠U=0.27° ∠V=0.24°
  r=  512/2048  ret_E=0.493  e_src=7.310e-01 e_L=5.380e-01 e_R=4.959e-01 e_tgt=2.274e-03  ∠U=0.38° ∠V=0.36°
  r= 1024/2048  ret_E=0.744  e_src=6.656e-01 e_L=5.098e-01 e_R=4.285e-01 e_tgt=2.948e-03  ∠U=0.30° ∠V=0.26°
  r=  128/2048  ret_E=0.207  e_src=2.438e-01 e_L=1.945e-01 e_R=1.470e-01 e_tgt=1.305e-03  ∠U=0.20° ∠V=0.16°
  r=  256/2048  ret_E=0.318  e_src=4.370e-01 e_L=3.308e-01 e_R=2.857e-01 e_tgt=1.769e-03  ∠U=0.28° ∠V=0.25°
  r=  512/2048  ret_E=0.493  e_src=7.027e-01 e_L=5.203e-01 e_R=4.730e-01 e_tgt=2.361e-03  ∠U=0.37° ∠V=0.34°
  r= 1024/2048  ret_E=0.744  e_src=6.630e-01 e_L=5.108e-01 e_R=4.231e-01 e_tgt=3.031e-03  ∠U=0.30° ∠V=0.26°
Processing Lang_L8.mlp.up_proj...
  r=  128/2048  ret_E=0.144  e_src=2.190e-01 e_L=1.576e-01 e_R=1.521e-01 e_tgt=4.587e-04  ∠U=0.21° ∠V=0.21°
  r=  256/2048  ret_E=0.256  e_src=3.051e-01 e_L=2.192e-01 e_R=2.125e-01 e_tgt=6.076e-04  ∠U=0.22° ∠V=0.22°
  r=  512/2048  ret_E=0.441  e_src=2.200e-01 e_L=1.634e-01 e_R=1.473e-01 e_tgt=7.957e-04  ∠U=0.13° ∠V=0.12°
  r= 1024/2048  ret_E=0.716  e_src=2.279e-01 e_L=1.746e-01 e_R=1.464e-01 e_tgt=1.080e-03  ∠U=0.11° ∠V=0.10°
  r=  128/2048  ret_E=0.144  e_src=4.352e-01 e_L=3.185e-01 e_R=2.968e-01 e_tgt=1.599e-03  ∠U=0.42° ∠V=0.40°
  r=  256/2048  ret_E=0.256  e_src=7.486e-01 e_L=5.411e-01 e_R=5.198e-01 e_tgt=1.912e-03  ∠U=0.55° ∠V=0.53°
  r=  512/2048  ret_E=0.441  e_src=1.348e+00 e_L=9.786e-01 e_R=9.587e-01 e_tgt=2.390e-03  ∠U=0.79° ∠V=0.78°
  r= 1024/2048  ret_E=0.716  e_src=9.341e-01 e_L=6.899e-01 e_R=6.384e-01 e_tgt=3.070e-03  ∠U=0.47° ∠V=0.44°
  r=  128/2048  ret_E=0.144  e_src=5.798e-01 e_L=4.196e-01 e_R=4.012e-01 e_tgt=1.658e-03  ∠U=0.56° ∠V=0.54°
  r=  256/2048  ret_E=0.256  e_src=7.574e-01 e_L=5.484e-01 e_R=5.249e-01 e_tgt=1.994e-03  ∠U=0.56° ∠V=0.54°
  r=  512/2048  ret_E=0.441  e_src=1.353e+00 e_L=9.832e-01 e_R=9.613e-01 e_tgt=2.503e-03  ∠U=0.80° ∠V=0.78°
  r= 1024/2048  ret_E=0.716  e_src=9.809e-01 e_L=7.245e-01 e_R=6.713e-01 e_tgt=3.234e-03  ∠U=0.49° ∠V=0.47°
Processing Lang_L8.mlp.down_proj...
  r=  128/2048  ret_E=0.153  e_src=1.254e-01 e_L=8.512e-02 e_R=9.208e-02 e_tgt=5.073e-04  ∠U=0.11° ∠V=0.12°
  r=  256/2048  ret_E=0.263  e_src=2.855e-01 e_L=1.990e-01 e_R=2.048e-01 e_tgt=6.433e-04  ∠U=0.21° ∠V=0.21°
  r=  512/2048  ret_E=0.446  e_src=2.198e-01 e_L=1.480e-01 e_R=1.625e-01 e_tgt=8.473e-04  ∠U=0.12° ∠V=0.13°
  r= 1024/2048  ret_E=0.718  e_src=2.315e-01 e_L=1.499e-01 e_R=1.764e-01 e_tgt=1.106e-03  ∠U=0.10° ∠V=0.12°
  r=  128/2048  ret_E=0.153  e_src=4.234e-01 e_L=2.912e-01 e_R=3.076e-01 e_tgt=1.103e-03  ∠U=0.40° ∠V=0.42°
  r=  256/2048  ret_E=0.263  e_src=5.803e-01 e_L=3.995e-01 e_R=4.216e-01 e_tgt=1.476e-03  ∠U=0.42° ∠V=0.44°
  r=  512/2048  ret_E=0.446  e_src=5.953e-01 e_L=4.005e-01 e_R=4.407e-01 e_tgt=2.005e-03  ∠U=0.33° ∠V=0.35°
  r= 1024/2048  ret_E=0.718  e_src=6.466e-01 e_L=4.211e-01 e_R=4.909e-01 e_tgt=2.773e-03  ∠U=0.29° ∠V=0.33°
  r=  128/2048  ret_E=0.153  e_src=4.592e-01 e_L=3.166e-01 e_R=3.331e-01 e_tgt=1.235e-03  ∠U=0.43° ∠V=0.45°
  r=  256/2048  ret_E=0.263  e_src=7.097e-01 e_L=4.929e-01 e_R=5.126e-01 e_tgt=1.587e-03  ∠U=0.52° ∠V=0.53°
  r=  512/2048  ret_E=0.446  e_src=6.220e-01 e_L=4.186e-01 e_R=4.602e-01 e_tgt=2.116e-03  ∠U=0.34° ∠V=0.37°
  r= 1024/2048  ret_E=0.718  e_src=6.674e-01 e_L=4.342e-01 e_R=5.072e-01 e_tgt=2.939e-03  ∠U=0.30° ∠V=0.34°
Processing Lang_L9.self_attn.q_proj...
  r=  128/2048  ret_E=0.333  e_src=5.344e-02 e_L=3.803e-02 e_R=3.754e-02 e_tgt=4.602e-04  ∠U=0.08° ∠V=0.08°
  r=  256/2048  ret_E=0.509  e_src=1.395e-01 e_L=9.883e-02 e_R=9.847e-02 e_tgt=5.850e-04  ∠U=0.18° ∠V=0.18°
  r=  512/2048  ret_E=0.731  e_src=8.516e-02 e_L=6.063e-02 e_R=5.981e-02 e_tgt=7.586e-04  ∠U=0.09° ∠V=0.09°
  r= 1024/2048  ret_E=0.935  e_src=8.151e-02 e_L=5.809e-02 e_R=5.719e-02 e_tgt=1.006e-03  ∠U=0.10° ∠V=0.10°
  r=  128/2048  ret_E=0.333  e_src=1.665e-01 e_L=1.178e-01 e_R=1.177e-01 e_tgt=1.499e-03  ∠U=0.24° ∠V=0.24°
  r=  256/2048  ret_E=0.509  e_src=2.184e-01 e_L=1.547e-01 e_R=1.542e-01 e_tgt=1.820e-03  ∠U=0.26° ∠V=0.26°
  r=  512/2048  ret_E=0.731  e_src=4.897e-01 e_L=3.496e-01 e_R=3.493e-01 e_tgt=2.374e-03  ∠U=0.58° ∠V=0.58°
  r= 1024/2048  ret_E=0.935  e_src=2.691e-01 e_L=1.912e-01 e_R=1.904e-01 e_tgt=3.008e-03  ∠U=0.36° ∠V=0.36°
  r=  128/2048  ret_E=0.333  e_src=1.737e-01 e_L=1.230e-01 e_R=1.227e-01 e_tgt=1.541e-03  ∠U=0.25° ∠V=0.25°
  r=  256/2048  ret_E=0.509  e_src=2.696e-01 e_L=1.911e-01 e_R=1.905e-01 e_tgt=1.883e-03  ∠U=0.33° ∠V=0.33°
  r=  512/2048  ret_E=0.731  e_src=5.139e-01 e_L=3.675e-01 e_R=3.670e-01 e_tgt=2.471e-03  ∠U=0.61° ∠V=0.61°
  r= 1024/2048  ret_E=0.935  e_src=2.637e-01 e_L=1.875e-01 e_R=1.862e-01 e_tgt=3.134e-03  ∠U=0.35° ∠V=0.35°
Processing Lang_L9.self_attn.k_proj...
  r=  128/256  ret_E=0.762  e_src=3.290e-02 e_L=2.140e-02 e_R=2.499e-02 e_tgt=3.920e-04  ∠U=0.07° ∠V=0.08°
  r=  128/256  ret_E=0.762  e_src=8.270e-02 e_L=5.176e-02 e_R=6.452e-02 e_tgt=1.202e-03  ∠U=0.17° ∠V=0.20°
  r=  128/256  ret_E=0.762  e_src=7.526e-02 e_L=4.537e-02 e_R=6.005e-02 e_tgt=1.264e-03  ∠U=0.15° ∠V=0.18°
Processing Lang_L9.self_attn.v_proj...
  r=  128/256  ret_E=0.620  e_src=7.323e-02 e_L=5.076e-02 e_R=5.281e-02 e_tgt=3.545e-04  ∠U=0.22° ∠V=0.22°
  r=  128/256  ret_E=0.620  e_src=1.300e-01 e_L=8.762e-02 e_R=9.601e-02 e_tgt=1.281e-03  ∠U=0.37° ∠V=0.40°
  r=  128/256  ret_E=0.620  e_src=1.278e-01 e_L=8.564e-02 e_R=9.491e-02 e_tgt=1.336e-03  ∠U=0.36° ∠V=0.39°
Processing Lang_L9.self_attn.o_proj...
  r=  128/2048  ret_E=0.304  e_src=5.924e-02 e_L=4.197e-02 e_R=4.181e-02 e_tgt=4.152e-04  ∠U=0.09° ∠V=0.09°
  r=  256/2048  ret_E=0.491  e_src=8.288e-02 e_L=5.858e-02 e_R=5.864e-02 e_tgt=5.590e-04  ∠U=0.11° ∠V=0.11°
  r=  512/2048  ret_E=0.727  e_src=9.007e-02 e_L=6.351e-02 e_R=6.387e-02 e_tgt=7.366e-04  ∠U=0.11° ∠V=0.11°
  r= 1024/2048  ret_E=0.935  e_src=1.033e-01 e_L=7.285e-02 e_R=7.333e-02 e_tgt=1.021e-03  ∠U=0.16° ∠V=0.16°
  r=  128/2048  ret_E=0.304  e_src=1.924e-01 e_L=1.366e-01 e_R=1.356e-01 e_tgt=1.115e-03  ∠U=0.31° ∠V=0.31°
  r=  256/2048  ret_E=0.491  e_src=2.828e-01 e_L=2.007e-01 e_R=1.997e-01 e_tgt=1.525e-03  ∠U=0.38° ∠V=0.38°
  r=  512/2048  ret_E=0.727  e_src=2.150e-01 e_L=1.524e-01 e_R=1.516e-01 e_tgt=2.018e-03  ∠U=0.25° ∠V=0.25°
  r= 1024/2048  ret_E=0.935  e_src=2.523e-01 e_L=1.787e-01 e_R=1.791e-01 e_tgt=2.643e-03  ∠U=0.38° ∠V=0.38°
  r=  128/2048  ret_E=0.304  e_src=2.082e-01 e_L=1.478e-01 e_R=1.467e-01 e_tgt=1.206e-03  ∠U=0.34° ∠V=0.33°
  r=  256/2048  ret_E=0.491  e_src=2.608e-01 e_L=1.851e-01 e_R=1.840e-01 e_tgt=1.599e-03  ∠U=0.35° ∠V=0.35°
  r=  512/2048  ret_E=0.727  e_src=2.342e-01 e_L=1.660e-01 e_R=1.654e-01 e_tgt=2.124e-03  ∠U=0.28° ∠V=0.28°
  r= 1024/2048  ret_E=0.935  e_src=2.949e-01 e_L=2.094e-01 e_R=2.099e-01 e_tgt=2.760e-03  ∠U=0.45° ∠V=0.45°
Processing Lang_L9.mlp.gate_proj...
  r=  128/2048  ret_E=0.195  e_src=7.906e-02 e_L=6.193e-02 e_R=4.915e-02 e_tgt=4.459e-04  ∠U=0.06° ∠V=0.05°
  r=  256/2048  ret_E=0.306  e_src=1.592e-01 e_L=1.182e-01 e_R=1.067e-01 e_tgt=5.670e-04  ∠U=0.10° ∠V=0.09°
  r=  512/2048  ret_E=0.482  e_src=2.269e-01 e_L=1.677e-01 e_R=1.528e-01 e_tgt=7.372e-04  ∠U=0.12° ∠V=0.11°
  r= 1024/2048  ret_E=0.737  e_src=2.349e-01 e_L=1.788e-01 e_R=1.523e-01 e_tgt=9.942e-04  ∠U=0.10° ∠V=0.09°
  r=  128/2048  ret_E=0.195  e_src=2.601e-01 e_L=2.035e-01 e_R=1.620e-01 e_tgt=1.940e-03  ∠U=0.21° ∠V=0.18°
  r=  256/2048  ret_E=0.306  e_src=4.488e-01 e_L=3.375e-01 e_R=2.959e-01 e_tgt=2.244e-03  ∠U=0.29° ∠V=0.26°
  r=  512/2048  ret_E=0.482  e_src=9.094e-01 e_L=6.625e-01 e_R=6.274e-01 e_tgt=2.675e-03  ∠U=0.47° ∠V=0.45°
  r= 1024/2048  ret_E=0.737  e_src=6.700e-01 e_L=5.143e-01 e_R=4.298e-01 e_tgt=3.319e-03  ∠U=0.29° ∠V=0.26°
  r=  128/2048  ret_E=0.195  e_src=2.749e-01 e_L=2.147e-01 e_R=1.716e-01 e_tgt=1.980e-03  ∠U=0.22° ∠V=0.19°
  r=  256/2048  ret_E=0.306  e_src=4.982e-01 e_L=3.722e-01 e_R=3.314e-01 e_tgt=2.290e-03  ∠U=0.32° ∠V=0.29°
  r=  512/2048  ret_E=0.482  e_src=9.593e-01 e_L=6.988e-01 e_R=6.628e-01 e_tgt=2.723e-03  ∠U=0.49° ∠V=0.47°
  r= 1024/2048  ret_E=0.737  e_src=7.007e-01 e_L=5.371e-01 e_R=4.504e-01 e_tgt=3.404e-03  ∠U=0.31° ∠V=0.27°
Processing Lang_L9.mlp.up_proj...
  r=  128/2048  ret_E=0.143  e_src=1.466e-01 e_L=1.076e-01 e_R=9.959e-02 e_tgt=4.917e-04  ∠U=0.15° ∠V=0.14°
  r=  256/2048  ret_E=0.253  e_src=1.972e-01 e_L=1.445e-01 e_R=1.342e-01 e_tgt=6.204e-04  ∠U=0.15° ∠V=0.14°
  r=  512/2048  ret_E=0.437  e_src=1.886e+00 e_L=1.412e+00 e_R=1.410e+00 e_tgt=8.137e-04  ∠U=1.18° ∠V=1.18°
  r= 1024/2048  ret_E=0.712  e_src=2.695e-01 e_L=2.025e-01 e_R=1.780e-01 e_tgt=1.114e-03  ∠U=0.14° ∠V=0.12°
  r=  128/2048  ret_E=0.143  e_src=4.419e-01 e_L=3.231e-01 e_R=3.016e-01 e_tgt=1.385e-03  ∠U=0.44° ∠V=0.42°
  r=  256/2048  ret_E=0.253  e_src=5.721e-01 e_L=4.184e-01 e_R=3.904e-01 e_tgt=1.747e-03  ∠U=0.43° ∠V=0.41°
  r=  512/2048  ret_E=0.437  e_src=1.269e+00 e_L=9.202e-01 e_R=8.987e-01 e_tgt=2.380e-03  ∠U=0.76° ∠V=0.75°
  r= 1024/2048  ret_E=0.712  e_src=7.212e-01 e_L=5.437e-01 e_R=4.749e-01 e_tgt=3.183e-03  ∠U=0.36° ∠V=0.33°
  r=  128/2048  ret_E=0.143  e_src=4.597e-01 e_L=3.364e-01 e_R=3.133e-01 e_tgt=1.503e-03  ∠U=0.46° ∠V=0.43°
  r=  256/2048  ret_E=0.253  e_src=5.904e-01 e_L=4.323e-01 e_R=4.022e-01 e_tgt=1.863e-03  ∠U=0.44° ∠V=0.42°
  r=  512/2048  ret_E=0.437  e_src=2.626e+00 e_L=2.105e+00 e_R=2.094e+00 e_tgt=2.532e-03  ∠U=1.76° ∠V=1.75°
  r= 1024/2048  ret_E=0.712  e_src=7.086e-01 e_L=5.378e-01 e_R=4.619e-01 e_tgt=3.347e-03  ∠U=0.36° ∠V=0.32°
Processing Lang_L9.mlp.down_proj...
  r=  128/2048  ret_E=0.172  e_src=9.986e-02 e_L=6.631e-02 e_R=7.467e-02 e_tgt=4.991e-04  ∠U=0.09° ∠V=0.10°
  r=  256/2048  ret_E=0.283  e_src=1.560e-01 e_L=1.047e-01 e_R=1.157e-01 e_tgt=6.238e-04  ∠U=0.11° ∠V=0.12°
  r=  512/2048  ret_E=0.464  e_src=2.831e-01 e_L=1.943e-01 e_R=2.060e-01 e_tgt=8.260e-04  ∠U=0.17° ∠V=0.17°
  r= 1024/2048  ret_E=0.727  e_src=2.277e-01 e_L=1.462e-01 e_R=1.746e-01 e_tgt=1.090e-03  ∠U=0.10° ∠V=0.12°
  r=  128/2048  ret_E=0.172  e_src=3.064e-01 e_L=2.065e-01 e_R=2.264e-01 e_tgt=1.523e-03  ∠U=0.28° ∠V=0.30°
  r=  256/2048  ret_E=0.283  e_src=4.211e-01 e_L=2.830e-01 e_R=3.118e-01 e_tgt=1.872e-03  ∠U=0.30° ∠V=0.32°
  r=  512/2048  ret_E=0.464  e_src=8.199e-01 e_L=5.671e-01 e_R=5.956e-01 e_tgt=2.381e-03  ∠U=0.48° ∠V=0.50°
  r= 1024/2048  ret_E=0.727  e_src=6.306e-01 e_L=4.088e-01 e_R=4.804e-01 e_tgt=3.106e-03  ∠U=0.29° ∠V=0.33°
  r=  128/2048  ret_E=0.172  e_src=3.216e-01 e_L=2.168e-01 e_R=2.376e-01 e_tgt=1.666e-03  ∠U=0.29° ∠V=0.32°
  r=  256/2048  ret_E=0.283  e_src=4.343e-01 e_L=2.914e-01 e_R=3.220e-01 e_tgt=2.018e-03  ∠U=0.30° ∠V=0.33°
  r=  512/2048  ret_E=0.464  e_src=7.295e-01 e_L=4.987e-01 e_R=5.335e-01 e_tgt=2.554e-03  ∠U=0.42° ∠V=0.45°
  r= 1024/2048  ret_E=0.727  e_src=6.533e-01 e_L=4.233e-01 e_R=4.979e-01 e_tgt=3.290e-03  ∠U=0.30° ∠V=0.34°
Processing Lang_L10.self_attn.q_proj...
  r=  128/2048  ret_E=0.374  e_src=4.775e-02 e_L=3.424e-02 e_R=3.328e-02 e_tgt=5.752e-04  ∠U=0.07° ∠V=0.07°
  r=  256/2048  ret_E=0.556  e_src=6.870e-02 e_L=4.897e-02 e_R=4.818e-02 e_tgt=6.965e-04  ∠U=0.09° ∠V=0.09°
  r=  512/2048  ret_E=0.765  e_src=9.186e-02 e_L=6.529e-02 e_R=6.462e-02 e_tgt=8.926e-04  ∠U=0.11° ∠V=0.11°
  r= 1024/2048  ret_E=0.945  e_src=7.975e-02 e_L=5.674e-02 e_R=5.605e-02 e_tgt=1.132e-03  ∠U=0.11° ∠V=0.11°
  r=  128/2048  ret_E=0.374  e_src=2.151e-01 e_L=1.526e-01 e_R=1.517e-01 e_tgt=1.694e-03  ∠U=0.32° ∠V=0.32°
  r=  256/2048  ret_E=0.556  e_src=2.083e-01 e_L=1.478e-01 e_R=1.469e-01 e_tgt=2.071e-03  ∠U=0.26° ∠V=0.26°
  r=  512/2048  ret_E=0.765  e_src=2.883e-01 e_L=2.041e-01 e_R=2.040e-01 e_tgt=2.542e-03  ∠U=0.36° ∠V=0.36°
  r= 1024/2048  ret_E=0.945  e_src=2.408e-01 e_L=1.705e-01 e_R=1.704e-01 e_tgt=3.184e-03  ∠U=0.35° ∠V=0.35°
  r=  128/2048  ret_E=0.374  e_src=2.138e-01 e_L=1.518e-01 e_R=1.506e-01 e_tgt=1.807e-03  ∠U=0.31° ∠V=0.31°
  r=  256/2048  ret_E=0.556  e_src=2.103e-01 e_L=1.493e-01 e_R=1.482e-01 e_tgt=2.204e-03  ∠U=0.26° ∠V=0.26°
  r=  512/2048  ret_E=0.765  e_src=3.201e-01 e_L=2.268e-01 e_R=2.267e-01 e_tgt=2.717e-03  ∠U=0.40° ∠V=0.40°
  r= 1024/2048  ret_E=0.945  e_src=2.498e-01 e_L=1.770e-01 e_R=1.768e-01 e_tgt=3.352e-03  ∠U=0.36° ∠V=0.36°
Processing Lang_L10.self_attn.k_proj...
  r=  128/256  ret_E=0.798  e_src=2.094e-02 e_L=1.190e-02 e_R=1.724e-02 e_tgt=3.337e-04  ∠U=0.05° ∠V=0.06°
  r=  128/256  ret_E=0.798  e_src=7.148e-02 e_L=4.252e-02 e_R=5.747e-02 e_tgt=1.325e-03  ∠U=0.17° ∠V=0.21°
  r=  128/256  ret_E=0.798  e_src=7.522e-02 e_L=4.534e-02 e_R=6.003e-02 e_tgt=1.332e-03  ∠U=0.18° ∠V=0.22°
Processing Lang_L10.self_attn.v_proj...
  r=  128/256  ret_E=0.650  e_src=5.598e-02 e_L=3.841e-02 e_R=4.074e-02 e_tgt=3.163e-04  ∠U=0.16° ∠V=0.17°
  r=  128/256  ret_E=0.650  e_src=1.096e-01 e_L=7.332e-02 e_R=8.152e-02 e_tgt=9.509e-04  ∠U=0.30° ∠V=0.33°
  r=  128/256  ret_E=0.650  e_src=1.398e-01 e_L=9.534e-02 e_R=1.024e-01 e_tgt=9.933e-04  ∠U=0.40° ∠V=0.42°
Processing Lang_L10.self_attn.o_proj...
  r=  128/2048  ret_E=0.350  e_src=6.188e-02 e_L=4.350e-02 e_R=4.402e-02 e_tgt=3.991e-04  ∠U=0.09° ∠V=0.10°
  r=  256/2048  ret_E=0.543  e_src=6.379e-02 e_L=4.465e-02 e_R=4.555e-02 e_tgt=5.489e-04  ∠U=0.08° ∠V=0.08°
  r=  512/2048  ret_E=0.762  e_src=8.187e-02 e_L=5.746e-02 e_R=5.832e-02 e_tgt=7.233e-04  ∠U=0.10° ∠V=0.10°
  r= 1024/2048  ret_E=0.944  e_src=7.558e-02 e_L=5.302e-02 e_R=5.387e-02 e_tgt=9.839e-04  ∠U=0.11° ∠V=0.11°
  r=  128/2048  ret_E=0.350  e_src=1.193e-01 e_L=8.365e-02 e_R=8.512e-02 e_tgt=1.005e-03  ∠U=0.17° ∠V=0.18°
  r=  256/2048  ret_E=0.543  e_src=1.697e-01 e_L=1.193e-01 e_R=1.207e-01 e_tgt=1.455e-03  ∠U=0.22° ∠V=0.22°
  r=  512/2048  ret_E=0.762  e_src=1.982e-01 e_L=1.392e-01 e_R=1.411e-01 e_tgt=1.941e-03  ∠U=0.24° ∠V=0.25°
  r= 1024/2048  ret_E=0.944  e_src=1.958e-01 e_L=1.376e-01 e_R=1.393e-01 e_tgt=2.671e-03  ∠U=0.29° ∠V=0.29°
  r=  128/2048  ret_E=0.350  e_src=1.364e-01 e_L=9.563e-02 e_R=9.727e-02 e_tgt=1.080e-03  ∠U=0.20° ∠V=0.21°
  r=  256/2048  ret_E=0.543  e_src=1.663e-01 e_L=1.166e-01 e_R=1.187e-01 e_tgt=1.528e-03  ∠U=0.21° ∠V=0.21°
  r=  512/2048  ret_E=0.762  e_src=2.107e-01 e_L=1.479e-01 e_R=1.502e-01 e_tgt=2.028e-03  ∠U=0.26° ∠V=0.26°
  r= 1024/2048  ret_E=0.944  e_src=2.049e-01 e_L=1.438e-01 e_R=1.461e-01 e_tgt=2.767e-03  ∠U=0.30° ∠V=0.30°
Processing Lang_L10.mlp.gate_proj...
  r=  128/2048  ret_E=0.210  e_src=1.104e-01 e_L=8.309e-02 e_R=7.276e-02 e_tgt=4.186e-04  ∠U=0.09° ∠V=0.08°
  r=  256/2048  ret_E=0.318  e_src=1.829e-01 e_L=1.348e-01 e_R=1.238e-01 e_tgt=5.517e-04  ∠U=0.12° ∠V=0.11°
  r=  512/2048  ret_E=0.490  e_src=2.959e-01 e_L=2.153e-01 e_R=2.031e-01 e_tgt=7.270e-04  ∠U=0.15° ∠V=0.14°
  r= 1024/2048  ret_E=0.740  e_src=2.166e-01 e_L=1.677e-01 e_R=1.371e-01 e_tgt=1.019e-03  ∠U=0.09° ∠V=0.08°
  r=  128/2048  ret_E=0.210  e_src=2.554e-01 e_L=2.019e-01 e_R=1.564e-01 e_tgt=1.224e-03  ∠U=0.21° ∠V=0.17°
  r=  256/2048  ret_E=0.318  e_src=4.227e-01 e_L=3.210e-01 e_R=2.750e-01 e_tgt=1.644e-03  ∠U=0.27° ∠V=0.24°
  r=  512/2048  ret_E=0.490  e_src=1.053e+00 e_L=7.643e-01 e_R=7.328e-01 e_tgt=2.161e-03  ∠U=0.54° ∠V=0.52°
  r= 1024/2048  ret_E=0.740  e_src=6.436e-01 e_L=4.985e-01 e_R=4.072e-01 e_tgt=2.932e-03  ∠U=0.28° ∠V=0.24°
  r=  128/2048  ret_E=0.210  e_src=2.554e-01 e_L=2.041e-01 e_R=1.537e-01 e_tgt=1.353e-03  ∠U=0.21° ∠V=0.17°
  r=  256/2048  ret_E=0.318  e_src=4.687e-01 e_L=3.535e-01 e_R=3.080e-01 e_tgt=1.760e-03  ∠U=0.30° ∠V=0.27°
  r=  512/2048  ret_E=0.490  e_src=1.228e+00 e_L=8.909e-01 e_R=8.617e-01 e_tgt=2.278e-03  ∠U=0.63° ∠V=0.62°
  r= 1024/2048  ret_E=0.740  e_src=6.689e-01 e_L=5.179e-01 e_R=4.235e-01 e_tgt=3.062e-03  ∠U=0.29° ∠V=0.25°
Processing Lang_L10.mlp.up_proj...
  r=  128/2048  ret_E=0.129  e_src=1.778e-01 e_L=1.289e-01 e_R=1.225e-01 e_tgt=4.607e-04  ∠U=0.18° ∠V=0.17°
  r=  256/2048  ret_E=0.236  e_src=9.001e-01 e_L=6.430e-01 e_R=6.408e-01 e_tgt=6.181e-04  ∠U=0.69° ∠V=0.69°
  r=  512/2048  ret_E=0.420  e_src=2.721e-01 e_L=1.988e-01 e_R=1.857e-01 e_tgt=8.470e-04  ∠U=0.16° ∠V=0.15°
  r= 1024/2048  ret_E=0.700  e_src=3.223e-01 e_L=2.381e-01 e_R=2.174e-01 e_tgt=1.126e-03  ∠U=0.16° ∠V=0.15°
  r=  128/2048  ret_E=0.129  e_src=5.973e-01 e_L=4.297e-01 e_R=4.154e-01 e_tgt=1.583e-03  ∠U=0.61° ∠V=0.59°
  r=  256/2048  ret_E=0.236  e_src=1.148e+00 e_L=8.247e-01 e_R=8.122e-01 e_tgt=1.915e-03  ∠U=0.88° ∠V=0.87°
  r=  512/2048  ret_E=0.420  e_src=7.632e-01 e_L=5.567e-01 e_R=5.225e-01 e_tgt=2.480e-03  ∠U=0.45° ∠V=0.42°
  r= 1024/2048  ret_E=0.700  e_src=9.364e-01 e_L=6.897e-01 e_R=6.379e-01 e_tgt=3.248e-03  ∠U=0.47° ∠V=0.44°
  r=  128/2048  ret_E=0.129  e_src=6.051e-01 e_L=4.359e-01 e_R=4.202e-01 e_tgt=1.742e-03  ∠U=0.61° ∠V=0.59°
  r=  256/2048  ret_E=0.236  e_src=1.865e+00 e_L=1.369e+00 e_R=1.361e+00 e_tgt=2.028e-03  ∠U=1.46° ∠V=1.46°
  r=  512/2048  ret_E=0.420  e_src=7.896e-01 e_L=5.763e-01 e_R=5.403e-01 e_tgt=2.607e-03  ∠U=0.46° ∠V=0.44°
  r= 1024/2048  ret_E=0.700  e_src=1.059e+00 e_L=7.779e-01 e_R=7.286e-01 e_tgt=3.396e-03  ∠U=0.53° ∠V=0.51°
Processing Lang_L10.mlp.down_proj...
  r=  128/2048  ret_E=0.169  e_src=9.006e-02 e_L=5.780e-02 e_R=6.906e-02 e_tgt=5.439e-04  ∠U=0.08° ∠V=0.09°
  r=  256/2048  ret_E=0.282  e_src=1.468e-01 e_L=9.718e-02 e_R=1.100e-01 e_tgt=6.629e-04  ∠U=0.10° ∠V=0.11°
  r=  512/2048  ret_E=0.464  e_src=2.253e-01 e_L=1.514e-01 e_R=1.669e-01 e_tgt=8.475e-04  ∠U=0.13° ∠V=0.14°
  r= 1024/2048  ret_E=0.728  e_src=2.475e-01 e_L=1.611e-01 e_R=1.879e-01 e_tgt=1.110e-03  ∠U=0.12° ∠V=0.13°
  r=  128/2048  ret_E=0.169  e_src=2.526e-01 e_L=1.641e-01 e_R=1.920e-01 e_tgt=1.344e-03  ∠U=0.22° ∠V=0.25°
  r=  256/2048  ret_E=0.282  e_src=4.219e-01 e_L=2.824e-01 e_R=3.136e-01 e_tgt=1.851e-03  ∠U=0.30° ∠V=0.32°
  r=  512/2048  ret_E=0.464  e_src=6.733e-01 e_L=4.583e-01 e_R=4.937e-01 e_tgt=2.319e-03  ∠U=0.39° ∠V=0.41°
  r= 1024/2048  ret_E=0.728  e_src=6.769e-01 e_L=4.440e-01 e_R=5.113e-01 e_tgt=3.058e-03  ∠U=0.32° ∠V=0.36°
  r=  128/2048  ret_E=0.169  e_src=2.619e-01 e_L=1.697e-01 e_R=1.995e-01 e_tgt=1.496e-03  ∠U=0.22° ∠V=0.26°
  r=  256/2048  ret_E=0.282  e_src=4.405e-01 e_L=2.947e-01 e_R=3.274e-01 e_tgt=1.976e-03  ∠U=0.31° ∠V=0.34°
  r=  512/2048  ret_E=0.464  e_src=7.049e-01 e_L=4.801e-01 e_R=5.168e-01 e_tgt=2.452e-03  ∠U=0.41° ∠V=0.43°
  r= 1024/2048  ret_E=0.728  e_src=6.768e-01 e_L=4.411e-01 e_R=5.136e-01 e_tgt=3.226e-03  ∠U=0.32° ∠V=0.35°
Processing Lang_L11.self_attn.q_proj...
  r=  128/2048  ret_E=0.389  e_src=5.618e-02 e_L=4.037e-02 e_R=3.907e-02 e_tgt=4.881e-04  ∠U=0.08° ∠V=0.08°
  r=  256/2048  ret_E=0.566  e_src=7.143e-02 e_L=5.115e-02 e_R=4.985e-02 e_tgt=6.591e-04  ∠U=0.09° ∠V=0.09°
  r=  512/2048  ret_E=0.770  e_src=8.765e-02 e_L=6.256e-02 e_R=6.139e-02 e_tgt=8.578e-04  ∠U=0.10° ∠V=0.10°
  r= 1024/2048  ret_E=0.946  e_src=1.038e-01 e_L=7.384e-02 e_R=7.301e-02 e_tgt=1.108e-03  ∠U=0.16° ∠V=0.16°
  r=  128/2048  ret_E=0.389  e_src=1.465e-01 e_L=1.053e-01 e_R=1.018e-01 e_tgt=1.736e-03  ∠U=0.20° ∠V=0.20°
  r=  256/2048  ret_E=0.566  e_src=2.011e-01 e_L=1.437e-01 e_R=1.406e-01 e_tgt=2.080e-03  ∠U=0.25° ∠V=0.24°
  r=  512/2048  ret_E=0.770  e_src=2.894e-01 e_L=2.058e-01 e_R=2.039e-01 e_tgt=2.579e-03  ∠U=0.35° ∠V=0.35°
  r= 1024/2048  ret_E=0.946  e_src=2.431e-01 e_L=1.727e-01 e_R=1.713e-01 e_tgt=3.324e-03  ∠U=0.35° ∠V=0.35°
  r=  128/2048  ret_E=0.389  e_src=1.643e-01 e_L=1.181e-01 e_R=1.142e-01 e_tgt=1.740e-03  ∠U=0.23° ∠V=0.22°
  r=  256/2048  ret_E=0.566  e_src=2.155e-01 e_L=1.541e-01 e_R=1.506e-01 e_tgt=2.106e-03  ∠U=0.27° ∠V=0.26°
  r=  512/2048  ret_E=0.770  e_src=2.806e-01 e_L=1.998e-01 e_R=1.973e-01 e_tgt=2.647e-03  ∠U=0.34° ∠V=0.34°
  r= 1024/2048  ret_E=0.946  e_src=2.485e-01 e_L=1.768e-01 e_R=1.749e-01 e_tgt=3.426e-03  ∠U=0.35° ∠V=0.35°
Processing Lang_L11.self_attn.k_proj...
  r=  128/256  ret_E=0.806  e_src=2.176e-02 e_L=1.180e-02 e_R=1.828e-02 e_tgt=4.043e-04  ∠U=0.04° ∠V=0.06°
  r=  128/256  ret_E=0.806  e_src=9.476e-02 e_L=6.081e-02 e_R=7.272e-02 e_tgt=1.216e-03  ∠U=0.25° ∠V=0.28°
  r=  128/256  ret_E=0.806  e_src=9.489e-02 e_L=6.053e-02 e_R=7.311e-02 e_tgt=1.284e-03  ∠U=0.25° ∠V=0.28°
Processing Lang_L11.self_attn.v_proj...
  r=  128/256  ret_E=0.631  e_src=6.393e-02 e_L=4.387e-02 e_R=4.652e-02 e_tgt=3.625e-04  ∠U=0.18° ∠V=0.19°
  r=  128/256  ret_E=0.631  e_src=1.379e-01 e_L=9.366e-02 e_R=1.013e-01 e_tgt=1.174e-03  ∠U=0.38° ∠V=0.41°
  r=  128/256  ret_E=0.631  e_src=1.541e-01 e_L=1.052e-01 e_R=1.126e-01 e_tgt=1.258e-03  ∠U=0.43° ∠V=0.46°
Processing Lang_L11.self_attn.o_proj...
  r=  128/2048  ret_E=0.401  e_src=4.743e-02 e_L=3.248e-02 e_R=3.456e-02 e_tgt=4.173e-04  ∠U=0.07° ∠V=0.07°
  r=  256/2048  ret_E=0.594  e_src=5.834e-02 e_L=4.010e-02 e_R=4.238e-02 e_tgt=5.853e-04  ∠U=0.07° ∠V=0.07°
  r=  512/2048  ret_E=0.795  e_src=7.289e-02 e_L=5.079e-02 e_R=5.228e-02 e_tgt=7.889e-04  ∠U=0.09° ∠V=0.09°
  r= 1024/2048  ret_E=0.953  e_src=7.558e-02 e_L=5.274e-02 e_R=5.415e-02 e_tgt=1.061e-03  ∠U=0.11° ∠V=0.12°
  r=  128/2048  ret_E=0.401  e_src=1.219e-01 e_L=8.340e-02 e_R=8.897e-02 e_tgt=1.243e-03  ∠U=0.17° ∠V=0.18°
  r=  256/2048  ret_E=0.594  e_src=1.829e-01 e_L=1.269e-01 e_R=1.318e-01 e_tgt=1.596e-03  ∠U=0.23° ∠V=0.24°
  r=  512/2048  ret_E=0.795  e_src=1.876e-01 e_L=1.305e-01 e_R=1.348e-01 e_tgt=2.147e-03  ∠U=0.23° ∠V=0.23°
  r= 1024/2048  ret_E=0.953  e_src=2.031e-01 e_L=1.419e-01 e_R=1.454e-01 e_tgt=2.794e-03  ∠U=0.32° ∠V=0.32°
  r=  128/2048  ret_E=0.401  e_src=1.327e-01 e_L=9.060e-02 e_R=9.693e-02 e_tgt=1.296e-03  ∠U=0.18° ∠V=0.19°
  r=  256/2048  ret_E=0.594  e_src=1.835e-01 e_L=1.267e-01 e_R=1.328e-01 e_tgt=1.673e-03  ∠U=0.23° ∠V=0.24°
  r=  512/2048  ret_E=0.795  e_src=1.975e-01 e_L=1.372e-01 e_R=1.421e-01 e_tgt=2.256e-03  ∠U=0.24° ∠V=0.25°
  r= 1024/2048  ret_E=0.953  e_src=2.109e-01 e_L=1.471e-01 e_R=1.512e-01 e_tgt=2.892e-03  ∠U=0.33° ∠V=0.33°
Processing Lang_L11.mlp.gate_proj...
  r=  128/2048  ret_E=0.221  e_src=2.449e-01 e_L=1.759e-01 e_R=1.705e-01 e_tgt=4.006e-04  ∠U=0.20° ∠V=0.20°
  r=  256/2048  ret_E=0.329  e_src=1.674e-01 e_L=1.249e-01 e_R=1.114e-01 e_tgt=5.288e-04  ∠U=0.11° ∠V=0.10°
  r=  512/2048  ret_E=0.500  e_src=1.913e-01 e_L=1.453e-01 e_R=1.245e-01 e_tgt=7.227e-04  ∠U=0.10° ∠V=0.09°
  r= 1024/2048  ret_E=0.746  e_src=2.349e-01 e_L=1.807e-01 e_R=1.500e-01 e_tgt=1.015e-03  ∠U=0.11° ∠V=0.09°
  r=  128/2048  ret_E=0.221  e_src=3.008e-01 e_L=2.326e-01 e_R=1.908e-01 e_tgt=1.283e-03  ∠U=0.25° ∠V=0.22°
  r=  256/2048  ret_E=0.329  e_src=5.195e-01 e_L=3.870e-01 e_R=3.469e-01 e_tgt=1.685e-03  ∠U=0.34° ∠V=0.32°
  r=  512/2048  ret_E=0.500  e_src=7.678e-01 e_L=5.662e-01 e_R=5.204e-01 e_tgt=2.240e-03  ∠U=0.41° ∠V=0.38°
  r= 1024/2048  ret_E=0.746  e_src=8.025e-01 e_L=6.051e-01 e_R=5.289e-01 e_tgt=3.031e-03  ∠U=0.37° ∠V=0.33°
  r=  128/2048  ret_E=0.221  e_src=4.716e-01 e_L=3.482e-01 e_R=3.187e-01 e_tgt=1.320e-03  ∠U=0.39° ∠V=0.37°
  r=  256/2048  ret_E=0.329  e_src=4.939e-01 e_L=3.718e-01 e_R=3.253e-01 e_tgt=1.772e-03  ∠U=0.32° ∠V=0.29°
  r=  512/2048  ret_E=0.500  e_src=8.006e-01 e_L=5.906e-01 e_R=5.427e-01 e_tgt=2.310e-03  ∠U=0.42° ∠V=0.40°
  r= 1024/2048  ret_E=0.746  e_src=8.119e-01 e_L=6.141e-01 e_R=5.328e-01 e_tgt=3.086e-03  ∠U=0.37° ∠V=0.34°
Processing Lang_L11.mlp.up_proj...
  r=  128/2048  ret_E=0.129  e_src=5.676e-01 e_L=4.034e-01 e_R=4.014e-01 e_tgt=4.739e-04  ∠U=0.56° ∠V=0.56°
  r=  256/2048  ret_E=0.237  e_src=2.827e-01 e_L=2.035e-01 e_R=1.963e-01 e_tgt=6.377e-04  ∠U=0.21° ∠V=0.20°
  r=  512/2048  ret_E=0.421  e_src=2.594e-01 e_L=1.903e-01 e_R=1.762e-01 e_tgt=8.539e-04  ∠U=0.15° ∠V=0.14°
  r= 1024/2048  ret_E=0.702  e_src=3.081e-01 e_L=2.286e-01 e_R=2.067e-01 e_tgt=1.143e-03  ∠U=0.15° ∠V=0.14°
  r=  128/2048  ret_E=0.129  e_src=1.739e+00 e_L=1.266e+00 e_R=1.261e+00 e_tgt=1.531e-03  ∠U=1.77° ∠V=1.76°
  r=  256/2048  ret_E=0.237  e_src=6.378e-01 e_L=4.629e-01 e_R=4.389e-01 e_tgt=1.943e-03  ∠U=0.47° ∠V=0.45°
  r=  512/2048  ret_E=0.421  e_src=7.369e-01 e_L=5.392e-01 e_R=5.026e-01 e_tgt=2.499e-03  ∠U=0.42° ∠V=0.40°
  r= 1024/2048  ret_E=0.702  e_src=7.370e-01 e_L=5.538e-01 e_R=4.869e-01 e_tgt=3.379e-03  ∠U=0.36° ∠V=0.32°
  r=  128/2048  ret_E=0.129  e_src=2.167e+00 e_L=1.608e+00 e_R=1.604e+00 e_tgt=1.595e-03  ∠U=2.25° ∠V=2.24°
  r=  256/2048  ret_E=0.237  e_src=7.501e-01 e_L=5.419e-01 e_R=5.194e-01 e_tgt=2.064e-03  ∠U=0.56° ∠V=0.54°
  r=  512/2048  ret_E=0.421  e_src=7.785e-01 e_L=5.692e-01 e_R=5.314e-01 e_tgt=2.638e-03  ∠U=0.45° ∠V=0.42°
  r= 1024/2048  ret_E=0.702  e_src=7.600e-01 e_L=5.715e-01 e_R=5.015e-01 e_tgt=3.533e-03  ∠U=0.37° ∠V=0.33°
Processing Lang_L11.mlp.down_proj...
  r=  128/2048  ret_E=0.159  e_src=1.052e-01 e_L=6.952e-02 e_R=7.890e-02 e_tgt=4.379e-04  ∠U=0.09° ∠V=0.10°
  r=  256/2048  ret_E=0.274  e_src=1.605e-01 e_L=1.076e-01 e_R=1.192e-01 e_tgt=5.943e-04  ∠U=0.11° ∠V=0.12°
  r=  512/2048  ret_E=0.456  e_src=2.461e-01 e_L=1.667e-01 e_R=1.810e-01 e_tgt=7.929e-04  ∠U=0.14° ∠V=0.15°
  r= 1024/2048  ret_E=0.723  e_src=2.500e-01 e_L=1.628e-01 e_R=1.897e-01 e_tgt=1.098e-03  ∠U=0.11° ∠V=0.13°
  r=  128/2048  ret_E=0.159  e_src=2.932e-01 e_L=1.956e-01 e_R=2.184e-01 e_tgt=1.301e-03  ∠U=0.26° ∠V=0.28°
  r=  256/2048  ret_E=0.274  e_src=4.509e-01 e_L=3.045e-01 e_R=3.326e-01 e_tgt=1.736e-03  ∠U=0.31° ∠V=0.34°
  r=  512/2048  ret_E=0.456  e_src=7.058e-01 e_L=4.822e-01 e_R=5.159e-01 e_tgt=2.343e-03  ∠U=0.40° ∠V=0.42°
  r= 1024/2048  ret_E=0.723  e_src=6.897e-01 e_L=4.535e-01 e_R=5.201e-01 e_tgt=3.176e-03  ∠U=0.32° ∠V=0.35°
  r=  128/2048  ret_E=0.159  e_src=3.133e-01 e_L=2.094e-01 e_R=2.330e-01 e_tgt=1.342e-03  ∠U=0.27° ∠V=0.30°
  r=  256/2048  ret_E=0.274  e_src=4.735e-01 e_L=3.199e-01 e_R=3.492e-01 e_tgt=1.820e-03  ∠U=0.33° ∠V=0.35°
  r=  512/2048  ret_E=0.456  e_src=7.525e-01 e_L=5.151e-01 e_R=5.493e-01 e_tgt=2.454e-03  ∠U=0.42° ∠V=0.45°
  r= 1024/2048  ret_E=0.723  e_src=7.255e-01 e_L=4.781e-01 e_R=5.462e-01 e_tgt=3.333e-03  ∠U=0.33° ∠V=0.37°
Processing Lang_L12.self_attn.q_proj...
  r=  128/2048  ret_E=0.400  e_src=5.760e-02 e_L=4.128e-02 e_R=4.018e-02 e_tgt=5.211e-04  ∠U=0.08° ∠V=0.08°
  r=  256/2048  ret_E=0.582  e_src=6.175e-02 e_L=4.431e-02 e_R=4.300e-02 e_tgt=6.514e-04  ∠U=0.07° ∠V=0.07°
  r=  512/2048  ret_E=0.783  e_src=8.541e-02 e_L=6.089e-02 e_R=5.991e-02 e_tgt=8.117e-04  ∠U=0.10° ∠V=0.10°
  r= 1024/2048  ret_E=0.949  e_src=9.468e-02 e_L=6.729e-02 e_R=6.663e-02 e_tgt=1.060e-03  ∠U=0.14° ∠V=0.14°
  r=  128/2048  ret_E=0.400  e_src=3.397e-01 e_L=2.416e-01 e_R=2.396e-01 e_tgt=1.704e-03  ∠U=0.50° ∠V=0.50°
  r=  256/2048  ret_E=0.582  e_src=1.952e-01 e_L=1.401e-01 e_R=1.360e-01 e_tgt=2.086e-03  ∠U=0.24° ∠V=0.23°
  r=  512/2048  ret_E=0.783  e_src=2.412e-01 e_L=1.719e-01 e_R=1.692e-01 e_tgt=2.565e-03  ∠U=0.29° ∠V=0.29°
  r= 1024/2048  ret_E=0.949  e_src=4.072e-01 e_L=2.952e-01 e_R=2.942e-01 e_tgt=3.258e-03  ∠U=0.69° ∠V=0.69°
  r=  128/2048  ret_E=0.400  e_src=3.143e-01 e_L=2.238e-01 e_R=2.213e-01 e_tgt=1.800e-03  ∠U=0.46° ∠V=0.46°
  r=  256/2048  ret_E=0.582  e_src=1.995e-01 e_L=1.433e-01 e_R=1.388e-01 e_tgt=2.202e-03  ∠U=0.24° ∠V=0.24°
  r=  512/2048  ret_E=0.783  e_src=2.447e-01 e_L=1.745e-01 e_R=1.716e-01 e_tgt=2.688e-03  ∠U=0.29° ∠V=0.29°
  r= 1024/2048  ret_E=0.949  e_src=3.899e-01 e_L=2.816e-01 e_R=2.804e-01 e_tgt=3.376e-03  ∠U=0.65° ∠V=0.65°
Processing Lang_L12.self_attn.k_proj...
  r=  128/256  ret_E=0.831  e_src=1.865e-02 e_L=9.600e-03 e_R=1.599e-02 e_tgt=3.570e-04  ∠U=0.03° ∠V=0.05°
  r=  128/256  ret_E=0.831  e_src=5.654e-02 e_L=2.993e-02 e_R=4.797e-02 e_tgt=1.329e-03  ∠U=0.11° ∠V=0.16°
  r=  128/256  ret_E=0.831  e_src=5.840e-02 e_L=3.123e-02 e_R=4.935e-02 e_tgt=1.410e-03  ∠U=0.11° ∠V=0.16°
Processing Lang_L12.self_attn.v_proj...
  r=  128/256  ret_E=0.613  e_src=4.639e-02 e_L=3.108e-02 e_R=3.445e-02 e_tgt=3.819e-04  ∠U=0.13° ∠V=0.14°
  r=  128/256  ret_E=0.613  e_src=1.348e-01 e_L=9.140e-02 e_R=9.907e-02 e_tgt=1.009e-03  ∠U=0.38° ∠V=0.41°
  r=  128/256  ret_E=0.613  e_src=1.414e-01 e_L=9.591e-02 e_R=1.039e-01 e_tgt=1.071e-03  ∠U=0.40° ∠V=0.43°
Processing Lang_L12.self_attn.o_proj...
  r=  128/2048  ret_E=0.375  e_src=6.571e-02 e_L=4.633e-02 e_R=4.659e-02 e_tgt=4.017e-04  ∠U=0.09° ∠V=0.09°
  r=  256/2048  ret_E=0.589  e_src=6.310e-02 e_L=4.413e-02 e_R=4.511e-02 e_tgt=5.332e-04  ∠U=0.08° ∠V=0.08°
  r=  512/2048  ret_E=0.795  e_src=7.695e-02 e_L=5.390e-02 e_R=5.492e-02 e_tgt=7.316e-04  ∠U=0.10° ∠V=0.10°
  r= 1024/2048  ret_E=0.954  e_src=1.431e-01 e_L=1.011e-01 e_R=1.018e-01 e_tgt=1.027e-03  ∠U=0.26° ∠V=0.26°
  r=  128/2048  ret_E=0.375  e_src=1.232e-01 e_L=8.666e-02 e_R=8.757e-02 e_tgt=1.158e-03  ∠U=0.16° ∠V=0.17°
  r=  256/2048  ret_E=0.589  e_src=1.437e-01 e_L=9.998e-02 e_R=1.032e-01 e_tgt=1.537e-03  ∠U=0.17° ∠V=0.17°
  r=  512/2048  ret_E=0.795  e_src=2.576e-01 e_L=1.814e-01 e_R=1.833e-01 e_tgt=2.050e-03  ∠U=0.34° ∠V=0.34°
  r= 1024/2048  ret_E=0.954  e_src=2.456e-01 e_L=1.727e-01 e_R=1.755e-01 e_tgt=2.748e-03  ∠U=0.41° ∠V=0.41°
  r=  128/2048  ret_E=0.375  e_src=1.308e-01 e_L=9.188e-02 e_R=9.308e-02 e_tgt=1.229e-03  ∠U=0.18° ∠V=0.18°
  r=  256/2048  ret_E=0.589  e_src=1.452e-01 e_L=1.007e-01 e_R=1.046e-01 e_tgt=1.583e-03  ∠U=0.17° ∠V=0.17°
  r=  512/2048  ret_E=0.795  e_src=2.574e-01 e_L=1.810e-01 e_R=1.835e-01 e_tgt=2.083e-03  ∠U=0.34° ∠V=0.34°
  r= 1024/2048  ret_E=0.954  e_src=2.128e-01 e_L=1.485e-01 e_R=1.526e-01 e_tgt=2.843e-03  ∠U=0.33° ∠V=0.33°
Processing Lang_L12.mlp.gate_proj...
  r=  128/2048  ret_E=0.248  e_src=6.761e-02 e_L=5.650e-02 e_R=3.712e-02 e_tgt=3.976e-04  ∠U=0.05° ∠V=0.04°
  r=  256/2048  ret_E=0.362  e_src=1.179e-01 e_L=9.265e-02 e_R=7.286e-02 e_tgt=5.597e-04  ∠U=0.07° ∠V=0.06°
  r=  512/2048  ret_E=0.528  e_src=1.868e-01 e_L=1.426e-01 e_R=1.207e-01 e_tgt=7.405e-04  ∠U=0.10° ∠V=0.09°
  r= 1024/2048  ret_E=0.763  e_src=2.736e-01 e_L=2.063e-01 e_R=1.797e-01 e_tgt=1.017e-03  ∠U=0.13° ∠V=0.11°
  r=  128/2048  ret_E=0.248  e_src=2.022e-01 e_L=1.696e-01 e_R=1.102e-01 e_tgt=1.215e-03  ∠U=0.15° ∠V=0.11°
  r=  256/2048  ret_E=0.362  e_src=3.444e-01 e_L=2.724e-01 e_R=2.107e-01 e_tgt=1.735e-03  ∠U=0.22° ∠V=0.18°
  r=  512/2048  ret_E=0.528  e_src=6.529e-01 e_L=4.887e-01 e_R=4.334e-01 e_tgt=2.343e-03  ∠U=0.34° ∠V=0.31°
  r= 1024/2048  ret_E=0.763  e_src=7.023e-01 e_L=5.393e-01 e_R=4.504e-01 e_tgt=3.038e-03  ∠U=0.32° ∠V=0.28°
  r=  128/2048  ret_E=0.248  e_src=2.161e-01 e_L=1.806e-01 e_R=1.187e-01 e_tgt=1.252e-03  ∠U=0.16° ∠V=0.12°
  r=  256/2048  ret_E=0.362  e_src=3.665e-01 e_L=2.892e-01 e_R=2.252e-01 e_tgt=1.808e-03  ∠U=0.23° ∠V=0.19°
  r=  512/2048  ret_E=0.528  e_src=6.781e-01 e_L=5.079e-01 e_R=4.498e-01 e_tgt=2.410e-03  ∠U=0.35° ∠V=0.33°
  r= 1024/2048  ret_E=0.763  e_src=6.803e-01 e_L=5.282e-01 e_R=4.290e-01 e_tgt=3.118e-03  ∠U=0.31° ∠V=0.27°
Processing Lang_L12.mlp.up_proj...
  r=  128/2048  ret_E=0.130  e_src=1.863e-01 e_L=1.345e-01 e_R=1.289e-01 e_tgt=5.756e-04  ∠U=0.18° ∠V=0.18°
  r=  256/2048  ret_E=0.238  e_src=2.349e-01 e_L=1.700e-01 e_R=1.621e-01 e_tgt=7.451e-04  ∠U=0.17° ∠V=0.17°
  r=  512/2048  ret_E=0.423  e_src=3.012e-01 e_L=2.187e-01 e_R=2.072e-01 e_tgt=9.541e-04  ∠U=0.17° ∠V=0.17°
  r= 1024/2048  ret_E=0.704  e_src=2.757e-01 e_L=2.065e-01 e_R=1.828e-01 e_tgt=1.257e-03  ∠U=0.13° ∠V=0.12°
  r=  128/2048  ret_E=0.130  e_src=5.839e-01 e_L=4.193e-01 e_R=4.067e-01 e_tgt=1.548e-03  ∠U=0.58° ∠V=0.56°
  r=  256/2048  ret_E=0.238  e_src=8.275e-01 e_L=5.939e-01 e_R=5.777e-01 e_tgt=2.112e-03  ∠U=0.61° ∠V=0.60°
  r=  512/2048  ret_E=0.423  e_src=8.640e-01 e_L=6.252e-01 e_R=5.973e-01 e_tgt=2.736e-03  ∠U=0.50° ∠V=0.48°
  r= 1024/2048  ret_E=0.704  e_src=7.572e-01 e_L=5.650e-01 e_R=5.048e-01 e_tgt=3.607e-03  ∠U=0.37° ∠V=0.34°
  r=  128/2048  ret_E=0.130  e_src=6.078e-01 e_L=4.366e-01 e_R=4.232e-01 e_tgt=1.665e-03  ∠U=0.60° ∠V=0.58°
  r=  256/2048  ret_E=0.238  e_src=8.629e-01 e_L=6.194e-01 e_R=6.024e-01 e_tgt=2.223e-03  ∠U=0.64° ∠V=0.62°
  r=  512/2048  ret_E=0.423  e_src=8.789e-01 e_L=6.365e-01 e_R=6.068e-01 e_tgt=2.884e-03  ∠U=0.50° ∠V=0.48°
  r= 1024/2048  ret_E=0.704  e_src=8.174e-01 e_L=6.075e-01 e_R=5.478e-01 e_tgt=3.744e-03  ∠U=0.40° ∠V=0.37°
Processing Lang_L12.mlp.down_proj...
  r=  128/2048  ret_E=0.154  e_src=1.268e-01 e_L=8.570e-02 e_R=9.350e-02 e_tgt=5.023e-04  ∠U=0.12° ∠V=0.13°
  r=  256/2048  ret_E=0.265  e_src=2.423e-01 e_L=1.676e-01 e_R=1.751e-01 e_tgt=7.031e-04  ∠U=0.18° ∠V=0.18°
  r=  512/2048  ret_E=0.450  e_src=4.454e-01 e_L=3.115e-01 e_R=3.192e-01 e_tgt=9.080e-04  ∠U=0.26° ∠V=0.26°
  r= 1024/2048  ret_E=0.725  e_src=2.493e-01 e_L=1.625e-01 e_R=1.891e-01 e_tgt=1.196e-03  ∠U=0.11° ∠V=0.13°
  r=  128/2048  ret_E=0.154  e_src=3.853e-01 e_L=2.632e-01 e_R=2.815e-01 e_tgt=1.547e-03  ∠U=0.36° ∠V=0.38°
  r=  256/2048  ret_E=0.265  e_src=6.121e-01 e_L=4.228e-01 e_R=4.430e-01 e_tgt=1.909e-03  ∠U=0.44° ∠V=0.46°
  r=  512/2048  ret_E=0.450  e_src=7.306e-01 e_L=5.009e-01 e_R=5.324e-01 e_tgt=2.425e-03  ∠U=0.41° ∠V=0.43°
  r= 1024/2048  ret_E=0.725  e_src=6.646e-01 e_L=4.354e-01 e_R=5.023e-01 e_tgt=3.344e-03  ∠U=0.30° ∠V=0.33°
  r=  128/2048  ret_E=0.154  e_src=3.734e-01 e_L=2.536e-01 e_R=2.742e-01 e_tgt=1.605e-03  ∠U=0.34° ∠V=0.37°
  r=  256/2048  ret_E=0.265  e_src=6.900e-01 e_L=4.785e-01 e_R=4.980e-01 e_tgt=2.022e-03  ∠U=0.50° ∠V=0.52°
  r=  512/2048  ret_E=0.450  e_src=8.335e-01 e_L=5.751e-01 e_R=6.047e-01 e_tgt=2.583e-03  ∠U=0.47° ∠V=0.49°
  r= 1024/2048  ret_E=0.725  e_src=6.923e-01 e_L=4.542e-01 e_R=5.228e-01 e_tgt=3.527e-03  ∠U=0.31° ∠V=0.35°
Processing Lang_L13.self_attn.q_proj...
  r=  128/2048  ret_E=0.412  e_src=4.812e-02 e_L=3.517e-02 e_R=3.284e-02 e_tgt=5.757e-04  ∠U=0.06° ∠V=0.06°
  r=  256/2048  ret_E=0.599  e_src=6.645e-02 e_L=4.804e-02 e_R=4.592e-02 e_tgt=7.425e-04  ∠U=0.08° ∠V=0.07°
  r=  512/2048  ret_E=0.795  e_src=9.611e-02 e_L=6.872e-02 e_R=6.720e-02 e_tgt=9.347e-04  ∠U=0.11° ∠V=0.11°
  r= 1024/2048  ret_E=0.954  e_src=8.896e-02 e_L=6.361e-02 e_R=6.220e-02 e_tgt=1.199e-03  ∠U=0.13° ∠V=0.13°
  r=  128/2048  ret_E=0.412  e_src=1.330e-01 e_L=9.743e-02 e_R=9.046e-02 e_tgt=1.983e-03  ∠U=0.16° ∠V=0.15°
  r=  256/2048  ret_E=0.599  e_src=1.874e-01 e_L=1.356e-01 e_R=1.294e-01 e_tgt=2.376e-03  ∠U=0.21° ∠V=0.21°
  r=  512/2048  ret_E=0.795  e_src=2.490e-01 e_L=1.782e-01 e_R=1.739e-01 e_tgt=2.901e-03  ∠U=0.29° ∠V=0.29°
  r= 1024/2048  ret_E=0.954  e_src=2.178e-01 e_L=1.556e-01 e_R=1.524e-01 e_tgt=3.600e-03  ∠U=0.30° ∠V=0.30°
  r=  128/2048  ret_E=0.412  e_src=1.389e-01 e_L=1.020e-01 e_R=9.417e-02 e_tgt=2.163e-03  ∠U=0.17° ∠V=0.16°
  r=  256/2048  ret_E=0.599  e_src=1.994e-01 e_L=1.443e-01 e_R=1.376e-01 e_tgt=2.573e-03  ∠U=0.23° ∠V=0.22°
  r=  512/2048  ret_E=0.795  e_src=2.627e-01 e_L=1.882e-01 e_R=1.834e-01 e_tgt=3.119e-03  ∠U=0.31° ∠V=0.30°
  r= 1024/2048  ret_E=0.954  e_src=2.277e-01 e_L=1.630e-01 e_R=1.591e-01 e_tgt=3.844e-03  ∠U=0.31° ∠V=0.31°
Processing Lang_L13.self_attn.k_proj...
  r=  128/256  ret_E=0.803  e_src=3.349e-02 e_L=2.129e-02 e_R=2.585e-02 e_tgt=4.405e-04  ∠U=0.07° ∠V=0.08°
  r=  128/256  ret_E=0.803  e_src=8.749e-02 e_L=5.443e-02 e_R=6.851e-02 e_tgt=1.206e-03  ∠U=0.18° ∠V=0.21°
  r=  128/256  ret_E=0.803  e_src=1.002e-01 e_L=6.420e-02 e_R=7.691e-02 e_tgt=1.315e-03  ∠U=0.21° ∠V=0.24°
Processing Lang_L13.self_attn.v_proj...
  r=  128/256  ret_E=0.704  e_src=4.025e-02 e_L=2.615e-02 e_R=3.060e-02 e_tgt=4.344e-04  ∠U=0.13° ∠V=0.15°
  r=  128/256  ret_E=0.704  e_src=9.482e-02 e_L=6.068e-02 e_R=7.288e-02 e_tgt=1.087e-03  ∠U=0.30° ∠V=0.34°
  r=  128/256  ret_E=0.704  e_src=1.021e-01 e_L=6.575e-02 e_R=7.810e-02 e_tgt=1.029e-03  ∠U=0.32° ∠V=0.37°
Processing Lang_L13.self_attn.o_proj...
  r=  128/2048  ret_E=0.361  e_src=5.643e-02 e_L=3.931e-02 e_R=4.048e-02 e_tgt=4.366e-04  ∠U=0.09° ∠V=0.09°
  r=  256/2048  ret_E=0.542  e_src=9.646e-02 e_L=6.780e-02 e_R=6.863e-02 e_tgt=5.825e-04  ∠U=0.14° ∠V=0.14°
  r=  512/2048  ret_E=0.758  e_src=2.395e-01 e_L=1.699e-01 e_R=1.702e-01 e_tgt=8.262e-04  ∠U=0.35° ∠V=0.35°
  r= 1024/2048  ret_E=0.942  e_src=8.697e-02 e_L=6.126e-02 e_R=6.175e-02 e_tgt=1.116e-03  ∠U=0.14° ∠V=0.14°
  r=  128/2048  ret_E=0.361  e_src=1.418e-01 e_L=9.901e-02 e_R=1.015e-01 e_tgt=1.302e-03  ∠U=0.23° ∠V=0.23°
  r=  256/2048  ret_E=0.542  e_src=2.089e-01 e_L=1.470e-01 e_R=1.485e-01 e_tgt=1.613e-03  ∠U=0.30° ∠V=0.30°
  r=  512/2048  ret_E=0.758  e_src=2.898e-01 e_L=2.049e-01 e_R=2.056e-01 e_tgt=2.189e-03  ∠U=0.40° ∠V=0.40°
  r= 1024/2048  ret_E=0.942  e_src=2.319e-01 e_L=1.637e-01 e_R=1.644e-01 e_tgt=2.947e-03  ∠U=0.37° ∠V=0.37°
  r=  128/2048  ret_E=0.361  e_src=1.549e-01 e_L=1.080e-01 e_R=1.111e-01 e_tgt=1.360e-03  ∠U=0.25° ∠V=0.26°
  r=  256/2048  ret_E=0.542  e_src=2.242e-01 e_L=1.576e-01 e_R=1.596e-01 e_tgt=1.735e-03  ∠U=0.32° ∠V=0.32°
  r=  512/2048  ret_E=0.758  e_src=2.421e-01 e_L=1.706e-01 e_R=1.719e-01 e_tgt=2.309e-03  ∠U=0.32° ∠V=0.32°
  r= 1024/2048  ret_E=0.942  e_src=2.436e-01 e_L=1.719e-01 e_R=1.729e-01 e_tgt=3.090e-03  ∠U=0.39° ∠V=0.39°
Processing Lang_L13.mlp.gate_proj...
  r=  128/2048  ret_E=0.185  e_src=9.479e-02 e_L=7.472e-02 e_R=5.833e-02 e_tgt=4.678e-04  ∠U=0.09° ∠V=0.07°
  r=  256/2048  ret_E=0.297  e_src=1.528e-01 e_L=1.163e-01 e_R=9.909e-02 e_tgt=6.067e-04  ∠U=0.11° ∠V=0.09°
  r=  512/2048  ret_E=0.476  e_src=2.256e-01 e_L=1.694e-01 e_R=1.491e-01 e_tgt=7.924e-04  ∠U=0.13° ∠V=0.11°
  r= 1024/2048  ret_E=0.734  e_src=2.470e-01 e_L=1.904e-01 e_R=1.573e-01 e_tgt=1.109e-03  ∠U=0.12° ∠V=0.10°
  r=  128/2048  ret_E=0.185  e_src=2.765e-01 e_L=2.178e-01 e_R=1.703e-01 e_tgt=1.401e-03  ∠U=0.25° ∠V=0.20°
  r=  256/2048  ret_E=0.297  e_src=4.161e-01 e_L=3.190e-01 e_R=2.673e-01 e_tgt=1.818e-03  ∠U=0.29° ∠V=0.25°
  r=  512/2048  ret_E=0.476  e_src=6.130e-01 e_L=4.619e-01 e_R=4.031e-01 e_tgt=2.338e-03  ∠U=0.34° ∠V=0.31°
  r= 1024/2048  ret_E=0.734  e_src=6.643e-01 e_L=5.145e-01 e_R=4.204e-01 e_tgt=3.195e-03  ∠U=0.32° ∠V=0.27°
  r=  128/2048  ret_E=0.185  e_src=2.948e-01 e_L=2.320e-01 e_R=1.818e-01 e_tgt=1.447e-03  ∠U=0.26° ∠V=0.22°
  r=  256/2048  ret_E=0.297  e_src=4.382e-01 e_L=3.360e-01 e_R=2.813e-01 e_tgt=1.818e-03  ∠U=0.30° ∠V=0.26°
  r=  512/2048  ret_E=0.476  e_src=6.229e-01 e_L=4.713e-01 e_R=4.075e-01 e_tgt=2.365e-03  ∠U=0.35° ∠V=0.31°
  r= 1024/2048  ret_E=0.734  e_src=7.217e-01 e_L=5.555e-01 e_R=4.613e-01 e_tgt=3.280e-03  ∠U=0.34° ∠V=0.30°
Processing Lang_L13.mlp.up_proj...
  r=  128/2048  ret_E=0.128  e_src=2.270e-01 e_L=1.632e-01 e_R=1.578e-01 e_tgt=5.269e-04  ∠U=0.21° ∠V=0.21°
  r=  256/2048  ret_E=0.235  e_src=2.252e-01 e_L=1.640e-01 e_R=1.544e-01 e_tgt=6.623e-04  ∠U=0.16° ∠V=0.15°
  r=  512/2048  ret_E=0.419  e_src=3.578e-01 e_L=2.586e-01 e_R=2.475e-01 e_tgt=8.872e-04  ∠U=0.20° ∠V=0.19°
  r= 1024/2048  ret_E=0.700  e_src=3.148e-01 e_L=2.340e-01 e_R=2.106e-01 e_tgt=1.204e-03  ∠U=0.15° ∠V=0.13°
  r=  128/2048  ret_E=0.128  e_src=6.085e-01 e_L=4.385e-01 e_R=4.224e-01 e_tgt=1.424e-03  ∠U=0.58° ∠V=0.56°
  r=  256/2048  ret_E=0.235  e_src=7.649e-01 e_L=5.520e-01 e_R=5.301e-01 e_tgt=1.847e-03  ∠U=0.54° ∠V=0.52°
  r=  512/2048  ret_E=0.419  e_src=8.638e-01 e_L=6.278e-01 e_R=5.942e-01 e_tgt=2.425e-03  ∠U=0.47° ∠V=0.45°
  r= 1024/2048  ret_E=0.700  e_src=7.675e-01 e_L=5.764e-01 e_R=5.072e-01 e_tgt=3.208e-03  ∠U=0.35° ∠V=0.32°
  r=  128/2048  ret_E=0.128  e_src=6.464e-01 e_L=4.657e-01 e_R=4.488e-01 e_tgt=1.492e-03  ∠U=0.61° ∠V=0.59°
  r=  256/2048  ret_E=0.235  e_src=7.894e-01 e_L=5.701e-01 e_R=5.467e-01 e_tgt=1.931e-03  ∠U=0.56° ∠V=0.54°
  r=  512/2048  ret_E=0.419  e_src=8.876e-01 e_L=6.457e-01 e_R=6.099e-01 e_tgt=2.532e-03  ∠U=0.49° ∠V=0.46°
  r= 1024/2048  ret_E=0.700  e_src=8.220e-01 e_L=6.154e-01 e_R=5.457e-01 e_tgt=3.352e-03  ∠U=0.38° ∠V=0.35°
Processing Lang_L13.mlp.down_proj...
  r=  128/2048  ret_E=0.161  e_src=1.121e-01 e_L=7.399e-02 e_R=8.423e-02 e_tgt=4.263e-04  ∠U=0.09° ∠V=0.10°
  r=  256/2048  ret_E=0.275  e_src=1.611e-01 e_L=1.071e-01 e_R=1.203e-01 e_tgt=5.785e-04  ∠U=0.10° ∠V=0.11°
  r=  512/2048  ret_E=0.457  e_src=2.660e-01 e_L=1.806e-01 e_R=1.954e-01 e_tgt=8.262e-04  ∠U=0.14° ∠V=0.15°
  r= 1024/2048  ret_E=0.724  e_src=3.708e-01 e_L=2.523e-01 e_R=2.722e-01 e_tgt=1.164e-03  ∠U=0.17° ∠V=0.18°
  r=  128/2048  ret_E=0.161  e_src=2.876e-01 e_L=1.881e-01 e_R=2.176e-01 e_tgt=1.185e-03  ∠U=0.23° ∠V=0.26°
  r=  256/2048  ret_E=0.275  e_src=4.587e-01 e_L=3.071e-01 e_R=3.408e-01 e_tgt=1.603e-03  ∠U=0.30° ∠V=0.33°
  r=  512/2048  ret_E=0.457  e_src=7.187e-01 e_L=4.887e-01 e_R=5.276e-01 e_tgt=2.182e-03  ∠U=0.38° ∠V=0.41°
  r= 1024/2048  ret_E=0.724  e_src=7.623e-01 e_L=5.045e-01 e_R=5.722e-01 e_tgt=3.071e-03  ∠U=0.34° ∠V=0.37°
  r=  128/2048  ret_E=0.161  e_src=3.046e-01 e_L=1.994e-01 e_R=2.302e-01 e_tgt=1.303e-03  ∠U=0.25° ∠V=0.28°
  r=  256/2048  ret_E=0.275  e_src=4.825e-01 e_L=3.231e-01 e_R=3.585e-01 e_tgt=1.708e-03  ∠U=0.31° ∠V=0.34°
  r=  512/2048  ret_E=0.457  e_src=7.034e-01 e_L=4.755e-01 e_R=5.187e-01 e_tgt=2.328e-03  ∠U=0.37° ∠V=0.40°
  r= 1024/2048  ret_E=0.724  e_src=7.596e-01 e_L=4.994e-01 e_R=5.728e-01 e_tgt=3.202e-03  ∠U=0.33° ∠V=0.37°
Processing Lang_L14.self_attn.q_proj...
  r=  128/2048  ret_E=0.393  e_src=4.599e-02 e_L=3.367e-02 e_R=3.133e-02 e_tgt=4.785e-04  ∠U=0.06° ∠V=0.06°
  r=  256/2048  ret_E=0.573  e_src=7.019e-02 e_L=5.065e-02 e_R=4.859e-02 e_tgt=6.517e-04  ∠U=0.08° ∠V=0.08°
  r=  512/2048  ret_E=0.775  e_src=9.088e-02 e_L=6.517e-02 e_R=6.335e-02 e_tgt=8.325e-04  ∠U=0.11° ∠V=0.10°
  r= 1024/2048  ret_E=0.947  e_src=8.125e-02 e_L=5.832e-02 e_R=5.657e-02 e_tgt=1.095e-03  ∠U=0.11° ∠V=0.11°
  r=  128/2048  ret_E=0.393  e_src=1.453e-01 e_L=1.066e-01 e_R=9.867e-02 e_tgt=1.614e-03  ∠U=0.19° ∠V=0.18°
  r=  256/2048  ret_E=0.573  e_src=2.051e-01 e_L=1.481e-01 e_R=1.419e-01 e_tgt=2.098e-03  ∠U=0.24° ∠V=0.24°
  r=  512/2048  ret_E=0.775  e_src=2.776e-01 e_L=1.987e-01 e_R=1.941e-01 e_tgt=2.543e-03  ∠U=0.33° ∠V=0.32°
  r= 1024/2048  ret_E=0.947  e_src=2.388e-01 e_L=1.710e-01 e_R=1.669e-01 e_tgt=3.284e-03  ∠U=0.33° ∠V=0.33°
  r=  128/2048  ret_E=0.393  e_src=1.523e-01 e_L=1.120e-01 e_R=1.032e-01 e_tgt=1.724e-03  ∠U=0.20° ∠V=0.19°
  r=  256/2048  ret_E=0.573  e_src=2.011e-01 e_L=1.459e-01 e_R=1.384e-01 e_tgt=2.226e-03  ∠U=0.24° ∠V=0.23°
  r=  512/2048  ret_E=0.775  e_src=2.767e-01 e_L=1.985e-01 e_R=1.929e-01 e_tgt=2.674e-03  ∠U=0.32° ∠V=0.32°
  r= 1024/2048  ret_E=0.947  e_src=2.422e-01 e_L=1.738e-01 e_R=1.689e-01 e_tgt=3.402e-03  ∠U=0.33° ∠V=0.33°
Processing Lang_L14.self_attn.k_proj...
  r=  128/256  ret_E=0.778  e_src=2.675e-02 e_L=1.633e-02 e_R=2.119e-02 e_tgt=4.209e-04  ∠U=0.05° ∠V=0.07°
  r=  128/256  ret_E=0.778  e_src=7.233e-02 e_L=4.240e-02 e_R=5.861e-02 e_tgt=1.513e-03  ∠U=0.14° ∠V=0.18°
  r=  128/256  ret_E=0.778  e_src=7.436e-02 e_L=4.378e-02 e_R=6.011e-02 e_tgt=1.583e-03  ∠U=0.14° ∠V=0.18°
Processing Lang_L14.self_attn.v_proj...
  r=  128/256  ret_E=0.611  e_src=5.616e-02 e_L=3.808e-02 e_R=4.127e-02 e_tgt=4.686e-04  ∠U=0.17° ∠V=0.18°
  r=  128/256  ret_E=0.611  e_src=1.662e-01 e_L=1.144e-01 e_R=1.207e-01 e_tgt=1.154e-03  ∠U=0.50° ∠V=0.53°
  r=  128/256  ret_E=0.611  e_src=1.657e-01 e_L=1.137e-01 e_R=1.206e-01 e_tgt=1.250e-03  ∠U=0.50° ∠V=0.52°
Processing Lang_L14.self_attn.o_proj...
  r=  128/2048  ret_E=0.328  e_src=6.793e-02 e_L=4.728e-02 e_R=4.878e-02 e_tgt=4.393e-04  ∠U=0.10° ∠V=0.10°
  r=  256/2048  ret_E=0.538  e_src=7.003e-02 e_L=4.847e-02 e_R=5.054e-02 e_tgt=5.949e-04  ∠U=0.09° ∠V=0.09°
  r=  512/2048  ret_E=0.770  e_src=8.586e-02 e_L=5.988e-02 e_R=6.154e-02 e_tgt=8.357e-04  ∠U=0.11° ∠V=0.11°
  r= 1024/2048  ret_E=0.949  e_src=8.367e-02 e_L=5.813e-02 e_R=6.019e-02 e_tgt=1.123e-03  ∠U=0.13° ∠V=0.13°
  r=  128/2048  ret_E=0.328  e_src=1.615e-01 e_L=1.119e-01 e_R=1.165e-01 e_tgt=1.085e-03  ∠U=0.24° ∠V=0.25°
  r=  256/2048  ret_E=0.538  e_src=1.716e-01 e_L=1.181e-01 e_R=1.244e-01 e_tgt=1.480e-03  ∠U=0.21° ∠V=0.22°
  r=  512/2048  ret_E=0.770  e_src=2.072e-01 e_L=1.442e-01 e_R=1.489e-01 e_tgt=2.064e-03  ∠U=0.25° ∠V=0.25°
  r= 1024/2048  ret_E=0.949  e_src=2.112e-01 e_L=1.467e-01 e_R=1.521e-01 e_tgt=2.782e-03  ∠U=0.33° ∠V=0.33°
  r=  128/2048  ret_E=0.328  e_src=1.626e-01 e_L=1.122e-01 e_R=1.177e-01 e_tgt=1.130e-03  ∠U=0.24° ∠V=0.25°
  r=  256/2048  ret_E=0.538  e_src=1.835e-01 e_L=1.261e-01 e_R=1.333e-01 e_tgt=1.564e-03  ∠U=0.23° ∠V=0.23°
  r=  512/2048  ret_E=0.770  e_src=2.222e-01 e_L=1.543e-01 e_R=1.599e-01 e_tgt=2.183e-03  ∠U=0.27° ∠V=0.28°
  r= 1024/2048  ret_E=0.949  e_src=2.139e-01 e_L=1.479e-01 e_R=1.547e-01 e_tgt=2.863e-03  ∠U=0.32° ∠V=0.33°
Processing Lang_L14.mlp.gate_proj...
  r=  128/2048  ret_E=0.202  e_src=8.700e-02 e_L=7.109e-02 e_R=5.015e-02 e_tgt=5.445e-04  ∠U=0.08° ∠V=0.06°
  r=  256/2048  ret_E=0.316  e_src=1.563e-01 e_L=1.198e-01 e_R=1.003e-01 e_tgt=6.673e-04  ∠U=0.11° ∠V=0.09°
  r=  512/2048  ret_E=0.490  e_src=2.208e-01 e_L=1.673e-01 e_R=1.441e-01 e_tgt=8.598e-04  ∠U=0.12° ∠V=0.11°
  r= 1024/2048  ret_E=0.741  e_src=3.256e-01 e_L=2.436e-01 e_R=2.164e-01 e_tgt=1.149e-03  ∠U=0.16° ∠V=0.15°
  r=  128/2048  ret_E=0.202  e_src=2.529e-01 e_L=2.055e-01 e_R=1.474e-01 e_tgt=1.359e-03  ∠U=0.22° ∠V=0.17°
  r=  256/2048  ret_E=0.316  e_src=4.571e-01 e_L=3.484e-01 e_R=2.962e-01 e_tgt=1.767e-03  ∠U=0.32° ∠V=0.28°
  r=  512/2048  ret_E=0.490  e_src=5.643e-01 e_L=4.321e-01 e_R=3.630e-01 e_tgt=2.328e-03  ∠U=0.31° ∠V=0.28°
  r= 1024/2048  ret_E=0.741  e_src=6.386e-01 e_L=5.000e-01 e_R=3.974e-01 e_tgt=3.092e-03  ∠U=0.31° ∠V=0.26°
  r=  128/2048  ret_E=0.202  e_src=2.632e-01 e_L=2.153e-01 e_R=1.515e-01 e_tgt=1.406e-03  ∠U=0.23° ∠V=0.17°
  r=  256/2048  ret_E=0.316  e_src=4.844e-01 e_L=3.693e-01 e_R=3.137e-01 e_tgt=1.799e-03  ∠U=0.34° ∠V=0.30°
  r=  512/2048  ret_E=0.490  e_src=5.918e-01 e_L=4.535e-01 e_R=3.803e-01 e_tgt=2.408e-03  ∠U=0.33° ∠V=0.29°
  r= 1024/2048  ret_E=0.741  e_src=6.632e-01 e_L=5.200e-01 e_R=4.118e-01 e_tgt=3.186e-03  ∠U=0.32° ∠V=0.27°
Processing Lang_L14.mlp.up_proj...
  r=  128/2048  ret_E=0.130  e_src=2.089e-01 e_L=1.514e-01 e_R=1.440e-01 e_tgt=6.010e-04  ∠U=0.20° ∠V=0.19°
  r=  256/2048  ret_E=0.237  e_src=4.028e-01 e_L=2.882e-01 e_R=2.818e-01 e_tgt=7.376e-04  ∠U=0.29° ∠V=0.28°
  r=  512/2048  ret_E=0.421  e_src=3.831e-01 e_L=2.767e-01 e_R=2.652e-01 e_tgt=9.531e-04  ∠U=0.21° ∠V=0.20°
  r= 1024/2048  ret_E=0.701  e_src=2.805e-01 e_L=2.120e-01 e_R=1.837e-01 e_tgt=1.259e-03  ∠U=0.13° ∠V=0.12°
  r=  128/2048  ret_E=0.130  e_src=5.385e-01 e_L=3.913e-01 e_R=3.701e-01 e_tgt=1.769e-03  ∠U=0.51° ∠V=0.49°
  r=  256/2048  ret_E=0.237  e_src=1.885e+00 e_L=1.378e+00 e_R=1.368e+00 e_tgt=2.101e-03  ∠U=1.38° ∠V=1.37°
  r=  512/2048  ret_E=0.421  e_src=1.076e+00 e_L=7.781e-01 e_R=7.495e-01 e_tgt=2.695e-03  ∠U=0.59° ∠V=0.58°
  r= 1024/2048  ret_E=0.701  e_src=8.769e-01 e_L=6.508e-01 e_R=5.897e-01 e_tgt=3.615e-03  ∠U=0.41° ∠V=0.38°
  r=  128/2048  ret_E=0.130  e_src=5.893e-01 e_L=4.276e-01 e_R=4.056e-01 e_tgt=1.804e-03  ∠U=0.56° ∠V=0.53°
  r=  256/2048  ret_E=0.237  e_src=2.047e+00 e_L=1.506e+00 e_R=1.496e+00 e_tgt=2.178e-03  ∠U=1.51° ∠V=1.50°
  r=  512/2048  ret_E=0.421  e_src=9.836e-01 e_L=7.137e-01 e_R=6.790e-01 e_tgt=2.806e-03  ∠U=0.54° ∠V=0.52°
  r= 1024/2048  ret_E=0.701  e_src=8.975e-01 e_L=6.671e-01 e_R=6.021e-01 e_tgt=3.751e-03  ∠U=0.42° ∠V=0.39°
Processing Lang_L14.mlp.down_proj...
  r=  128/2048  ret_E=0.151  e_src=1.584e-01 e_L=1.077e-01 e_R=1.161e-01 e_tgt=5.150e-04  ∠U=0.14° ∠V=0.15°
  r=  256/2048  ret_E=0.260  e_src=2.546e-01 e_L=1.753e-01 e_R=1.847e-01 e_tgt=7.005e-04  ∠U=0.18° ∠V=0.18°
  r=  512/2048  ret_E=0.441  e_src=3.397e-01 e_L=2.339e-01 e_R=2.465e-01 e_tgt=9.458e-04  ∠U=0.18° ∠V=0.19°
  r= 1024/2048  ret_E=0.714  e_src=3.226e-01 e_L=2.156e-01 e_R=2.401e-01 e_tgt=1.271e-03  ∠U=0.14° ∠V=0.16°
  r=  128/2048  ret_E=0.151  e_src=3.723e-01 e_L=2.508e-01 e_R=2.753e-01 e_tgt=1.482e-03  ∠U=0.33° ∠V=0.35°
  r=  256/2048  ret_E=0.260  e_src=6.191e-01 e_L=4.244e-01 e_R=4.510e-01 e_tgt=1.916e-03  ∠U=0.43° ∠V=0.45°
  r=  512/2048  ret_E=0.441  e_src=8.722e-01 e_L=6.010e-01 e_R=6.338e-01 e_tgt=2.591e-03  ∠U=0.47° ∠V=0.50°
  r= 1024/2048  ret_E=0.714  e_src=7.498e-01 e_L=4.946e-01 e_R=5.640e-01 e_tgt=3.411e-03  ∠U=0.33° ∠V=0.36°
  r=  128/2048  ret_E=0.151  e_src=4.132e-01 e_L=2.795e-01 e_R=3.045e-01 e_tgt=1.547e-03  ∠U=0.36° ∠V=0.39°
  r=  256/2048  ret_E=0.260  e_src=6.029e-01 e_L=4.109e-01 e_R=4.413e-01 e_tgt=1.985e-03  ∠U=0.41° ∠V=0.44°
  r=  512/2048  ret_E=0.441  e_src=1.022e+00 e_L=7.098e-01 e_R=7.406e-01 e_tgt=2.653e-03  ∠U=0.56° ∠V=0.58°
  r= 1024/2048  ret_E=0.714  e_src=7.979e-01 e_L=5.280e-01 e_R=5.987e-01 e_tgt=3.496e-03  ∠U=0.35° ∠V=0.38°
Processing Lang_L15.self_attn.q_proj...
  r=  128/2048  ret_E=0.422  e_src=4.818e-02 e_L=3.628e-02 e_R=3.171e-02 e_tgt=6.006e-04  ∠U=0.06° ∠V=0.06°
  r=  256/2048  ret_E=0.612  e_src=6.455e-02 e_L=4.792e-02 e_R=4.325e-02 e_tgt=7.264e-04  ∠U=0.08° ∠V=0.07°
  r=  512/2048  ret_E=0.807  e_src=8.512e-02 e_L=6.210e-02 e_R=5.822e-02 e_tgt=9.600e-04  ∠U=0.10° ∠V=0.10°
  r= 1024/2048  ret_E=0.958  e_src=9.054e-02 e_L=6.545e-02 e_R=6.258e-02 e_tgt=1.255e-03  ∠U=0.14° ∠V=0.14°
  r=  128/2048  ret_E=0.422  e_src=1.648e-01 e_L=1.207e-01 e_R=1.123e-01 e_tgt=1.562e-03  ∠U=0.22° ∠V=0.21°
  r=  256/2048  ret_E=0.612  e_src=1.833e-01 e_L=1.342e-01 e_R=1.248e-01 e_tgt=2.010e-03  ∠U=0.21° ∠V=0.21°
  r=  512/2048  ret_E=0.807  e_src=2.375e-01 e_L=1.716e-01 e_R=1.644e-01 e_tgt=2.484e-03  ∠U=0.28° ∠V=0.28°
  r= 1024/2048  ret_E=0.958  e_src=2.355e-01 e_L=1.690e-01 e_R=1.643e-01 e_tgt=3.233e-03  ∠U=0.36° ∠V=0.36°
  r=  128/2048  ret_E=0.422  e_src=1.664e-01 e_L=1.226e-01 e_R=1.126e-01 e_tgt=1.656e-03  ∠U=0.22° ∠V=0.21°
  r=  256/2048  ret_E=0.612  e_src=1.925e-01 e_L=1.414e-01 e_R=1.306e-01 e_tgt=2.140e-03  ∠U=0.23° ∠V=0.22°
  r=  512/2048  ret_E=0.807  e_src=2.413e-01 e_L=1.749e-01 e_R=1.662e-01 e_tgt=2.655e-03  ∠U=0.29° ∠V=0.28°
  r= 1024/2048  ret_E=0.958  e_src=2.379e-01 e_L=1.712e-01 e_R=1.653e-01 e_tgt=3.394e-03  ∠U=0.36° ∠V=0.35°
Processing Lang_L15.self_attn.k_proj...
  r=  128/256  ret_E=0.826  e_src=2.154e-02 e_L=1.162e-02 e_R=1.814e-02 e_tgt=5.075e-04  ∠U=0.04° ∠V=0.06°
  r=  128/256  ret_E=0.826  e_src=6.084e-02 e_L=3.317e-02 e_R=5.100e-02 e_tgt=1.245e-03  ∠U=0.11° ∠V=0.16°
  r=  128/256  ret_E=0.826  e_src=6.279e-02 e_L=3.470e-02 e_R=5.233e-02 e_tgt=1.310e-03  ∠U=0.11° ∠V=0.16°
Processing Lang_L15.self_attn.v_proj...
  r=  128/256  ret_E=0.675  e_src=1.107e-01 e_L=7.753e-02 e_R=7.924e-02 e_tgt=5.404e-04  ∠U=0.36° ∠V=0.37°
  r=  128/256  ret_E=0.675  e_src=1.304e-01 e_L=8.807e-02 e_R=9.624e-02 e_tgt=1.409e-03  ∠U=0.40° ∠V=0.43°
  r=  128/256  ret_E=0.675  e_src=2.155e-01 e_L=1.502e-01 e_R=1.556e-01 e_tgt=1.488e-03  ∠U=0.70° ∠V=0.72°
Processing Lang_L15.self_attn.o_proj...
  r=  128/2048  ret_E=0.334  e_src=1.022e-01 e_L=7.166e-02 e_R=7.295e-02 e_tgt=4.515e-04  ∠U=0.16° ∠V=0.17°
  r=  256/2048  ret_E=0.531  e_src=1.299e-01 e_L=9.110e-02 e_R=9.265e-02 e_tgt=6.323e-04  ∠U=0.18° ∠V=0.18°
  r=  512/2048  ret_E=0.763  e_src=8.781e-02 e_L=6.077e-02 e_R=6.338e-02 e_tgt=8.498e-04  ∠U=0.11° ∠V=0.11°
  r= 1024/2048  ret_E=0.948  e_src=8.333e-02 e_L=5.741e-02 e_R=6.040e-02 e_tgt=1.126e-03  ∠U=0.13° ∠V=0.13°
  r=  128/2048  ret_E=0.334  e_src=1.543e-01 e_L=1.059e-01 e_R=1.122e-01 e_tgt=1.034e-03  ∠U=0.23° ∠V=0.25°
  r=  256/2048  ret_E=0.531  e_src=1.881e-01 e_L=1.294e-01 e_R=1.365e-01 e_tgt=1.418e-03  ∠U=0.24° ∠V=0.25°
  r=  512/2048  ret_E=0.763  e_src=2.072e-01 e_L=1.427e-01 e_R=1.502e-01 e_tgt=1.992e-03  ∠U=0.25° ∠V=0.26°
  r= 1024/2048  ret_E=0.948  e_src=2.080e-01 e_L=1.431e-01 e_R=1.511e-01 e_tgt=2.729e-03  ∠U=0.32° ∠V=0.32°
  r=  128/2048  ret_E=0.334  e_src=1.775e-01 e_L=1.221e-01 e_R=1.288e-01 e_tgt=1.147e-03  ∠U=0.27° ∠V=0.28°
  r=  256/2048  ret_E=0.531  e_src=2.079e-01 e_L=1.429e-01 e_R=1.511e-01 e_tgt=1.517e-03  ∠U=0.27° ∠V=0.28°
  r=  512/2048  ret_E=0.763  e_src=2.207e-01 e_L=1.516e-01 e_R=1.604e-01 e_tgt=2.084e-03  ∠U=0.27° ∠V=0.28°
  r= 1024/2048  ret_E=0.948  e_src=2.167e-01 e_L=1.485e-01 e_R=1.579e-01 e_tgt=2.825e-03  ∠U=0.33° ∠V=0.34°
Processing Lang_L15.mlp.gate_proj...
  r=  128/2048  ret_E=0.188  e_src=1.124e-01 e_L=8.801e-02 e_R=6.992e-02 e_tgt=5.406e-04  ∠U=0.10° ∠V=0.09°
  r=  256/2048  ret_E=0.300  e_src=1.768e-01 e_L=1.340e-01 e_R=1.153e-01 e_tgt=7.007e-04  ∠U=0.13° ∠V=0.11°
  r=  512/2048  ret_E=0.478  e_src=2.235e-01 e_L=1.700e-01 e_R=1.451e-01 e_tgt=8.799e-04  ∠U=0.13° ∠V=0.11°
  r= 1024/2048  ret_E=0.735  e_src=2.759e-01 e_L=2.117e-01 e_R=1.770e-01 e_tgt=1.192e-03  ∠U=0.14° ∠V=0.12°
  r=  128/2048  ret_E=0.188  e_src=3.047e-01 e_L=2.400e-01 e_R=1.877e-01 e_tgt=1.377e-03  ∠U=0.28° ∠V=0.23°
  r=  256/2048  ret_E=0.300  e_src=4.853e-01 e_L=3.681e-01 e_R=3.164e-01 e_tgt=1.802e-03  ∠U=0.35° ∠V=0.31°
  r=  512/2048  ret_E=0.478  e_src=6.046e-01 e_L=4.594e-01 e_R=3.933e-01 e_tgt=2.340e-03  ∠U=0.35° ∠V=0.31°
  r= 1024/2048  ret_E=0.735  e_src=7.354e-01 e_L=5.639e-01 e_R=4.729e-01 e_tgt=3.064e-03  ∠U=0.36° ∠V=0.32°
  r=  128/2048  ret_E=0.188  e_src=3.438e-01 e_L=2.681e-01 e_R=2.152e-01 e_tgt=1.445e-03  ∠U=0.32° ∠V=0.27°
  r=  256/2048  ret_E=0.300  e_src=5.085e-01 e_L=3.865e-01 e_R=3.306e-01 e_tgt=1.907e-03  ∠U=0.36° ∠V=0.32°
  r=  512/2048  ret_E=0.478  e_src=6.168e-01 e_L=4.710e-01 e_R=3.984e-01 e_tgt=2.492e-03  ∠U=0.35° ∠V=0.31°
  r= 1024/2048  ret_E=0.735  e_src=7.052e-01 e_L=5.484e-01 e_R=4.436e-01 e_tgt=3.229e-03  ∠U=0.35° ∠V=0.30°
Processing Lang_L15.mlp.up_proj...
  r=  128/2048  ret_E=0.136  e_src=4.025e-01 e_L=2.870e-01 e_R=2.827e-01 e_tgt=5.878e-04  ∠U=0.37° ∠V=0.37°
  r=  256/2048  ret_E=0.244  e_src=2.483e-01 e_L=1.812e-01 e_R=1.698e-01 e_tgt=7.686e-04  ∠U=0.17° ∠V=0.16°
  r=  512/2048  ret_E=0.429  e_src=2.685e-01 e_L=1.985e-01 e_R=1.808e-01 e_tgt=1.008e-03  ∠U=0.15° ∠V=0.13°
  r= 1024/2048  ret_E=0.708  e_src=3.425e-01 e_L=2.542e-01 e_R=2.297e-01 e_tgt=1.314e-03  ∠U=0.16° ∠V=0.15°
  r=  128/2048  ret_E=0.136  e_src=7.258e-01 e_L=5.234e-01 e_R=5.047e-01 e_tgt=1.717e-03  ∠U=0.67° ∠V=0.65°
  r=  256/2048  ret_E=0.244  e_src=6.591e-01 e_L=4.818e-01 e_R=4.500e-01 e_tgt=2.190e-03  ∠U=0.46° ∠V=0.43°
  r=  512/2048  ret_E=0.429  e_src=7.708e-01 e_L=5.671e-01 e_R=5.225e-01 e_tgt=2.746e-03  ∠U=0.42° ∠V=0.39°
  r= 1024/2048  ret_E=0.708  e_src=1.046e+00 e_L=7.708e-01 e_R=7.150e-01 e_tgt=3.484e-03  ∠U=0.49° ∠V=0.46°
  r=  128/2048  ret_E=0.136  e_src=6.462e-01 e_L=4.690e-01 e_R=4.451e-01 e_tgt=1.841e-03  ∠U=0.60° ∠V=0.57°
  r=  256/2048  ret_E=0.244  e_src=6.702e-01 e_L=4.913e-01 e_R=4.561e-01 e_tgt=2.333e-03  ∠U=0.47° ∠V=0.44°
  r=  512/2048  ret_E=0.429  e_src=8.027e-01 e_L=5.910e-01 e_R=5.436e-01 e_tgt=2.890e-03  ∠U=0.44° ∠V=0.41°
  r= 1024/2048  ret_E=0.708  e_src=1.153e+00 e_L=8.487e-01 e_R=7.934e-01 e_tgt=3.645e-03  ∠U=0.54° ∠V=0.51°
Processing Lang_L15.mlp.down_proj...
  r=  128/2048  ret_E=0.165  e_src=1.150e-01 e_L=7.452e-02 e_R=8.754e-02 e_tgt=5.327e-04  ∠U=0.09° ∠V=0.11°
  r=  256/2048  ret_E=0.278  e_src=2.274e-01 e_L=1.549e-01 e_R=1.665e-01 e_tgt=6.995e-04  ∠U=0.15° ∠V=0.16°
  r=  512/2048  ret_E=0.459  e_src=2.641e-01 e_L=1.778e-01 e_R=1.953e-01 e_tgt=9.169e-04  ∠U=0.14° ∠V=0.15°
  r= 1024/2048  ret_E=0.724  e_src=2.693e-01 e_L=1.743e-01 e_R=2.053e-01 e_tgt=1.227e-03  ∠U=0.11° ∠V=0.13°
  r=  128/2048  ret_E=0.165  e_src=3.490e-01 e_L=2.314e-01 e_R=2.613e-01 e_tgt=1.397e-03  ∠U=0.29° ∠V=0.32°
  r=  256/2048  ret_E=0.278  e_src=5.320e-01 e_L=3.585e-01 e_R=3.934e-01 e_tgt=1.848e-03  ∠U=0.35° ∠V=0.38°
  r=  512/2048  ret_E=0.459  e_src=8.493e-01 e_L=5.830e-01 e_R=6.201e-01 e_tgt=2.454e-03  ∠U=0.46° ∠V=0.48°
  r= 1024/2048  ret_E=0.724  e_src=7.651e-01 e_L=5.042e-01 e_R=5.764e-01 e_tgt=3.305e-03  ∠U=0.33° ∠V=0.37°
  r=  128/2048  ret_E=0.165  e_src=3.817e-01 e_L=2.539e-01 e_R=2.852e-01 e_tgt=1.563e-03  ∠U=0.32° ∠V=0.35°
  r=  256/2048  ret_E=0.278  e_src=5.020e-01 e_L=3.336e-01 e_R=3.752e-01 e_tgt=2.014e-03  ∠U=0.32° ∠V=0.36°
  r=  512/2048  ret_E=0.459  e_src=9.345e-01 e_L=6.440e-01 e_R=6.814e-01 e_tgt=2.626e-03  ∠U=0.51° ∠V=0.53°
  r= 1024/2048  ret_E=0.724  e_src=8.028e-01 e_L=5.295e-01 e_R=6.046e-01 e_tgt=3.482e-03  ∠U=0.35° ∠V=0.39°
Processing Lang_L16.self_attn.q_proj...
  r=  128/2048  ret_E=0.405  e_src=5.495e-02 e_L=3.940e-02 e_R=3.832e-02 e_tgt=6.352e-04  ∠U=0.08° ∠V=0.07°
  r=  256/2048  ret_E=0.575  e_src=8.336e-02 e_L=5.948e-02 e_R=5.841e-02 e_tgt=7.860e-04  ∠U=0.10° ∠V=0.10°
  r=  512/2048  ret_E=0.774  e_src=9.365e-02 e_L=6.685e-02 e_R=6.560e-02 e_tgt=9.790e-04  ∠U=0.11° ∠V=0.11°
  r= 1024/2048  ret_E=0.946  e_src=9.385e-02 e_L=6.706e-02 e_R=6.567e-02 e_tgt=1.258e-03  ∠U=0.13° ∠V=0.13°
  r=  128/2048  ret_E=0.405  e_src=2.370e-01 e_L=1.690e-01 e_R=1.663e-01 e_tgt=1.728e-03  ∠U=0.34° ∠V=0.34°
  r=  256/2048  ret_E=0.575  e_src=2.313e-01 e_L=1.655e-01 e_R=1.616e-01 e_tgt=2.173e-03  ∠U=0.28° ∠V=0.28°
  r=  512/2048  ret_E=0.774  e_src=2.571e-01 e_L=1.839e-01 e_R=1.796e-01 e_tgt=2.812e-03  ∠U=0.29° ∠V=0.29°
  r= 1024/2048  ret_E=0.946  e_src=2.606e-01 e_L=1.867e-01 e_R=1.821e-01 e_tgt=3.582e-03  ∠U=0.36° ∠V=0.36°
  r=  128/2048  ret_E=0.405  e_src=2.432e-01 e_L=1.735e-01 e_R=1.706e-01 e_tgt=1.798e-03  ∠U=0.35° ∠V=0.35°
  r=  256/2048  ret_E=0.575  e_src=2.403e-01 e_L=1.720e-01 e_R=1.678e-01 e_tgt=2.225e-03  ∠U=0.29° ∠V=0.29°
  r=  512/2048  ret_E=0.774  e_src=2.640e-01 e_L=1.891e-01 e_R=1.843e-01 e_tgt=2.903e-03  ∠U=0.30° ∠V=0.30°
  r= 1024/2048  ret_E=0.946  e_src=2.798e-01 e_L=2.006e-01 e_R=1.957e-01 e_tgt=3.679e-03  ∠U=0.40° ∠V=0.39°
Processing Lang_L16.self_attn.k_proj...
  r=  128/256  ret_E=0.833  e_src=2.305e-02 e_L=1.231e-02 e_R=1.949e-02 e_tgt=4.543e-04  ∠U=0.04° ∠V=0.06°
  r=  128/256  ret_E=0.833  e_src=7.627e-02 e_L=4.522e-02 e_R=6.142e-02 e_tgt=1.390e-03  ∠U=0.18° ∠V=0.21°
  r=  128/256  ret_E=0.833  e_src=7.810e-02 e_L=4.635e-02 e_R=6.287e-02 e_tgt=1.491e-03  ∠U=0.18° ∠V=0.22°
Processing Lang_L16.self_attn.v_proj...
  r=  128/256  ret_E=0.615  e_src=5.408e-02 e_L=3.654e-02 e_R=3.987e-02 e_tgt=4.785e-04  ∠U=0.16° ∠V=0.17°
  r=  128/256  ret_E=0.615  e_src=1.361e-01 e_L=9.214e-02 e_R=1.001e-01 e_tgt=1.378e-03  ∠U=0.39° ∠V=0.43°
  r=  128/256  ret_E=0.615  e_src=1.466e-01 e_L=9.965e-02 e_R=1.076e-01 e_tgt=1.450e-03  ∠U=0.43° ∠V=0.46°
Processing Lang_L16.self_attn.o_proj...
  r=  128/2048  ret_E=0.285  e_src=8.187e-02 e_L=5.731e-02 e_R=5.847e-02 e_tgt=4.307e-04  ∠U=0.13° ∠V=0.13°
  r=  256/2048  ret_E=0.471  e_src=8.574e-02 e_L=5.964e-02 e_R=6.161e-02 e_tgt=5.700e-04  ∠U=0.11° ∠V=0.11°
  r=  512/2048  ret_E=0.716  e_src=1.033e-01 e_L=7.195e-02 e_R=7.416e-02 e_tgt=7.886e-04  ∠U=0.12° ∠V=0.12°
  r= 1024/2048  ret_E=0.936  e_src=8.777e-02 e_L=6.061e-02 e_R=6.348e-02 e_tgt=1.133e-03  ∠U=0.12° ∠V=0.12°
  r=  128/2048  ret_E=0.285  e_src=1.898e-01 e_L=1.320e-01 e_R=1.365e-01 e_tgt=1.237e-03  ∠U=0.30° ∠V=0.31°
  r=  256/2048  ret_E=0.471  e_src=2.259e-01 e_L=1.570e-01 e_R=1.624e-01 e_tgt=1.638e-03  ∠U=0.29° ∠V=0.30°
  r=  512/2048  ret_E=0.716  e_src=2.503e-01 e_L=1.735e-01 e_R=1.805e-01 e_tgt=2.183e-03  ∠U=0.29° ∠V=0.30°
  r= 1024/2048  ret_E=0.936  e_src=2.657e-01 e_L=1.843e-01 e_R=1.923e-01 e_tgt=3.011e-03  ∠U=0.39° ∠V=0.39°
  r=  128/2048  ret_E=0.285  e_src=1.945e-01 e_L=1.349e-01 e_R=1.401e-01 e_tgt=1.229e-03  ∠U=0.31° ∠V=0.32°
  r=  256/2048  ret_E=0.471  e_src=2.412e-01 e_L=1.675e-01 e_R=1.736e-01 e_tgt=1.647e-03  ∠U=0.31° ∠V=0.32°
  r=  512/2048  ret_E=0.716  e_src=2.704e-01 e_L=1.873e-01 e_R=1.950e-01 e_tgt=2.264e-03  ∠U=0.32° ∠V=0.33°
  r= 1024/2048  ret_E=0.936  e_src=2.798e-01 e_L=1.941e-01 e_R=2.028e-01 e_tgt=3.113e-03  ∠U=0.41° ∠V=0.42°
Processing Lang_L16.mlp.gate_proj...
  r=  128/2048  ret_E=0.192  e_src=1.221e-01 e_L=9.480e-02 e_R=7.690e-02 e_tgt=5.574e-04  ∠U=0.11° ∠V=0.09°
  r=  256/2048  ret_E=0.307  e_src=1.655e-01 e_L=1.272e-01 e_R=1.059e-01 e_tgt=7.167e-04  ∠U=0.12° ∠V=0.10°
  r=  512/2048  ret_E=0.485  e_src=2.445e-01 e_L=1.843e-01 e_R=1.606e-01 e_tgt=9.219e-04  ∠U=0.14° ∠V=0.12°
  r= 1024/2048  ret_E=0.740  e_src=2.602e-01 e_L=2.020e-01 e_R=1.641e-01 e_tgt=1.230e-03  ∠U=0.13° ∠V=0.11°
  r=  128/2048  ret_E=0.192  e_src=3.457e-01 e_L=2.678e-01 e_R=2.187e-01 e_tgt=1.525e-03  ∠U=0.31° ∠V=0.26°
  r=  256/2048  ret_E=0.307  e_src=4.386e-01 e_L=3.393e-01 e_R=2.781e-01 e_tgt=2.052e-03  ∠U=0.31° ∠V=0.26°
  r=  512/2048  ret_E=0.485  e_src=6.230e-01 e_L=4.733e-01 e_R=4.053e-01 e_tgt=2.598e-03  ∠U=0.35° ∠V=0.31°
  r= 1024/2048  ret_E=0.740  e_src=7.687e-01 e_L=5.876e-01 e_R=4.968e-01 e_tgt=3.292e-03  ∠U=0.37° ∠V=0.33°
  r=  128/2048  ret_E=0.192  e_src=3.681e-01 e_L=2.854e-01 e_R=2.325e-01 e_tgt=1.645e-03  ∠U=0.33° ∠V=0.28°
  r=  256/2048  ret_E=0.307  e_src=4.602e-01 e_L=3.568e-01 e_R=2.907e-01 e_tgt=2.240e-03  ∠U=0.32° ∠V=0.27°
  r=  512/2048  ret_E=0.485  e_src=6.682e-01 e_L=5.067e-01 e_R=4.358e-01 e_tgt=2.736e-03  ∠U=0.37° ∠V=0.34°
  r= 1024/2048  ret_E=0.740  e_src=8.270e-01 e_L=6.303e-01 e_R=5.375e-01 e_tgt=3.468e-03  ∠U=0.40° ∠V=0.36°
Processing Lang_L16.mlp.up_proj...
  r=  128/2048  ret_E=0.139  e_src=1.920e-01 e_L=1.407e-01 e_R=1.306e-01 e_tgt=6.426e-04  ∠U=0.18° ∠V=0.17°
  r=  256/2048  ret_E=0.248  e_src=2.340e-01 e_L=1.719e-01 e_R=1.589e-01 e_tgt=7.997e-04  ∠U=0.17° ∠V=0.16°
  r=  512/2048  ret_E=0.433  e_src=2.785e-01 e_L=2.059e-01 e_R=1.876e-01 e_tgt=1.012e-03  ∠U=0.15° ∠V=0.14°
  r= 1024/2048  ret_E=0.711  e_src=3.364e-01 e_L=2.508e-01 e_R=2.244e-01 e_tgt=1.291e-03  ∠U=0.16° ∠V=0.15°
  r=  128/2048  ret_E=0.139  e_src=6.628e-01 e_L=4.801e-01 e_R=4.581e-01 e_tgt=1.801e-03  ∠U=0.63° ∠V=0.60°
  r=  256/2048  ret_E=0.248  e_src=6.631e-01 e_L=4.853e-01 e_R=4.521e-01 e_tgt=2.279e-03  ∠U=0.47° ∠V=0.44°
  r=  512/2048  ret_E=0.433  e_src=7.250e-01 e_L=5.366e-01 e_R=4.878e-01 e_tgt=2.828e-03  ∠U=0.40° ∠V=0.37°
  r= 1024/2048  ret_E=0.711  e_src=7.747e-01 e_L=5.854e-01 e_R=5.079e-01 e_tgt=3.634e-03  ∠U=0.36° ∠V=0.33°
  r=  128/2048  ret_E=0.139  e_src=7.081e-01 e_L=5.130e-01 e_R=4.895e-01 e_tgt=1.948e-03  ∠U=0.67° ∠V=0.64°
  r=  256/2048  ret_E=0.248  e_src=7.041e-01 e_L=5.153e-01 e_R=4.801e-01 e_tgt=2.459e-03  ∠U=0.50° ∠V=0.47°
  r=  512/2048  ret_E=0.433  e_src=7.743e-01 e_L=5.724e-01 e_R=5.216e-01 e_tgt=3.044e-03  ∠U=0.43° ∠V=0.40°
  r= 1024/2048  ret_E=0.711  e_src=8.085e-01 e_L=6.113e-01 e_R=5.299e-01 e_tgt=3.880e-03  ∠U=0.38° ∠V=0.34°
Processing Lang_L16.mlp.down_proj...
  r=  128/2048  ret_E=0.168  e_src=1.075e-01 e_L=6.839e-02 e_R=8.290e-02 e_tgt=5.493e-04  ∠U=0.09° ∠V=0.10°
  r=  256/2048  ret_E=0.281  e_src=1.793e-01 e_L=1.191e-01 e_R=1.341e-01 e_tgt=7.262e-04  ∠U=0.12° ∠V=0.13°
  r=  512/2048  ret_E=0.464  e_src=2.491e-01 e_L=1.664e-01 e_R=1.854e-01 e_tgt=9.654e-04  ∠U=0.13° ∠V=0.14°
  r= 1024/2048  ret_E=0.730  e_src=2.952e-01 e_L=1.936e-01 e_R=2.229e-01 e_tgt=1.291e-03  ∠U=0.13° ∠V=0.15°
  r=  128/2048  ret_E=0.168  e_src=3.339e-01 e_L=2.207e-01 e_R=2.506e-01 e_tgt=1.481e-03  ∠U=0.28° ∠V=0.31°
  r=  256/2048  ret_E=0.281  e_src=4.913e-01 e_L=3.293e-01 e_R=3.648e-01 e_tgt=2.027e-03  ∠U=0.33° ∠V=0.36°
  r=  512/2048  ret_E=0.464  e_src=8.927e-01 e_L=6.160e-01 e_R=6.495e-01 e_tgt=2.600e-03  ∠U=0.49° ∠V=0.51°
  r= 1024/2048  ret_E=0.730  e_src=7.142e-01 e_L=4.652e-01 e_R=5.422e-01 e_tgt=3.506e-03  ∠U=0.31° ∠V=0.35°
  r=  128/2048  ret_E=0.168  e_src=3.355e-01 e_L=2.196e-01 e_R=2.537e-01 e_tgt=1.593e-03  ∠U=0.28° ∠V=0.31°
  r=  256/2048  ret_E=0.281  e_src=5.276e-01 e_L=3.541e-01 e_R=3.912e-01 e_tgt=2.107e-03  ∠U=0.35° ∠V=0.38°
  r=  512/2048  ret_E=0.464  e_src=8.725e-01 e_L=5.989e-01 e_R=6.369e-01 e_tgt=2.739e-03  ∠U=0.48° ∠V=0.50°
  r= 1024/2048  ret_E=0.730  e_src=7.847e-01 e_L=5.157e-01 e_R=5.921e-01 e_tgt=3.685e-03  ∠U=0.35° ∠V=0.39°
Processing Lang_L17.self_attn.q_proj...
  r=  128/2048  ret_E=0.425  e_src=1.509e-01 e_L=1.074e-01 e_R=1.061e-01 e_tgt=6.138e-04  ∠U=0.22° ∠V=0.21°
  r=  256/2048  ret_E=0.618  e_src=1.102e-01 e_L=7.909e-02 e_R=7.679e-02 e_tgt=7.806e-04  ∠U=0.14° ∠V=0.14°
  r=  512/2048  ret_E=0.813  e_src=8.728e-02 e_L=6.314e-02 e_R=6.026e-02 e_tgt=1.012e-03  ∠U=0.11° ∠V=0.10°
  r= 1024/2048  ret_E=0.959  e_src=8.686e-02 e_L=6.243e-02 e_R=6.040e-02 e_tgt=1.375e-03  ∠U=0.13° ∠V=0.13°
  r=  128/2048  ret_E=0.425  e_src=1.855e-01 e_L=1.350e-01 e_R=1.273e-01 e_tgt=1.971e-03  ∠U=0.25° ∠V=0.24°
  r=  256/2048  ret_E=0.618  e_src=2.418e-01 e_L=1.740e-01 e_R=1.680e-01 e_tgt=2.371e-03  ∠U=0.30° ∠V=0.30°
  r=  512/2048  ret_E=0.813  e_src=2.505e-01 e_L=1.797e-01 e_R=1.746e-01 e_tgt=2.930e-03  ∠U=0.31° ∠V=0.31°
  r= 1024/2048  ret_E=0.959  e_src=2.228e-01 e_L=1.592e-01 e_R=1.559e-01 e_tgt=3.637e-03  ∠U=0.33° ∠V=0.33°
  r=  128/2048  ret_E=0.425  e_src=2.391e-01 e_L=1.727e-01 e_R=1.654e-01 e_tgt=2.147e-03  ∠U=0.33° ∠V=0.32°
  r=  256/2048  ret_E=0.618  e_src=2.804e-01 e_L=2.017e-01 e_R=1.951e-01 e_tgt=2.555e-03  ∠U=0.36° ∠V=0.35°
  r=  512/2048  ret_E=0.813  e_src=2.592e-01 e_L=1.864e-01 e_R=1.802e-01 e_tgt=3.119e-03  ∠U=0.32° ∠V=0.32°
  r= 1024/2048  ret_E=0.959  e_src=2.341e-01 e_L=1.677e-01 e_R=1.634e-01 e_tgt=3.869e-03  ∠U=0.35° ∠V=0.35°
Processing Lang_L17.self_attn.k_proj...
  r=  128/256  ret_E=0.842  e_src=2.547e-02 e_L=1.374e-02 e_R=2.145e-02 e_tgt=5.946e-04  ∠U=0.05° ∠V=0.07°
  r=  128/256  ret_E=0.842  e_src=6.886e-02 e_L=3.689e-02 e_R=5.815e-02 e_tgt=1.861e-03  ∠U=0.14° ∠V=0.20°
  r=  128/256  ret_E=0.842  e_src=7.241e-02 e_L=3.926e-02 e_R=6.084e-02 e_tgt=2.097e-03  ∠U=0.15° ∠V=0.21°
Processing Lang_L17.self_attn.v_proj...
  r=  128/256  ret_E=0.672  e_src=5.414e-02 e_L=3.656e-02 e_R=3.994e-02 e_tgt=3.957e-04  ∠U=0.17° ∠V=0.18°
  r=  128/256  ret_E=0.672  e_src=1.576e-01 e_L=1.079e-01 e_R=1.151e-01 e_tgt=1.358e-03  ∠U=0.51° ∠V=0.54°
  r=  128/256  ret_E=0.672  e_src=1.819e-01 e_L=1.254e-01 e_R=1.322e-01 e_tgt=1.371e-03  ∠U=0.59° ∠V=0.62°
Processing Lang_L17.self_attn.o_proj...
  r=  128/2048  ret_E=0.368  e_src=5.634e-02 e_L=3.850e-02 e_R=4.113e-02 e_tgt=4.282e-04  ∠U=0.09° ∠V=0.09°
  r=  256/2048  ret_E=0.558  e_src=8.099e-02 e_L=5.610e-02 e_R=5.842e-02 e_tgt=5.743e-04  ∠U=0.11° ∠V=0.11°
  r=  512/2048  ret_E=0.780  e_src=8.256e-02 e_L=5.696e-02 e_R=5.976e-02 e_tgt=7.862e-04  ∠U=0.11° ∠V=0.11°
  r= 1024/2048  ret_E=0.953  e_src=9.712e-02 e_L=6.726e-02 e_R=7.012e-02 e_tgt=1.076e-03  ∠U=0.17° ∠V=0.17°
  r=  128/2048  ret_E=0.368  e_src=1.623e-01 e_L=1.105e-01 e_R=1.190e-01 e_tgt=1.459e-03  ∠U=0.25° ∠V=0.26°
  r=  256/2048  ret_E=0.558  e_src=1.981e-01 e_L=1.355e-01 e_R=1.446e-01 e_tgt=1.841e-03  ∠U=0.26° ∠V=0.27°
  r=  512/2048  ret_E=0.780  e_src=2.179e-01 e_L=1.495e-01 e_R=1.586e-01 e_tgt=2.282e-03  ∠U=0.28° ∠V=0.29°
  r= 1024/2048  ret_E=0.953  e_src=2.748e-01 e_L=1.915e-01 e_R=1.991e-01 e_tgt=3.039e-03  ∠U=0.49° ∠V=0.50°
  r=  128/2048  ret_E=0.368  e_src=1.659e-01 e_L=1.123e-01 e_R=1.221e-01 e_tgt=1.412e-03  ∠U=0.26° ∠V=0.27°
  r=  256/2048  ret_E=0.558  e_src=1.940e-01 e_L=1.316e-01 e_R=1.425e-01 e_tgt=1.848e-03  ∠U=0.25° ∠V=0.27°
  r=  512/2048  ret_E=0.780  e_src=2.213e-01 e_L=1.511e-01 e_R=1.617e-01 e_tgt=2.325e-03  ∠U=0.28° ∠V=0.29°
  r= 1024/2048  ret_E=0.953  e_src=2.595e-01 e_L=1.791e-01 e_R=1.887e-01 e_tgt=3.139e-03  ∠U=0.45° ∠V=0.46°
Processing Lang_L17.mlp.gate_proj...
  r=  128/2048  ret_E=0.198  e_src=1.034e-01 e_L=8.380e-02 e_R=6.060e-02 e_tgt=5.644e-04  ∠U=0.09° ∠V=0.07°
  r=  256/2048  ret_E=0.313  e_src=1.798e-01 e_L=1.373e-01 e_R=1.161e-01 e_tgt=7.372e-04  ∠U=0.13° ∠V=0.11°
  r=  512/2048  ret_E=0.491  e_src=4.380e-01 e_L=3.172e-01 e_R=3.031e-01 e_tgt=9.614e-04  ∠U=0.25° ∠V=0.25°
  r= 1024/2048  ret_E=0.742  e_src=2.622e-01 e_L=2.042e-01 e_R=1.645e-01 e_tgt=1.257e-03  ∠U=0.13° ∠V=0.11°
  r=  128/2048  ret_E=0.198  e_src=3.099e-01 e_L=2.445e-01 e_R=1.905e-01 e_tgt=1.726e-03  ∠U=0.28° ∠V=0.23°
  r=  256/2048  ret_E=0.313  e_src=4.624e-01 e_L=3.544e-01 e_R=2.971e-01 e_tgt=2.090e-03  ∠U=0.33° ∠V=0.29°
  r=  512/2048  ret_E=0.491  e_src=6.852e-01 e_L=5.152e-01 e_R=4.525e-01 e_tgt=2.619e-03  ∠U=0.40° ∠V=0.36°
  r= 1024/2048  ret_E=0.742  e_src=1.004e+00 e_L=7.492e-01 e_R=6.794e-01 e_tgt=3.411e-03  ∠U=0.51° ∠V=0.48°
  r=  128/2048  ret_E=0.198  e_src=3.158e-01 e_L=2.521e-01 e_R=1.902e-01 e_tgt=1.879e-03  ∠U=0.29° ∠V=0.23°
  r=  256/2048  ret_E=0.313  e_src=5.099e-01 e_L=3.892e-01 e_R=3.296e-01 e_tgt=2.264e-03  ∠U=0.36° ∠V=0.32°
  r=  512/2048  ret_E=0.491  e_src=8.180e-01 e_L=6.084e-01 e_R=5.494e-01 e_tgt=2.803e-03  ∠U=0.47° ∠V=0.44°
  r= 1024/2048  ret_E=0.742  e_src=9.883e-01 e_L=7.414e-01 e_R=6.626e-01 e_tgt=3.597e-03  ∠U=0.50° ∠V=0.47°
Processing Lang_L17.mlp.up_proj...
  r=  128/2048  ret_E=0.150  e_src=1.478e-01 e_L=1.118e-01 e_R=9.663e-02 e_tgt=6.646e-04  ∠U=0.14° ∠V=0.12°
  r=  256/2048  ret_E=0.260  e_src=2.257e-01 e_L=1.671e-01 e_R=1.517e-01 e_tgt=8.141e-04  ∠U=0.16° ∠V=0.15°
  r=  512/2048  ret_E=0.443  e_src=3.213e-01 e_L=2.357e-01 e_R=2.185e-01 e_tgt=9.907e-04  ∠U=0.18° ∠V=0.17°
  r= 1024/2048  ret_E=0.714  e_src=3.238e-01 e_L=2.431e-01 e_R=2.140e-01 e_tgt=1.276e-03  ∠U=0.15° ∠V=0.14°
  r=  128/2048  ret_E=0.150  e_src=3.772e-01 e_L=2.866e-01 e_R=2.452e-01 e_tgt=1.886e-03  ∠U=0.35° ∠V=0.31°
  r=  256/2048  ret_E=0.260  e_src=5.999e-01 e_L=4.438e-01 e_R=4.038e-01 e_tgt=2.302e-03  ∠U=0.43° ∠V=0.39°
  r=  512/2048  ret_E=0.443  e_src=1.396e+00 e_L=1.015e+00 e_R=9.889e-01 e_tgt=2.855e-03  ∠U=0.79° ∠V=0.78°
  r= 1024/2048  ret_E=0.714  e_src=1.019e+00 e_L=7.554e-01 e_R=6.933e-01 e_tgt=3.665e-03  ∠U=0.49° ∠V=0.46°
  r=  128/2048  ret_E=0.150  e_src=4.157e-01 e_L=3.151e-01 e_R=2.713e-01 e_tgt=1.968e-03  ∠U=0.39° ∠V=0.34°
  r=  256/2048  ret_E=0.260  e_src=6.490e-01 e_L=4.797e-01 e_R=4.373e-01 e_tgt=2.426e-03  ∠U=0.46° ∠V=0.43°
  r=  512/2048  ret_E=0.443  e_src=1.525e+00 e_L=1.112e+00 e_R=1.085e+00 e_tgt=3.021e-03  ∠U=0.87° ∠V=0.85°
  r= 1024/2048  ret_E=0.714  e_src=9.944e-01 e_L=7.402e-01 e_R=6.700e-01 e_tgt=3.848e-03  ∠U=0.48° ∠V=0.44°
Processing Lang_L17.mlp.down_proj...
  r=  128/2048  ret_E=0.174  e_src=1.155e-01 e_L=7.365e-02 e_R=8.902e-02 e_tgt=5.174e-04  ∠U=0.09° ∠V=0.11°
  r=  256/2048  ret_E=0.289  e_src=1.798e-01 e_L=1.184e-01 e_R=1.353e-01 e_tgt=7.108e-04  ∠U=0.12° ∠V=0.13°
  r=  512/2048  ret_E=0.471  e_src=2.582e-01 e_L=1.722e-01 e_R=1.924e-01 e_tgt=9.563e-04  ∠U=0.14° ∠V=0.15°
  r= 1024/2048  ret_E=0.733  e_src=4.714e-01 e_L=3.244e-01 e_R=3.436e-01 e_tgt=1.266e-03  ∠U=0.23° ∠V=0.24°
  r=  128/2048  ret_E=0.174  e_src=3.842e-01 e_L=2.568e-01 e_R=2.860e-01 e_tgt=1.556e-03  ∠U=0.32° ∠V=0.36°
  r=  256/2048  ret_E=0.289  e_src=4.887e-01 e_L=3.252e-01 e_R=3.649e-01 e_tgt=1.963e-03  ∠U=0.32° ∠V=0.35°
  r=  512/2048  ret_E=0.471  e_src=6.397e-01 e_L=4.259e-01 e_R=4.774e-01 e_tgt=2.524e-03  ∠U=0.34° ∠V=0.37°
  r= 1024/2048  ret_E=0.733  e_src=7.677e-01 e_L=5.042e-01 e_R=5.800e-01 e_tgt=3.417e-03  ∠U=0.35° ∠V=0.38°
  r=  128/2048  ret_E=0.174  e_src=3.794e-01 e_L=2.504e-01 e_R=2.851e-01 e_tgt=1.649e-03  ∠U=0.32° ∠V=0.35°
  r=  256/2048  ret_E=0.289  e_src=5.064e-01 e_L=3.356e-01 e_R=3.793e-01 e_tgt=2.069e-03  ∠U=0.33° ∠V=0.36°
  r=  512/2048  ret_E=0.471  e_src=6.588e-01 e_L=4.370e-01 e_R=4.932e-01 e_tgt=2.669e-03  ∠U=0.34° ∠V=0.38°
  r= 1024/2048  ret_E=0.733  e_src=1.013e+00 e_L=6.887e-01 e_R=7.515e-01 e_tgt=3.603e-03  ∠U=0.48° ∠V=0.51°
Processing Lang_L18.self_attn.q_proj...
  r=  128/2048  ret_E=0.399  e_src=1.101e-01 e_L=7.859e-02 e_R=7.714e-02 e_tgt=6.732e-04  ∠U=0.16° ∠V=0.16°
  r=  256/2048  ret_E=0.579  e_src=1.345e-01 e_L=9.588e-02 e_R=9.443e-02 e_tgt=8.365e-04  ∠U=0.18° ∠V=0.17°
  r=  512/2048  ret_E=0.782  e_src=1.151e-01 e_L=8.233e-02 e_R=8.039e-02 e_tgt=1.073e-03  ∠U=0.14° ∠V=0.14°
  r= 1024/2048  ret_E=0.949  e_src=1.086e-01 e_L=7.776e-02 e_R=7.587e-02 e_tgt=1.394e-03  ∠U=0.16° ∠V=0.16°
  r=  128/2048  ret_E=0.399  e_src=1.674e-01 e_L=1.224e-01 e_R=1.141e-01 e_tgt=2.127e-03  ∠U=0.23° ∠V=0.22°
  r=  256/2048  ret_E=0.579  e_src=2.213e-01 e_L=1.601e-01 e_R=1.528e-01 e_tgt=2.510e-03  ∠U=0.27° ∠V=0.26°
  r=  512/2048  ret_E=0.782  e_src=3.298e-01 e_L=2.360e-01 e_R=2.310e-01 e_tgt=3.013e-03  ∠U=0.41° ∠V=0.41°
  r= 1024/2048  ret_E=0.949  e_src=2.392e-01 e_L=1.716e-01 e_R=1.667e-01 e_tgt=3.692e-03  ∠U=0.33° ∠V=0.33°
  r=  128/2048  ret_E=0.399  e_src=2.149e-01 e_L=1.557e-01 e_R=1.482e-01 e_tgt=2.235e-03  ∠U=0.30° ∠V=0.29°
  r=  256/2048  ret_E=0.579  e_src=2.258e-01 e_L=1.638e-01 e_R=1.554e-01 e_tgt=2.621e-03  ∠U=0.27° ∠V=0.27°
  r=  512/2048  ret_E=0.782  e_src=3.156e-01 e_L=2.264e-01 e_R=2.202e-01 e_tgt=3.166e-03  ∠U=0.39° ∠V=0.38°
  r= 1024/2048  ret_E=0.949  e_src=2.508e-01 e_L=1.802e-01 e_R=1.746e-01 e_tgt=3.860e-03  ∠U=0.35° ∠V=0.35°
Processing Lang_L18.self_attn.k_proj...
  r=  128/256  ret_E=0.814  e_src=2.944e-02 e_L=1.710e-02 e_R=2.397e-02 e_tgt=5.745e-04  ∠U=0.07° ∠V=0.08°
  r=  128/256  ret_E=0.814  e_src=8.084e-02 e_L=4.777e-02 e_R=6.523e-02 e_tgt=1.455e-03  ∠U=0.18° ∠V=0.23°
  r=  128/256  ret_E=0.814  e_src=8.241e-02 e_L=4.855e-02 e_R=6.660e-02 e_tgt=1.590e-03  ∠U=0.19° ∠V=0.23°
Processing Lang_L18.self_attn.v_proj...
  r=  128/256  ret_E=0.624  e_src=1.036e-01 e_L=7.225e-02 e_R=7.434e-02 e_tgt=4.353e-04  ∠U=0.33° ∠V=0.34°
  r=  128/256  ret_E=0.624  e_src=1.637e-01 e_L=1.121e-01 e_R=1.193e-01 e_tgt=1.420e-03  ∠U=0.51° ∠V=0.53°
  r=  128/256  ret_E=0.624  e_src=1.685e-01 e_L=1.153e-01 e_R=1.229e-01 e_tgt=1.442e-03  ∠U=0.52° ∠V=0.55°
Processing Lang_L18.self_attn.o_proj...
  r=  128/2048  ret_E=0.325  e_src=1.037e-01 e_L=7.237e-02 e_R=7.427e-02 e_tgt=5.000e-04  ∠U=0.17° ∠V=0.17°
  r=  256/2048  ret_E=0.515  e_src=8.751e-02 e_L=6.037e-02 e_R=6.336e-02 e_tgt=6.492e-04  ∠U=0.12° ∠V=0.12°
  r=  512/2048  ret_E=0.751  e_src=1.108e-01 e_L=7.708e-02 e_R=7.961e-02 e_tgt=8.797e-04  ∠U=0.14° ∠V=0.14°
  r= 1024/2048  ret_E=0.945  e_src=8.167e-02 e_L=5.629e-02 e_R=5.917e-02 e_tgt=1.202e-03  ∠U=0.12° ∠V=0.12°
  r=  128/2048  ret_E=0.325  e_src=1.967e-01 e_L=1.351e-01 e_R=1.430e-01 e_tgt=1.443e-03  ∠U=0.31° ∠V=0.33°
  r=  256/2048  ret_E=0.515  e_src=2.159e-01 e_L=1.480e-01 e_R=1.572e-01 e_tgt=1.760e-03  ∠U=0.28° ∠V=0.29°
  r=  512/2048  ret_E=0.751  e_src=2.519e-01 e_L=1.740e-01 e_R=1.823e-01 e_tgt=2.283e-03  ∠U=0.31° ∠V=0.32°
  r= 1024/2048  ret_E=0.945  e_src=2.106e-01 e_L=1.445e-01 e_R=1.533e-01 e_tgt=2.996e-03  ∠U=0.31° ∠V=0.32°
  r=  128/2048  ret_E=0.325  e_src=1.936e-01 e_L=1.319e-01 e_R=1.417e-01 e_tgt=1.625e-03  ∠U=0.30° ∠V=0.32°
  r=  256/2048  ret_E=0.515  e_src=2.219e-01 e_L=1.514e-01 e_R=1.623e-01 e_tgt=1.975e-03  ∠U=0.29° ∠V=0.30°
  r=  512/2048  ret_E=0.751  e_src=2.914e-01 e_L=2.020e-01 e_R=2.106e-01 e_tgt=2.481e-03  ∠U=0.37° ∠V=0.38°
  r= 1024/2048  ret_E=0.945  e_src=2.175e-01 e_L=1.487e-01 e_R=1.588e-01 e_tgt=3.158e-03  ∠U=0.32° ∠V=0.33°
Processing Lang_L18.mlp.gate_proj...
  r=  128/2048  ret_E=0.198  e_src=1.110e-01 e_L=8.891e-02 e_R=6.651e-02 e_tgt=5.579e-04  ∠U=0.10° ∠V=0.08°
  r=  256/2048  ret_E=0.315  e_src=1.665e-01 e_L=1.289e-01 e_R=1.054e-01 e_tgt=7.236e-04  ∠U=0.12° ∠V=0.10°
  r=  512/2048  ret_E=0.495  e_src=3.127e-01 e_L=2.310e-01 e_R=2.109e-01 e_tgt=9.153e-04  ∠U=0.18° ∠V=0.17°
  r= 1024/2048  ret_E=0.746  e_src=2.568e-01 e_L=2.009e-01 e_R=1.599e-01 e_tgt=1.202e-03  ∠U=0.13° ∠V=0.11°
  r=  128/2048  ret_E=0.198  e_src=2.935e-01 e_L=2.357e-01 e_R=1.750e-01 e_tgt=1.521e-03  ∠U=0.26° ∠V=0.21°
  r=  256/2048  ret_E=0.315  e_src=4.193e-01 e_L=3.278e-01 e_R=2.615e-01 e_tgt=2.003e-03  ∠U=0.29° ∠V=0.25°
  r=  512/2048  ret_E=0.495  e_src=6.457e-01 e_L=4.900e-01 e_R=4.209e-01 e_tgt=2.675e-03  ∠U=0.37° ∠V=0.33°
  r= 1024/2048  ret_E=0.746  e_src=7.020e-01 e_L=5.461e-01 e_R=4.417e-01 e_tgt=3.384e-03  ∠U=0.35° ∠V=0.30°
  r=  128/2048  ret_E=0.198  e_src=3.305e-01 e_L=2.628e-01 e_R=2.003e-01 e_tgt=1.694e-03  ∠U=0.30° ∠V=0.24°
  r=  256/2048  ret_E=0.315  e_src=4.447e-01 e_L=3.483e-01 e_R=2.766e-01 e_tgt=2.131e-03  ∠U=0.31° ∠V=0.26°
  r=  512/2048  ret_E=0.495  e_src=7.297e-01 e_L=5.497e-01 e_R=4.810e-01 e_tgt=2.811e-03  ∠U=0.42° ∠V=0.38°
  r= 1024/2048  ret_E=0.746  e_src=7.240e-01 e_L=5.651e-01 e_R=4.532e-01 e_tgt=3.532e-03  ∠U=0.36° ∠V=0.31°
Processing Lang_L18.mlp.up_proj...
  r=  128/2048  ret_E=0.152  e_src=7.231e-01 e_L=5.151e-01 e_R=5.118e-01 e_tgt=6.462e-04  ∠U=0.68° ∠V=0.67°
  r=  256/2048  ret_E=0.263  e_src=7.553e-01 e_L=5.391e-01 e_R=5.344e-01 e_tgt=8.137e-04  ∠U=0.54° ∠V=0.54°
  r=  512/2048  ret_E=0.447  e_src=2.564e-01 e_L=1.921e-01 e_R=1.699e-01 e_tgt=1.042e-03  ∠U=0.14° ∠V=0.13°
  r= 1024/2048  ret_E=0.719  e_src=4.574e-01 e_L=3.344e-01 e_R=3.134e-01 e_tgt=1.360e-03  ∠U=0.22° ∠V=0.21°
  r=  128/2048  ret_E=0.152  e_src=3.708e+00 e_L=3.263e+00 e_R=3.259e+00 e_tgt=1.943e-03  ∠U=4.29° ∠V=4.29°
  r=  256/2048  ret_E=0.263  e_src=1.152e+00 e_L=8.314e-01 e_R=8.098e-01 e_tgt=2.432e-03  ∠U=0.83° ∠V=0.81°
  r=  512/2048  ret_E=0.447  e_src=8.188e-01 e_L=6.030e-01 e_R=5.556e-01 e_tgt=2.985e-03  ∠U=0.46° ∠V=0.43°
  r= 1024/2048  ret_E=0.719  e_src=7.925e-01 e_L=6.002e-01 e_R=5.186e-01 e_tgt=3.764e-03  ∠U=0.38° ∠V=0.34°
  r=  128/2048  ret_E=0.152  e_src=3.810e+00 e_L=3.501e+00 e_R=3.497e+00 e_tgt=2.082e-03  ∠U=4.61° ∠V=4.60°
  r=  256/2048  ret_E=0.263  e_src=6.957e-01 e_L=5.124e-01 e_R=4.711e-01 e_tgt=2.570e-03  ∠U=0.50° ∠V=0.46°
  r=  512/2048  ret_E=0.447  e_src=8.462e-01 e_L=6.244e-01 e_R=5.728e-01 e_tgt=3.183e-03  ∠U=0.48° ∠V=0.45°
  r= 1024/2048  ret_E=0.719  e_src=8.146e-01 e_L=6.186e-01 e_R=5.310e-01 e_tgt=4.020e-03  ∠U=0.39° ∠V=0.35°
Processing Lang_L18.mlp.down_proj...
  r=  128/2048  ret_E=0.167  e_src=2.189e-01 e_L=1.508e-01 e_R=1.587e-01 e_tgt=6.274e-04  ∠U=0.20° ∠V=0.21°
  r=  256/2048  ret_E=0.279  e_src=1.994e-01 e_L=1.335e-01 e_R=1.482e-01 e_tgt=7.779e-04  ∠U=0.13° ∠V=0.15°
  r=  512/2048  ret_E=0.462  e_src=2.535e-01 e_L=1.690e-01 e_R=1.890e-01 e_tgt=1.021e-03  ∠U=0.13° ∠V=0.15°
  r= 1024/2048  ret_E=0.728  e_src=2.883e-01 e_L=1.876e-01 e_R=2.189e-01 e_tgt=1.299e-03  ∠U=0.13° ∠V=0.14°
  r=  128/2048  ret_E=0.167  e_src=4.276e-01 e_L=2.890e-01 e_R=3.154e-01 e_tgt=1.442e-03  ∠U=0.38° ∠V=0.41°
  r=  256/2048  ret_E=0.279  e_src=5.048e-01 e_L=3.380e-01 e_R=3.750e-01 e_tgt=1.945e-03  ∠U=0.34° ∠V=0.37°
  r=  512/2048  ret_E=0.462  e_src=6.377e-01 e_L=4.251e-01 e_R=4.755e-01 e_tgt=2.479e-03  ∠U=0.34° ∠V=0.37°
  r= 1024/2048  ret_E=0.728  e_src=7.307e-01 e_L=4.763e-01 e_R=5.548e-01 e_tgt=3.356e-03  ∠U=0.33° ∠V=0.36°
  r=  128/2048  ret_E=0.167  e_src=4.587e-01 e_L=3.101e-01 e_R=3.383e-01 e_tgt=1.474e-03  ∠U=0.41° ∠V=0.44°
  r=  256/2048  ret_E=0.279  e_src=5.334e-01 e_L=3.568e-01 e_R=3.965e-01 e_tgt=1.993e-03  ∠U=0.36° ∠V=0.39°
  r=  512/2048  ret_E=0.462  e_src=6.639e-01 e_L=4.417e-01 e_R=4.958e-01 e_tgt=2.585e-03  ∠U=0.35° ∠V=0.38°
  r= 1024/2048  ret_E=0.728  e_src=7.628e-01 e_L=4.971e-01 e_R=5.795e-01 e_tgt=3.461e-03  ∠U=0.34° ∠V=0.38°
Processing Lang_L19.self_attn.q_proj...
  r=  128/2048  ret_E=0.463  e_src=5.418e-02 e_L=4.077e-02 e_R=3.569e-02 e_tgt=8.104e-04  ∠U=0.07° ∠V=0.06°
  r=  256/2048  ret_E=0.656  e_src=7.457e-02 e_L=5.493e-02 e_R=5.043e-02 e_tgt=9.655e-04  ∠U=0.09° ∠V=0.08°
  r=  512/2048  ret_E=0.840  e_src=9.038e-02 e_L=6.593e-02 e_R=6.181e-02 e_tgt=1.160e-03  ∠U=0.11° ∠V=0.11°
  r= 1024/2048  ret_E=0.967  e_src=9.357e-02 e_L=6.761e-02 e_R=6.469e-02 e_tgt=1.442e-03  ∠U=0.15° ∠V=0.15°
  r=  128/2048  ret_E=0.463  e_src=1.480e-01 e_L=1.101e-01 e_R=9.890e-02 e_tgt=2.067e-03  ∠U=0.18° ∠V=0.17°
  r=  256/2048  ret_E=0.656  e_src=2.194e-01 e_L=1.597e-01 e_R=1.506e-01 e_tgt=2.476e-03  ∠U=0.26° ∠V=0.26°
  r=  512/2048  ret_E=0.840  e_src=2.500e-01 e_L=1.806e-01 e_R=1.730e-01 e_tgt=3.004e-03  ∠U=0.31° ∠V=0.31°
  r= 1024/2048  ret_E=0.967  e_src=2.298e-01 e_L=1.658e-01 e_R=1.593e-01 e_tgt=3.723e-03  ∠U=0.37° ∠V=0.37°
  r=  128/2048  ret_E=0.463  e_src=1.538e-01 e_L=1.153e-01 e_R=1.018e-01 e_tgt=2.192e-03  ∠U=0.19° ∠V=0.17°
  r=  256/2048  ret_E=0.656  e_src=2.406e-01 e_L=1.753e-01 e_R=1.649e-01 e_tgt=2.611e-03  ∠U=0.29° ∠V=0.28°
  r=  512/2048  ret_E=0.840  e_src=2.609e-01 e_L=1.893e-01 e_R=1.797e-01 e_tgt=3.138e-03  ∠U=0.33° ∠V=0.32°
  r= 1024/2048  ret_E=0.967  e_src=2.412e-01 e_L=1.746e-01 e_R=1.666e-01 e_tgt=3.852e-03  ∠U=0.39° ∠V=0.39°
Processing Lang_L19.self_attn.k_proj...
  r=  128/256  ret_E=0.861  e_src=2.682e-02 e_L=1.499e-02 e_R=2.224e-02 e_tgt=5.547e-04  ∠U=0.05° ∠V=0.07°
  r=  128/256  ret_E=0.861  e_src=6.648e-02 e_L=3.564e-02 e_R=5.611e-02 e_tgt=1.742e-03  ∠U=0.12° ∠V=0.17°
  r=  128/256  ret_E=0.861  e_src=6.944e-02 e_L=3.811e-02 e_R=5.805e-02 e_tgt=1.832e-03  ∠U=0.13° ∠V=0.18°
Processing Lang_L19.self_attn.v_proj...
  r=  128/256  ret_E=0.737  e_src=5.930e-02 e_L=4.027e-02 e_R=4.355e-02 e_tgt=5.864e-04  ∠U=0.21° ∠V=0.22°
  r=  128/256  ret_E=0.737  e_src=1.119e-01 e_L=7.466e-02 e_R=8.342e-02 e_tgt=1.452e-03  ∠U=0.38° ∠V=0.41°
  r=  128/256  ret_E=0.737  e_src=1.318e-01 e_L=8.926e-02 e_R=9.716e-02 e_tgt=1.559e-03  ∠U=0.46° ∠V=0.49°
Processing Lang_L19.self_attn.o_proj...
  r=  128/2048  ret_E=0.398  e_src=6.095e-02 e_L=4.108e-02 e_R=4.502e-02 e_tgt=4.200e-04  ∠U=0.10° ∠V=0.10°
  r=  256/2048  ret_E=0.589  e_src=7.830e-02 e_L=5.333e-02 e_R=5.733e-02 e_tgt=5.787e-04  ∠U=0.11° ∠V=0.11°
  r=  512/2048  ret_E=0.804  e_src=8.150e-02 e_L=5.525e-02 e_R=5.992e-02 e_tgt=8.267e-04  ∠U=0.11° ∠V=0.11°
  r= 1024/2048  ret_E=0.960  e_src=7.983e-02 e_L=5.390e-02 e_R=5.888e-02 e_tgt=1.139e-03  ∠U=0.13° ∠V=0.14°
  r=  128/2048  ret_E=0.398  e_src=1.684e-01 e_L=1.130e-01 e_R=1.249e-01 e_tgt=1.195e-03  ∠U=0.26° ∠V=0.28°
  r=  256/2048  ret_E=0.589  e_src=1.870e-01 e_L=1.253e-01 e_R=1.388e-01 e_tgt=1.493e-03  ∠U=0.25° ∠V=0.26°
  r=  512/2048  ret_E=0.804  e_src=2.750e-01 e_L=1.891e-01 e_R=2.004e-01 e_tgt=2.136e-03  ∠U=0.39° ∠V=0.40°
  r= 1024/2048  ret_E=0.960  e_src=2.084e-01 e_L=1.397e-01 e_R=1.548e-01 e_tgt=2.975e-03  ∠U=0.36° ∠V=0.37°
  r=  128/2048  ret_E=0.398  e_src=1.661e-01 e_L=1.100e-01 e_R=1.245e-01 e_tgt=1.271e-03  ∠U=0.25° ∠V=0.28°
  r=  256/2048  ret_E=0.589  e_src=1.857e-01 e_L=1.229e-01 e_R=1.391e-01 e_tgt=1.572e-03  ∠U=0.24° ∠V=0.26°
  r=  512/2048  ret_E=0.804  e_src=2.714e-01 e_L=1.854e-01 e_R=1.988e-01 e_tgt=2.263e-03  ∠U=0.38° ∠V=0.39°
  r= 1024/2048  ret_E=0.960  e_src=2.157e-01 e_L=1.438e-01 e_R=1.609e-01 e_tgt=3.119e-03  ∠U=0.37° ∠V=0.38°
Processing Lang_L19.mlp.gate_proj...
  r=  128/2048  ret_E=0.189  e_src=1.274e-01 e_L=9.896e-02 e_R=8.023e-02 e_tgt=5.758e-04  ∠U=0.12° ∠V=0.10°
  r=  256/2048  ret_E=0.305  e_src=1.652e-01 e_L=1.277e-01 e_R=1.047e-01 e_tgt=7.302e-04  ∠U=0.12° ∠V=0.10°
  r=  512/2048  ret_E=0.485  e_src=2.176e-01 e_L=1.672e-01 e_R=1.391e-01 e_tgt=9.210e-04  ∠U=0.13° ∠V=0.11°
  r= 1024/2048  ret_E=0.741  e_src=2.595e-01 e_L=2.022e-01 e_R=1.627e-01 e_tgt=1.241e-03  ∠U=0.13° ∠V=0.11°
  r=  128/2048  ret_E=0.189  e_src=3.380e-01 e_L=2.629e-01 e_R=2.125e-01 e_tgt=1.729e-03  ∠U=0.32° ∠V=0.27°
  r=  256/2048  ret_E=0.305  e_src=4.497e-01 e_L=3.462e-01 e_R=2.870e-01 e_tgt=2.067e-03  ∠U=0.33° ∠V=0.28°
  r=  512/2048  ret_E=0.485  e_src=6.303e-01 e_L=4.785e-01 e_R=4.107e-01 e_tgt=2.699e-03  ∠U=0.37° ∠V=0.33°
  r= 1024/2048  ret_E=0.741  e_src=6.858e-01 e_L=5.340e-01 e_R=4.308e-01 e_tgt=3.458e-03  ∠U=0.35° ∠V=0.30°
  r=  128/2048  ret_E=0.189  e_src=3.885e-01 e_L=2.990e-01 e_R=2.482e-01 e_tgt=1.895e-03  ∠U=0.36° ∠V=0.31°
  r=  256/2048  ret_E=0.305  e_src=4.853e-01 e_L=3.732e-01 e_R=3.103e-01 e_tgt=2.227e-03  ∠U=0.35° ∠V=0.31°
  r=  512/2048  ret_E=0.485  e_src=6.607e-01 e_L=5.023e-01 e_R=4.296e-01 e_tgt=2.853e-03  ∠U=0.39° ∠V=0.34°
  r= 1024/2048  ret_E=0.741  e_src=7.380e-01 e_L=5.725e-01 e_R=4.666e-01 e_tgt=3.624e-03  ∠U=0.38° ∠V=0.33°
Processing Lang_L19.mlp.up_proj...
  r=  128/2048  ret_E=0.154  e_src=1.694e-01 e_L=1.258e-01 e_R=1.134e-01 e_tgt=5.882e-04  ∠U=0.16° ∠V=0.15°
  r=  256/2048  ret_E=0.265  e_src=1.973e-01 e_L=1.478e-01 e_R=1.306e-01 e_tgt=7.764e-04  ∠U=0.14° ∠V=0.13°
  r=  512/2048  ret_E=0.449  e_src=2.450e-01 e_L=1.840e-01 e_R=1.617e-01 e_tgt=9.855e-04  ∠U=0.14° ∠V=0.12°
  r= 1024/2048  ret_E=0.720  e_src=3.007e-01 e_L=2.276e-01 e_R=1.966e-01 e_tgt=1.262e-03  ∠U=0.15° ∠V=0.13°
  r=  128/2048  ret_E=0.154  e_src=3.784e-01 e_L=2.868e-01 e_R=2.468e-01 e_tgt=1.563e-03  ∠U=0.36° ∠V=0.31°
  r=  256/2048  ret_E=0.265  e_src=5.760e-01 e_L=4.277e-01 e_R=3.860e-01 e_tgt=2.018e-03  ∠U=0.41° ∠V=0.38°
  r=  512/2048  ret_E=0.449  e_src=6.630e-01 e_L=4.969e-01 e_R=4.391e-01 e_tgt=2.615e-03  ∠U=0.37° ∠V=0.34°
  r= 1024/2048  ret_E=0.720  e_src=1.380e+00 e_L=1.020e+00 e_R=9.750e-01 e_tgt=3.460e-03  ∠U=0.69° ∠V=0.67°
  r=  128/2048  ret_E=0.154  e_src=4.316e-01 e_L=3.247e-01 e_R=2.844e-01 e_tgt=1.625e-03  ∠U=0.41° ∠V=0.36°
  r=  256/2048  ret_E=0.265  e_src=6.133e-01 e_L=4.556e-01 e_R=4.109e-01 e_tgt=2.162e-03  ∠U=0.44° ∠V=0.40°
  r=  512/2048  ret_E=0.449  e_src=6.854e-01 e_L=5.150e-01 e_R=4.524e-01 e_tgt=2.744e-03  ∠U=0.39° ∠V=0.35°
  r= 1024/2048  ret_E=0.720  e_src=1.462e+00 e_L=1.084e+00 e_R=1.037e+00 e_tgt=3.637e-03  ∠U=0.73° ∠V=0.71°
Processing Lang_L19.mlp.down_proj...
  r=  128/2048  ret_E=0.201  e_src=9.081e-02 e_L=5.427e-02 e_R=7.282e-02 e_tgt=5.814e-04  ∠U=0.06° ∠V=0.08°
  r=  256/2048  ret_E=0.317  e_src=1.573e-01 e_L=1.015e-01 e_R=1.201e-01 e_tgt=7.500e-04  ∠U=0.10° ∠V=0.11°
  r=  512/2048  ret_E=0.495  e_src=2.660e-01 e_L=1.786e-01 e_R=1.973e-01 e_tgt=9.525e-04  ∠U=0.14° ∠V=0.16°
  r= 1024/2048  ret_E=0.749  e_src=2.514e-01 e_L=1.594e-01 e_R=1.944e-01 e_tgt=1.248e-03  ∠U=0.11° ∠V=0.13°
  r=  128/2048  ret_E=0.201  e_src=2.479e-01 e_L=1.529e-01 e_R=1.951e-01 e_tgt=1.531e-03  ∠U=0.18° ∠V=0.22°
  r=  256/2048  ret_E=0.317  e_src=4.539e-01 e_L=2.995e-01 e_R=3.411e-01 e_tgt=1.947e-03  ∠U=0.30° ∠V=0.33°
  r=  512/2048  ret_E=0.495  e_src=3.092e+00 e_L=2.963e+00 e_R=2.971e+00 e_tgt=2.612e-03  ∠U=2.46° ∠V=2.46°
  r= 1024/2048  ret_E=0.749  e_src=6.507e-01 e_L=4.132e-01 e_R=5.029e-01 e_tgt=3.300e-03  ∠U=0.29° ∠V=0.33°
  r=  128/2048  ret_E=0.201  e_src=2.513e-01 e_L=1.517e-01 e_R=2.003e-01 e_tgt=1.606e-03  ∠U=0.18° ∠V=0.23°
  r=  256/2048  ret_E=0.317  e_src=4.810e-01 e_L=3.170e-01 e_R=3.619e-01 e_tgt=2.055e-03  ∠U=0.31° ∠V=0.35°
  r=  512/2048  ret_E=0.495  e_src=3.099e+00 e_L=2.980e+00 e_R=2.989e+00 e_tgt=2.720e-03  ∠U=2.47° ∠V=2.48°
  r= 1024/2048  ret_E=0.749  e_src=6.817e-01 e_L=4.331e-01 e_R=5.267e-01 e_tgt=3.455e-03  ∠U=0.30° ∠V=0.34°
Processing Lang_L20.self_attn.q_proj...
  r=  128/2048  ret_E=0.492  e_src=4.544e-02 e_L=3.328e-02 e_R=3.094e-02 e_tgt=5.901e-04  ∠U=0.06° ∠V=0.06°
  r=  256/2048  ret_E=0.661  e_src=6.645e-02 e_L=4.774e-02 e_R=4.622e-02 e_tgt=7.516e-04  ∠U=0.09° ∠V=0.08°
  r=  512/2048  ret_E=0.832  e_src=8.325e-02 e_L=5.942e-02 e_R=5.830e-02 e_tgt=1.005e-03  ∠U=0.11° ∠V=0.11°
  r= 1024/2048  ret_E=0.963  e_src=8.784e-02 e_L=6.246e-02 e_R=6.177e-02 e_tgt=1.313e-03  ∠U=0.15° ∠V=0.15°
  r=  128/2048  ret_E=0.492  e_src=1.340e-01 e_L=9.832e-02 e_R=9.111e-02 e_tgt=1.847e-03  ∠U=0.18° ∠V=0.17°
  r=  256/2048  ret_E=0.661  e_src=2.017e-01 e_L=1.451e-01 e_R=1.400e-01 e_tgt=2.362e-03  ∠U=0.26° ∠V=0.26°
  r=  512/2048  ret_E=0.832  e_src=2.345e-01 e_L=1.680e-01 e_R=1.636e-01 e_tgt=2.942e-03  ∠U=0.31° ∠V=0.30°
  r= 1024/2048  ret_E=0.963  e_src=2.935e-01 e_L=2.096e-01 e_R=2.073e-01 e_tgt=3.679e-03  ∠U=0.54° ∠V=0.54°
  r=  128/2048  ret_E=0.492  e_src=1.416e-01 e_L=1.041e-01 e_R=9.608e-02 e_tgt=1.930e-03  ∠U=0.19° ∠V=0.18°
  r=  256/2048  ret_E=0.661  e_src=2.083e-01 e_L=1.502e-01 e_R=1.444e-01 e_tgt=2.528e-03  ∠U=0.27° ∠V=0.27°
  r=  512/2048  ret_E=0.832  e_src=2.438e-01 e_L=1.748e-01 e_R=1.699e-01 e_tgt=3.105e-03  ∠U=0.32° ∠V=0.32°
  r= 1024/2048  ret_E=0.963  e_src=3.101e-01 e_L=2.217e-01 e_R=2.192e-01 e_tgt=3.858e-03  ∠U=0.57° ∠V=0.57°
Processing Lang_L20.self_attn.k_proj...
  r=  128/256  ret_E=0.881  e_src=2.504e-02 e_L=1.327e-02 e_R=2.123e-02 e_tgt=4.808e-04  ∠U=0.06° ∠V=0.09°
  r=  128/256  ret_E=0.881  e_src=6.762e-02 e_L=3.663e-02 e_R=5.684e-02 e_tgt=1.624e-03  ∠U=0.18° ∠V=0.24°
  r=  128/256  ret_E=0.881  e_src=7.095e-02 e_L=3.877e-02 e_R=5.942e-02 e_tgt=1.681e-03  ∠U=0.19° ∠V=0.26°
Processing Lang_L20.self_attn.v_proj...
  r=  128/256  ret_E=0.668  e_src=4.845e-02 e_L=3.204e-02 e_R=3.634e-02 e_tgt=3.852e-04  ∠U=0.15° ∠V=0.16°
  r=  128/256  ret_E=0.668  e_src=1.667e-01 e_L=1.148e-01 e_R=1.210e-01 e_tgt=1.105e-03  ∠U=0.53° ∠V=0.55°
  r=  128/256  ret_E=0.668  e_src=1.754e-01 e_L=1.208e-01 e_R=1.274e-01 e_tgt=1.215e-03  ∠U=0.56° ∠V=0.58°
Processing Lang_L20.self_attn.o_proj...
  r=  128/2048  ret_E=0.395  e_src=4.301e-02 e_L=2.873e-02 e_R=3.200e-02 e_tgt=3.927e-04  ∠U=0.06° ∠V=0.06°
  r=  256/2048  ret_E=0.598  e_src=5.965e-02 e_L=4.006e-02 e_R=4.420e-02 e_tgt=5.695e-04  ∠U=0.07° ∠V=0.08°
  r=  512/2048  ret_E=0.809  e_src=7.312e-02 e_L=4.934e-02 e_R=5.396e-02 e_tgt=7.874e-04  ∠U=0.09° ∠V=0.09°
  r= 1024/2048  ret_E=0.960  e_src=8.396e-02 e_L=5.732e-02 e_R=6.136e-02 e_tgt=1.094e-03  ∠U=0.14° ∠V=0.15°
  r=  128/2048  ret_E=0.395  e_src=1.223e-01 e_L=8.136e-02 e_R=9.128e-02 e_tgt=1.119e-03  ∠U=0.16° ∠V=0.18°
  r=  256/2048  ret_E=0.598  e_src=2.736e-01 e_L=1.902e-01 e_R=1.973e-01 e_tgt=1.502e-03  ∠U=0.37° ∠V=0.37°
  r=  512/2048  ret_E=0.809  e_src=1.896e-01 e_L=1.271e-01 e_R=1.407e-01 e_tgt=2.020e-03  ∠U=0.23° ∠V=0.24°
  r= 1024/2048  ret_E=0.960  e_src=2.047e-01 e_L=1.385e-01 e_R=1.508e-01 e_tgt=2.728e-03  ∠U=0.34° ∠V=0.34°
  r=  128/2048  ret_E=0.395  e_src=1.294e-01 e_L=8.581e-02 e_R=9.680e-02 e_tgt=1.140e-03  ∠U=0.17° ∠V=0.19°
  r=  256/2048  ret_E=0.598  e_src=2.884e-01 e_L=2.002e-01 e_R=2.083e-01 e_tgt=1.548e-03  ∠U=0.39° ∠V=0.40°
  r=  512/2048  ret_E=0.809  e_src=1.997e-01 e_L=1.332e-01 e_R=1.488e-01 e_tgt=2.116e-03  ∠U=0.24° ∠V=0.26°
  r= 1024/2048  ret_E=0.960  e_src=2.202e-01 e_L=1.488e-01 e_R=1.625e-01 e_tgt=2.832e-03  ∠U=0.37° ∠V=0.38°
Processing Lang_L20.mlp.gate_proj...
  r=  128/2048  ret_E=0.200  e_src=9.702e-02 e_L=7.910e-02 e_R=5.619e-02 e_tgt=5.269e-04  ∠U=0.09° ∠V=0.07°
  r=  256/2048  ret_E=0.316  e_src=1.540e-01 e_L=1.199e-01 e_R=9.675e-02 e_tgt=6.651e-04  ∠U=0.11° ∠V=0.09°
  r=  512/2048  ret_E=0.496  e_src=4.851e-01 e_L=3.497e-01 e_R=3.377e-01 e_tgt=9.123e-04  ∠U=0.28° ∠V=0.27°
  r= 1024/2048  ret_E=0.748  e_src=3.620e-01 e_L=2.696e-01 e_R=2.420e-01 e_tgt=1.228e-03  ∠U=0.18° ∠V=0.17°
  r=  128/2048  ret_E=0.200  e_src=2.820e-01 e_L=2.261e-01 e_R=1.685e-01 e_tgt=1.519e-03  ∠U=0.26° ∠V=0.20°
  r=  256/2048  ret_E=0.316  e_src=4.183e-01 e_L=3.253e-01 e_R=2.631e-01 e_tgt=1.903e-03  ∠U=0.30° ∠V=0.25°
  r=  512/2048  ret_E=0.496  e_src=6.489e-01 e_L=4.904e-01 e_R=4.254e-01 e_tgt=2.426e-03  ∠U=0.37° ∠V=0.34°
  r= 1024/2048  ret_E=0.748  e_src=6.952e-01 e_L=5.401e-01 e_R=4.381e-01 e_tgt=3.301e-03  ∠U=0.35° ∠V=0.30°
  r=  128/2048  ret_E=0.200  e_src=3.003e-01 e_L=2.412e-01 e_R=1.790e-01 e_tgt=1.630e-03  ∠U=0.27° ∠V=0.21°
  r=  256/2048  ret_E=0.316  e_src=4.340e-01 e_L=3.391e-01 e_R=2.710e-01 e_tgt=2.059e-03  ∠U=0.31° ∠V=0.26°
  r=  512/2048  ret_E=0.496  e_src=7.144e-01 e_L=5.373e-01 e_R=4.715e-01 e_tgt=2.612e-03  ∠U=0.41° ∠V=0.38°
  r= 1024/2048  ret_E=0.748  e_src=7.540e-01 e_L=5.826e-01 e_R=4.795e-01 e_tgt=3.504e-03  ∠U=0.38° ∠V=0.33°
Processing Lang_L20.mlp.up_proj...
  r=  128/2048  ret_E=0.156  e_src=1.534e-01 e_L=1.150e-01 e_R=1.015e-01 e_tgt=6.978e-04  ∠U=0.14° ∠V=0.13°
  r=  256/2048  ret_E=0.266  e_src=2.134e-01 e_L=1.582e-01 e_R=1.432e-01 e_tgt=8.494e-04  ∠U=0.15° ∠V=0.14°
  r=  512/2048  ret_E=0.448  e_src=2.688e-01 e_L=1.994e-01 e_R=1.802e-01 e_tgt=1.066e-03  ∠U=0.15° ∠V=0.14°
  r= 1024/2048  ret_E=0.719  e_src=2.619e-01 e_L=2.014e-01 e_R=1.674e-01 e_tgt=1.356e-03  ∠U=0.12° ∠V=0.11°
  r=  128/2048  ret_E=0.156  e_src=4.186e-01 e_L=3.132e-01 e_R=2.778e-01 e_tgt=1.784e-03  ∠U=0.39° ∠V=0.35°
  r=  256/2048  ret_E=0.266  e_src=5.869e-01 e_L=4.341e-01 e_R=3.952e-01 e_tgt=2.220e-03  ∠U=0.41° ∠V=0.38°
  r=  512/2048  ret_E=0.448  e_src=7.470e-01 e_L=5.521e-01 e_R=5.037e-01 e_tgt=2.726e-03  ∠U=0.41° ∠V=0.38°
  r= 1024/2048  ret_E=0.719  e_src=7.091e-01 e_L=5.433e-01 e_R=4.560e-01 e_tgt=3.592e-03  ∠U=0.33° ∠V=0.29°
  r=  128/2048  ret_E=0.156  e_src=4.307e-01 e_L=3.238e-01 e_R=2.840e-01 e_tgt=2.028e-03  ∠U=0.40° ∠V=0.36°
  r=  256/2048  ret_E=0.266  e_src=6.143e-01 e_L=4.550e-01 e_R=4.130e-01 e_tgt=2.484e-03  ∠U=0.43° ∠V=0.40°
  r=  512/2048  ret_E=0.448  e_src=7.475e-01 e_L=5.549e-01 e_R=5.012e-01 e_tgt=3.015e-03  ∠U=0.41° ∠V=0.38°
  r= 1024/2048  ret_E=0.719  e_src=7.425e-01 e_L=5.687e-01 e_R=4.776e-01 e_tgt=3.835e-03  ∠U=0.35° ∠V=0.31°
Processing Lang_L20.mlp.down_proj...
  r=  128/2048  ret_E=0.159  e_src=1.380e-01 e_L=9.136e-02 e_R=1.034e-01 e_tgt=5.688e-04  ∠U=0.12° ∠V=0.13°
  r=  256/2048  ret_E=0.269  e_src=2.069e-01 e_L=1.394e-01 e_R=1.529e-01 e_tgt=7.344e-04  ∠U=0.14° ∠V=0.15°
  r=  512/2048  ret_E=0.451  e_src=2.389e-01 e_L=1.587e-01 e_R=1.786e-01 e_tgt=9.730e-04  ∠U=0.12° ∠V=0.14°
  r= 1024/2048  ret_E=0.718  e_src=2.678e-01 e_L=1.729e-01 e_R=2.046e-01 e_tgt=1.301e-03  ∠U=0.12° ∠V=0.13°
  r=  128/2048  ret_E=0.159  e_src=3.659e-01 e_L=2.435e-01 e_R=2.732e-01 e_tgt=1.444e-03  ∠U=0.32° ∠V=0.35°
  r=  256/2048  ret_E=0.269  e_src=5.805e-01 e_L=3.947e-01 e_R=4.258e-01 e_tgt=1.913e-03  ∠U=0.39° ∠V=0.42°
  r=  512/2048  ret_E=0.451  e_src=6.535e-01 e_L=4.378e-01 e_R=4.853e-01 e_tgt=2.566e-03  ∠U=0.34° ∠V=0.37°
  r= 1024/2048  ret_E=0.718  e_src=6.913e-01 e_L=4.475e-01 e_R=5.271e-01 e_tgt=3.388e-03  ∠U=0.30° ∠V=0.34°
  r=  128/2048  ret_E=0.159  e_src=3.885e-01 e_L=2.582e-01 e_R=2.903e-01 e_tgt=1.545e-03  ∠U=0.33° ∠V=0.37°
  r=  256/2048  ret_E=0.269  e_src=5.868e-01 e_L=3.973e-01 e_R=4.321e-01 e_tgt=2.036e-03  ∠U=0.40° ∠V=0.42°
  r=  512/2048  ret_E=0.451  e_src=6.947e-01 e_L=4.659e-01 e_R=5.155e-01 e_tgt=2.719e-03  ∠U=0.36° ∠V=0.40°
  r= 1024/2048  ret_E=0.718  e_src=7.242e-01 e_L=4.690e-01 e_R=5.520e-01 e_tgt=3.547e-03  ∠U=0.31° ∠V=0.35°
Processing Lang_L21.self_attn.q_proj...
  r=  128/2048  ret_E=0.436  e_src=5.940e-02 e_L=4.330e-02 e_R=4.067e-02 e_tgt=7.385e-04  ∠U=0.08° ∠V=0.08°
  r=  256/2048  ret_E=0.617  e_src=7.938e-02 e_L=5.731e-02 e_R=5.492e-02 e_tgt=9.220e-04  ∠U=0.10° ∠V=0.10°
  r=  512/2048  ret_E=0.808  e_src=9.291e-01 e_L=7.220e-01 e_R=7.218e-01 e_tgt=1.130e-03  ∠U=1.49° ∠V=1.49°
  r= 1024/2048  ret_E=0.957  e_src=1.541e-01 e_L=1.099e-01 e_R=1.087e-01 e_tgt=1.462e-03  ∠U=0.28° ∠V=0.28°
  r=  128/2048  ret_E=0.436  e_src=1.539e-01 e_L=1.142e-01 e_R=1.032e-01 e_tgt=2.057e-03  ∠U=0.21° ∠V=0.20°
  r=  256/2048  ret_E=0.617  e_src=2.237e-01 e_L=1.626e-01 e_R=1.537e-01 e_tgt=2.506e-03  ∠U=0.29° ∠V=0.28°
  r=  512/2048  ret_E=0.808  e_src=5.453e-01 e_L=3.945e-01 e_R=3.907e-01 e_tgt=3.033e-03  ∠U=0.79° ∠V=0.79°
  r= 1024/2048  ret_E=0.957  e_src=2.426e-01 e_L=1.755e-01 e_R=1.676e-01 e_tgt=3.765e-03  ∠U=0.38° ∠V=0.38°
  r=  128/2048  ret_E=0.436  e_src=1.709e-01 e_L=1.264e-01 e_R=1.151e-01 e_tgt=2.195e-03  ∠U=0.24° ∠V=0.22°
  r=  256/2048  ret_E=0.617  e_src=2.378e-01 e_L=1.729e-01 e_R=1.633e-01 e_tgt=2.642e-03  ∠U=0.31° ∠V=0.30°
  r=  512/2048  ret_E=0.808  e_src=7.989e-01 e_L=5.969e-01 e_R=5.940e-01 e_tgt=3.208e-03  ∠U=1.22° ∠V=1.22°
  r= 1024/2048  ret_E=0.957  e_src=2.899e-01 e_L=2.094e-01 e_R=2.017e-01 e_tgt=3.964e-03  ∠U=0.48° ∠V=0.48°
Processing Lang_L21.self_attn.k_proj...
  r=  128/256  ret_E=0.876  e_src=2.682e-02 e_L=1.370e-02 e_R=2.305e-02 e_tgt=7.289e-04  ∠U=0.05° ∠V=0.08°
  r=  128/256  ret_E=0.876  e_src=7.333e-02 e_L=4.077e-02 e_R=6.096e-02 e_tgt=1.842e-03  ∠U=0.17° ∠V=0.23°
  r=  128/256  ret_E=0.876  e_src=7.720e-02 e_L=4.352e-02 e_R=6.377e-02 e_tgt=1.988e-03  ∠U=0.18° ∠V=0.24°
Processing Lang_L21.self_attn.v_proj...
  r=  128/256  ret_E=0.669  e_src=5.164e-02 e_L=3.432e-02 e_R=3.858e-02 e_tgt=5.123e-04  ∠U=0.16° ∠V=0.17°
  r=  128/256  ret_E=0.669  e_src=1.120e-01 e_L=7.418e-02 e_R=8.390e-02 e_tgt=1.321e-03  ∠U=0.34° ∠V=0.37°
  r=  128/256  ret_E=0.669  e_src=1.260e-01 e_L=8.424e-02 e_R=9.371e-02 e_tgt=1.427e-03  ∠U=0.38° ∠V=0.42°
Processing Lang_L21.self_attn.o_proj...
  r=  128/2048  ret_E=0.376  e_src=4.615e-02 e_L=3.002e-02 e_R=3.505e-02 e_tgt=5.484e-04  ∠U=0.06° ∠V=0.07°
  r=  256/2048  ret_E=0.568  e_src=6.094e-02 e_L=4.053e-02 e_R=4.551e-02 e_tgt=6.544e-04  ∠U=0.08° ∠V=0.08°
  r=  512/2048  ret_E=0.784  e_src=8.198e-02 e_L=5.576e-02 e_R=6.010e-02 e_tgt=8.147e-04  ∠U=0.10° ∠V=0.11°
  r= 1024/2048  ret_E=0.954  e_src=7.899e-02 e_L=5.351e-02 e_R=5.812e-02 e_tgt=1.083e-03  ∠U=0.12° ∠V=0.13°
  r=  128/2048  ret_E=0.376  e_src=1.458e-01 e_L=9.268e-02 e_R=1.125e-01 e_tgt=1.263e-03  ∠U=0.20° ∠V=0.23°
  r=  256/2048  ret_E=0.568  e_src=2.126e-01 e_L=1.420e-01 e_R=1.584e-01 e_tgt=1.616e-03  ∠U=0.28° ∠V=0.29°
  r=  512/2048  ret_E=0.784  e_src=2.193e-01 e_L=1.464e-01 e_R=1.633e-01 e_tgt=2.138e-03  ∠U=0.27° ∠V=0.28°
  r= 1024/2048  ret_E=0.954  e_src=2.524e-01 e_L=1.713e-01 e_R=1.860e-01 e_tgt=2.864e-03  ∠U=0.43° ∠V=0.43°
  r=  128/2048  ret_E=0.376  e_src=1.478e-01 e_L=9.304e-02 e_R=1.149e-01 e_tgt=1.441e-03  ∠U=0.20° ∠V=0.23°
  r=  256/2048  ret_E=0.568  e_src=2.080e-01 e_L=1.373e-01 e_R=1.562e-01 e_tgt=1.776e-03  ∠U=0.27° ∠V=0.29°
  r=  512/2048  ret_E=0.784  e_src=2.274e-01 e_L=1.513e-01 e_R=1.698e-01 e_tgt=2.278e-03  ∠U=0.28° ∠V=0.29°
  r= 1024/2048  ret_E=0.954  e_src=2.556e-01 e_L=1.727e-01 e_R=1.890e-01 e_tgt=3.006e-03  ∠U=0.43° ∠V=0.44°
Processing Lang_L21.mlp.gate_proj...
  r=  128/2048  ret_E=0.198  e_src=1.011e-01 e_L=8.070e-02 e_R=6.093e-02 e_tgt=5.213e-04  ∠U=0.09° ∠V=0.07°
  r=  256/2048  ret_E=0.315  e_src=2.049e-01 e_L=1.526e-01 e_R=1.368e-01 e_tgt=6.813e-04  ∠U=0.14° ∠V=0.13°
  r=  512/2048  ret_E=0.497  e_src=2.215e-01 e_L=1.683e-01 e_R=1.441e-01 e_tgt=8.840e-04  ∠U=0.12° ∠V=0.11°
  r= 1024/2048  ret_E=0.750  e_src=3.620e-01 e_L=2.686e-01 e_R=2.432e-01 e_tgt=1.189e-03  ∠U=0.18° ∠V=0.17°
  r=  128/2048  ret_E=0.198  e_src=2.652e-01 e_L=2.134e-01 e_R=1.575e-01 e_tgt=1.580e-03  ∠U=0.24° ∠V=0.18°
  r=  256/2048  ret_E=0.315  e_src=5.141e-01 e_L=3.863e-01 e_R=3.396e-01 e_tgt=1.984e-03  ∠U=0.36° ∠V=0.32°
  r=  512/2048  ret_E=0.497  e_src=6.705e-01 e_L=5.032e-01 e_R=4.440e-01 e_tgt=2.550e-03  ∠U=0.38° ∠V=0.34°
  r= 1024/2048  ret_E=0.750  e_src=7.765e-01 e_L=5.918e-01 e_R=5.046e-01 e_tgt=3.310e-03  ∠U=0.38° ∠V=0.35°
  r=  128/2048  ret_E=0.198  e_src=2.773e-01 e_L=2.245e-01 e_R=1.628e-01 e_tgt=1.661e-03  ∠U=0.25° ∠V=0.19°
  r=  256/2048  ret_E=0.315  e_src=4.610e-01 e_L=3.543e-01 e_R=2.951e-01 e_tgt=2.082e-03  ∠U=0.32° ∠V=0.28°
  r=  512/2048  ret_E=0.497  e_src=6.435e-01 e_L=4.883e-01 e_R=4.194e-01 e_tgt=2.693e-03  ∠U=0.36° ∠V=0.32°
  r= 1024/2048  ret_E=0.750  e_src=7.239e-01 e_L=5.610e-01 e_R=4.583e-01 e_tgt=3.495e-03  ∠U=0.36° ∠V=0.31°
Processing Lang_L21.mlp.up_proj...
  r=  128/2048  ret_E=0.152  e_src=1.513e-01 e_L=1.131e-01 e_R=1.005e-01 e_tgt=6.148e-04  ∠U=0.14° ∠V=0.13°
  r=  256/2048  ret_E=0.265  e_src=2.121e-01 e_L=1.568e-01 e_R=1.428e-01 e_tgt=7.633e-04  ∠U=0.15° ∠V=0.14°
  r=  512/2048  ret_E=0.451  e_src=2.516e-01 e_L=1.872e-01 e_R=1.681e-01 e_tgt=9.826e-04  ∠U=0.14° ∠V=0.13°
  r= 1024/2048  ret_E=0.723  e_src=3.071e-01 e_L=2.302e-01 e_R=2.033e-01 e_tgt=1.282e-03  ∠U=0.15° ∠V=0.14°
  r=  128/2048  ret_E=0.152  e_src=3.744e-01 e_L=2.822e-01 e_R=2.460e-01 e_tgt=1.710e-03  ∠U=0.35° ∠V=0.31°
  r=  256/2048  ret_E=0.265  e_src=5.882e-01 e_L=4.340e-01 e_R=3.972e-01 e_tgt=2.274e-03  ∠U=0.42° ∠V=0.39°
  r=  512/2048  ret_E=0.451  e_src=6.500e-01 e_L=4.861e-01 e_R=4.318e-01 e_tgt=2.870e-03  ∠U=0.36° ∠V=0.33°
  r= 1024/2048  ret_E=0.723  e_src=7.042e-01 e_L=5.390e-01 e_R=4.535e-01 e_tgt=3.589e-03  ∠U=0.34° ∠V=0.30°
  r=  128/2048  ret_E=0.152  e_src=3.992e-01 e_L=3.013e-01 e_R=2.619e-01 e_tgt=1.971e-03  ∠U=0.37° ∠V=0.33°
  r=  256/2048  ret_E=0.265  e_src=5.989e-01 e_L=4.437e-01 e_R=4.025e-01 e_tgt=2.529e-03  ∠U=0.42° ∠V=0.39°
  r=  512/2048  ret_E=0.451  e_src=7.029e-01 e_L=5.243e-01 e_R=4.685e-01 e_tgt=3.110e-03  ∠U=0.39° ∠V=0.36°
  r= 1024/2048  ret_E=0.723  e_src=7.677e-01 e_L=5.843e-01 e_R=4.988e-01 e_tgt=3.824e-03  ∠U=0.37° ∠V=0.33°
Processing Lang_L21.mlp.down_proj...
  r=  128/2048  ret_E=0.163  e_src=1.299e-01 e_L=8.622e-02 e_R=9.719e-02 e_tgt=4.931e-04  ∠U=0.11° ∠V=0.13°
  r=  256/2048  ret_E=0.275  e_src=1.807e-01 e_L=1.209e-01 e_R=1.343e-01 e_tgt=6.458e-04  ∠U=0.12° ∠V=0.13°
  r=  512/2048  ret_E=0.459  e_src=2.386e-01 e_L=1.597e-01 e_R=1.772e-01 e_tgt=8.571e-04  ∠U=0.13° ∠V=0.14°
  r= 1024/2048  ret_E=0.727  e_src=2.832e-01 e_L=1.864e-01 e_R=2.133e-01 e_tgt=1.130e-03  ∠U=0.13° ∠V=0.14°
  r=  128/2048  ret_E=0.163  e_src=3.586e-01 e_L=2.389e-01 e_R=2.676e-01 e_tgt=1.358e-03  ∠U=0.31° ∠V=0.34°
  r=  256/2048  ret_E=0.275  e_src=5.254e-01 e_L=3.546e-01 e_R=3.878e-01 e_tgt=1.827e-03  ∠U=0.36° ∠V=0.38°
  r=  512/2048  ret_E=0.459  e_src=6.345e-01 e_L=4.253e-01 e_R=4.711e-01 e_tgt=2.358e-03  ∠U=0.34° ∠V=0.37°
  r= 1024/2048  ret_E=0.727  e_src=6.622e-01 e_L=4.271e-01 e_R=5.063e-01 e_tgt=3.210e-03  ∠U=0.29° ∠V=0.33°
  r=  128/2048  ret_E=0.163  e_src=3.702e-01 e_L=2.456e-01 e_R=2.771e-01 e_tgt=1.443e-03  ∠U=0.32° ∠V=0.36°
  r=  256/2048  ret_E=0.275  e_src=5.381e-01 e_L=3.621e-01 e_R=3.982e-01 e_tgt=1.949e-03  ∠U=0.36° ∠V=0.39°
  r=  512/2048  ret_E=0.459  e_src=6.602e-01 e_L=4.422e-01 e_R=4.905e-01 e_tgt=2.508e-03  ∠U=0.35° ∠V=0.38°
  r= 1024/2048  ret_E=0.727  e_src=7.017e-01 e_L=4.542e-01 e_R=5.351e-01 e_tgt=3.376e-03  ∠U=0.31° ∠V=0.35°
Processing Lang_L22.self_attn.q_proj...
  r=  128/2048  ret_E=0.404  e_src=6.012e-02 e_L=4.373e-02 e_R=4.125e-02 e_tgt=5.913e-04  ∠U=0.09° ∠V=0.08°
  r=  256/2048  ret_E=0.589  e_src=9.879e-02 e_L=7.083e-02 e_R=6.888e-02 e_tgt=8.054e-04  ∠U=0.13° ∠V=0.13°
  r=  512/2048  ret_E=0.792  e_src=1.020e-01 e_L=7.334e-02 e_R=7.086e-02 e_tgt=1.063e-03  ∠U=0.13° ∠V=0.13°
  r= 1024/2048  ret_E=0.954  e_src=1.225e-01 e_L=8.764e-02 e_R=8.580e-02 e_tgt=1.382e-03  ∠U=0.20° ∠V=0.20°
  r=  128/2048  ret_E=0.404  e_src=2.572e-01 e_L=1.844e-01 e_R=1.797e-01 e_tgt=1.834e-03  ∠U=0.38° ∠V=0.37°
  r=  256/2048  ret_E=0.589  e_src=2.485e-01 e_L=1.785e-01 e_R=1.729e-01 e_tgt=2.373e-03  ∠U=0.32° ∠V=0.31°
  r=  512/2048  ret_E=0.792  e_src=3.285e-01 e_L=2.353e-01 e_R=2.300e-01 e_tgt=3.034e-03  ∠U=0.43° ∠V=0.42°
  r= 1024/2048  ret_E=0.954  e_src=2.844e-01 e_L=2.048e-01 e_R=1.984e-01 e_tgt=3.794e-03  ∠U=0.46° ∠V=0.45°
  r=  128/2048  ret_E=0.404  e_src=2.819e-01 e_L=2.020e-01 e_R=1.970e-01 e_tgt=1.903e-03  ∠U=0.42° ∠V=0.41°
  r=  256/2048  ret_E=0.589  e_src=2.377e-01 e_L=1.715e-01 e_R=1.647e-01 e_tgt=2.478e-03  ∠U=0.30° ∠V=0.29°
  r=  512/2048  ret_E=0.792  e_src=3.523e-01 e_L=2.525e-01 e_R=2.468e-01 e_tgt=3.144e-03  ∠U=0.46° ∠V=0.45°
  r= 1024/2048  ret_E=0.954  e_src=2.681e-01 e_L=1.936e-01 e_R=1.858e-01 e_tgt=3.951e-03  ∠U=0.41° ∠V=0.41°
Processing Lang_L22.self_attn.k_proj...
  r=  128/256  ret_E=0.847  e_src=2.583e-02 e_L=1.381e-02 e_R=2.183e-02 e_tgt=5.382e-04  ∠U=0.06° ∠V=0.08°
  r=  128/256  ret_E=0.847  e_src=6.902e-02 e_L=3.658e-02 e_R=5.853e-02 e_tgt=1.614e-03  ∠U=0.16° ∠V=0.23°
  r=  128/256  ret_E=0.847  e_src=7.195e-02 e_L=3.852e-02 e_R=6.077e-02 e_tgt=1.672e-03  ∠U=0.16° ∠V=0.23°
Processing Lang_L22.self_attn.v_proj...
  r=  128/256  ret_E=0.638  e_src=4.780e-02 e_L=3.207e-02 e_R=3.545e-02 e_tgt=3.885e-04  ∠U=0.14° ∠V=0.15°
  r=  128/256  ret_E=0.638  e_src=3.244e-01 e_L=2.294e-01 e_R=2.328e-01 e_tgt=1.165e-03  ∠U=1.00° ∠V=1.01°
  r=  128/256  ret_E=0.638  e_src=3.353e-01 e_L=2.372e-01 e_R=2.407e-01 e_tgt=1.246e-03  ∠U=1.04° ∠V=1.05°
Processing Lang_L22.self_attn.o_proj...
  r=  128/2048  ret_E=0.362  e_src=4.273e-02 e_L=2.766e-02 e_R=3.256e-02 e_tgt=5.043e-04  ∠U=0.06° ∠V=0.06°
  r=  256/2048  ret_E=0.556  e_src=6.095e-02 e_L=4.061e-02 e_R=4.545e-02 e_tgt=5.888e-04  ∠U=0.08° ∠V=0.08°
  r=  512/2048  ret_E=0.773  e_src=7.088e-02 e_L=4.707e-02 e_R=5.300e-02 e_tgt=7.333e-04  ∠U=0.08° ∠V=0.09°
  r= 1024/2048  ret_E=0.950  e_src=7.901e-02 e_L=5.233e-02 e_R=5.921e-02 e_tgt=9.917e-04  ∠U=0.12° ∠V=0.12°
  r=  128/2048  ret_E=0.362  e_src=1.549e-01 e_L=1.005e-01 e_R=1.179e-01 e_tgt=1.468e-03  ∠U=0.21° ∠V=0.24°
  r=  256/2048  ret_E=0.556  e_src=1.591e-01 e_L=1.003e-01 e_R=1.235e-01 e_tgt=1.705e-03  ∠U=0.18° ∠V=0.21°
  r=  512/2048  ret_E=0.773  e_src=2.140e-01 e_L=1.397e-01 e_R=1.622e-01 e_tgt=2.052e-03  ∠U=0.25° ∠V=0.27°
  r= 1024/2048  ret_E=0.950  e_src=2.086e-01 e_L=1.324e-01 e_R=1.613e-01 e_tgt=2.686e-03  ∠U=0.29° ∠V=0.32°
  r=  128/2048  ret_E=0.362  e_src=1.576e-01 e_L=1.015e-01 e_R=1.206e-01 e_tgt=1.577e-03  ∠U=0.22° ∠V=0.24°
  r=  256/2048  ret_E=0.556  e_src=1.632e-01 e_L=1.020e-01 e_R=1.274e-01 e_tgt=1.796e-03  ∠U=0.19° ∠V=0.22°
  r=  512/2048  ret_E=0.773  e_src=2.200e-01 e_L=1.428e-01 e_R=1.675e-01 e_tgt=2.157e-03  ∠U=0.26° ∠V=0.28°
  r= 1024/2048  ret_E=0.950  e_src=2.138e-01 e_L=1.344e-01 e_R=1.664e-01 e_tgt=2.756e-03  ∠U=0.30° ∠V=0.32°
Processing Lang_L22.mlp.gate_proj...
  r=  128/2048  ret_E=0.196  e_src=1.161e-01 e_L=8.986e-02 e_R=7.346e-02 e_tgt=5.698e-04  ∠U=0.10° ∠V=0.09°
  r=  256/2048  ret_E=0.314  e_src=1.399e-01 e_L=1.096e-01 e_R=8.700e-02 e_tgt=7.081e-04  ∠U=0.10° ∠V=0.08°
  r=  512/2048  ret_E=0.497  e_src=1.964e-01 e_L=1.513e-01 e_R=1.252e-01 e_tgt=8.944e-04  ∠U=0.11° ∠V=0.10°
  r= 1024/2048  ret_E=0.750  e_src=2.461e-01 e_L=1.911e-01 e_R=1.550e-01 e_tgt=1.151e-03  ∠U=0.12° ∠V=0.11°
  r=  128/2048  ret_E=0.196  e_src=2.925e-01 e_L=2.313e-01 e_R=1.791e-01 e_tgt=1.447e-03  ∠U=0.26° ∠V=0.21°
  r=  256/2048  ret_E=0.314  e_src=3.984e-01 e_L=3.108e-01 e_R=2.493e-01 e_tgt=1.922e-03  ∠U=0.28° ∠V=0.23°
  r=  512/2048  ret_E=0.497  e_src=6.730e-01 e_L=5.051e-01 e_R=4.456e-01 e_tgt=2.524e-03  ∠U=0.38° ∠V=0.35°
  r= 1024/2048  ret_E=0.750  e_src=8.165e-01 e_L=6.186e-01 e_R=5.360e-01 e_tgt=3.289e-03  ∠U=0.41° ∠V=0.37°
  r=  128/2048  ret_E=0.196  e_src=3.064e-01 e_L=2.432e-01 e_R=1.864e-01 e_tgt=1.576e-03  ∠U=0.27° ∠V=0.22°
  r=  256/2048  ret_E=0.314  e_src=4.147e-01 e_L=3.247e-01 e_R=2.580e-01 e_tgt=2.056e-03  ∠U=0.29° ∠V=0.24°
  r=  512/2048  ret_E=0.497  e_src=6.930e-01 e_L=5.214e-01 e_R=4.574e-01 e_tgt=2.675e-03  ∠U=0.39° ∠V=0.36°
  r= 1024/2048  ret_E=0.750  e_src=8.316e-01 e_L=6.319e-01 e_R=5.434e-01 e_tgt=3.448e-03  ∠U=0.42° ∠V=0.38°
Processing Lang_L22.mlp.up_proj...
  r=  128/2048  ret_E=0.145  e_src=1.591e-01 e_L=1.179e-01 e_R=1.068e-01 e_tgt=5.077e-04  ∠U=0.15° ∠V=0.14°
  r=  256/2048  ret_E=0.259  e_src=2.162e-01 e_L=1.593e-01 e_R=1.463e-01 e_tgt=6.699e-04  ∠U=0.15° ∠V=0.14°
  r=  512/2048  ret_E=0.446  e_src=2.277e-01 e_L=1.709e-01 e_R=1.504e-01 e_tgt=8.708e-04  ∠U=0.13° ∠V=0.11°
  r= 1024/2048  ret_E=0.721  e_src=2.447e-01 e_L=1.889e-01 e_R=1.556e-01 e_tgt=1.148e-03  ∠U=0.12° ∠V=0.10°
  r=  128/2048  ret_E=0.145  e_src=4.015e-01 e_L=3.001e-01 e_R=2.668e-01 e_tgt=1.518e-03  ∠U=0.37° ∠V=0.34°
  r=  256/2048  ret_E=0.259  e_src=6.276e-01 e_L=4.607e-01 e_R=4.265e-01 e_tgt=1.977e-03  ∠U=0.44° ∠V=0.41°
  r=  512/2048  ret_E=0.446  e_src=6.551e-01 e_L=4.889e-01 e_R=4.362e-01 e_tgt=2.549e-03  ∠U=0.36° ∠V=0.33°
  r= 1024/2048  ret_E=0.721  e_src=6.731e-01 e_L=5.185e-01 e_R=4.295e-01 e_tgt=3.359e-03  ∠U=0.32° ∠V=0.28°
  r=  128/2048  ret_E=0.145  e_src=4.344e-01 e_L=3.244e-01 e_R=2.890e-01 e_tgt=1.544e-03  ∠U=0.41° ∠V=0.37°
  r=  256/2048  ret_E=0.259  e_src=6.622e-01 e_L=4.863e-01 e_R=4.499e-01 e_tgt=2.016e-03  ∠U=0.47° ∠V=0.44°
  r=  512/2048  ret_E=0.446  e_src=6.789e-01 e_L=5.074e-01 e_R=4.512e-01 e_tgt=2.591e-03  ∠U=0.38° ∠V=0.34°
  r= 1024/2048  ret_E=0.721  e_src=6.938e-01 e_L=5.355e-01 e_R=4.415e-01 e_tgt=3.440e-03  ∠U=0.33° ∠V=0.29°
Processing Lang_L22.mlp.down_proj...
  r=  128/2048  ret_E=0.169  e_src=1.117e-01 e_L=7.203e-02 e_R=8.532e-02 e_tgt=5.262e-04  ∠U=0.09° ∠V=0.11°
  r=  256/2048  ret_E=0.284  e_src=2.858e-01 e_L=1.978e-01 e_R=2.065e-01 e_tgt=6.946e-04  ∠U=0.20° ∠V=0.21°
  r=  512/2048  ret_E=0.469  e_src=2.219e-01 e_L=1.470e-01 e_R=1.662e-01 e_tgt=9.045e-04  ∠U=0.12° ∠V=0.13°
  r= 1024/2048  ret_E=0.736  e_src=2.275e-01 e_L=1.433e-01 e_R=1.768e-01 e_tgt=1.191e-03  ∠U=0.10° ∠V=0.11°
  r=  128/2048  ret_E=0.169  e_src=3.162e-01 e_L=2.054e-01 e_R=2.404e-01 e_tgt=1.504e-03  ∠U=0.26° ∠V=0.30°
  r=  256/2048  ret_E=0.284  e_src=1.398e+00 e_L=9.987e-01 e_R=1.012e+00 e_tgt=1.962e-03  ∠U=1.01° ∠V=1.02°
  r=  512/2048  ret_E=0.469  e_src=6.583e-01 e_L=4.418e-01 e_R=4.883e-01 e_tgt=2.516e-03  ∠U=0.35° ∠V=0.38°
  r= 1024/2048  ret_E=0.736  e_src=6.034e-01 e_L=3.797e-01 e_R=4.690e-01 e_tgt=3.422e-03  ∠U=0.26° ∠V=0.30°
  r=  128/2048  ret_E=0.169  e_src=3.369e-01 e_L=2.189e-01 e_R=2.560e-01 e_tgt=1.585e-03  ∠U=0.28° ∠V=0.32°
  r=  256/2048  ret_E=0.284  e_src=1.587e+00 e_L=1.142e+00 e_R=1.154e+00 e_tgt=2.071e-03  ∠U=1.16° ∠V=1.17°
  r=  512/2048  ret_E=0.469  e_src=6.966e-01 e_L=4.681e-01 e_R=5.164e-01 e_tgt=2.609e-03  ∠U=0.37° ∠V=0.40°
  r= 1024/2048  ret_E=0.736  e_src=6.267e-01 e_L=3.942e-01 e_R=4.873e-01 e_tgt=3.551e-03  ∠U=0.26° ∠V=0.31°
Processing Lang_L23.self_attn.q_proj...
  r=  128/2048  ret_E=0.414  e_src=5.354e-02 e_L=3.913e-02 e_R=3.653e-02 e_tgt=6.110e-04  ∠U=0.07° ∠V=0.07°
  r=  256/2048  ret_E=0.607  e_src=6.909e-02 e_L=5.011e-02 e_R=4.757e-02 e_tgt=8.006e-04  ∠U=0.08° ∠V=0.08°
  r=  512/2048  ret_E=0.802  e_src=1.013e-01 e_L=7.263e-02 e_R=7.060e-02 e_tgt=1.041e-03  ∠U=0.13° ∠V=0.13°
  r= 1024/2048  ret_E=0.955  e_src=9.491e-02 e_L=6.822e-02 e_R=6.599e-02 e_tgt=1.314e-03  ∠U=0.15° ∠V=0.14°
  r=  128/2048  ret_E=0.414  e_src=1.512e-01 e_L=1.112e-01 e_R=1.025e-01 e_tgt=1.690e-03  ∠U=0.20° ∠V=0.19°
  r=  256/2048  ret_E=0.607  e_src=1.886e-01 e_L=1.375e-01 e_R=1.290e-01 e_tgt=2.091e-03  ∠U=0.23° ∠V=0.22°
  r=  512/2048  ret_E=0.802  e_src=2.798e-01 e_L=2.010e-01 e_R=1.948e-01 e_tgt=2.736e-03  ∠U=0.36° ∠V=0.35°
  r= 1024/2048  ret_E=0.955  e_src=2.349e-01 e_L=1.692e-01 e_R=1.629e-01 e_tgt=3.377e-03  ∠U=0.35° ∠V=0.35°
  r=  128/2048  ret_E=0.414  e_src=1.608e-01 e_L=1.182e-01 e_R=1.090e-01 e_tgt=1.817e-03  ∠U=0.21° ∠V=0.20°
  r=  256/2048  ret_E=0.607  e_src=1.996e-01 e_L=1.456e-01 e_R=1.366e-01 e_tgt=2.275e-03  ∠U=0.24° ∠V=0.23°
  r=  512/2048  ret_E=0.802  e_src=2.861e-01 e_L=2.059e-01 e_R=1.988e-01 e_tgt=2.910e-03  ∠U=0.36° ∠V=0.36°
  r= 1024/2048  ret_E=0.955  e_src=2.500e-01 e_L=1.805e-01 e_R=1.732e-01 e_tgt=3.583e-03  ∠U=0.38° ∠V=0.38°
Processing Lang_L23.self_attn.k_proj...
  r=  128/256  ret_E=0.775  e_src=4.897e-02 e_L=3.236e-02 e_R=3.675e-02 e_tgt=6.584e-04  ∠U=0.12° ∠V=0.13°
  r=  128/256  ret_E=0.775  e_src=1.126e-01 e_L=7.331e-02 e_R=8.544e-02 e_tgt=1.565e-03  ∠U=0.27° ∠V=0.30°
  r=  128/256  ret_E=0.775  e_src=1.055e-01 e_L=6.743e-02 e_R=8.112e-02 e_tgt=1.677e-03  ∠U=0.25° ∠V=0.28°
Processing Lang_L23.self_attn.v_proj...
  r=  128/256  ret_E=0.673  e_src=6.489e-02 e_L=4.373e-02 e_R=4.796e-02 e_tgt=6.368e-04  ∠U=0.21° ∠V=0.23°
  r=  128/256  ret_E=0.673  e_src=2.639e-01 e_L=1.856e-01 e_R=1.899e-01 e_tgt=1.367e-03  ∠U=0.92° ∠V=0.94°
  r=  128/256  ret_E=0.673  e_src=2.960e-01 e_L=2.089e-01 e_R=2.132e-01 e_tgt=1.442e-03  ∠U=1.04° ∠V=1.05°
Processing Lang_L23.self_attn.o_proj...
  r=  128/2048  ret_E=0.380  e_src=4.946e-02 e_L=3.263e-02 e_R=3.717e-02 e_tgt=5.334e-04  ∠U=0.07° ∠V=0.08°
  r=  256/2048  ret_E=0.574  e_src=7.580e-02 e_L=5.146e-02 e_R=5.566e-02 e_tgt=6.465e-04  ∠U=0.10° ∠V=0.11°
  r=  512/2048  ret_E=0.789  e_src=7.578e-02 e_L=5.083e-02 e_R=5.620e-02 e_tgt=8.448e-04  ∠U=0.10° ∠V=0.10°
  r= 1024/2048  ret_E=0.954  e_src=8.344e-02 e_L=5.633e-02 e_R=6.156e-02 e_tgt=1.106e-03  ∠U=0.14° ∠V=0.15°
  r=  128/2048  ret_E=0.380  e_src=1.331e-01 e_L=8.683e-02 e_R=1.008e-01 e_tgt=1.152e-03  ∠U=0.20° ∠V=0.22°
  r=  256/2048  ret_E=0.574  e_src=1.670e-01 e_L=1.100e-01 e_R=1.256e-01 e_tgt=1.472e-03  ∠U=0.22° ∠V=0.24°
  r=  512/2048  ret_E=0.789  e_src=2.244e-01 e_L=1.509e-01 e_R=1.663e-01 e_tgt=1.957e-03  ∠U=0.30° ∠V=0.32°
  r= 1024/2048  ret_E=0.954  e_src=2.108e-01 e_L=1.400e-01 e_R=1.578e-01 e_tgt=2.623e-03  ∠U=0.35° ∠V=0.37°
  r=  128/2048  ret_E=0.380  e_src=1.401e-01 e_L=9.076e-02 e_R=1.067e-01 e_tgt=1.298e-03  ∠U=0.20° ∠V=0.23°
  r=  256/2048  ret_E=0.574  e_src=1.888e-01 e_L=1.250e-01 e_R=1.416e-01 e_tgt=1.610e-03  ∠U=0.25° ∠V=0.27°
  r=  512/2048  ret_E=0.789  e_src=2.241e-01 e_L=1.491e-01 e_R=1.674e-01 e_tgt=2.109e-03  ∠U=0.30° ∠V=0.31°
  r= 1024/2048  ret_E=0.954  e_src=2.113e-01 e_L=1.386e-01 e_R=1.596e-01 e_tgt=2.772e-03  ∠U=0.34° ∠V=0.36°
Processing Lang_L23.mlp.gate_proj...
  r=  128/2048  ret_E=0.181  e_src=1.108e-01 e_L=8.618e-02 e_R=6.970e-02 e_tgt=5.055e-04  ∠U=0.10° ∠V=0.09°
  r=  256/2048  ret_E=0.297  e_src=1.505e-01 e_L=1.156e-01 e_R=9.631e-02 e_tgt=6.359e-04  ∠U=0.11° ∠V=0.09°
  r=  512/2048  ret_E=0.480  e_src=2.169e-01 e_L=1.639e-01 e_R=1.420e-01 e_tgt=8.306e-04  ∠U=0.13° ∠V=0.11°
  r= 1024/2048  ret_E=0.739  e_src=2.395e-01 e_L=1.855e-01 e_R=1.516e-01 e_tgt=1.083e-03  ∠U=0.12° ∠V=0.11°
  r=  128/2048  ret_E=0.181  e_src=2.849e-01 e_L=2.264e-01 e_R=1.730e-01 e_tgt=1.556e-03  ∠U=0.27° ∠V=0.21°
  r=  256/2048  ret_E=0.297  e_src=4.247e-01 e_L=3.275e-01 e_R=2.704e-01 e_tgt=1.972e-03  ∠U=0.31° ∠V=0.26°
  r=  512/2048  ret_E=0.480  e_src=7.202e-01 e_L=5.363e-01 e_R=4.822e-01 e_tgt=2.450e-03  ∠U=0.42° ∠V=0.39°
  r= 1024/2048  ret_E=0.739  e_src=6.819e-01 e_L=5.278e-01 e_R=4.322e-01 e_tgt=3.274e-03  ∠U=0.34° ∠V=0.30°
  r=  128/2048  ret_E=0.181  e_src=3.056e-01 e_L=2.425e-01 e_R=1.860e-01 e_tgt=1.634e-03  ∠U=0.29° ∠V=0.23°
  r=  256/2048  ret_E=0.297  e_src=4.405e-01 e_L=3.408e-01 e_R=2.791e-01 e_tgt=2.064e-03  ∠U=0.32° ∠V=0.27°
  r=  512/2048  ret_E=0.480  e_src=7.895e-01 e_L=5.859e-01 e_R=5.316e-01 e_tgt=2.530e-03  ∠U=0.46° ∠V=0.43°
  r= 1024/2048  ret_E=0.739  e_src=7.373e-01 e_L=5.675e-01 e_R=4.716e-01 e_tgt=3.375e-03  ∠U=0.37° ∠V=0.33°
Processing Lang_L23.mlp.up_proj...
  r=  128/2048  ret_E=0.144  e_src=1.905e-01 e_L=1.386e-01 e_R=1.306e-01 e_tgt=5.499e-04  ∠U=0.18° ∠V=0.17°
  r=  256/2048  ret_E=0.255  e_src=2.054e-01 e_L=1.511e-01 e_R=1.392e-01 e_tgt=6.754e-04  ∠U=0.14° ∠V=0.13°
  r=  512/2048  ret_E=0.442  e_src=2.461e-01 e_L=1.822e-01 e_R=1.655e-01 e_tgt=8.728e-04  ∠U=0.14° ∠V=0.13°
  r= 1024/2048  ret_E=0.717  e_src=2.326e-01 e_L=1.793e-01 e_R=1.482e-01 e_tgt=1.113e-03  ∠U=0.11° ∠V=0.10°
  r=  128/2048  ret_E=0.144  e_src=4.811e-01 e_L=3.535e-01 e_R=3.264e-01 e_tgt=1.326e-03  ∠U=0.45° ∠V=0.42°
  r=  256/2048  ret_E=0.255  e_src=5.810e-01 e_L=4.283e-01 e_R=3.929e-01 e_tgt=1.812e-03  ∠U=0.41° ∠V=0.38°
  r=  512/2048  ret_E=0.442  e_src=6.873e-01 e_L=5.102e-01 e_R=4.608e-01 e_tgt=2.395e-03  ∠U=0.38° ∠V=0.35°
  r= 1024/2048  ret_E=0.717  e_src=6.509e-01 e_L=5.027e-01 e_R=4.136e-01 e_tgt=3.197e-03  ∠U=0.31° ∠V=0.26°
  r=  128/2048  ret_E=0.144  e_src=4.896e-01 e_L=3.610e-01 e_R=3.310e-01 e_tgt=1.471e-03  ∠U=0.45° ∠V=0.42°
  r=  256/2048  ret_E=0.255  e_src=6.291e-01 e_L=4.629e-01 e_R=4.264e-01 e_tgt=1.934e-03  ∠U=0.44° ∠V=0.41°
  r=  512/2048  ret_E=0.442  e_src=7.218e-01 e_L=5.358e-01 e_R=4.842e-01 e_tgt=2.537e-03  ∠U=0.40° ∠V=0.37°
  r= 1024/2048  ret_E=0.717  e_src=6.832e-01 e_L=5.269e-01 e_R=4.352e-01 e_tgt=3.332e-03  ∠U=0.32° ∠V=0.28°
Processing Lang_L23.mlp.down_proj...
  r=  128/2048  ret_E=0.176  e_src=1.019e-01 e_L=6.409e-02 e_R=7.926e-02 e_tgt=5.186e-04  ∠U=0.08° ∠V=0.10°
  r=  256/2048  ret_E=0.290  e_src=1.650e-01 e_L=1.089e-01 e_R=1.240e-01 e_tgt=6.189e-04  ∠U=0.11° ∠V=0.12°
  r=  512/2048  ret_E=0.470  e_src=5.180e-01 e_L=3.634e-01 e_R=3.711e-01 e_tgt=8.055e-04  ∠U=0.30° ∠V=0.30°
  r= 1024/2048  ret_E=0.732  e_src=2.237e-01 e_L=1.421e-01 e_R=1.728e-01 e_tgt=1.074e-03  ∠U=0.10° ∠V=0.11°
  r=  128/2048  ret_E=0.176  e_src=2.741e-01 e_L=1.693e-01 e_R=2.155e-01 e_tgt=1.517e-03  ∠U=0.21° ∠V=0.26°
  r=  256/2048  ret_E=0.290  e_src=4.496e-01 e_L=2.951e-01 e_R=3.393e-01 e_tgt=1.911e-03  ∠U=0.29° ∠V=0.33°
  r=  512/2048  ret_E=0.470  e_src=2.386e+00 e_L=1.836e+00 e_R=1.849e+00 e_tgt=2.415e-03  ∠U=1.50° ∠V=1.51°
  r= 1024/2048  ret_E=0.732  e_src=6.548e-01 e_L=4.205e-01 e_R=5.023e-01 e_tgt=3.222e-03  ∠U=0.29° ∠V=0.32°
  r=  128/2048  ret_E=0.176  e_src=2.968e-01 e_L=1.840e-01 e_R=2.329e-01 e_tgt=1.657e-03  ∠U=0.23° ∠V=0.28°
  r=  256/2048  ret_E=0.290  e_src=4.774e-01 e_L=3.133e-01 e_R=3.603e-01 e_tgt=2.044e-03  ∠U=0.31° ∠V=0.35°
  r=  512/2048  ret_E=0.470  e_src=2.099e+00 e_L=1.568e+00 e_R=1.583e+00 e_tgt=2.555e-03  ∠U=1.28° ∠V=1.29°
  r= 1024/2048  ret_E=0.732  e_src=6.798e-01 e_L=4.364e-01 e_R=5.216e-01 e_tgt=3.387e-03  ∠U=0.30° ∠V=0.34°
Processing Lang_L24.self_attn.q_proj...
  r=  128/2048  ret_E=0.430  e_src=4.869e-02 e_L=3.503e-02 e_R=3.383e-02 e_tgt=6.222e-04  ∠U=0.07° ∠V=0.07°
  r=  256/2048  ret_E=0.605  e_src=7.053e-02 e_L=5.039e-02 e_R=4.935e-02 e_tgt=7.416e-04  ∠U=0.09° ∠V=0.09°
  r=  512/2048  ret_E=0.794  e_src=8.246e-02 e_L=5.899e-02 e_R=5.763e-02 e_tgt=9.017e-04  ∠U=0.10° ∠V=0.10°
  r= 1024/2048  ret_E=0.952  e_src=8.743e-02 e_L=6.256e-02 e_R=6.109e-02 e_tgt=1.132e-03  ∠U=0.14° ∠V=0.13°
  r=  128/2048  ret_E=0.430  e_src=1.349e-01 e_L=9.714e-02 e_R=9.359e-02 e_tgt=1.625e-03  ∠U=0.18° ∠V=0.18°
  r=  256/2048  ret_E=0.605  e_src=1.881e-01 e_L=1.349e-01 e_R=1.311e-01 e_tgt=2.012e-03  ∠U=0.24° ∠V=0.23°
  r=  512/2048  ret_E=0.794  e_src=2.621e-01 e_L=1.874e-01 e_R=1.834e-01 e_tgt=2.560e-03  ∠U=0.33° ∠V=0.33°
  r= 1024/2048  ret_E=0.952  e_src=2.915e-01 e_L=2.091e-01 e_R=2.051e-01 e_tgt=3.323e-03  ∠U=0.47° ∠V=0.47°
  r=  128/2048  ret_E=0.430  e_src=1.457e-01 e_L=1.050e-01 e_R=1.009e-01 e_tgt=1.754e-03  ∠U=0.20° ∠V=0.19°
  r=  256/2048  ret_E=0.605  e_src=2.000e-01 e_L=1.436e-01 e_R=1.393e-01 e_tgt=2.111e-03  ∠U=0.25° ∠V=0.25°
  r=  512/2048  ret_E=0.794  e_src=2.660e-01 e_L=1.905e-01 e_R=1.857e-01 e_tgt=2.714e-03  ∠U=0.34° ∠V=0.33°
  r= 1024/2048  ret_E=0.952  e_src=3.179e-01 e_L=2.285e-01 e_R=2.241e-01 e_tgt=3.455e-03  ∠U=0.53° ∠V=0.52°
Processing Lang_L24.self_attn.k_proj...
  r=  128/256  ret_E=0.827  e_src=2.243e-02 e_L=1.188e-02 e_R=1.903e-02 e_tgt=4.586e-04  ∠U=0.05° ∠V=0.07°
  r=  128/256  ret_E=0.827  e_src=7.175e-02 e_L=4.092e-02 e_R=5.894e-02 e_tgt=1.302e-03  ∠U=0.17° ∠V=0.22°
  r=  128/256  ret_E=0.827  e_src=7.324e-02 e_L=4.166e-02 e_R=6.024e-02 e_tgt=1.408e-03  ∠U=0.17° ∠V=0.23°
Processing Lang_L24.self_attn.v_proj...
  r=  128/256  ret_E=0.592  e_src=6.339e-02 e_L=4.351e-02 e_R=4.610e-02 e_tgt=4.444e-04  ∠U=0.19° ∠V=0.20°
  r=  128/256  ret_E=0.592  e_src=1.727e-01 e_L=1.190e-01 e_R=1.251e-01 e_tgt=1.000e-03  ∠U=0.51° ∠V=0.54°
  r=  128/256  ret_E=0.592  e_src=1.778e-01 e_L=1.224e-01 e_R=1.289e-01 e_tgt=1.103e-03  ∠U=0.53° ∠V=0.55°
Processing Lang_L24.self_attn.o_proj...
  r=  128/2048  ret_E=0.335  e_src=5.852e-02 e_L=4.040e-02 e_R=4.235e-02 e_tgt=4.543e-04  ∠U=0.09° ∠V=0.09°
  r=  256/2048  ret_E=0.539  e_src=6.552e-02 e_L=4.549e-02 e_R=4.716e-02 e_tgt=6.178e-04  ∠U=0.08° ∠V=0.08°
  r=  512/2048  ret_E=0.767  e_src=8.149e-02 e_L=5.679e-02 e_R=5.844e-02 e_tgt=8.106e-04  ∠U=0.10° ∠V=0.10°
  r= 1024/2048  ret_E=0.949  e_src=7.757e-02 e_L=5.366e-02 e_R=5.602e-02 e_tgt=1.063e-03  ∠U=0.12° ∠V=0.12°
  r=  128/2048  ret_E=0.335  e_src=1.428e-01 e_L=9.827e-02 e_R=1.036e-01 e_tgt=1.131e-03  ∠U=0.21° ∠V=0.22°
  r=  256/2048  ret_E=0.539  e_src=1.733e-01 e_L=1.209e-01 e_R=1.241e-01 e_tgt=1.527e-03  ∠U=0.22° ∠V=0.22°
  r=  512/2048  ret_E=0.767  e_src=2.043e-01 e_L=1.428e-01 e_R=1.461e-01 e_tgt=2.056e-03  ∠U=0.25° ∠V=0.25°
  r= 1024/2048  ret_E=0.949  e_src=1.979e-01 e_L=1.368e-01 e_R=1.431e-01 e_tgt=2.768e-03  ∠U=0.29° ∠V=0.30°
  r=  128/2048  ret_E=0.335  e_src=1.529e-01 e_L=1.050e-01 e_R=1.111e-01 e_tgt=1.283e-03  ∠U=0.22° ∠V=0.23°
  r=  256/2048  ret_E=0.539  e_src=1.816e-01 e_L=1.263e-01 e_R=1.305e-01 e_tgt=1.690e-03  ∠U=0.23° ∠V=0.23°
  r=  512/2048  ret_E=0.767  e_src=2.093e-01 e_L=1.458e-01 e_R=1.501e-01 e_tgt=2.216e-03  ∠U=0.25° ∠V=0.26°
  r= 1024/2048  ret_E=0.949  e_src=2.022e-01 e_L=1.392e-01 e_R=1.467e-01 e_tgt=2.884e-03  ∠U=0.30° ∠V=0.30°
Processing Lang_L24.mlp.gate_proj...
  r=  128/2048  ret_E=0.188  e_src=9.696e-02 e_L=7.730e-02 e_R=5.854e-02 e_tgt=5.151e-04  ∠U=0.09° ∠V=0.07°
  r=  256/2048  ret_E=0.305  e_src=1.836e-01 e_L=1.373e-01 e_R=1.218e-01 e_tgt=6.545e-04  ∠U=0.13° ∠V=0.12°
  r=  512/2048  ret_E=0.487  e_src=5.555e-01 e_L=3.981e-01 e_R=3.900e-01 e_tgt=8.175e-04  ∠U=0.33° ∠V=0.32°
  r= 1024/2048  ret_E=0.743  e_src=2.414e-01 e_L=1.856e-01 e_R=1.544e-01 e_tgt=1.064e-03  ∠U=0.12° ∠V=0.11°
  r=  128/2048  ret_E=0.188  e_src=2.887e-01 e_L=2.297e-01 e_R=1.749e-01 e_tgt=1.262e-03  ∠U=0.27° ∠V=0.21°
  r=  256/2048  ret_E=0.305  e_src=4.551e-01 e_L=3.493e-01 e_R=2.919e-01 e_tgt=1.774e-03  ∠U=0.33° ∠V=0.29°
  r=  512/2048  ret_E=0.487  e_src=8.586e-01 e_L=6.326e-01 e_R=5.852e-01 e_tgt=2.350e-03  ∠U=0.50° ∠V=0.48°
  r= 1024/2048  ret_E=0.743  e_src=7.478e-01 e_L=5.720e-01 e_R=4.836e-01 e_tgt=3.202e-03  ∠U=0.38° ∠V=0.34°
  r=  128/2048  ret_E=0.188  e_src=2.962e-01 e_L=2.377e-01 e_R=1.768e-01 e_tgt=1.405e-03  ∠U=0.28° ∠V=0.22°
  r=  256/2048  ret_E=0.305  e_src=4.791e-01 e_L=3.679e-01 e_R=3.070e-01 e_tgt=1.892e-03  ∠U=0.35° ∠V=0.30°
  r=  512/2048  ret_E=0.487  e_src=6.239e-01 e_L=4.759e-01 e_R=4.037e-01 e_tgt=2.486e-03  ∠U=0.36° ∠V=0.32°
  r= 1024/2048  ret_E=0.743  e_src=7.289e-01 e_L=5.627e-01 e_R=4.645e-01 e_tgt=3.308e-03  ∠U=0.37° ∠V=0.33°
Processing Lang_L24.mlp.up_proj...
  r=  128/2048  ret_E=0.149  e_src=1.267e-01 e_L=9.575e-02 e_R=8.301e-02 e_tgt=5.847e-04  ∠U=0.12° ∠V=0.10°
  r=  256/2048  ret_E=0.262  e_src=1.780e-01 e_L=1.327e-01 e_R=1.187e-01 e_tgt=7.178e-04  ∠U=0.13° ∠V=0.11°
  r=  512/2048  ret_E=0.449  e_src=2.090e-01 e_L=1.571e-01 e_R=1.377e-01 e_tgt=8.960e-04  ∠U=0.12° ∠V=0.10°
  r= 1024/2048  ret_E=0.723  e_src=2.260e-01 e_L=1.743e-01 e_R=1.439e-01 e_tgt=1.128e-03  ∠U=0.11° ∠V=0.09°
  r=  128/2048  ret_E=0.149  e_src=3.778e-01 e_L=2.850e-01 e_R=2.480e-01 e_tgt=1.486e-03  ∠U=0.35° ∠V=0.31°
  r=  256/2048  ret_E=0.262  e_src=5.167e-01 e_L=3.862e-01 e_R=3.433e-01 e_tgt=1.991e-03  ∠U=0.36° ∠V=0.33°
  r=  512/2048  ret_E=0.449  e_src=6.710e-01 e_L=5.004e-01 e_R=4.474e-01 e_tgt=2.482e-03  ∠U=0.37° ∠V=0.34°
  r= 1024/2048  ret_E=0.723  e_src=6.337e-01 e_L=4.923e-01 e_R=3.991e-01 e_tgt=3.239e-03  ∠U=0.30° ∠V=0.26°
  r=  128/2048  ret_E=0.149  e_src=4.047e-01 e_L=3.052e-01 e_R=2.658e-01 e_tgt=1.593e-03  ∠U=0.38° ∠V=0.33°
  r=  256/2048  ret_E=0.262  e_src=5.520e-01 e_L=4.121e-01 e_R=3.673e-01 e_tgt=2.069e-03  ∠U=0.39° ∠V=0.35°
  r=  512/2048  ret_E=0.449  e_src=6.825e-01 e_L=5.105e-01 e_R=4.533e-01 e_tgt=2.595e-03  ∠U=0.38° ∠V=0.34°
  r= 1024/2048  ret_E=0.723  e_src=6.573e-01 e_L=5.108e-01 e_R=4.138e-01 e_tgt=3.349e-03  ∠U=0.31° ∠V=0.27°
Processing Lang_L24.mlp.down_proj...
  r=  128/2048  ret_E=0.170  e_src=9.415e-02 e_L=5.915e-02 e_R=7.325e-02 e_tgt=4.886e-04  ∠U=0.07° ∠V=0.09°
  r=  256/2048  ret_E=0.283  e_src=2.004e-01 e_L=1.363e-01 e_R=1.469e-01 e_tgt=6.212e-04  ∠U=0.14° ∠V=0.14°
  r=  512/2048  ret_E=0.468  e_src=1.923e-01 e_L=1.266e-01 e_R=1.448e-01 e_tgt=8.184e-04  ∠U=0.10° ∠V=0.11°
  r= 1024/2048  ret_E=0.735  e_src=3.553e-01 e_L=2.426e-01 e_R=2.602e-01 e_tgt=1.086e-03  ∠U=0.17° ∠V=0.18°
  r=  128/2048  ret_E=0.170  e_src=2.687e-01 e_L=1.718e-01 e_R=2.066e-01 e_tgt=1.416e-03  ∠U=0.22° ∠V=0.25°
  r=  256/2048  ret_E=0.283  e_src=5.270e-01 e_L=3.576e-01 e_R=3.873e-01 e_tgt=1.795e-03  ∠U=0.36° ∠V=0.38°
  r=  512/2048  ret_E=0.468  e_src=6.392e-01 e_L=4.308e-01 e_R=4.726e-01 e_tgt=2.427e-03  ∠U=0.34° ∠V=0.37°
  r= 1024/2048  ret_E=0.735  e_src=1.084e+00 e_L=7.535e-01 e_R=7.984e-01 e_tgt=3.173e-03  ∠U=0.53° ∠V=0.55°
  r=  128/2048  ret_E=0.170  e_src=2.829e-01 e_L=1.801e-01 e_R=2.182e-01 e_tgt=1.519e-03  ∠U=0.23° ∠V=0.27°
  r=  256/2048  ret_E=0.283  e_src=5.667e-01 e_L=3.850e-01 e_R=4.161e-01 e_tgt=1.940e-03  ∠U=0.38° ∠V=0.41°
  r=  512/2048  ret_E=0.468  e_src=6.629e-01 e_L=4.464e-01 e_R=4.905e-01 e_tgt=2.551e-03  ∠U=0.35° ∠V=0.38°
  r= 1024/2048  ret_E=0.735  e_src=9.001e-01 e_L=6.098e-01 e_R=6.686e-01 e_tgt=3.320e-03  ∠U=0.42° ∠V=0.45°
Processing Lang_L25.self_attn.q_proj...
  r=  128/2048  ret_E=0.468  e_src=3.548e-02 e_L=2.674e-02 e_R=2.331e-02 e_tgt=4.280e-04  ∠U=0.05° ∠V=0.04°
  r=  256/2048  ret_E=0.642  e_src=5.174e-02 e_L=3.814e-02 e_R=3.496e-02 e_tgt=5.339e-04  ∠U=0.07° ∠V=0.07°
  r=  512/2048  ret_E=0.819  e_src=1.084e-01 e_L=7.761e-02 e_R=7.568e-02 e_tgt=7.327e-04  ∠U=0.16° ∠V=0.16°
  r= 1024/2048  ret_E=0.958  e_src=7.966e-02 e_L=5.748e-02 e_R=5.516e-02 e_tgt=9.874e-04  ∠U=0.14° ∠V=0.14°
  r=  128/2048  ret_E=0.468  e_src=1.238e-01 e_L=8.984e-02 e_R=8.525e-02 e_tgt=1.464e-03  ∠U=0.17° ∠V=0.17°
  r=  256/2048  ret_E=0.642  e_src=1.735e-01 e_L=1.244e-01 e_R=1.210e-01 e_tgt=1.875e-03  ∠U=0.23° ∠V=0.23°
  r=  512/2048  ret_E=0.819  e_src=3.093e-01 e_L=2.205e-01 e_R=2.181e-01 e_tgt=2.395e-03  ∠U=0.45° ∠V=0.45°
  r= 1024/2048  ret_E=0.958  e_src=2.467e-01 e_L=1.762e-01 e_R=1.735e-01 e_tgt=3.108e-03  ∠U=0.43° ∠V=0.43°
  r=  128/2048  ret_E=0.468  e_src=1.294e-01 e_L=9.422e-02 e_R=8.869e-02 e_tgt=1.519e-03  ∠U=0.18° ∠V=0.17°
  r=  256/2048  ret_E=0.642  e_src=1.803e-01 e_L=1.296e-01 e_R=1.253e-01 e_tgt=1.938e-03  ∠U=0.24° ∠V=0.24°
  r=  512/2048  ret_E=0.819  e_src=2.769e-01 e_L=1.978e-01 e_R=1.942e-01 e_tgt=2.495e-03  ∠U=0.39° ∠V=0.39°
  r= 1024/2048  ret_E=0.958  e_src=2.616e-01 e_L=1.873e-01 e_R=1.837e-01 e_tgt=3.217e-03  ∠U=0.46° ∠V=0.46°
Processing Lang_L25.self_attn.k_proj...
  r=  128/256  ret_E=0.841  e_src=3.678e-02 e_L=2.434e-02 e_R=2.757e-02 e_tgt=3.768e-04  ∠U=0.14° ∠V=0.15°
  r=  128/256  ret_E=0.841  e_src=6.933e-02 e_L=4.046e-02 e_R=5.631e-02 e_tgt=1.173e-03  ∠U=0.22° ∠V=0.28°
  r=  128/256  ret_E=0.841  e_src=9.048e-02 e_L=5.746e-02 e_R=6.995e-02 e_tgt=1.220e-03  ∠U=0.33° ∠V=0.37°
Processing Lang_L25.self_attn.v_proj...
  r=  128/256  ret_E=0.665  e_src=3.478e-02 e_L=2.236e-02 e_R=2.664e-02 e_tgt=4.143e-04  ∠U=0.09° ∠V=0.11°
  r=  128/256  ret_E=0.665  e_src=9.817e-02 e_L=6.415e-02 e_R=7.432e-02 e_tgt=1.050e-03  ∠U=0.27° ∠V=0.31°
  r=  128/256  ret_E=0.665  e_src=9.960e-02 e_L=6.478e-02 e_R=7.566e-02 e_tgt=1.069e-03  ∠U=0.27° ∠V=0.31°
Processing Lang_L25.self_attn.o_proj...
  r=  128/2048  ret_E=0.365  e_src=7.087e-02 e_L=5.033e-02 e_R=4.989e-02 e_tgt=5.174e-04  ∠U=0.11° ∠V=0.11°
  r=  256/2048  ret_E=0.559  e_src=8.720e-02 e_L=6.160e-02 e_R=6.173e-02 e_tgt=6.767e-04  ∠U=0.11° ∠V=0.11°
  r=  512/2048  ret_E=0.781  e_src=7.997e-02 e_L=5.616e-02 e_R=5.694e-02 e_tgt=8.906e-04  ∠U=0.10° ∠V=0.10°
  r= 1024/2048  ret_E=0.953  e_src=8.187e-02 e_L=5.681e-02 e_R=5.895e-02 e_tgt=1.181e-03  ∠U=0.12° ∠V=0.13°
  r=  128/2048  ret_E=0.365  e_src=1.382e-01 e_L=9.971e-02 e_R=9.569e-02 e_tgt=1.275e-03  ∠U=0.21° ∠V=0.20°
  r=  256/2048  ret_E=0.559  e_src=1.810e-01 e_L=1.294e-01 e_R=1.266e-01 e_tgt=1.622e-03  ∠U=0.23° ∠V=0.23°
  r=  512/2048  ret_E=0.781  e_src=1.933e-01 e_L=1.377e-01 e_R=1.358e-01 e_tgt=2.031e-03  ∠U=0.23° ∠V=0.23°
  r= 1024/2048  ret_E=0.953  e_src=2.065e-01 e_L=1.458e-01 e_R=1.464e-01 e_tgt=2.694e-03  ∠U=0.32° ∠V=0.32°
  r=  128/2048  ret_E=0.365  e_src=1.668e-01 e_L=1.199e-01 e_R=1.160e-01 e_tgt=1.381e-03  ∠U=0.25° ∠V=0.25°
  r=  256/2048  ret_E=0.559  e_src=2.008e-01 e_L=1.433e-01 e_R=1.406e-01 e_tgt=1.718e-03  ∠U=0.26° ∠V=0.26°
  r=  512/2048  ret_E=0.781  e_src=2.021e-01 e_L=1.437e-01 e_R=1.421e-01 e_tgt=2.185e-03  ∠U=0.24° ∠V=0.24°
  r= 1024/2048  ret_E=0.953  e_src=2.172e-01 e_L=1.529e-01 e_R=1.545e-01 e_tgt=2.854e-03  ∠U=0.34° ∠V=0.34°
Processing Lang_L25.mlp.gate_proj...
  r=  128/2048  ret_E=0.187  e_src=9.806e-02 e_L=7.739e-02 e_R=6.022e-02 e_tgt=5.048e-04  ∠U=0.09° ∠V=0.07°
  r=  256/2048  ret_E=0.303  e_src=1.427e-01 e_L=1.097e-01 e_R=9.121e-02 e_tgt=6.532e-04  ∠U=0.10° ∠V=0.09°
  r=  512/2048  ret_E=0.485  e_src=1.941e-01 e_L=1.477e-01 e_R=1.259e-01 e_tgt=8.037e-04  ∠U=0.11° ∠V=0.10°
  r= 1024/2048  ret_E=0.743  e_src=2.121e-01 e_L=1.659e-01 e_R=1.322e-01 e_tgt=1.036e-03  ∠U=0.11° ∠V=0.09°
  r=  128/2048  ret_E=0.187  e_src=3.135e-01 e_L=2.438e-01 e_R=1.972e-01 e_tgt=1.536e-03  ∠U=0.29° ∠V=0.24°
  r=  256/2048  ret_E=0.303  e_src=8.112e-01 e_L=5.903e-01 e_R=5.608e-01 e_tgt=1.973e-03  ∠U=0.58° ∠V=0.56°
  r=  512/2048  ret_E=0.485  e_src=5.619e-01 e_L=4.303e-01 e_R=3.614e-01 e_tgt=2.586e-03  ∠U=0.32° ∠V=0.28°
  r= 1024/2048  ret_E=0.743  e_src=6.342e-01 e_L=4.966e-01 e_R=3.948e-01 e_tgt=3.352e-03  ∠U=0.32° ∠V=0.27°
  r=  128/2048  ret_E=0.187  e_src=3.386e-01 e_L=2.627e-01 e_R=2.136e-01 e_tgt=1.530e-03  ∠U=0.31° ∠V=0.26°
  r=  256/2048  ret_E=0.303  e_src=7.825e-01 e_L=5.719e-01 e_R=5.377e-01 e_tgt=2.004e-03  ∠U=0.56° ∠V=0.53°
  r=  512/2048  ret_E=0.485  e_src=5.781e-01 e_L=4.440e-01 e_R=3.704e-01 e_tgt=2.648e-03  ∠U=0.33° ∠V=0.29°
  r= 1024/2048  ret_E=0.743  e_src=6.501e-01 e_L=5.103e-01 e_R=4.030e-01 e_tgt=3.428e-03  ∠U=0.32° ∠V=0.27°
Processing Lang_L25.mlp.up_proj...
  r=  128/2048  ret_E=0.152  e_src=1.663e-01 e_L=1.221e-01 e_R=1.129e-01 e_tgt=4.543e-04  ∠U=0.15° ∠V=0.14°
  r=  256/2048  ret_E=0.265  e_src=1.755e-01 e_L=1.307e-01 e_R=1.171e-01 e_tgt=5.929e-04  ∠U=0.12° ∠V=0.11°
  r=  512/2048  ret_E=0.451  e_src=2.013e-01 e_L=1.517e-01 e_R=1.324e-01 e_tgt=7.772e-04  ∠U=0.11° ∠V=0.10°
  r= 1024/2048  ret_E=0.724  e_src=2.454e-01 e_L=1.865e-01 e_R=1.596e-01 e_tgt=1.062e-03  ∠U=0.12° ∠V=0.10°
  r=  128/2048  ret_E=0.152  e_src=3.743e-01 e_L=2.810e-01 e_R=2.473e-01 e_tgt=1.586e-03  ∠U=0.34° ∠V=0.31°
  r=  256/2048  ret_E=0.265  e_src=6.606e-01 e_L=4.826e-01 e_R=4.521e-01 e_tgt=2.017e-03  ∠U=0.46° ∠V=0.44°
  r=  512/2048  ret_E=0.451  e_src=7.182e-01 e_L=5.308e-01 e_R=4.848e-01 e_tgt=2.548e-03  ∠U=0.39° ∠V=0.37°
  r= 1024/2048  ret_E=0.724  e_src=7.259e-01 e_L=5.516e-01 e_R=4.729e-01 e_tgt=3.282e-03  ∠U=0.34° ∠V=0.31°
  r=  128/2048  ret_E=0.152  e_src=4.527e-01 e_L=3.358e-01 e_R=3.039e-01 e_tgt=1.675e-03  ∠U=0.41° ∠V=0.38°
  r=  256/2048  ret_E=0.265  e_src=6.514e-01 e_L=4.781e-01 e_R=4.433e-01 e_tgt=2.110e-03  ∠U=0.45° ∠V=0.43°
  r=  512/2048  ret_E=0.451  e_src=7.570e-01 e_L=5.594e-01 e_R=5.114e-01 e_tgt=2.647e-03  ∠U=0.42° ∠V=0.39°
  r= 1024/2048  ret_E=0.724  e_src=7.150e-01 e_L=5.472e-01 e_R=4.609e-01 e_tgt=3.420e-03  ∠U=0.34° ∠V=0.30°
Processing Lang_L25.mlp.down_proj...
  r=  128/2048  ret_E=0.166  e_src=1.078e-01 e_L=7.011e-02 e_R=8.187e-02 e_tgt=4.870e-04  ∠U=0.09° ∠V=0.10°
  r=  256/2048  ret_E=0.279  e_src=1.689e-01 e_L=1.133e-01 e_R=1.253e-01 e_tgt=6.033e-04  ∠U=0.11° ∠V=0.12°
  r=  512/2048  ret_E=0.464  e_src=4.129e-01 e_L=2.882e-01 e_R=2.964e-01 e_tgt=7.753e-04  ∠U=0.23° ∠V=0.24°
  r= 1024/2048  ret_E=0.732  e_src=2.432e-01 e_L=1.589e-01 e_R=1.842e-01 e_tgt=1.046e-03  ∠U=0.11° ∠V=0.12°
  r=  128/2048  ret_E=0.166  e_src=3.253e-01 e_L=2.150e-01 e_R=2.442e-01 e_tgt=1.324e-03  ∠U=0.27° ∠V=0.31°
  r=  256/2048  ret_E=0.279  e_src=5.185e-01 e_L=3.514e-01 e_R=3.814e-01 e_tgt=1.701e-03  ∠U=0.35° ∠V=0.37°
  r=  512/2048  ret_E=0.464  e_src=8.308e-01 e_L=5.730e-01 e_R=6.051e-01 e_tgt=2.228e-03  ∠U=0.45° ∠V=0.47°
  r= 1024/2048  ret_E=0.732  e_src=6.840e-01 e_L=4.475e-01 e_R=5.179e-01 e_tgt=2.893e-03  ∠U=0.30° ∠V=0.34°
  r=  128/2048  ret_E=0.166  e_src=3.389e-01 e_L=2.230e-01 e_R=2.552e-01 e_tgt=1.456e-03  ∠U=0.28° ∠V=0.32°
  r=  256/2048  ret_E=0.279  e_src=5.532e-01 e_L=3.752e-01 e_R=4.067e-01 e_tgt=1.843e-03  ∠U=0.37° ∠V=0.40°
  r=  512/2048  ret_E=0.464  e_src=1.111e+00 e_L=7.798e-01 e_R=8.059e-01 e_tgt=2.367e-03  ∠U=0.62° ∠V=0.64°
  r= 1024/2048  ret_E=0.732  e_src=6.830e-01 e_L=4.437e-01 e_R=5.197e-01 e_tgt=3.056e-03  ∠U=0.30° ∠V=0.33°
Processing Lang_L26.self_attn.q_proj...
  r=  128/2048  ret_E=0.420  e_src=5.613e-02 e_L=4.173e-02 e_R=3.754e-02 e_tgt=8.108e-04  ∠U=0.08° ∠V=0.07°
  r=  256/2048  ret_E=0.600  e_src=8.494e-02 e_L=6.153e-02 e_R=5.856e-02 e_tgt=9.726e-04  ∠U=0.11° ∠V=0.11°
  r=  512/2048  ret_E=0.793  e_src=1.310e-01 e_L=9.347e-02 e_R=9.182e-02 e_tgt=1.202e-03  ∠U=0.18° ∠V=0.17°
  r= 1024/2048  ret_E=0.953  e_src=1.123e-01 e_L=8.014e-02 e_R=7.866e-02 e_tgt=1.535e-03  ∠U=0.18° ∠V=0.18°
  r=  128/2048  ret_E=0.420  e_src=2.534e-01 e_L=1.804e-01 e_R=1.783e-01 e_tgt=1.573e-03  ∠U=0.38° ∠V=0.38°
  r=  256/2048  ret_E=0.600  e_src=1.945e-01 e_L=1.395e-01 e_R=1.356e-01 e_tgt=2.138e-03  ∠U=0.25° ∠V=0.25°
  r=  512/2048  ret_E=0.793  e_src=2.879e-01 e_L=2.054e-01 e_R=2.022e-01 e_tgt=2.628e-03  ∠U=0.38° ∠V=0.38°
  r= 1024/2048  ret_E=0.953  e_src=2.675e-01 e_L=1.912e-01 e_R=1.878e-01 e_tgt=3.328e-03  ∠U=0.43° ∠V=0.43°
  r=  128/2048  ret_E=0.420  e_src=2.552e-01 e_L=1.821e-01 e_R=1.790e-01 e_tgt=1.534e-03  ∠U=0.38° ∠V=0.38°
  r=  256/2048  ret_E=0.600  e_src=1.993e-01 e_L=1.435e-01 e_R=1.383e-01 e_tgt=2.132e-03  ∠U=0.25° ∠V=0.25°
  r=  512/2048  ret_E=0.793  e_src=2.643e-01 e_L=1.892e-01 e_R=1.847e-01 e_tgt=2.659e-03  ∠U=0.34° ∠V=0.33°
  r= 1024/2048  ret_E=0.953  e_src=2.697e-01 e_L=1.930e-01 e_R=1.888e-01 e_tgt=3.409e-03  ∠U=0.43° ∠V=0.43°
Processing Lang_L26.self_attn.k_proj...
  r=  128/256  ret_E=0.846  e_src=3.395e-02 e_L=1.993e-02 e_R=2.749e-02 e_tgt=7.098e-04  ∠U=0.09° ∠V=0.11°
  r=  128/256  ret_E=0.846  e_src=7.042e-02 e_L=3.869e-02 e_R=5.885e-02 e_tgt=1.254e-03  ∠U=0.18° ∠V=0.24°
  r=  128/256  ret_E=0.846  e_src=7.542e-02 e_L=4.196e-02 e_R=6.267e-02 e_tgt=1.399e-03  ∠U=0.19° ∠V=0.25°
Processing Lang_L26.self_attn.v_proj...
  r=  128/256  ret_E=0.656  e_src=4.170e-02 e_L=2.751e-02 e_R=3.135e-02 e_tgt=4.748e-04  ∠U=0.11° ∠V=0.12°
  r=  128/256  ret_E=0.656  e_src=1.540e-01 e_L=1.049e-01 e_R=1.129e-01 e_tgt=1.299e-03  ∠U=0.41° ∠V=0.44°
  r=  128/256  ret_E=0.656  e_src=1.411e-01 e_L=9.512e-02 e_R=1.044e-01 e_tgt=1.303e-03  ∠U=0.37° ∠V=0.40°
Processing Lang_L26.self_attn.o_proj...
  r=  128/2048  ret_E=0.387  e_src=6.194e-02 e_L=4.251e-02 e_R=4.505e-02 e_tgt=5.034e-04  ∠U=0.09° ∠V=0.10°
  r=  256/2048  ret_E=0.571  e_src=8.385e-02 e_L=5.806e-02 e_R=6.052e-02 e_tgt=6.154e-04  ∠U=0.11° ∠V=0.11°
  r=  512/2048  ret_E=0.783  e_src=7.312e-02 e_L=4.999e-02 e_R=5.337e-02 e_tgt=7.822e-04  ∠U=0.09° ∠V=0.09°
  r= 1024/2048  ret_E=0.952  e_src=7.446e-02 e_L=5.077e-02 e_R=5.448e-02 e_tgt=9.955e-04  ∠U=0.11° ∠V=0.12°
  r=  128/2048  ret_E=0.387  e_src=1.428e-01 e_L=9.489e-02 e_R=1.068e-01 e_tgt=1.437e-03  ∠U=0.20° ∠V=0.22°
  r=  256/2048  ret_E=0.571  e_src=2.811e-01 e_L=1.950e-01 e_R=2.030e-01 e_tgt=1.791e-03  ∠U=0.38° ∠V=0.38°
  r=  512/2048  ret_E=0.783  e_src=2.176e-01 e_L=1.471e-01 e_R=1.605e-01 e_tgt=2.186e-03  ∠U=0.26° ∠V=0.27°
  r= 1024/2048  ret_E=0.952  e_src=2.221e-01 e_L=1.494e-01 e_R=1.647e-01 e_tgt=2.804e-03  ∠U=0.34° ∠V=0.35°
  r=  128/2048  ret_E=0.387  e_src=1.727e-01 e_L=1.162e-01 e_R=1.278e-01 e_tgt=1.606e-03  ∠U=0.25° ∠V=0.26°
  r=  256/2048  ret_E=0.571  e_src=3.228e-01 e_L=2.247e-01 e_R=2.328e-01 e_tgt=1.954e-03  ∠U=0.43° ∠V=0.44°
  r=  512/2048  ret_E=0.783  e_src=2.147e-01 e_L=1.439e-01 e_R=1.594e-01 e_tgt=2.381e-03  ∠U=0.25° ∠V=0.27°
  r= 1024/2048  ret_E=0.952  e_src=2.300e-01 e_L=1.543e-01 e_R=1.710e-01 e_tgt=2.984e-03  ∠U=0.35° ∠V=0.37°
Processing Lang_L26.mlp.gate_proj...
  r=  128/2048  ret_E=0.171  e_src=1.012e-01 e_L=7.788e-02 e_R=6.455e-02 e_tgt=4.435e-04  ∠U=0.10° ∠V=0.08°
  r=  256/2048  ret_E=0.285  e_src=2.017e-01 e_L=1.479e-01 e_R=1.372e-01 e_tgt=5.577e-04  ∠U=0.15° ∠V=0.14°
  r=  512/2048  ret_E=0.469  e_src=1.933e-01 e_L=1.457e-01 e_R=1.271e-01 e_tgt=7.254e-04  ∠U=0.11° ∠V=0.10°
  r= 1024/2048  ret_E=0.731  e_src=2.083e-01 e_L=1.616e-01 e_R=1.314e-01 e_tgt=9.788e-04  ∠U=0.10° ∠V=0.09°
  r=  128/2048  ret_E=0.171  e_src=3.329e-01 e_L=2.549e-01 e_R=2.143e-01 e_tgt=1.315e-03  ∠U=0.31° ∠V=0.27°
  r=  256/2048  ret_E=0.285  e_src=8.543e-01 e_L=6.190e-01 e_R=5.937e-01 e_tgt=1.757e-03  ∠U=0.62° ∠V=0.60°
  r=  512/2048  ret_E=0.469  e_src=6.959e-01 e_L=5.173e-01 e_R=4.665e-01 e_tgt=2.291e-03  ∠U=0.40° ∠V=0.37°
  r= 1024/2048  ret_E=0.731  e_src=6.940e-01 e_L=5.326e-01 e_R=4.456e-01 e_tgt=3.039e-03  ∠U=0.35° ∠V=0.31°
  r=  128/2048  ret_E=0.171  e_src=3.526e-01 e_L=2.698e-01 e_R=2.271e-01 e_tgt=1.353e-03  ∠U=0.33° ∠V=0.29°
  r=  256/2048  ret_E=0.285  e_src=8.246e-01 e_L=5.992e-01 e_R=5.705e-01 e_tgt=1.749e-03  ∠U=0.60° ∠V=0.57°
  r=  512/2048  ret_E=0.469  e_src=7.496e-01 e_L=5.557e-01 e_R=5.047e-01 e_tgt=2.323e-03  ∠U=0.43° ∠V=0.40°
  r= 1024/2048  ret_E=0.731  e_src=7.041e-01 e_L=5.419e-01 e_R=4.500e-01 e_tgt=3.096e-03  ∠U=0.35° ∠V=0.31°
Processing Lang_L26.mlp.up_proj...
  r=  128/2048  ret_E=0.142  e_src=1.218e-01 e_L=9.083e-02 e_R=8.109e-02 e_tgt=5.190e-04  ∠U=0.11° ∠V=0.10°
  r=  256/2048  ret_E=0.253  e_src=1.654e-01 e_L=1.226e-01 e_R=1.110e-01 e_tgt=6.217e-04  ∠U=0.11° ∠V=0.10°
  r=  512/2048  ret_E=0.439  e_src=1.985e-01 e_L=1.484e-01 e_R=1.319e-01 e_tgt=7.720e-04  ∠U=0.11° ∠V=0.10°
  r= 1024/2048  ret_E=0.715  e_src=2.291e-01 e_L=1.742e-01 e_R=1.488e-01 e_tgt=1.026e-03  ∠U=0.11° ∠V=0.09°
  r=  128/2048  ret_E=0.142  e_src=3.954e-01 e_L=2.929e-01 e_R=2.656e-01 e_tgt=1.403e-03  ∠U=0.36° ∠V=0.33°
  r=  256/2048  ret_E=0.253  e_src=5.567e-01 e_L=4.092e-01 e_R=3.777e-01 e_tgt=1.851e-03  ∠U=0.38° ∠V=0.36°
  r=  512/2048  ret_E=0.439  e_src=6.315e-01 e_L=4.695e-01 e_R=4.225e-01 e_tgt=2.434e-03  ∠U=0.34° ∠V=0.31°
  r= 1024/2048  ret_E=0.715  e_src=6.617e-01 e_L=5.056e-01 e_R=4.271e-01 e_tgt=3.258e-03  ∠U=0.30° ∠V=0.27°
  r=  128/2048  ret_E=0.142  e_src=4.096e-01 e_L=3.041e-01 e_R=2.745e-01 e_tgt=1.539e-03  ∠U=0.37° ∠V=0.34°
  r=  256/2048  ret_E=0.253  e_src=5.951e-01 e_L=4.369e-01 e_R=4.044e-01 e_tgt=1.994e-03  ∠U=0.41° ∠V=0.38°
  r=  512/2048  ret_E=0.439  e_src=6.451e-01 e_L=4.805e-01 e_R=4.305e-01 e_tgt=2.556e-03  ∠U=0.35° ∠V=0.32°
  r= 1024/2048  ret_E=0.715  e_src=6.801e-01 e_L=5.203e-01 e_R=4.384e-01 e_tgt=3.403e-03  ∠U=0.31° ∠V=0.28°
Processing Lang_L26.mlp.down_proj...
  r=  128/2048  ret_E=0.154  e_src=1.564e-01 e_L=1.071e-01 e_R=1.140e-01 e_tgt=4.231e-04  ∠U=0.14° ∠V=0.15°
  r=  256/2048  ret_E=0.265  e_src=1.506e-01 e_L=1.005e-01 e_R=1.121e-01 e_tgt=5.270e-04  ∠U=0.10° ∠V=0.11°
  r=  512/2048  ret_E=0.451  e_src=2.373e-01 e_L=1.614e-01 e_R=1.740e-01 e_tgt=6.927e-04  ∠U=0.12° ∠V=0.13°
  r= 1024/2048  ret_E=0.723  e_src=2.169e-01 e_L=1.404e-01 e_R=1.653e-01 e_tgt=9.513e-04  ∠U=0.09° ∠V=0.10°
  r=  128/2048  ret_E=0.154  e_src=5.321e-01 e_L=3.669e-01 e_R=3.861e-01 e_tgt=1.686e-03  ∠U=0.47° ∠V=0.49°
  r=  256/2048  ret_E=0.265  e_src=5.106e-01 e_L=3.456e-01 e_R=3.761e-01 e_tgt=1.948e-03  ∠U=0.34° ∠V=0.36°
  r=  512/2048  ret_E=0.451  e_src=8.264e-01 e_L=5.705e-01 e_R=6.007e-01 e_tgt=2.407e-03  ∠U=0.44° ∠V=0.46°
  r= 1024/2048  ret_E=0.723  e_src=6.210e-01 e_L=4.021e-01 e_R=4.734e-01 e_tgt=3.055e-03  ∠U=0.26° ∠V=0.30°
  r=  128/2048  ret_E=0.154  e_src=4.693e-01 e_L=3.197e-01 e_R=3.439e-01 e_tgt=1.781e-03  ∠U=0.41° ∠V=0.44°
  r=  256/2048  ret_E=0.265  e_src=5.364e-01 e_L=3.631e-01 e_R=3.950e-01 e_tgt=2.041e-03  ∠U=0.35° ∠V=0.38°
  r=  512/2048  ret_E=0.451  e_src=7.679e-01 e_L=5.258e-01 e_R=5.610e-01 e_tgt=2.504e-03  ∠U=0.41° ∠V=0.43°
  r= 1024/2048  ret_E=0.723  e_src=6.539e-01 e_L=4.250e-01 e_R=4.972e-01 e_tgt=3.163e-03  ∠U=0.28° ∠V=0.31°
Processing Lang_L27.self_attn.q_proj...
  r=  128/2048  ret_E=0.440  e_src=4.261e-02 e_L=3.054e-02 e_R=2.971e-02 e_tgt=5.653e-04  ∠U=0.06° ∠V=0.06°
  r=  256/2048  ret_E=0.617  e_src=5.767e-02 e_L=4.110e-02 e_R=4.047e-02 e_tgt=7.005e-04  ∠U=0.07° ∠V=0.07°
  r=  512/2048  ret_E=0.807  e_src=7.340e-02 e_L=5.225e-02 e_R=5.156e-02 e_tgt=8.651e-04  ∠U=0.10° ∠V=0.09°
  r= 1024/2048  ret_E=0.956  e_src=1.035e-01 e_L=7.361e-02 e_R=7.291e-02 e_tgt=1.091e-03  ∠U=0.19° ∠V=0.19°
  r=  128/2048  ret_E=0.440  e_src=1.359e-01 e_L=1.014e-01 e_R=9.051e-02 e_tgt=1.767e-03  ∠U=0.19° ∠V=0.18°
  r=  256/2048  ret_E=0.617  e_src=2.089e-01 e_L=1.522e-01 e_R=1.431e-01 e_tgt=2.261e-03  ∠U=0.28° ∠V=0.27°
  r=  512/2048  ret_E=0.807  e_src=2.279e-01 e_L=1.658e-01 e_R=1.564e-01 e_tgt=2.882e-03  ∠U=0.29° ∠V=0.29°
  r= 1024/2048  ret_E=0.956  e_src=2.309e-01 e_L=1.676e-01 e_R=1.589e-01 e_tgt=3.459e-03  ∠U=0.38° ∠V=0.37°
  r=  128/2048  ret_E=0.440  e_src=1.450e-01 e_L=1.077e-01 e_R=9.706e-02 e_tgt=1.862e-03  ∠U=0.20° ∠V=0.19°
  r=  256/2048  ret_E=0.617  e_src=2.095e-01 e_L=1.528e-01 e_R=1.433e-01 e_tgt=2.405e-03  ∠U=0.28° ∠V=0.27°
  r=  512/2048  ret_E=0.807  e_src=2.330e-01 e_L=1.695e-01 e_R=1.600e-01 e_tgt=3.007e-03  ∠U=0.30° ∠V=0.29°
  r= 1024/2048  ret_E=0.956  e_src=2.580e-01 e_L=1.867e-01 e_R=1.785e-01 e_tgt=3.587e-03  ∠U=0.44° ∠V=0.43°
Processing Lang_L27.self_attn.k_proj...
  r=  128/256  ret_E=0.867  e_src=2.161e-02 e_L=1.036e-02 e_R=1.896e-02 e_tgt=4.499e-04  ∠U=0.06° ∠V=0.09°
  r=  128/256  ret_E=0.867  e_src=6.616e-02 e_L=3.283e-02 e_R=5.744e-02 e_tgt=1.529e-03  ∠U=0.18° ∠V=0.27°
  r=  128/256  ret_E=0.867  e_src=7.048e-02 e_L=3.617e-02 e_R=6.049e-02 e_tgt=1.607e-03  ∠U=0.20° ∠V=0.29°
Processing Lang_L27.self_attn.v_proj...
  r=  128/256  ret_E=0.646  e_src=4.202e-02 e_L=2.810e-02 e_R=3.124e-02 e_tgt=3.254e-04  ∠U=0.11° ∠V=0.12°
  r=  128/256  ret_E=0.646  e_src=9.599e-02 e_L=6.377e-02 e_R=7.175e-02 e_tgt=9.041e-04  ∠U=0.26° ∠V=0.28°
  r=  128/256  ret_E=0.646  e_src=1.010e-01 e_L=6.720e-02 e_R=7.535e-02 e_tgt=9.371e-04  ∠U=0.27° ∠V=0.30°
Processing Lang_L27.self_attn.o_proj...
  r=  128/2048  ret_E=0.389  e_src=5.992e-02 e_L=4.211e-02 e_R=4.263e-02 e_tgt=3.935e-04  ∠U=0.08° ∠V=0.09°
  r=  256/2048  ret_E=0.607  e_src=5.209e-02 e_L=3.630e-02 e_R=3.737e-02 e_tgt=5.061e-04  ∠U=0.06° ∠V=0.06°
  r=  512/2048  ret_E=0.817  e_src=6.166e-02 e_L=4.282e-02 e_R=4.437e-02 e_tgt=6.682e-04  ∠U=0.08° ∠V=0.08°
  r= 1024/2048  ret_E=0.961  e_src=6.773e-02 e_L=4.701e-02 e_R=4.877e-02 e_tgt=9.272e-04  ∠U=0.11° ∠V=0.12°
  r=  128/2048  ret_E=0.389  e_src=1.471e-01 e_L=1.010e-01 e_R=1.070e-01 e_tgt=1.095e-03  ∠U=0.20° ∠V=0.21°
  r=  256/2048  ret_E=0.607  e_src=1.305e-01 e_L=8.665e-02 e_R=9.759e-02 e_tgt=1.406e-03  ∠U=0.15° ∠V=0.16°
  r=  512/2048  ret_E=0.817  e_src=1.695e-01 e_L=1.141e-01 e_R=1.254e-01 e_tgt=1.862e-03  ∠U=0.21° ∠V=0.22°
  r= 1024/2048  ret_E=0.961  e_src=1.814e-01 e_L=1.223e-01 e_R=1.340e-01 e_tgt=2.505e-03  ∠U=0.30° ∠V=0.31°
  r=  128/2048  ret_E=0.389  e_src=1.664e-01 e_L=1.149e-01 e_R=1.205e-01 e_tgt=1.187e-03  ∠U=0.23° ∠V=0.24°
  r=  256/2048  ret_E=0.607  e_src=1.447e-01 e_L=9.694e-02 e_R=1.074e-01 e_tgt=1.503e-03  ∠U=0.17° ∠V=0.18°
  r=  512/2048  ret_E=0.817  e_src=1.787e-01 e_L=1.204e-01 e_R=1.321e-01 e_tgt=1.967e-03  ∠U=0.22° ∠V=0.23°
  r= 1024/2048  ret_E=0.961  e_src=1.843e-01 e_L=1.239e-01 e_R=1.365e-01 e_tgt=2.622e-03  ∠U=0.30° ∠V=0.31°
Processing Lang_L27.mlp.gate_proj...
  r=  128/2048  ret_E=0.171  e_src=9.051e-02 e_L=6.968e-02 e_R=5.777e-02 e_tgt=3.598e-04  ∠U=0.08° ∠V=0.07°
  r=  256/2048  ret_E=0.285  e_src=1.279e-01 e_L=9.714e-02 e_R=8.314e-02 e_tgt=4.970e-04  ∠U=0.09° ∠V=0.08°
  r=  512/2048  ret_E=0.469  e_src=1.847e-01 e_L=1.387e-01 e_R=1.219e-01 e_tgt=6.517e-04  ∠U=0.10° ∠V=0.09°
  r= 1024/2048  ret_E=0.734  e_src=1.981e-01 e_L=1.533e-01 e_R=1.254e-01 e_tgt=8.936e-04  ∠U=0.10° ∠V=0.08°
  r=  128/2048  ret_E=0.171  e_src=3.548e-01 e_L=2.665e-01 e_R=2.344e-01 e_tgt=1.365e-03  ∠U=0.33° ∠V=0.29°
  r=  256/2048  ret_E=0.285  e_src=4.003e-01 e_L=3.045e-01 e_R=2.600e-01 e_tgt=1.771e-03  ∠U=0.28° ∠V=0.25°
  r=  512/2048  ret_E=0.469  e_src=6.119e-01 e_L=4.565e-01 e_R=4.081e-01 e_tgt=2.189e-03  ∠U=0.35° ∠V=0.32°
  r= 1024/2048  ret_E=0.734  e_src=7.139e-01 e_L=5.397e-01 e_R=4.689e-01 e_tgt=2.822e-03  ∠U=0.35° ∠V=0.32°
  r=  128/2048  ret_E=0.171  e_src=3.735e-01 e_L=2.804e-01 e_R=2.469e-01 e_tgt=1.416e-03  ∠U=0.34° ∠V=0.31°
  r=  256/2048  ret_E=0.285  e_src=4.103e-01 e_L=3.129e-01 e_R=2.654e-01 e_tgt=1.831e-03  ∠U=0.29° ∠V=0.26°
  r=  512/2048  ret_E=0.469  e_src=6.525e-01 e_L=4.856e-01 e_R=4.366e-01 e_tgt=2.261e-03  ∠U=0.37° ∠V=0.34°
  r= 1024/2048  ret_E=0.734  e_src=7.165e-01 e_L=5.437e-01 e_R=4.681e-01 e_tgt=2.914e-03  ∠U=0.35° ∠V=0.32°
Processing Lang_L27.mlp.up_proj...
  r=  128/2048  ret_E=0.144  e_src=1.026e-01 e_L=7.687e-02 e_R=6.792e-02 e_tgt=3.977e-04  ∠U=0.09° ∠V=0.08°
  r=  256/2048  ret_E=0.256  e_src=1.778e-01 e_L=1.300e-01 e_R=1.213e-01 e_tgt=4.944e-04  ∠U=0.12° ∠V=0.11°
  r=  512/2048  ret_E=0.444  e_src=2.213e-01 e_L=1.626e-01 e_R=1.502e-01 e_tgt=6.421e-04  ∠U=0.12° ∠V=0.11°
  r= 1024/2048  ret_E=0.720  e_src=2.066e-01 e_L=1.577e-01 e_R=1.335e-01 e_tgt=9.092e-04  ∠U=0.10° ∠V=0.08°
  r=  128/2048  ret_E=0.144  e_src=3.406e-01 e_L=2.542e-01 e_R=2.267e-01 e_tgt=1.321e-03  ∠U=0.31° ∠V=0.28°
  r=  256/2048  ret_E=0.256  e_src=8.140e-01 e_L=5.863e-01 e_R=5.680e-01 e_tgt=1.649e-03  ∠U=0.56° ∠V=0.54°
  r=  512/2048  ret_E=0.444  e_src=6.141e-01 e_L=4.545e-01 e_R=4.132e-01 e_tgt=2.262e-03  ∠U=0.33° ∠V=0.31°
  r= 1024/2048  ret_E=0.720  e_src=5.939e-01 e_L=4.556e-01 e_R=3.812e-01 e_tgt=2.915e-03  ∠U=0.27° ∠V=0.24°
  r=  128/2048  ret_E=0.144  e_src=3.569e-01 e_L=2.664e-01 e_R=2.376e-01 e_tgt=1.438e-03  ∠U=0.33° ∠V=0.29°
  r=  256/2048  ret_E=0.256  e_src=8.124e-01 e_L=5.859e-01 e_R=5.660e-01 e_tgt=1.752e-03  ∠U=0.56° ∠V=0.54°
  r=  512/2048  ret_E=0.444  e_src=6.573e-01 e_L=4.854e-01 e_R=4.438e-01 e_tgt=2.392e-03  ∠U=0.35° ∠V=0.33°
  r= 1024/2048  ret_E=0.720  e_src=6.053e-01 e_L=4.653e-01 e_R=3.873e-01 e_tgt=3.040e-03  ∠U=0.28° ∠V=0.24°
Processing Lang_L27.mlp.down_proj...
  r=  128/2048  ret_E=0.142  e_src=1.249e-01 e_L=8.491e-02 e_R=9.159e-02 e_tgt=3.941e-04  ∠U=0.11° ∠V=0.12°
  r=  256/2048  ret_E=0.253  e_src=1.652e-01 e_L=1.126e-01 e_R=1.209e-01 e_tgt=5.262e-04  ∠U=0.11° ∠V=0.12°
  r=  512/2048  ret_E=0.439  e_src=1.933e-01 e_L=1.303e-01 e_R=1.429e-01 e_tgt=6.941e-04  ∠U=0.10° ∠V=0.11°
  r= 1024/2048  ret_E=0.718  e_src=2.025e-01 e_L=1.315e-01 e_R=1.540e-01 e_tgt=8.990e-04  ∠U=0.09° ∠V=0.10°
  r=  128/2048  ret_E=0.142  e_src=4.193e-01 e_L=2.872e-01 e_R=3.056e-01 e_tgt=1.275e-03  ∠U=0.38° ∠V=0.40°
  r=  256/2048  ret_E=0.253  e_src=5.365e-01 e_L=3.674e-01 e_R=3.911e-01 e_tgt=1.594e-03  ∠U=0.36° ∠V=0.38°
  r=  512/2048  ret_E=0.439  e_src=5.976e-01 e_L=4.040e-01 e_R=4.406e-01 e_tgt=2.043e-03  ∠U=0.31° ∠V=0.33°
  r= 1024/2048  ret_E=0.718  e_src=5.671e-01 e_L=3.642e-01 e_R=4.349e-01 e_tgt=2.699e-03  ∠U=0.24° ∠V=0.27°
  r=  128/2048  ret_E=0.142  e_src=4.251e-01 e_L=2.905e-01 e_R=3.105e-01 e_tgt=1.345e-03  ∠U=0.38° ∠V=0.40°
  r=  256/2048  ret_E=0.253  e_src=5.639e-01 e_L=3.865e-01 e_R=4.108e-01 e_tgt=1.681e-03  ∠U=0.38° ∠V=0.40°
  r=  512/2048  ret_E=0.439  e_src=6.317e-01 e_L=4.281e-01 e_R=4.650e-01 e_tgt=2.126e-03  ∠U=0.33° ∠V=0.35°
  r= 1024/2048  ret_E=0.718  e_src=5.758e-01 e_L=3.687e-01 e_R=4.424e-01 e_tgt=2.765e-03  ∠U=0.24° ∠V=0.27°
Processing Lang_L28.self_attn.q_proj...
  r=  128/2048  ret_E=0.409  e_src=6.437e-02 e_L=4.520e-02 e_R=4.583e-02 e_tgt=6.094e-04  ∠U=0.10° ∠V=0.10°
  r=  256/2048  ret_E=0.585  e_src=8.935e-02 e_L=6.280e-02 e_R=6.357e-02 e_tgt=7.363e-04  ∠U=0.12° ∠V=0.12°
  r=  512/2048  ret_E=0.783  e_src=4.082e-01 e_L=2.923e-01 e_R=2.924e-01 e_tgt=9.051e-04  ∠U=0.59° ∠V=0.59°
  r= 1024/2048  ret_E=0.950  e_src=7.735e-02 e_L=5.452e-02 e_R=5.487e-02 e_tgt=1.160e-03  ∠U=0.12° ∠V=0.12°
  r=  128/2048  ret_E=0.409  e_src=1.540e-01 e_L=1.106e-01 e_R=1.072e-01 e_tgt=1.797e-03  ∠U=0.22° ∠V=0.22°
  r=  256/2048  ret_E=0.585  e_src=2.422e-01 e_L=1.732e-01 e_R=1.694e-01 e_tgt=2.221e-03  ∠U=0.33° ∠V=0.32°
  r=  512/2048  ret_E=0.783  e_src=7.028e-01 e_L=5.155e-01 e_R=5.140e-01 e_tgt=2.760e-03  ∠U=1.03° ∠V=1.03°
  r= 1024/2048  ret_E=0.950  e_src=2.514e-01 e_L=1.802e-01 e_R=1.756e-01 e_tgt=3.436e-03  ∠U=0.39° ∠V=0.39°
  r=  128/2048  ret_E=0.409  e_src=1.547e-01 e_L=1.110e-01 e_R=1.078e-01 e_tgt=1.956e-03  ∠U=0.22° ∠V=0.21°
  r=  256/2048  ret_E=0.585  e_src=2.220e-01 e_L=1.589e-01 e_R=1.551e-01 e_tgt=2.361e-03  ∠U=0.29° ∠V=0.29°
  r=  512/2048  ret_E=0.783  e_src=3.915e-01 e_L=2.795e-01 e_R=2.768e-01 e_tgt=2.883e-03  ∠U=0.54° ∠V=0.53°
  r= 1024/2048  ret_E=0.950  e_src=2.578e-01 e_L=1.848e-01 e_R=1.801e-01 e_tgt=3.571e-03  ∠U=0.40° ∠V=0.39°
Processing Lang_L28.self_attn.k_proj...
  r=  128/256  ret_E=0.797  e_src=2.770e-02 e_L=1.568e-02 e_R=2.284e-02 e_tgt=5.583e-04  ∠U=0.07° ∠V=0.10°
  r=  128/256  ret_E=0.797  e_src=8.886e-02 e_L=5.427e-02 e_R=7.038e-02 e_tgt=1.482e-03  ∠U=0.26° ∠V=0.31°
  r=  128/256  ret_E=0.797  e_src=9.245e-02 e_L=5.662e-02 e_R=7.310e-02 e_tgt=1.599e-03  ∠U=0.27° ∠V=0.32°
Processing Lang_L28.self_attn.v_proj...
  r=  128/256  ret_E=0.646  e_src=8.268e-02 e_L=5.782e-02 e_R=5.914e-02 e_tgt=2.964e-04  ∠U=0.22° ∠V=0.22°
  r=  128/256  ret_E=0.646  e_src=5.843e-01 e_L=4.230e-01 e_R=4.243e-01 e_tgt=7.991e-04  ∠U=1.60° ∠V=1.61°
  r=  128/256  ret_E=0.646  e_src=6.503e-01 e_L=4.741e-01 e_R=4.754e-01 e_tgt=8.319e-04  ∠U=1.80° ∠V=1.80°
Processing Lang_L28.self_attn.o_proj...
  r=  128/2048  ret_E=0.372  e_src=4.235e-02 e_L=2.964e-02 e_R=3.024e-02 e_tgt=2.984e-04  ∠U=0.06° ∠V=0.06°
  r=  256/2048  ret_E=0.588  e_src=4.109e-02 e_L=2.829e-02 e_R=2.980e-02 e_tgt=4.207e-04  ∠U=0.05° ∠V=0.05°
  r=  512/2048  ret_E=0.800  e_src=5.701e-02 e_L=3.929e-02 e_R=4.130e-02 e_tgt=5.734e-04  ∠U=0.07° ∠V=0.07°
  r= 1024/2048  ret_E=0.956  e_src=6.414e-02 e_L=4.398e-02 e_R=4.669e-02 e_tgt=8.084e-04  ∠U=0.10° ∠V=0.10°
  r=  128/2048  ret_E=0.372  e_src=1.191e-01 e_L=8.332e-02 e_R=8.505e-02 e_tgt=9.897e-04  ∠U=0.16° ∠V=0.16°
  r=  256/2048  ret_E=0.588  e_src=1.226e-01 e_L=8.440e-02 e_R=8.898e-02 e_tgt=1.360e-03  ∠U=0.14° ∠V=0.14°
  r=  512/2048  ret_E=0.800  e_src=1.637e-01 e_L=1.128e-01 e_R=1.187e-01 e_tgt=1.840e-03  ∠U=0.19° ∠V=0.20°
  r= 1024/2048  ret_E=0.956  e_src=1.840e-01 e_L=1.251e-01 e_R=1.349e-01 e_tgt=2.492e-03  ∠U=0.28° ∠V=0.29°
  r=  128/2048  ret_E=0.372  e_src=1.209e-01 e_L=8.442e-02 e_R=8.652e-02 e_tgt=1.032e-03  ∠U=0.16° ∠V=0.16°
  r=  256/2048  ret_E=0.588  e_src=1.273e-01 e_L=8.729e-02 e_R=9.269e-02 e_tgt=1.384e-03  ∠U=0.14° ∠V=0.15°
  r=  512/2048  ret_E=0.800  e_src=1.670e-01 e_L=1.146e-01 e_R=1.215e-01 e_tgt=1.878e-03  ∠U=0.20° ∠V=0.20°
  r= 1024/2048  ret_E=0.956  e_src=1.836e-01 e_L=1.241e-01 e_R=1.354e-01 e_tgt=2.528e-03  ∠U=0.28° ∠V=0.29°
Processing Lang_L28.mlp.gate_proj...
  r=  128/2048  ret_E=0.169  e_src=9.412e-02 e_L=7.122e-02 e_R=6.153e-02 e_tgt=3.597e-04  ∠U=0.09° ∠V=0.08°
  r=  256/2048  ret_E=0.284  e_src=1.334e-01 e_L=1.000e-01 e_R=8.830e-02 e_tgt=4.577e-04  ∠U=0.09° ∠V=0.08°
  r=  512/2048  ret_E=0.469  e_src=1.708e-01 e_L=1.286e-01 e_R=1.124e-01 e_tgt=6.010e-04  ∠U=0.10° ∠V=0.09°
  r= 1024/2048  ret_E=0.735  e_src=2.110e-01 e_L=1.606e-01 e_R=1.368e-01 e_tgt=8.223e-04  ∠U=0.10° ∠V=0.09°
  r=  128/2048  ret_E=0.169  e_src=2.990e-01 e_L=2.276e-01 e_R=1.940e-01 e_tgt=1.261e-03  ∠U=0.27° ∠V=0.24°
  r=  256/2048  ret_E=0.284  e_src=4.996e-01 e_L=3.694e-01 e_R=3.367e-01 e_tgt=1.643e-03  ∠U=0.35° ∠V=0.32°
  r=  512/2048  ret_E=0.469  e_src=5.561e-01 e_L=4.175e-01 e_R=3.674e-01 e_tgt=2.170e-03  ∠U=0.31° ∠V=0.28°
  r= 1024/2048  ret_E=0.735  e_src=7.438e-01 e_L=5.587e-01 e_R=4.935e-01 e_tgt=2.829e-03  ∠U=0.36° ∠V=0.33°
  r=  128/2048  ret_E=0.169  e_src=3.080e-01 e_L=2.349e-01 e_R=1.992e-01 e_tgt=1.318e-03  ∠U=0.28° ∠V=0.25°